CaseMasterID,ActID,SectionID,ActOrderID,SectionOrderID
1,IPC_SYN,SYN-01,1,1
2,IPC_SYN,SYN-01,1,1
3,IPC_SYN,SYN-01,1,1
4,IPC_SYN,SYN-01,1,1
5,SPECIAL_LAW_SYN,SYN-03,1,1
6,SPECIAL_LAW_SYN,SYN-03,1,1
7,IPC_SYN,SYN-01,1,1
8,IT_ACT_SYN,SYN-02,1,1
9,IT_ACT_SYN,SYN-02,1,1
10,SPECIAL_LAW_SYN,SYN-03,1,1
11,SPECIAL_LAW_SYN,SYN-03,1,1
12,IPC_SYN,SYN-01,1,1
13,SPECIAL_LAW_SYN,SYN-03,1,1
14,IPC_SYN,SYN-01,1,1
15,IPC_SYN,SYN-01,1,1
16,IPC_SYN,SYN-01,1,1
17,IPC_SYN,SYN-01,1,1
18,SPECIAL_LAW_SYN,SYN-03,1,1
19,SPECIAL_LAW_SYN,SYN-03,1,1
20,IT_ACT_SYN,SYN-02,1,1
21,IPC_SYN,SYN-01,1,1
22,IPC_SYN,SYN-01,1,1
23,IPC_SYN,SYN-01,1,1
24,IPC_SYN,SYN-01,1,1
25,IPC_SYN,SYN-01,1,1
26,SPECIAL_LAW_SYN,SYN-03,1,1
27,IPC_SYN,SYN-01,1,1
28,IT_ACT_SYN,SYN-02,1,1
29,SPECIAL_LAW_SYN,SYN-03,1,1
30,IPC_SYN,SYN-01,1,1
31,IT_ACT_SYN,SYN-02,1,1
32,IPC_SYN,SYN-01,1,1
33,IT_ACT_SYN,SYN-02,1,1
34,IPC_SYN,SYN-01,1,1
35,IPC_SYN,SYN-01,1,1
36,IT_ACT_SYN,SYN-02,1,1
37,SPECIAL_LAW_SYN,SYN-03,1,1
38,IPC_SYN,SYN-01,1,1
39,SPECIAL_LAW_SYN,SYN-03,1,1
40,IPC_SYN,SYN-01,1,1
41,IPC_SYN,SYN-01,1,1
42,IT_ACT_SYN,SYN-02,1,1
43,IPC_SYN,SYN-01,1,1
44,IPC_SYN,SYN-01,1,1
45,SPECIAL_LAW_SYN,SYN-03,1,1
46,SPECIAL_LAW_SYN,SYN-03,1,1
47,IPC_SYN,SYN-01,1,1
48,SPECIAL_LAW_SYN,SYN-03,1,1
49,IPC_SYN,SYN-01,1,1
50,IPC_SYN,SYN-01,1,1
51,SPECIAL_LAW_SYN,SYN-03,1,1
52,SPECIAL_LAW_SYN,SYN-03,1,1
53,IPC_SYN,SYN-01,1,1
54,IPC_SYN,SYN-01,1,1
55,IPC_SYN,SYN-01,1,1
56,SPECIAL_LAW_SYN,SYN-03,1,1
57,IPC_SYN,SYN-01,1,1
58,SPECIAL_LAW_SYN,SYN-03,1,1
59,SPECIAL_LAW_SYN,SYN-03,1,1
60,SPECIAL_LAW_SYN,SYN-03,1,1
61,IPC_SYN,SYN-01,1,1
62,IPC_SYN,SYN-01,1,1
63,IPC_SYN,SYN-01,1,1
64,IPC_SYN,SYN-01,1,1
65,IPC_SYN,SYN-01,1,1
66,IT_ACT_SYN,SYN-02,1,1
67,IPC_SYN,SYN-01,1,1
68,IPC_SYN,SYN-01,1,1
69,SPECIAL_LAW_SYN,SYN-03,1,1
70,IPC_SYN,SYN-01,1,1
71,IPC_SYN,SYN-01,1,1
72,IT_ACT_SYN,SYN-02,1,1
73,IPC_SYN,SYN-01,1,1
74,IPC_SYN,SYN-01,1,1
75,IPC_SYN,SYN-01,1,1
76,IPC_SYN,SYN-01,1,1
77,SPECIAL_LAW_SYN,SYN-03,1,1
78,IPC_SYN,SYN-01,1,1
79,IPC_SYN,SYN-01,1,1
80,IPC_SYN,SYN-01,1,1
81,IPC_SYN,SYN-01,1,1
82,SPECIAL_LAW_SYN,SYN-03,1,1
83,IPC_SYN,SYN-01,1,1
84,SPECIAL_LAW_SYN,SYN-03,1,1
85,SPECIAL_LAW_SYN,SYN-03,1,1
86,IPC_SYN,SYN-01,1,1
87,IPC_SYN,SYN-01,1,1
88,IPC_SYN,SYN-01,1,1
89,SPECIAL_LAW_SYN,SYN-03,1,1
90,SPECIAL_LAW_SYN,SYN-03,1,1
91,SPECIAL_LAW_SYN,SYN-03,1,1
92,SPECIAL_LAW_SYN,SYN-03,1,1
93,IPC_SYN,SYN-01,1,1
94,IPC_SYN,SYN-01,1,1
95,IT_ACT_SYN,SYN-02,1,1
96,IT_ACT_SYN,SYN-02,1,1
97,IPC_SYN,SYN-01,1,1
98,IPC_SYN,SYN-01,1,1
99,IPC_SYN,SYN-01,1,1
100,IPC_SYN,SYN-01,1,1
101,IPC_SYN,SYN-01,1,1
102,SPECIAL_LAW_SYN,SYN-03,1,1
103,IPC_SYN,SYN-01,1,1
104,SPECIAL_LAW_SYN,SYN-03,1,1
105,IT_ACT_SYN,SYN-02,1,1
106,SPECIAL_LAW_SYN,SYN-03,1,1
107,SPECIAL_LAW_SYN,SYN-03,1,1
108,SPECIAL_LAW_SYN,SYN-03,1,1
109,IPC_SYN,SYN-01,1,1
110,IPC_SYN,SYN-01,1,1
111,SPECIAL_LAW_SYN,SYN-03,1,1
112,IT_ACT_SYN,SYN-02,1,1
113,IT_ACT_SYN,SYN-02,1,1
114,IPC_SYN,SYN-01,1,1
115,SPECIAL_LAW_SYN,SYN-03,1,1
116,IPC_SYN,SYN-01,1,1
117,IPC_SYN,SYN-01,1,1
118,IPC_SYN,SYN-01,1,1
119,SPECIAL_LAW_SYN,SYN-03,1,1
120,IPC_SYN,SYN-01,1,1
121,IT_ACT_SYN,SYN-02,1,1
122,IPC_SYN,SYN-01,1,1
123,IPC_SYN,SYN-01,1,1
124,IPC_SYN,SYN-01,1,1
125,IPC_SYN,SYN-01,1,1
126,SPECIAL_LAW_SYN,SYN-03,1,1
127,SPECIAL_LAW_SYN,SYN-03,1,1
128,IPC_SYN,SYN-01,1,1
129,IPC_SYN,SYN-01,1,1
130,IPC_SYN,SYN-01,1,1
131,IPC_SYN,SYN-01,1,1
132,IPC_SYN,SYN-01,1,1
133,IPC_SYN,SYN-01,1,1
134,IPC_SYN,SYN-01,1,1
135,IPC_SYN,SYN-01,1,1
136,SPECIAL_LAW_SYN,SYN-03,1,1
137,IPC_SYN,SYN-01,1,1
138,IPC_SYN,SYN-01,1,1
139,SPECIAL_LAW_SYN,SYN-03,1,1
140,IPC_SYN,SYN-01,1,1
141,IT_ACT_SYN,SYN-02,1,1
142,IPC_SYN,SYN-01,1,1
143,IT_ACT_SYN,SYN-02,1,1
144,IT_ACT_SYN,SYN-02,1,1
145,SPECIAL_LAW_SYN,SYN-03,1,1
146,IPC_SYN,SYN-01,1,1
147,IPC_SYN,SYN-01,1,1
148,IPC_SYN,SYN-01,1,1
149,IPC_SYN,SYN-01,1,1
150,IPC_SYN,SYN-01,1,1
151,IPC_SYN,SYN-01,1,1
152,IPC_SYN,SYN-01,1,1
153,IPC_SYN,SYN-01,1,1
154,SPECIAL_LAW_SYN,SYN-03,1,1
155,IPC_SYN,SYN-01,1,1
156,IPC_SYN,SYN-01,1,1
157,SPECIAL_LAW_SYN,SYN-03,1,1
158,IPC_SYN,SYN-01,1,1
159,IT_ACT_SYN,SYN-02,1,1
160,SPECIAL_LAW_SYN,SYN-03,1,1
161,IT_ACT_SYN,SYN-02,1,1
162,SPECIAL_LAW_SYN,SYN-03,1,1
163,IPC_SYN,SYN-01,1,1
164,IPC_SYN,SYN-01,1,1
165,IPC_SYN,SYN-01,1,1
166,SPECIAL_LAW_SYN,SYN-03,1,1
167,IT_ACT_SYN,SYN-02,1,1
168,SPECIAL_LAW_SYN,SYN-03,1,1
169,IPC_SYN,SYN-01,1,1
170,IPC_SYN,SYN-01,1,1
171,IT_ACT_SYN,SYN-02,1,1
172,SPECIAL_LAW_SYN,SYN-03,1,1
173,IPC_SYN,SYN-01,1,1
174,IPC_SYN,SYN-01,1,1
175,IPC_SYN,SYN-01,1,1
176,IPC_SYN,SYN-01,1,1
177,IPC_SYN,SYN-01,1,1
178,SPECIAL_LAW_SYN,SYN-03,1,1
179,IPC_SYN,SYN-01,1,1
180,IPC_SYN,SYN-01,1,1
181,SPECIAL_LAW_SYN,SYN-03,1,1
182,IPC_SYN,SYN-01,1,1
183,IPC_SYN,SYN-01,1,1
184,SPECIAL_LAW_SYN,SYN-03,1,1
185,IPC_SYN,SYN-01,1,1
186,IPC_SYN,SYN-01,1,1
187,IPC_SYN,SYN-01,1,1
188,IPC_SYN,SYN-01,1,1
189,SPECIAL_LAW_SYN,SYN-03,1,1
190,SPECIAL_LAW_SYN,SYN-03,1,1
191,IPC_SYN,SYN-01,1,1
192,IPC_SYN,SYN-01,1,1
193,IPC_SYN,SYN-01,1,1
194,IPC_SYN,SYN-01,1,1
195,IPC_SYN,SYN-01,1,1
196,IPC_SYN,SYN-01,1,1
197,IPC_SYN,SYN-01,1,1
198,IPC_SYN,SYN-01,1,1
199,SPECIAL_LAW_SYN,SYN-03,1,1
200,IPC_SYN,SYN-01,1,1
201,IPC_SYN,SYN-01,1,1
202,IPC_SYN,SYN-01,1,1
203,IT_ACT_SYN,SYN-02,1,1
204,IPC_SYN,SYN-01,1,1
205,IPC_SYN,SYN-01,1,1
206,IPC_SYN,SYN-01,1,1
207,SPECIAL_LAW_SYN,SYN-03,1,1
208,SPECIAL_LAW_SYN,SYN-03,1,1
209,IPC_SYN,SYN-01,1,1
210,SPECIAL_LAW_SYN,SYN-03,1,1
211,IPC_SYN,SYN-01,1,1
212,IPC_SYN,SYN-01,1,1
213,SPECIAL_LAW_SYN,SYN-03,1,1
214,IPC_SYN,SYN-01,1,1
215,IPC_SYN,SYN-01,1,1
216,IPC_SYN,SYN-01,1,1
217,IPC_SYN,SYN-01,1,1
218,IPC_SYN,SYN-01,1,1
219,IT_ACT_SYN,SYN-02,1,1
220,IPC_SYN,SYN-01,1,1
221,IPC_SYN,SYN-01,1,1
222,SPECIAL_LAW_SYN,SYN-03,1,1
223,IPC_SYN,SYN-01,1,1
224,SPECIAL_LAW_SYN,SYN-03,1,1
225,SPECIAL_LAW_SYN,SYN-03,1,1
226,SPECIAL_LAW_SYN,SYN-03,1,1
227,IT_ACT_SYN,SYN-02,1,1
228,IPC_SYN,SYN-01,1,1
229,IPC_SYN,SYN-01,1,1
230,IPC_SYN,SYN-01,1,1
231,IPC_SYN,SYN-01,1,1
232,IT_ACT_SYN,SYN-02,1,1
233,SPECIAL_LAW_SYN,SYN-03,1,1
234,SPECIAL_LAW_SYN,SYN-03,1,1
235,IPC_SYN,SYN-01,1,1
236,IPC_SYN,SYN-01,1,1
237,SPECIAL_LAW_SYN,SYN-03,1,1
238,IPC_SYN,SYN-01,1,1
239,SPECIAL_LAW_SYN,SYN-03,1,1
240,IPC_SYN,SYN-01,1,1
241,IPC_SYN,SYN-01,1,1
242,IPC_SYN,SYN-01,1,1
243,IPC_SYN,SYN-01,1,1
244,IPC_SYN,SYN-01,1,1
245,SPECIAL_LAW_SYN,SYN-03,1,1
246,SPECIAL_LAW_SYN,SYN-03,1,1
247,IPC_SYN,SYN-01,1,1
248,IPC_SYN,SYN-01,1,1
249,SPECIAL_LAW_SYN,SYN-03,1,1
250,SPECIAL_LAW_SYN,SYN-03,1,1
251,SPECIAL_LAW_SYN,SYN-03,1,1
252,SPECIAL_LAW_SYN,SYN-03,1,1
253,IT_ACT_SYN,SYN-02,1,1
254,IPC_SYN,SYN-01,1,1
255,IT_ACT_SYN,SYN-02,1,1
256,SPECIAL_LAW_SYN,SYN-03,1,1
257,SPECIAL_LAW_SYN,SYN-03,1,1
258,IPC_SYN,SYN-01,1,1
259,IPC_SYN,SYN-01,1,1
260,IPC_SYN,SYN-01,1,1
261,IPC_SYN,SYN-01,1,1
262,SPECIAL_LAW_SYN,SYN-03,1,1
263,IT_ACT_SYN,SYN-02,1,1
264,IT_ACT_SYN,SYN-02,1,1
265,IPC_SYN,SYN-01,1,1
266,IPC_SYN,SYN-01,1,1
267,SPECIAL_LAW_SYN,SYN-03,1,1
268,SPECIAL_LAW_SYN,SYN-03,1,1
269,SPECIAL_LAW_SYN,SYN-03,1,1
270,IT_ACT_SYN,SYN-02,1,1
271,SPECIAL_LAW_SYN,SYN-03,1,1
272,SPECIAL_LAW_SYN,SYN-03,1,1
273,IPC_SYN,SYN-01,1,1
274,SPECIAL_LAW_SYN,SYN-03,1,1
275,IPC_SYN,SYN-01,1,1
276,IPC_SYN,SYN-01,1,1
277,SPECIAL_LAW_SYN,SYN-03,1,1
278,IPC_SYN,SYN-01,1,1
279,SPECIAL_LAW_SYN,SYN-03,1,1
280,IPC_SYN,SYN-01,1,1
281,IPC_SYN,SYN-01,1,1
282,IPC_SYN,SYN-01,1,1
283,SPECIAL_LAW_SYN,SYN-03,1,1
284,IT_ACT_SYN,SYN-02,1,1
285,IPC_SYN,SYN-01,1,1
286,IPC_SYN,SYN-01,1,1
287,IT_ACT_SYN,SYN-02,1,1
288,IPC_SYN,SYN-01,1,1
289,IPC_SYN,SYN-01,1,1
290,SPECIAL_LAW_SYN,SYN-03,1,1
291,IPC_SYN,SYN-01,1,1
292,IPC_SYN,SYN-01,1,1
293,IPC_SYN,SYN-01,1,1
294,IT_ACT_SYN,SYN-02,1,1
295,IPC_SYN,SYN-01,1,1
296,IT_ACT_SYN,SYN-02,1,1
297,IPC_SYN,SYN-01,1,1
298,IPC_SYN,SYN-01,1,1
299,IT_ACT_SYN,SYN-02,1,1
300,IPC_SYN,SYN-01,1,1
301,IPC_SYN,SYN-01,1,1
302,IT_ACT_SYN,SYN-02,1,1
303,IPC_SYN,SYN-01,1,1
304,IPC_SYN,SYN-01,1,1
305,IPC_SYN,SYN-01,1,1
306,SPECIAL_LAW_SYN,SYN-03,1,1
307,IPC_SYN,SYN-01,1,1
308,SPECIAL_LAW_SYN,SYN-03,1,1
309,IPC_SYN,SYN-01,1,1
310,IPC_SYN,SYN-01,1,1
311,IPC_SYN,SYN-01,1,1
312,SPECIAL_LAW_SYN,SYN-03,1,1
313,SPECIAL_LAW_SYN,SYN-03,1,1
314,IPC_SYN,SYN-01,1,1
315,IPC_SYN,SYN-01,1,1
316,SPECIAL_LAW_SYN,SYN-03,1,1
317,SPECIAL_LAW_SYN,SYN-03,1,1
318,IPC_SYN,SYN-01,1,1
319,SPECIAL_LAW_SYN,SYN-03,1,1
320,SPECIAL_LAW_SYN,SYN-03,1,1
321,IPC_SYN,SYN-01,1,1
322,IPC_SYN,SYN-01,1,1
323,IT_ACT_SYN,SYN-02,1,1
324,SPECIAL_LAW_SYN,SYN-03,1,1
325,IPC_SYN,SYN-01,1,1
326,IPC_SYN,SYN-01,1,1
327,IPC_SYN,SYN-01,1,1
328,IPC_SYN,SYN-01,1,1
329,SPECIAL_LAW_SYN,SYN-03,1,1
330,IPC_SYN,SYN-01,1,1
331,IPC_SYN,SYN-01,1,1
332,IPC_SYN,SYN-01,1,1
333,SPECIAL_LAW_SYN,SYN-03,1,1
334,IPC_SYN,SYN-01,1,1
335,IT_ACT_SYN,SYN-02,1,1
336,SPECIAL_LAW_SYN,SYN-03,1,1
337,IPC_SYN,SYN-01,1,1
338,IT_ACT_SYN,SYN-02,1,1
339,IPC_SYN,SYN-01,1,1
340,SPECIAL_LAW_SYN,SYN-03,1,1
341,IPC_SYN,SYN-01,1,1
342,IPC_SYN,SYN-01,1,1
343,IPC_SYN,SYN-01,1,1
344,SPECIAL_LAW_SYN,SYN-03,1,1
345,IPC_SYN,SYN-01,1,1
346,SPECIAL_LAW_SYN,SYN-03,1,1
347,SPECIAL_LAW_SYN,SYN-03,1,1
348,IPC_SYN,SYN-01,1,1
349,IPC_SYN,SYN-01,1,1
350,IPC_SYN,SYN-01,1,1
351,IPC_SYN,SYN-01,1,1
352,IPC_SYN,SYN-01,1,1
353,IT_ACT_SYN,SYN-02,1,1
354,SPECIAL_LAW_SYN,SYN-03,1,1
355,IT_ACT_SYN,SYN-02,1,1
356,IT_ACT_SYN,SYN-02,1,1
357,IPC_SYN,SYN-01,1,1
358,IPC_SYN,SYN-01,1,1
359,IPC_SYN,SYN-01,1,1
360,IPC_SYN,SYN-01,1,1
361,SPECIAL_LAW_SYN,SYN-03,1,1
362,IPC_SYN,SYN-01,1,1
363,IPC_SYN,SYN-01,1,1
364,IPC_SYN,SYN-01,1,1
365,SPECIAL_LAW_SYN,SYN-03,1,1
366,IPC_SYN,SYN-01,1,1
367,IT_ACT_SYN,SYN-02,1,1
368,IPC_SYN,SYN-01,1,1
369,IPC_SYN,SYN-01,1,1
370,SPECIAL_LAW_SYN,SYN-03,1,1
371,IPC_SYN,SYN-01,1,1
372,IPC_SYN,SYN-01,1,1
373,IPC_SYN,SYN-01,1,1
374,IPC_SYN,SYN-01,1,1
375,IPC_SYN,SYN-01,1,1
376,IPC_SYN,SYN-01,1,1
377,IPC_SYN,SYN-01,1,1
378,SPECIAL_LAW_SYN,SYN-03,1,1
379,IPC_SYN,SYN-01,1,1
380,IPC_SYN,SYN-01,1,1
381,SPECIAL_LAW_SYN,SYN-03,1,1
382,IPC_SYN,SYN-01,1,1
383,SPECIAL_LAW_SYN,SYN-03,1,1
384,SPECIAL_LAW_SYN,SYN-03,1,1
385,IPC_SYN,SYN-01,1,1
386,IPC_SYN,SYN-01,1,1
387,IPC_SYN,SYN-01,1,1
388,IPC_SYN,SYN-01,1,1
389,SPECIAL_LAW_SYN,SYN-03,1,1
390,SPECIAL_LAW_SYN,SYN-03,1,1
391,SPECIAL_LAW_SYN,SYN-03,1,1
392,SPECIAL_LAW_SYN,SYN-03,1,1
393,SPECIAL_LAW_SYN,SYN-03,1,1
394,SPECIAL_LAW_SYN,SYN-03,1,1
395,SPECIAL_LAW_SYN,SYN-03,1,1
396,IPC_SYN,SYN-01,1,1
397,IPC_SYN,SYN-01,1,1
398,SPECIAL_LAW_SYN,SYN-03,1,1
399,IPC_SYN,SYN-01,1,1
400,IPC_SYN,SYN-01,1,1
401,SPECIAL_LAW_SYN,SYN-03,1,1
402,SPECIAL_LAW_SYN,SYN-03,1,1
403,IPC_SYN,SYN-01,1,1
404,IT_ACT_SYN,SYN-02,1,1
405,SPECIAL_LAW_SYN,SYN-03,1,1
406,IPC_SYN,SYN-01,1,1
407,IPC_SYN,SYN-01,1,1
408,SPECIAL_LAW_SYN,SYN-03,1,1
409,SPECIAL_LAW_SYN,SYN-03,1,1
410,SPECIAL_LAW_SYN,SYN-03,1,1
411,SPECIAL_LAW_SYN,SYN-03,1,1
412,SPECIAL_LAW_SYN,SYN-03,1,1
413,IPC_SYN,SYN-01,1,1
414,IPC_SYN,SYN-01,1,1
415,SPECIAL_LAW_SYN,SYN-03,1,1
416,IPC_SYN,SYN-01,1,1
417,IPC_SYN,SYN-01,1,1
418,IPC_SYN,SYN-01,1,1
419,IPC_SYN,SYN-01,1,1
420,IPC_SYN,SYN-01,1,1
421,SPECIAL_LAW_SYN,SYN-03,1,1
422,SPECIAL_LAW_SYN,SYN-03,1,1
423,IPC_SYN,SYN-01,1,1
424,IPC_SYN,SYN-01,1,1
425,IPC_SYN,SYN-01,1,1
426,SPECIAL_LAW_SYN,SYN-03,1,1
427,IPC_SYN,SYN-01,1,1
428,IPC_SYN,SYN-01,1,1
429,SPECIAL_LAW_SYN,SYN-03,1,1
430,IPC_SYN,SYN-01,1,1
431,IT_ACT_SYN,SYN-02,1,1
432,SPECIAL_LAW_SYN,SYN-03,1,1
433,IPC_SYN,SYN-01,1,1
434,SPECIAL_LAW_SYN,SYN-03,1,1
435,IPC_SYN,SYN-01,1,1
436,SPECIAL_LAW_SYN,SYN-03,1,1
437,IPC_SYN,SYN-01,1,1
438,IPC_SYN,SYN-01,1,1
439,SPECIAL_LAW_SYN,SYN-03,1,1
440,IPC_SYN,SYN-01,1,1
441,SPECIAL_LAW_SYN,SYN-03,1,1
442,SPECIAL_LAW_SYN,SYN-03,1,1
443,IPC_SYN,SYN-01,1,1
444,IPC_SYN,SYN-01,1,1
445,IT_ACT_SYN,SYN-02,1,1
446,IPC_SYN,SYN-01,1,1
447,SPECIAL_LAW_SYN,SYN-03,1,1
448,IPC_SYN,SYN-01,1,1
449,SPECIAL_LAW_SYN,SYN-03,1,1
450,IPC_SYN,SYN-01,1,1
451,SPECIAL_LAW_SYN,SYN-03,1,1
452,IPC_SYN,SYN-01,1,1
453,IPC_SYN,SYN-01,1,1
454,IPC_SYN,SYN-01,1,1
455,IT_ACT_SYN,SYN-02,1,1
456,SPECIAL_LAW_SYN,SYN-03,1,1
457,IPC_SYN,SYN-01,1,1
458,SPECIAL_LAW_SYN,SYN-03,1,1
459,SPECIAL_LAW_SYN,SYN-03,1,1
460,IPC_SYN,SYN-01,1,1
461,SPECIAL_LAW_SYN,SYN-03,1,1
462,IPC_SYN,SYN-01,1,1
463,IPC_SYN,SYN-01,1,1
464,SPECIAL_LAW_SYN,SYN-03,1,1
465,SPECIAL_LAW_SYN,SYN-03,1,1
466,IPC_SYN,SYN-01,1,1
467,SPECIAL_LAW_SYN,SYN-03,1,1
468,IPC_SYN,SYN-01,1,1
469,IPC_SYN,SYN-01,1,1
470,IPC_SYN,SYN-01,1,1
471,IPC_SYN,SYN-01,1,1
472,SPECIAL_LAW_SYN,SYN-03,1,1
473,IPC_SYN,SYN-01,1,1
474,IPC_SYN,SYN-01,1,1
475,IPC_SYN,SYN-01,1,1
476,IT_ACT_SYN,SYN-02,1,1
477,SPECIAL_LAW_SYN,SYN-03,1,1
478,SPECIAL_LAW_SYN,SYN-03,1,1
479,IPC_SYN,SYN-01,1,1
480,SPECIAL_LAW_SYN,SYN-03,1,1
481,IPC_SYN,SYN-01,1,1
482,SPECIAL_LAW_SYN,SYN-03,1,1
483,IPC_SYN,SYN-01,1,1
484,IPC_SYN,SYN-01,1,1
485,SPECIAL_LAW_SYN,SYN-03,1,1
486,IPC_SYN,SYN-01,1,1
487,SPECIAL_LAW_SYN,SYN-03,1,1
488,IPC_SYN,SYN-01,1,1
489,SPECIAL_LAW_SYN,SYN-03,1,1
490,IPC_SYN,SYN-01,1,1
491,IPC_SYN,SYN-01,1,1
492,IPC_SYN,SYN-01,1,1
493,IPC_SYN,SYN-01,1,1
494,IPC_SYN,SYN-01,1,1
495,IPC_SYN,SYN-01,1,1
496,IPC_SYN,SYN-01,1,1
497,SPECIAL_LAW_SYN,SYN-03,1,1
498,IPC_SYN,SYN-01,1,1
499,IPC_SYN,SYN-01,1,1
500,IPC_SYN,SYN-01,1,1
501,SPECIAL_LAW_SYN,SYN-03,1,1
502,IPC_SYN,SYN-01,1,1
503,IT_ACT_SYN,SYN-02,1,1
504,IPC_SYN,SYN-01,1,1
505,SPECIAL_LAW_SYN,SYN-03,1,1
506,IPC_SYN,SYN-01,1,1
507,IPC_SYN,SYN-01,1,1
508,IPC_SYN,SYN-01,1,1
509,SPECIAL_LAW_SYN,SYN-03,1,1
510,IT_ACT_SYN,SYN-02,1,1
511,IPC_SYN,SYN-01,1,1
512,SPECIAL_LAW_SYN,SYN-03,1,1
513,IPC_SYN,SYN-01,1,1
514,IPC_SYN,SYN-01,1,1
515,IPC_SYN,SYN-01,1,1
516,IPC_SYN,SYN-01,1,1
517,SPECIAL_LAW_SYN,SYN-03,1,1
518,SPECIAL_LAW_SYN,SYN-03,1,1
519,IPC_SYN,SYN-01,1,1
520,IT_ACT_SYN,SYN-02,1,1
521,SPECIAL_LAW_SYN,SYN-03,1,1
522,IPC_SYN,SYN-01,1,1
523,IPC_SYN,SYN-01,1,1
524,SPECIAL_LAW_SYN,SYN-03,1,1
525,IT_ACT_SYN,SYN-02,1,1
526,IPC_SYN,SYN-01,1,1
527,IPC_SYN,SYN-01,1,1
528,SPECIAL_LAW_SYN,SYN-03,1,1
529,IT_ACT_SYN,SYN-02,1,1
530,IPC_SYN,SYN-01,1,1
531,IPC_SYN,SYN-01,1,1
532,IT_ACT_SYN,SYN-02,1,1
533,SPECIAL_LAW_SYN,SYN-03,1,1
534,IPC_SYN,SYN-01,1,1
535,IPC_SYN,SYN-01,1,1
536,IPC_SYN,SYN-01,1,1
537,SPECIAL_LAW_SYN,SYN-03,1,1
538,IPC_SYN,SYN-01,1,1
539,SPECIAL_LAW_SYN,SYN-03,1,1
540,IPC_SYN,SYN-01,1,1
541,SPECIAL_LAW_SYN,SYN-03,1,1
542,IPC_SYN,SYN-01,1,1
543,IPC_SYN,SYN-01,1,1
544,SPECIAL_LAW_SYN,SYN-03,1,1
545,IT_ACT_SYN,SYN-02,1,1
546,SPECIAL_LAW_SYN,SYN-03,1,1
547,IPC_SYN,SYN-01,1,1
548,SPECIAL_LAW_SYN,SYN-03,1,1
549,IPC_SYN,SYN-01,1,1
550,SPECIAL_LAW_SYN,SYN-03,1,1
551,IPC_SYN,SYN-01,1,1
552,IPC_SYN,SYN-01,1,1
553,IPC_SYN,SYN-01,1,1
554,SPECIAL_LAW_SYN,SYN-03,1,1
555,IPC_SYN,SYN-01,1,1
556,IPC_SYN,SYN-01,1,1
557,SPECIAL_LAW_SYN,SYN-03,1,1
558,SPECIAL_LAW_SYN,SYN-03,1,1
559,SPECIAL_LAW_SYN,SYN-03,1,1
560,SPECIAL_LAW_SYN,SYN-03,1,1
561,IPC_SYN,SYN-01,1,1
562,IPC_SYN,SYN-01,1,1
563,SPECIAL_LAW_SYN,SYN-03,1,1
564,IT_ACT_SYN,SYN-02,1,1
565,IPC_SYN,SYN-01,1,1
566,SPECIAL_LAW_SYN,SYN-03,1,1
567,IPC_SYN,SYN-01,1,1
568,SPECIAL_LAW_SYN,SYN-03,1,1
569,IPC_SYN,SYN-01,1,1
570,SPECIAL_LAW_SYN,SYN-03,1,1
571,SPECIAL_LAW_SYN,SYN-03,1,1
572,IPC_SYN,SYN-01,1,1
573,IPC_SYN,SYN-01,1,1
574,IPC_SYN,SYN-01,1,1
575,SPECIAL_LAW_SYN,SYN-03,1,1
576,IPC_SYN,SYN-01,1,1
577,SPECIAL_LAW_SYN,SYN-03,1,1
578,IPC_SYN,SYN-01,1,1
579,IPC_SYN,SYN-01,1,1
580,IPC_SYN,SYN-01,1,1
581,IPC_SYN,SYN-01,1,1
582,IPC_SYN,SYN-01,1,1
583,IPC_SYN,SYN-01,1,1
584,IPC_SYN,SYN-01,1,1
585,IT_ACT_SYN,SYN-02,1,1
586,SPECIAL_LAW_SYN,SYN-03,1,1
587,IT_ACT_SYN,SYN-02,1,1
588,SPECIAL_LAW_SYN,SYN-03,1,1
589,IPC_SYN,SYN-01,1,1
590,SPECIAL_LAW_SYN,SYN-03,1,1
591,SPECIAL_LAW_SYN,SYN-03,1,1
592,IPC_SYN,SYN-01,1,1
593,IT_ACT_SYN,SYN-02,1,1
594,IT_ACT_SYN,SYN-02,1,1
595,IPC_SYN,SYN-01,1,1
596,IT_ACT_SYN,SYN-02,1,1
597,IPC_SYN,SYN-01,1,1
598,IPC_SYN,SYN-01,1,1
599,IPC_SYN,SYN-01,1,1
600,SPECIAL_LAW_SYN,SYN-03,1,1
601,IPC_SYN,SYN-01,1,1
602,IPC_SYN,SYN-01,1,1
603,IPC_SYN,SYN-01,1,1
604,IPC_SYN,SYN-01,1,1
605,IPC_SYN,SYN-01,1,1
606,IPC_SYN,SYN-01,1,1
607,SPECIAL_LAW_SYN,SYN-03,1,1
608,IPC_SYN,SYN-01,1,1
609,IPC_SYN,SYN-01,1,1
610,IT_ACT_SYN,SYN-02,1,1
611,IPC_SYN,SYN-01,1,1
612,SPECIAL_LAW_SYN,SYN-03,1,1
613,IPC_SYN,SYN-01,1,1
614,IPC_SYN,SYN-01,1,1
615,IPC_SYN,SYN-01,1,1
616,IT_ACT_SYN,SYN-02,1,1
617,SPECIAL_LAW_SYN,SYN-03,1,1
618,IPC_SYN,SYN-01,1,1
619,SPECIAL_LAW_SYN,SYN-03,1,1
620,IPC_SYN,SYN-01,1,1
621,IPC_SYN,SYN-01,1,1
622,IPC_SYN,SYN-01,1,1
623,IPC_SYN,SYN-01,1,1
624,SPECIAL_LAW_SYN,SYN-03,1,1
625,IPC_SYN,SYN-01,1,1
626,IPC_SYN,SYN-01,1,1
627,SPECIAL_LAW_SYN,SYN-03,1,1
628,SPECIAL_LAW_SYN,SYN-03,1,1
629,IPC_SYN,SYN-01,1,1
630,IPC_SYN,SYN-01,1,1
631,IPC_SYN,SYN-01,1,1
632,IPC_SYN,SYN-01,1,1
633,SPECIAL_LAW_SYN,SYN-03,1,1
634,SPECIAL_LAW_SYN,SYN-03,1,1
635,IPC_SYN,SYN-01,1,1
636,IPC_SYN,SYN-01,1,1
637,IT_ACT_SYN,SYN-02,1,1
638,SPECIAL_LAW_SYN,SYN-03,1,1
639,IPC_SYN,SYN-01,1,1
640,IPC_SYN,SYN-01,1,1
641,SPECIAL_LAW_SYN,SYN-03,1,1
642,SPECIAL_LAW_SYN,SYN-03,1,1
643,IPC_SYN,SYN-01,1,1
644,IPC_SYN,SYN-01,1,1
645,SPECIAL_LAW_SYN,SYN-03,1,1
646,IPC_SYN,SYN-01,1,1
647,IPC_SYN,SYN-01,1,1
648,IPC_SYN,SYN-01,1,1
649,IPC_SYN,SYN-01,1,1
650,SPECIAL_LAW_SYN,SYN-03,1,1
651,IPC_SYN,SYN-01,1,1
652,IPC_SYN,SYN-01,1,1
653,SPECIAL_LAW_SYN,SYN-03,1,1
654,IPC_SYN,SYN-01,1,1
655,IPC_SYN,SYN-01,1,1
656,IPC_SYN,SYN-01,1,1
657,IPC_SYN,SYN-01,1,1
658,IPC_SYN,SYN-01,1,1
659,IPC_SYN,SYN-01,1,1
660,SPECIAL_LAW_SYN,SYN-03,1,1
661,SPECIAL_LAW_SYN,SYN-03,1,1
662,IT_ACT_SYN,SYN-02,1,1
663,IPC_SYN,SYN-01,1,1
664,IPC_SYN,SYN-01,1,1
665,SPECIAL_LAW_SYN,SYN-03,1,1
666,IPC_SYN,SYN-01,1,1
667,SPECIAL_LAW_SYN,SYN-03,1,1
668,IPC_SYN,SYN-01,1,1
669,IPC_SYN,SYN-01,1,1
670,SPECIAL_LAW_SYN,SYN-03,1,1
671,SPECIAL_LAW_SYN,SYN-03,1,1
672,SPECIAL_LAW_SYN,SYN-03,1,1
673,IPC_SYN,SYN-01,1,1
674,IPC_SYN,SYN-01,1,1
675,IPC_SYN,SYN-01,1,1
676,SPECIAL_LAW_SYN,SYN-03,1,1
677,IPC_SYN,SYN-01,1,1
678,IPC_SYN,SYN-01,1,1
679,IPC_SYN,SYN-01,1,1
680,SPECIAL_LAW_SYN,SYN-03,1,1
681,IPC_SYN,SYN-01,1,1
682,IPC_SYN,SYN-01,1,1
683,IPC_SYN,SYN-01,1,1
684,SPECIAL_LAW_SYN,SYN-03,1,1
685,SPECIAL_LAW_SYN,SYN-03,1,1
686,SPECIAL_LAW_SYN,SYN-03,1,1
687,IPC_SYN,SYN-01,1,1
688,IPC_SYN,SYN-01,1,1
689,IPC_SYN,SYN-01,1,1
690,IPC_SYN,SYN-01,1,1
691,SPECIAL_LAW_SYN,SYN-03,1,1
692,IT_ACT_SYN,SYN-02,1,1
693,IT_ACT_SYN,SYN-02,1,1
694,SPECIAL_LAW_SYN,SYN-03,1,1
695,IPC_SYN,SYN-01,1,1
696,SPECIAL_LAW_SYN,SYN-03,1,1
697,IT_ACT_SYN,SYN-02,1,1
698,IPC_SYN,SYN-01,1,1
699,IPC_SYN,SYN-01,1,1
700,IT_ACT_SYN,SYN-02,1,1
701,IPC_SYN,SYN-01,1,1
702,IPC_SYN,SYN-01,1,1
703,SPECIAL_LAW_SYN,SYN-03,1,1
704,SPECIAL_LAW_SYN,SYN-03,1,1
705,SPECIAL_LAW_SYN,SYN-03,1,1
706,IPC_SYN,SYN-01,1,1
707,IPC_SYN,SYN-01,1,1
708,IPC_SYN,SYN-01,1,1
709,IPC_SYN,SYN-01,1,1
710,SPECIAL_LAW_SYN,SYN-03,1,1
711,SPECIAL_LAW_SYN,SYN-03,1,1
712,SPECIAL_LAW_SYN,SYN-03,1,1
713,SPECIAL_LAW_SYN,SYN-03,1,1
714,IPC_SYN,SYN-01,1,1
715,SPECIAL_LAW_SYN,SYN-03,1,1
716,IPC_SYN,SYN-01,1,1
717,SPECIAL_LAW_SYN,SYN-03,1,1
718,IPC_SYN,SYN-01,1,1
719,IPC_SYN,SYN-01,1,1
720,IT_ACT_SYN,SYN-02,1,1
721,IPC_SYN,SYN-01,1,1
722,IPC_SYN,SYN-01,1,1
723,IPC_SYN,SYN-01,1,1
724,IT_ACT_SYN,SYN-02,1,1
725,IPC_SYN,SYN-01,1,1
726,SPECIAL_LAW_SYN,SYN-03,1,1
727,IPC_SYN,SYN-01,1,1
728,IPC_SYN,SYN-01,1,1
729,IPC_SYN,SYN-01,1,1
730,IPC_SYN,SYN-01,1,1
731,IPC_SYN,SYN-01,1,1
732,IPC_SYN,SYN-01,1,1
733,IPC_SYN,SYN-01,1,1
734,IPC_SYN,SYN-01,1,1
735,IPC_SYN,SYN-01,1,1
736,IPC_SYN,SYN-01,1,1
737,IPC_SYN,SYN-01,1,1
738,SPECIAL_LAW_SYN,SYN-03,1,1
739,IT_ACT_SYN,SYN-02,1,1
740,IPC_SYN,SYN-01,1,1
741,IPC_SYN,SYN-01,1,1
742,IT_ACT_SYN,SYN-02,1,1
743,IPC_SYN,SYN-01,1,1
744,IPC_SYN,SYN-01,1,1
745,IPC_SYN,SYN-01,1,1
746,IT_ACT_SYN,SYN-02,1,1
747,IT_ACT_SYN,SYN-02,1,1
748,SPECIAL_LAW_SYN,SYN-03,1,1
749,IT_ACT_SYN,SYN-02,1,1
750,IPC_SYN,SYN-01,1,1
751,IT_ACT_SYN,SYN-02,1,1
752,IT_ACT_SYN,SYN-02,1,1
753,SPECIAL_LAW_SYN,SYN-03,1,1
754,IPC_SYN,SYN-01,1,1
755,IPC_SYN,SYN-01,1,1
756,SPECIAL_LAW_SYN,SYN-03,1,1
757,SPECIAL_LAW_SYN,SYN-03,1,1
758,IPC_SYN,SYN-01,1,1
759,IPC_SYN,SYN-01,1,1
760,SPECIAL_LAW_SYN,SYN-03,1,1
761,IPC_SYN,SYN-01,1,1
762,SPECIAL_LAW_SYN,SYN-03,1,1
763,IPC_SYN,SYN-01,1,1
764,SPECIAL_LAW_SYN,SYN-03,1,1
765,IPC_SYN,SYN-01,1,1
766,IPC_SYN,SYN-01,1,1
767,IPC_SYN,SYN-01,1,1
768,IPC_SYN,SYN-01,1,1
769,IPC_SYN,SYN-01,1,1
770,IT_ACT_SYN,SYN-02,1,1
771,SPECIAL_LAW_SYN,SYN-03,1,1
772,SPECIAL_LAW_SYN,SYN-03,1,1
773,IPC_SYN,SYN-01,1,1
774,SPECIAL_LAW_SYN,SYN-03,1,1
775,IPC_SYN,SYN-01,1,1
776,IPC_SYN,SYN-01,1,1
777,IPC_SYN,SYN-01,1,1
778,IPC_SYN,SYN-01,1,1
779,IPC_SYN,SYN-01,1,1
780,IT_ACT_SYN,SYN-02,1,1
781,IPC_SYN,SYN-01,1,1
782,SPECIAL_LAW_SYN,SYN-03,1,1
783,SPECIAL_LAW_SYN,SYN-03,1,1
784,IPC_SYN,SYN-01,1,1
785,IPC_SYN,SYN-01,1,1
786,IPC_SYN,SYN-01,1,1
787,SPECIAL_LAW_SYN,SYN-03,1,1
788,IPC_SYN,SYN-01,1,1
789,IPC_SYN,SYN-01,1,1
790,IPC_SYN,SYN-01,1,1
791,IPC_SYN,SYN-01,1,1
792,IPC_SYN,SYN-01,1,1
793,IPC_SYN,SYN-01,1,1
794,SPECIAL_LAW_SYN,SYN-03,1,1
795,SPECIAL_LAW_SYN,SYN-03,1,1
796,IPC_SYN,SYN-01,1,1
797,SPECIAL_LAW_SYN,SYN-03,1,1
798,SPECIAL_LAW_SYN,SYN-03,1,1
799,IPC_SYN,SYN-01,1,1
800,IPC_SYN,SYN-01,1,1
801,IPC_SYN,SYN-01,1,1
802,SPECIAL_LAW_SYN,SYN-03,1,1
803,IPC_SYN,SYN-01,1,1
804,SPECIAL_LAW_SYN,SYN-03,1,1
805,IPC_SYN,SYN-01,1,1
806,IPC_SYN,SYN-01,1,1
807,SPECIAL_LAW_SYN,SYN-03,1,1
808,IPC_SYN,SYN-01,1,1
809,IPC_SYN,SYN-01,1,1
810,IPC_SYN,SYN-01,1,1
811,IPC_SYN,SYN-01,1,1
812,IPC_SYN,SYN-01,1,1
813,IPC_SYN,SYN-01,1,1
814,SPECIAL_LAW_SYN,SYN-03,1,1
815,IPC_SYN,SYN-01,1,1
816,IPC_SYN,SYN-01,1,1
817,IT_ACT_SYN,SYN-02,1,1
818,IT_ACT_SYN,SYN-02,1,1
819,SPECIAL_LAW_SYN,SYN-03,1,1
820,IPC_SYN,SYN-01,1,1
821,IT_ACT_SYN,SYN-02,1,1
822,SPECIAL_LAW_SYN,SYN-03,1,1
823,IPC_SYN,SYN-01,1,1
824,IPC_SYN,SYN-01,1,1
825,IPC_SYN,SYN-01,1,1
826,SPECIAL_LAW_SYN,SYN-03,1,1
827,SPECIAL_LAW_SYN,SYN-03,1,1
828,IT_ACT_SYN,SYN-02,1,1
829,SPECIAL_LAW_SYN,SYN-03,1,1
830,IPC_SYN,SYN-01,1,1
831,IPC_SYN,SYN-01,1,1
832,IPC_SYN,SYN-01,1,1
833,IT_ACT_SYN,SYN-02,1,1
834,IPC_SYN,SYN-01,1,1
835,IPC_SYN,SYN-01,1,1
836,IPC_SYN,SYN-01,1,1
837,IPC_SYN,SYN-01,1,1
838,IPC_SYN,SYN-01,1,1
839,IT_ACT_SYN,SYN-02,1,1
840,IPC_SYN,SYN-01,1,1
841,IPC_SYN,SYN-01,1,1
842,IPC_SYN,SYN-01,1,1
843,IPC_SYN,SYN-01,1,1
844,SPECIAL_LAW_SYN,SYN-03,1,1
845,IPC_SYN,SYN-01,1,1
846,IT_ACT_SYN,SYN-02,1,1
847,SPECIAL_LAW_SYN,SYN-03,1,1
848,IPC_SYN,SYN-01,1,1
849,SPECIAL_LAW_SYN,SYN-03,1,1
850,IT_ACT_SYN,SYN-02,1,1
851,IPC_SYN,SYN-01,1,1
852,SPECIAL_LAW_SYN,SYN-03,1,1
853,IPC_SYN,SYN-01,1,1
854,SPECIAL_LAW_SYN,SYN-03,1,1
855,IT_ACT_SYN,SYN-02,1,1
856,IPC_SYN,SYN-01,1,1
857,IPC_SYN,SYN-01,1,1
858,SPECIAL_LAW_SYN,SYN-03,1,1
859,SPECIAL_LAW_SYN,SYN-03,1,1
860,IPC_SYN,SYN-01,1,1
861,SPECIAL_LAW_SYN,SYN-03,1,1
862,IPC_SYN,SYN-01,1,1
863,IPC_SYN,SYN-01,1,1
864,IPC_SYN,SYN-01,1,1
865,IPC_SYN,SYN-01,1,1
866,IPC_SYN,SYN-01,1,1
867,IPC_SYN,SYN-01,1,1
868,SPECIAL_LAW_SYN,SYN-03,1,1
869,IPC_SYN,SYN-01,1,1
870,IPC_SYN,SYN-01,1,1
871,IPC_SYN,SYN-01,1,1
872,SPECIAL_LAW_SYN,SYN-03,1,1
873,IT_ACT_SYN,SYN-02,1,1
874,IPC_SYN,SYN-01,1,1
875,IPC_SYN,SYN-01,1,1
876,IPC_SYN,SYN-01,1,1
877,IPC_SYN,SYN-01,1,1
878,SPECIAL_LAW_SYN,SYN-03,1,1
879,IPC_SYN,SYN-01,1,1
880,IPC_SYN,SYN-01,1,1
881,IPC_SYN,SYN-01,1,1
882,IT_ACT_SYN,SYN-02,1,1
883,SPECIAL_LAW_SYN,SYN-03,1,1
884,IPC_SYN,SYN-01,1,1
885,IPC_SYN,SYN-01,1,1
886,SPECIAL_LAW_SYN,SYN-03,1,1
887,IT_ACT_SYN,SYN-02,1,1
888,IPC_SYN,SYN-01,1,1
889,IPC_SYN,SYN-01,1,1
890,IPC_SYN,SYN-01,1,1
891,IPC_SYN,SYN-01,1,1
892,IT_ACT_SYN,SYN-02,1,1
893,IPC_SYN,SYN-01,1,1
894,SPECIAL_LAW_SYN,SYN-03,1,1
895,IPC_SYN,SYN-01,1,1
896,IPC_SYN,SYN-01,1,1
897,IPC_SYN,SYN-01,1,1
898,IT_ACT_SYN,SYN-02,1,1
899,IPC_SYN,SYN-01,1,1
900,IPC_SYN,SYN-01,1,1
901,IPC_SYN,SYN-01,1,1
902,IPC_SYN,SYN-01,1,1
903,IPC_SYN,SYN-01,1,1
904,IPC_SYN,SYN-01,1,1
905,IPC_SYN,SYN-01,1,1
906,IT_ACT_SYN,SYN-02,1,1
907,SPECIAL_LAW_SYN,SYN-03,1,1
908,IT_ACT_SYN,SYN-02,1,1
909,IPC_SYN,SYN-01,1,1
910,IPC_SYN,SYN-01,1,1
911,IPC_SYN,SYN-01,1,1
912,SPECIAL_LAW_SYN,SYN-03,1,1
913,IPC_SYN,SYN-01,1,1
914,IPC_SYN,SYN-01,1,1
915,SPECIAL_LAW_SYN,SYN-03,1,1
916,IPC_SYN,SYN-01,1,1
917,IT_ACT_SYN,SYN-02,1,1
918,IPC_SYN,SYN-01,1,1
919,IPC_SYN,SYN-01,1,1
920,IPC_SYN,SYN-01,1,1
921,IPC_SYN,SYN-01,1,1
922,IPC_SYN,SYN-01,1,1
923,SPECIAL_LAW_SYN,SYN-03,1,1
924,IPC_SYN,SYN-01,1,1
925,SPECIAL_LAW_SYN,SYN-03,1,1
926,IPC_SYN,SYN-01,1,1
927,SPECIAL_LAW_SYN,SYN-03,1,1
928,IPC_SYN,SYN-01,1,1
929,IPC_SYN,SYN-01,1,1
930,SPECIAL_LAW_SYN,SYN-03,1,1
931,IT_ACT_SYN,SYN-02,1,1
932,SPECIAL_LAW_SYN,SYN-03,1,1
933,IPC_SYN,SYN-01,1,1
934,SPECIAL_LAW_SYN,SYN-03,1,1
935,IPC_SYN,SYN-01,1,1
936,IPC_SYN,SYN-01,1,1
937,IPC_SYN,SYN-01,1,1
938,SPECIAL_LAW_SYN,SYN-03,1,1
939,IPC_SYN,SYN-01,1,1
940,SPECIAL_LAW_SYN,SYN-03,1,1
941,IPC_SYN,SYN-01,1,1
942,IPC_SYN,SYN-01,1,1
943,IT_ACT_SYN,SYN-02,1,1
944,IT_ACT_SYN,SYN-02,1,1
945,IPC_SYN,SYN-01,1,1
946,IPC_SYN,SYN-01,1,1
947,IPC_SYN,SYN-01,1,1
948,IPC_SYN,SYN-01,1,1
949,SPECIAL_LAW_SYN,SYN-03,1,1
950,IPC_SYN,SYN-01,1,1
951,SPECIAL_LAW_SYN,SYN-03,1,1
952,IT_ACT_SYN,SYN-02,1,1
953,IPC_SYN,SYN-01,1,1
954,IPC_SYN,SYN-01,1,1
955,IPC_SYN,SYN-01,1,1
956,SPECIAL_LAW_SYN,SYN-03,1,1
957,IPC_SYN,SYN-01,1,1
958,IPC_SYN,SYN-01,1,1
959,IPC_SYN,SYN-01,1,1
960,SPECIAL_LAW_SYN,SYN-03,1,1
961,SPECIAL_LAW_SYN,SYN-03,1,1
962,IPC_SYN,SYN-01,1,1
963,SPECIAL_LAW_SYN,SYN-03,1,1
964,SPECIAL_LAW_SYN,SYN-03,1,1
965,IPC_SYN,SYN-01,1,1
966,IPC_SYN,SYN-01,1,1
967,IPC_SYN,SYN-01,1,1
968,SPECIAL_LAW_SYN,SYN-03,1,1
969,IPC_SYN,SYN-01,1,1
970,IT_ACT_SYN,SYN-02,1,1
971,SPECIAL_LAW_SYN,SYN-03,1,1
972,SPECIAL_LAW_SYN,SYN-03,1,1
973,SPECIAL_LAW_SYN,SYN-03,1,1
974,IPC_SYN,SYN-01,1,1
975,IPC_SYN,SYN-01,1,1
976,SPECIAL_LAW_SYN,SYN-03,1,1
977,IPC_SYN,SYN-01,1,1
978,IPC_SYN,SYN-01,1,1
979,SPECIAL_LAW_SYN,SYN-03,1,1
980,IPC_SYN,SYN-01,1,1
981,IPC_SYN,SYN-01,1,1
982,IPC_SYN,SYN-01,1,1
983,IPC_SYN,SYN-01,1,1
984,IT_ACT_SYN,SYN-02,1,1
985,IPC_SYN,SYN-01,1,1
986,IPC_SYN,SYN-01,1,1
987,SPECIAL_LAW_SYN,SYN-03,1,1
988,SPECIAL_LAW_SYN,SYN-03,1,1
989,IPC_SYN,SYN-01,1,1
990,IPC_SYN,SYN-01,1,1
991,IPC_SYN,SYN-01,1,1
992,IPC_SYN,SYN-01,1,1
993,SPECIAL_LAW_SYN,SYN-03,1,1
994,IPC_SYN,SYN-01,1,1
995,IPC_SYN,SYN-01,1,1
996,SPECIAL_LAW_SYN,SYN-03,1,1
997,IPC_SYN,SYN-01,1,1
998,IPC_SYN,SYN-01,1,1
999,IPC_SYN,SYN-01,1,1
1000,IPC_SYN,SYN-01,1,1
1001,IT_ACT_SYN,SYN-02,1,1
1002,SPECIAL_LAW_SYN,SYN-03,1,1
1003,SPECIAL_LAW_SYN,SYN-03,1,1
1004,IT_ACT_SYN,SYN-02,1,1
1005,IPC_SYN,SYN-01,1,1
1006,IPC_SYN,SYN-01,1,1
1007,IT_ACT_SYN,SYN-02,1,1
1008,IPC_SYN,SYN-01,1,1
1009,SPECIAL_LAW_SYN,SYN-03,1,1
1010,SPECIAL_LAW_SYN,SYN-03,1,1
1011,SPECIAL_LAW_SYN,SYN-03,1,1
1012,IPC_SYN,SYN-01,1,1
1013,IPC_SYN,SYN-01,1,1
1014,IPC_SYN,SYN-01,1,1
1015,IPC_SYN,SYN-01,1,1
1016,IPC_SYN,SYN-01,1,1
1017,IPC_SYN,SYN-01,1,1
1018,IPC_SYN,SYN-01,1,1
1019,SPECIAL_LAW_SYN,SYN-03,1,1
1020,IPC_SYN,SYN-01,1,1
1021,IPC_SYN,SYN-01,1,1
1022,IPC_SYN,SYN-01,1,1
1023,IPC_SYN,SYN-01,1,1
1024,IPC_SYN,SYN-01,1,1
1025,SPECIAL_LAW_SYN,SYN-03,1,1
1026,IT_ACT_SYN,SYN-02,1,1
1027,IT_ACT_SYN,SYN-02,1,1
1028,SPECIAL_LAW_SYN,SYN-03,1,1
1029,SPECIAL_LAW_SYN,SYN-03,1,1
1030,IPC_SYN,SYN-01,1,1
1031,IPC_SYN,SYN-01,1,1
1032,IPC_SYN,SYN-01,1,1
1033,IPC_SYN,SYN-01,1,1
1034,SPECIAL_LAW_SYN,SYN-03,1,1
1035,SPECIAL_LAW_SYN,SYN-03,1,1
1036,IPC_SYN,SYN-01,1,1
1037,IPC_SYN,SYN-01,1,1
1038,IPC_SYN,SYN-01,1,1
1039,IT_ACT_SYN,SYN-02,1,1
1040,IPC_SYN,SYN-01,1,1
1041,IPC_SYN,SYN-01,1,1
1042,SPECIAL_LAW_SYN,SYN-03,1,1
1043,SPECIAL_LAW_SYN,SYN-03,1,1
1044,SPECIAL_LAW_SYN,SYN-03,1,1
1045,SPECIAL_LAW_SYN,SYN-03,1,1
1046,SPECIAL_LAW_SYN,SYN-03,1,1
1047,IPC_SYN,SYN-01,1,1
1048,SPECIAL_LAW_SYN,SYN-03,1,1
1049,SPECIAL_LAW_SYN,SYN-03,1,1
1050,IPC_SYN,SYN-01,1,1
1051,IT_ACT_SYN,SYN-02,1,1
1052,IPC_SYN,SYN-01,1,1
1053,IPC_SYN,SYN-01,1,1
1054,IPC_SYN,SYN-01,1,1
1055,IPC_SYN,SYN-01,1,1
1056,IPC_SYN,SYN-01,1,1
1057,IPC_SYN,SYN-01,1,1
1058,IPC_SYN,SYN-01,1,1
1059,IPC_SYN,SYN-01,1,1
1060,IPC_SYN,SYN-01,1,1
1061,IPC_SYN,SYN-01,1,1
1062,SPECIAL_LAW_SYN,SYN-03,1,1
1063,SPECIAL_LAW_SYN,SYN-03,1,1
1064,SPECIAL_LAW_SYN,SYN-03,1,1
1065,SPECIAL_LAW_SYN,SYN-03,1,1
1066,IT_ACT_SYN,SYN-02,1,1
1067,IPC_SYN,SYN-01,1,1
1068,IPC_SYN,SYN-01,1,1
1069,SPECIAL_LAW_SYN,SYN-03,1,1
1070,IPC_SYN,SYN-01,1,1
1071,IPC_SYN,SYN-01,1,1
1072,IT_ACT_SYN,SYN-02,1,1
1073,IPC_SYN,SYN-01,1,1
1074,SPECIAL_LAW_SYN,SYN-03,1,1
1075,SPECIAL_LAW_SYN,SYN-03,1,1
1076,IPC_SYN,SYN-01,1,1
1077,IPC_SYN,SYN-01,1,1
1078,SPECIAL_LAW_SYN,SYN-03,1,1
1079,SPECIAL_LAW_SYN,SYN-03,1,1
1080,SPECIAL_LAW_SYN,SYN-03,1,1
1081,IPC_SYN,SYN-01,1,1
1082,IT_ACT_SYN,SYN-02,1,1
1083,SPECIAL_LAW_SYN,SYN-03,1,1
1084,IPC_SYN,SYN-01,1,1
1085,IPC_SYN,SYN-01,1,1
1086,IPC_SYN,SYN-01,1,1
1087,SPECIAL_LAW_SYN,SYN-03,1,1
1088,IPC_SYN,SYN-01,1,1
1089,SPECIAL_LAW_SYN,SYN-03,1,1
1090,IPC_SYN,SYN-01,1,1
1091,IPC_SYN,SYN-01,1,1
1092,IPC_SYN,SYN-01,1,1
1093,IPC_SYN,SYN-01,1,1
1094,IPC_SYN,SYN-01,1,1
1095,IPC_SYN,SYN-01,1,1
1096,IPC_SYN,SYN-01,1,1
1097,IT_ACT_SYN,SYN-02,1,1
1098,SPECIAL_LAW_SYN,SYN-03,1,1
1099,IPC_SYN,SYN-01,1,1
1100,SPECIAL_LAW_SYN,SYN-03,1,1
1101,SPECIAL_LAW_SYN,SYN-03,1,1
1102,IPC_SYN,SYN-01,1,1
1103,IT_ACT_SYN,SYN-02,1,1
1104,SPECIAL_LAW_SYN,SYN-03,1,1
1105,IPC_SYN,SYN-01,1,1
1106,SPECIAL_LAW_SYN,SYN-03,1,1
1107,IPC_SYN,SYN-01,1,1
1108,SPECIAL_LAW_SYN,SYN-03,1,1
1109,SPECIAL_LAW_SYN,SYN-03,1,1
1110,IPC_SYN,SYN-01,1,1
1111,IPC_SYN,SYN-01,1,1
1112,IPC_SYN,SYN-01,1,1
1113,SPECIAL_LAW_SYN,SYN-03,1,1
1114,IPC_SYN,SYN-01,1,1
1115,IPC_SYN,SYN-01,1,1
1116,SPECIAL_LAW_SYN,SYN-03,1,1
1117,IPC_SYN,SYN-01,1,1
1118,IPC_SYN,SYN-01,1,1
1119,IT_ACT_SYN,SYN-02,1,1
1120,IPC_SYN,SYN-01,1,1
1121,IT_ACT_SYN,SYN-02,1,1
1122,IPC_SYN,SYN-01,1,1
1123,SPECIAL_LAW_SYN,SYN-03,1,1
1124,IPC_SYN,SYN-01,1,1
1125,IPC_SYN,SYN-01,1,1
1126,IPC_SYN,SYN-01,1,1
1127,IPC_SYN,SYN-01,1,1
1128,SPECIAL_LAW_SYN,SYN-03,1,1
1129,SPECIAL_LAW_SYN,SYN-03,1,1
1130,IPC_SYN,SYN-01,1,1
1131,IPC_SYN,SYN-01,1,1
1132,SPECIAL_LAW_SYN,SYN-03,1,1
1133,SPECIAL_LAW_SYN,SYN-03,1,1
1134,IPC_SYN,SYN-01,1,1
1135,IPC_SYN,SYN-01,1,1
1136,IT_ACT_SYN,SYN-02,1,1
1137,IPC_SYN,SYN-01,1,1
1138,IT_ACT_SYN,SYN-02,1,1
1139,IPC_SYN,SYN-01,1,1
1140,IPC_SYN,SYN-01,1,1
1141,IPC_SYN,SYN-01,1,1
1142,SPECIAL_LAW_SYN,SYN-03,1,1
1143,IPC_SYN,SYN-01,1,1
1144,IPC_SYN,SYN-01,1,1
1145,IPC_SYN,SYN-01,1,1
1146,IPC_SYN,SYN-01,1,1
1147,IPC_SYN,SYN-01,1,1
1148,IPC_SYN,SYN-01,1,1
1149,IPC_SYN,SYN-01,1,1
1150,IPC_SYN,SYN-01,1,1
1151,SPECIAL_LAW_SYN,SYN-03,1,1
1152,IPC_SYN,SYN-01,1,1
1153,SPECIAL_LAW_SYN,SYN-03,1,1
1154,IPC_SYN,SYN-01,1,1
1155,IPC_SYN,SYN-01,1,1
1156,IPC_SYN,SYN-01,1,1
1157,SPECIAL_LAW_SYN,SYN-03,1,1
1158,IT_ACT_SYN,SYN-02,1,1
1159,SPECIAL_LAW_SYN,SYN-03,1,1
1160,IT_ACT_SYN,SYN-02,1,1
1161,SPECIAL_LAW_SYN,SYN-03,1,1
1162,IPC_SYN,SYN-01,1,1
1163,IPC_SYN,SYN-01,1,1
1164,IPC_SYN,SYN-01,1,1
1165,SPECIAL_LAW_SYN,SYN-03,1,1
1166,IT_ACT_SYN,SYN-02,1,1
1167,SPECIAL_LAW_SYN,SYN-03,1,1
1168,IPC_SYN,SYN-01,1,1
1169,IT_ACT_SYN,SYN-02,1,1
1170,IT_ACT_SYN,SYN-02,1,1
1171,SPECIAL_LAW_SYN,SYN-03,1,1
1172,IPC_SYN,SYN-01,1,1
1173,IPC_SYN,SYN-01,1,1
1174,IPC_SYN,SYN-01,1,1
1175,IPC_SYN,SYN-01,1,1
1176,IT_ACT_SYN,SYN-02,1,1
1177,IPC_SYN,SYN-01,1,1
1178,SPECIAL_LAW_SYN,SYN-03,1,1
1179,IT_ACT_SYN,SYN-02,1,1
1180,IPC_SYN,SYN-01,1,1
1181,IPC_SYN,SYN-01,1,1
1182,IPC_SYN,SYN-01,1,1
1183,IPC_SYN,SYN-01,1,1
1184,IPC_SYN,SYN-01,1,1
1185,IPC_SYN,SYN-01,1,1
1186,IPC_SYN,SYN-01,1,1
1187,IPC_SYN,SYN-01,1,1
1188,SPECIAL_LAW_SYN,SYN-03,1,1
1189,IPC_SYN,SYN-01,1,1
1190,SPECIAL_LAW_SYN,SYN-03,1,1
1191,IPC_SYN,SYN-01,1,1
1192,IPC_SYN,SYN-01,1,1
1193,IPC_SYN,SYN-01,1,1
1194,IPC_SYN,SYN-01,1,1
1195,IPC_SYN,SYN-01,1,1
1196,IPC_SYN,SYN-01,1,1
1197,SPECIAL_LAW_SYN,SYN-03,1,1
1198,IT_ACT_SYN,SYN-02,1,1
1199,IT_ACT_SYN,SYN-02,1,1
1200,IPC_SYN,SYN-01,1,1
1201,IPC_SYN,SYN-01,1,1
1202,IT_ACT_SYN,SYN-02,1,1
1203,SPECIAL_LAW_SYN,SYN-03,1,1
1204,SPECIAL_LAW_SYN,SYN-03,1,1
1205,SPECIAL_LAW_SYN,SYN-03,1,1
1206,IPC_SYN,SYN-01,1,1
1207,IPC_SYN,SYN-01,1,1
1208,IPC_SYN,SYN-01,1,1
1209,SPECIAL_LAW_SYN,SYN-03,1,1
1210,IPC_SYN,SYN-01,1,1
1211,IPC_SYN,SYN-01,1,1
1212,IPC_SYN,SYN-01,1,1
1213,IPC_SYN,SYN-01,1,1
1214,IPC_SYN,SYN-01,1,1
1215,IPC_SYN,SYN-01,1,1
1216,IPC_SYN,SYN-01,1,1
1217,IT_ACT_SYN,SYN-02,1,1
1218,SPECIAL_LAW_SYN,SYN-03,1,1
1219,SPECIAL_LAW_SYN,SYN-03,1,1
1220,IPC_SYN,SYN-01,1,1
1221,SPECIAL_LAW_SYN,SYN-03,1,1
1222,IPC_SYN,SYN-01,1,1
1223,IPC_SYN,SYN-01,1,1
1224,IPC_SYN,SYN-01,1,1
1225,SPECIAL_LAW_SYN,SYN-03,1,1
1226,SPECIAL_LAW_SYN,SYN-03,1,1
1227,IPC_SYN,SYN-01,1,1
1228,IPC_SYN,SYN-01,1,1
1229,IPC_SYN,SYN-01,1,1
1230,IPC_SYN,SYN-01,1,1
1231,IPC_SYN,SYN-01,1,1
1232,IPC_SYN,SYN-01,1,1
1233,IPC_SYN,SYN-01,1,1
1234,IPC_SYN,SYN-01,1,1
1235,SPECIAL_LAW_SYN,SYN-03,1,1
1236,IPC_SYN,SYN-01,1,1
1237,SPECIAL_LAW_SYN,SYN-03,1,1
1238,SPECIAL_LAW_SYN,SYN-03,1,1
1239,IPC_SYN,SYN-01,1,1
1240,IPC_SYN,SYN-01,1,1
1241,IT_ACT_SYN,SYN-02,1,1
1242,IPC_SYN,SYN-01,1,1
1243,SPECIAL_LAW_SYN,SYN-03,1,1
1244,IPC_SYN,SYN-01,1,1
1245,IPC_SYN,SYN-01,1,1
1246,IT_ACT_SYN,SYN-02,1,1
1247,IPC_SYN,SYN-01,1,1
1248,IPC_SYN,SYN-01,1,1
1249,IT_ACT_SYN,SYN-02,1,1
1250,IPC_SYN,SYN-01,1,1
1251,SPECIAL_LAW_SYN,SYN-03,1,1
1252,IPC_SYN,SYN-01,1,1
1253,IT_ACT_SYN,SYN-02,1,1
1254,SPECIAL_LAW_SYN,SYN-03,1,1
1255,IPC_SYN,SYN-01,1,1
1256,IPC_SYN,SYN-01,1,1
1257,IPC_SYN,SYN-01,1,1
1258,IPC_SYN,SYN-01,1,1
1259,IPC_SYN,SYN-01,1,1
1260,IPC_SYN,SYN-01,1,1
1261,SPECIAL_LAW_SYN,SYN-03,1,1
1262,SPECIAL_LAW_SYN,SYN-03,1,1
1263,IPC_SYN,SYN-01,1,1
1264,IPC_SYN,SYN-01,1,1
1265,IPC_SYN,SYN-01,1,1
1266,IPC_SYN,SYN-01,1,1
1267,SPECIAL_LAW_SYN,SYN-03,1,1
1268,IT_ACT_SYN,SYN-02,1,1
1269,SPECIAL_LAW_SYN,SYN-03,1,1
1270,IPC_SYN,SYN-01,1,1
1271,IPC_SYN,SYN-01,1,1
1272,IPC_SYN,SYN-01,1,1
1273,IPC_SYN,SYN-01,1,1
1274,IPC_SYN,SYN-01,1,1
1275,IT_ACT_SYN,SYN-02,1,1
1276,IT_ACT_SYN,SYN-02,1,1
1277,IPC_SYN,SYN-01,1,1
1278,IPC_SYN,SYN-01,1,1
1279,IPC_SYN,SYN-01,1,1
1280,IPC_SYN,SYN-01,1,1
1281,SPECIAL_LAW_SYN,SYN-03,1,1
1282,IPC_SYN,SYN-01,1,1
1283,SPECIAL_LAW_SYN,SYN-03,1,1
1284,IPC_SYN,SYN-01,1,1
1285,IPC_SYN,SYN-01,1,1
1286,IPC_SYN,SYN-01,1,1
1287,IPC_SYN,SYN-01,1,1
1288,IPC_SYN,SYN-01,1,1
1289,IPC_SYN,SYN-01,1,1
1290,SPECIAL_LAW_SYN,SYN-03,1,1
1291,SPECIAL_LAW_SYN,SYN-03,1,1
1292,IPC_SYN,SYN-01,1,1
1293,IT_ACT_SYN,SYN-02,1,1
1294,IPC_SYN,SYN-01,1,1
1295,IPC_SYN,SYN-01,1,1
1296,IPC_SYN,SYN-01,1,1
1297,SPECIAL_LAW_SYN,SYN-03,1,1
1298,SPECIAL_LAW_SYN,SYN-03,1,1
1299,SPECIAL_LAW_SYN,SYN-03,1,1
1300,IPC_SYN,SYN-01,1,1
1301,IPC_SYN,SYN-01,1,1
1302,IPC_SYN,SYN-01,1,1
1303,IPC_SYN,SYN-01,1,1
1304,SPECIAL_LAW_SYN,SYN-03,1,1
1305,SPECIAL_LAW_SYN,SYN-03,1,1
1306,IT_ACT_SYN,SYN-02,1,1
1307,IPC_SYN,SYN-01,1,1
1308,SPECIAL_LAW_SYN,SYN-03,1,1
1309,IPC_SYN,SYN-01,1,1
1310,IPC_SYN,SYN-01,1,1
1311,IPC_SYN,SYN-01,1,1
1312,IPC_SYN,SYN-01,1,1
1313,SPECIAL_LAW_SYN,SYN-03,1,1
1314,IPC_SYN,SYN-01,1,1
1315,IPC_SYN,SYN-01,1,1
1316,SPECIAL_LAW_SYN,SYN-03,1,1
1317,IPC_SYN,SYN-01,1,1
1318,IPC_SYN,SYN-01,1,1
1319,IT_ACT_SYN,SYN-02,1,1
1320,IPC_SYN,SYN-01,1,1
1321,IPC_SYN,SYN-01,1,1
1322,IPC_SYN,SYN-01,1,1
1323,IPC_SYN,SYN-01,1,1
1324,SPECIAL_LAW_SYN,SYN-03,1,1
1325,IPC_SYN,SYN-01,1,1
1326,IPC_SYN,SYN-01,1,1
1327,IPC_SYN,SYN-01,1,1
1328,IPC_SYN,SYN-01,1,1
1329,SPECIAL_LAW_SYN,SYN-03,1,1
1330,IPC_SYN,SYN-01,1,1
1331,IPC_SYN,SYN-01,1,1
1332,IPC_SYN,SYN-01,1,1
1333,IT_ACT_SYN,SYN-02,1,1
1334,SPECIAL_LAW_SYN,SYN-03,1,1
1335,SPECIAL_LAW_SYN,SYN-03,1,1
1336,IPC_SYN,SYN-01,1,1
1337,IPC_SYN,SYN-01,1,1
1338,IPC_SYN,SYN-01,1,1
1339,IPC_SYN,SYN-01,1,1
1340,IPC_SYN,SYN-01,1,1
1341,IPC_SYN,SYN-01,1,1
1342,SPECIAL_LAW_SYN,SYN-03,1,1
1343,IPC_SYN,SYN-01,1,1
1344,IPC_SYN,SYN-01,1,1
1345,IT_ACT_SYN,SYN-02,1,1
1346,IPC_SYN,SYN-01,1,1
1347,IT_ACT_SYN,SYN-02,1,1
1348,SPECIAL_LAW_SYN,SYN-03,1,1
1349,SPECIAL_LAW_SYN,SYN-03,1,1
1350,IPC_SYN,SYN-01,1,1
1351,IPC_SYN,SYN-01,1,1
1352,IPC_SYN,SYN-01,1,1
1353,IT_ACT_SYN,SYN-02,1,1
1354,SPECIAL_LAW_SYN,SYN-03,1,1
1355,SPECIAL_LAW_SYN,SYN-03,1,1
1356,SPECIAL_LAW_SYN,SYN-03,1,1
1357,IPC_SYN,SYN-01,1,1
1358,SPECIAL_LAW_SYN,SYN-03,1,1
1359,IPC_SYN,SYN-01,1,1
1360,SPECIAL_LAW_SYN,SYN-03,1,1
1361,IT_ACT_SYN,SYN-02,1,1
1362,IPC_SYN,SYN-01,1,1
1363,SPECIAL_LAW_SYN,SYN-03,1,1
1364,IPC_SYN,SYN-01,1,1
1365,SPECIAL_LAW_SYN,SYN-03,1,1
1366,IPC_SYN,SYN-01,1,1
1367,IPC_SYN,SYN-01,1,1
1368,SPECIAL_LAW_SYN,SYN-03,1,1
1369,IPC_SYN,SYN-01,1,1
1370,IPC_SYN,SYN-01,1,1
1371,IPC_SYN,SYN-01,1,1
1372,IPC_SYN,SYN-01,1,1
1373,SPECIAL_LAW_SYN,SYN-03,1,1
1374,IPC_SYN,SYN-01,1,1
1375,SPECIAL_LAW_SYN,SYN-03,1,1
1376,SPECIAL_LAW_SYN,SYN-03,1,1
1377,IPC_SYN,SYN-01,1,1
1378,IPC_SYN,SYN-01,1,1
1379,IPC_SYN,SYN-01,1,1
1380,SPECIAL_LAW_SYN,SYN-03,1,1
1381,SPECIAL_LAW_SYN,SYN-03,1,1
1382,SPECIAL_LAW_SYN,SYN-03,1,1
1383,IPC_SYN,SYN-01,1,1
1384,SPECIAL_LAW_SYN,SYN-03,1,1
1385,IPC_SYN,SYN-01,1,1
1386,IPC_SYN,SYN-01,1,1
1387,IPC_SYN,SYN-01,1,1
1388,IT_ACT_SYN,SYN-02,1,1
1389,IPC_SYN,SYN-01,1,1
1390,IPC_SYN,SYN-01,1,1
1391,IPC_SYN,SYN-01,1,1
1392,IPC_SYN,SYN-01,1,1
1393,IPC_SYN,SYN-01,1,1
1394,IPC_SYN,SYN-01,1,1
1395,IPC_SYN,SYN-01,1,1
1396,IPC_SYN,SYN-01,1,1
1397,IPC_SYN,SYN-01,1,1
1398,IT_ACT_SYN,SYN-02,1,1
1399,IPC_SYN,SYN-01,1,1
1400,IPC_SYN,SYN-01,1,1
1401,IT_ACT_SYN,SYN-02,1,1
1402,SPECIAL_LAW_SYN,SYN-03,1,1
1403,IPC_SYN,SYN-01,1,1
1404,IPC_SYN,SYN-01,1,1
1405,IPC_SYN,SYN-01,1,1
1406,IPC_SYN,SYN-01,1,1
1407,IPC_SYN,SYN-01,1,1
1408,IPC_SYN,SYN-01,1,1
1409,IPC_SYN,SYN-01,1,1
1410,IPC_SYN,SYN-01,1,1
1411,IPC_SYN,SYN-01,1,1
1412,IPC_SYN,SYN-01,1,1
1413,IPC_SYN,SYN-01,1,1
1414,IPC_SYN,SYN-01,1,1
1415,SPECIAL_LAW_SYN,SYN-03,1,1
1416,IPC_SYN,SYN-01,1,1
1417,IPC_SYN,SYN-01,1,1
1418,IPC_SYN,SYN-01,1,1
1419,SPECIAL_LAW_SYN,SYN-03,1,1
1420,IPC_SYN,SYN-01,1,1
1421,IPC_SYN,SYN-01,1,1
1422,IPC_SYN,SYN-01,1,1
1423,IT_ACT_SYN,SYN-02,1,1
1424,IPC_SYN,SYN-01,1,1
1425,SPECIAL_LAW_SYN,SYN-03,1,1
1426,SPECIAL_LAW_SYN,SYN-03,1,1
1427,IPC_SYN,SYN-01,1,1
1428,SPECIAL_LAW_SYN,SYN-03,1,1
1429,IPC_SYN,SYN-01,1,1
1430,IPC_SYN,SYN-01,1,1
1431,IPC_SYN,SYN-01,1,1
1432,IPC_SYN,SYN-01,1,1
1433,IT_ACT_SYN,SYN-02,1,1
1434,IT_ACT_SYN,SYN-02,1,1
1435,SPECIAL_LAW_SYN,SYN-03,1,1
1436,IPC_SYN,SYN-01,1,1
1437,SPECIAL_LAW_SYN,SYN-03,1,1
1438,IPC_SYN,SYN-01,1,1
1439,IPC_SYN,SYN-01,1,1
1440,IPC_SYN,SYN-01,1,1
1441,IPC_SYN,SYN-01,1,1
1442,IPC_SYN,SYN-01,1,1
1443,SPECIAL_LAW_SYN,SYN-03,1,1
1444,IPC_SYN,SYN-01,1,1
1445,IPC_SYN,SYN-01,1,1
1446,IT_ACT_SYN,SYN-02,1,1
1447,IPC_SYN,SYN-01,1,1
1448,IPC_SYN,SYN-01,1,1
1449,IPC_SYN,SYN-01,1,1
1450,IPC_SYN,SYN-01,1,1
1451,SPECIAL_LAW_SYN,SYN-03,1,1
1452,IPC_SYN,SYN-01,1,1
1453,IPC_SYN,SYN-01,1,1
1454,SPECIAL_LAW_SYN,SYN-03,1,1
1455,IPC_SYN,SYN-01,1,1
1456,SPECIAL_LAW_SYN,SYN-03,1,1
1457,SPECIAL_LAW_SYN,SYN-03,1,1
1458,IPC_SYN,SYN-01,1,1
1459,IPC_SYN,SYN-01,1,1
1460,SPECIAL_LAW_SYN,SYN-03,1,1
1461,IPC_SYN,SYN-01,1,1
1462,IPC_SYN,SYN-01,1,1
1463,IPC_SYN,SYN-01,1,1
1464,IPC_SYN,SYN-01,1,1
1465,IPC_SYN,SYN-01,1,1
1466,IT_ACT_SYN,SYN-02,1,1
1467,SPECIAL_LAW_SYN,SYN-03,1,1
1468,SPECIAL_LAW_SYN,SYN-03,1,1
1469,IPC_SYN,SYN-01,1,1
1470,IT_ACT_SYN,SYN-02,1,1
1471,IPC_SYN,SYN-01,1,1
1472,IPC_SYN,SYN-01,1,1
1473,SPECIAL_LAW_SYN,SYN-03,1,1
1474,IPC_SYN,SYN-01,1,1
1475,IPC_SYN,SYN-01,1,1
1476,IPC_SYN,SYN-01,1,1
1477,SPECIAL_LAW_SYN,SYN-03,1,1
1478,IPC_SYN,SYN-01,1,1
1479,SPECIAL_LAW_SYN,SYN-03,1,1
1480,IT_ACT_SYN,SYN-02,1,1
1481,SPECIAL_LAW_SYN,SYN-03,1,1
1482,SPECIAL_LAW_SYN,SYN-03,1,1
1483,SPECIAL_LAW_SYN,SYN-03,1,1
1484,IT_ACT_SYN,SYN-02,1,1
1485,IPC_SYN,SYN-01,1,1
1486,SPECIAL_LAW_SYN,SYN-03,1,1
1487,IPC_SYN,SYN-01,1,1
1488,IPC_SYN,SYN-01,1,1
1489,SPECIAL_LAW_SYN,SYN-03,1,1
1490,IPC_SYN,SYN-01,1,1
1491,SPECIAL_LAW_SYN,SYN-03,1,1
1492,SPECIAL_LAW_SYN,SYN-03,1,1
1493,IT_ACT_SYN,SYN-02,1,1
1494,IPC_SYN,SYN-01,1,1
1495,IPC_SYN,SYN-01,1,1
1496,IPC_SYN,SYN-01,1,1
1497,IPC_SYN,SYN-01,1,1
1498,IPC_SYN,SYN-01,1,1
1499,SPECIAL_LAW_SYN,SYN-03,1,1
1500,IT_ACT_SYN,SYN-02,1,1
1501,IPC_SYN,SYN-01,1,1
1502,IPC_SYN,SYN-01,1,1
1503,IPC_SYN,SYN-01,1,1
1504,IPC_SYN,SYN-01,1,1
1505,IPC_SYN,SYN-01,1,1
1506,IPC_SYN,SYN-01,1,1
1507,SPECIAL_LAW_SYN,SYN-03,1,1
1508,SPECIAL_LAW_SYN,SYN-03,1,1
1509,IPC_SYN,SYN-01,1,1
1510,SPECIAL_LAW_SYN,SYN-03,1,1
1511,SPECIAL_LAW_SYN,SYN-03,1,1
1512,IPC_SYN,SYN-01,1,1
1513,IT_ACT_SYN,SYN-02,1,1
1514,IPC_SYN,SYN-01,1,1
1515,SPECIAL_LAW_SYN,SYN-03,1,1
1516,SPECIAL_LAW_SYN,SYN-03,1,1
1517,IPC_SYN,SYN-01,1,1
1518,SPECIAL_LAW_SYN,SYN-03,1,1
1519,IPC_SYN,SYN-01,1,1
1520,IT_ACT_SYN,SYN-02,1,1
1521,IPC_SYN,SYN-01,1,1
1522,SPECIAL_LAW_SYN,SYN-03,1,1
1523,SPECIAL_LAW_SYN,SYN-03,1,1
1524,IPC_SYN,SYN-01,1,1
1525,SPECIAL_LAW_SYN,SYN-03,1,1
1526,IPC_SYN,SYN-01,1,1
1527,SPECIAL_LAW_SYN,SYN-03,1,1
1528,IPC_SYN,SYN-01,1,1
1529,SPECIAL_LAW_SYN,SYN-03,1,1
1530,IPC_SYN,SYN-01,1,1
1531,SPECIAL_LAW_SYN,SYN-03,1,1
1532,IPC_SYN,SYN-01,1,1
1533,SPECIAL_LAW_SYN,SYN-03,1,1
1534,SPECIAL_LAW_SYN,SYN-03,1,1
1535,IPC_SYN,SYN-01,1,1
1536,SPECIAL_LAW_SYN,SYN-03,1,1
1537,IPC_SYN,SYN-01,1,1
1538,IPC_SYN,SYN-01,1,1
1539,SPECIAL_LAW_SYN,SYN-03,1,1
1540,IPC_SYN,SYN-01,1,1
1541,IPC_SYN,SYN-01,1,1
1542,SPECIAL_LAW_SYN,SYN-03,1,1
1543,SPECIAL_LAW_SYN,SYN-03,1,1
1544,IPC_SYN,SYN-01,1,1
1545,IPC_SYN,SYN-01,1,1
1546,IPC_SYN,SYN-01,1,1
1547,IT_ACT_SYN,SYN-02,1,1
1548,IPC_SYN,SYN-01,1,1
1549,SPECIAL_LAW_SYN,SYN-03,1,1
1550,SPECIAL_LAW_SYN,SYN-03,1,1
1551,IPC_SYN,SYN-01,1,1
1552,IPC_SYN,SYN-01,1,1
1553,IPC_SYN,SYN-01,1,1
1554,SPECIAL_LAW_SYN,SYN-03,1,1
1555,IPC_SYN,SYN-01,1,1
1556,SPECIAL_LAW_SYN,SYN-03,1,1
1557,SPECIAL_LAW_SYN,SYN-03,1,1
1558,IPC_SYN,SYN-01,1,1
1559,IT_ACT_SYN,SYN-02,1,1
1560,IT_ACT_SYN,SYN-02,1,1
1561,IT_ACT_SYN,SYN-02,1,1
1562,IPC_SYN,SYN-01,1,1
1563,IPC_SYN,SYN-01,1,1
1564,SPECIAL_LAW_SYN,SYN-03,1,1
1565,SPECIAL_LAW_SYN,SYN-03,1,1
1566,SPECIAL_LAW_SYN,SYN-03,1,1
1567,IPC_SYN,SYN-01,1,1
1568,SPECIAL_LAW_SYN,SYN-03,1,1
1569,IPC_SYN,SYN-01,1,1
1570,IPC_SYN,SYN-01,1,1
1571,SPECIAL_LAW_SYN,SYN-03,1,1
1572,SPECIAL_LAW_SYN,SYN-03,1,1
1573,IPC_SYN,SYN-01,1,1
1574,SPECIAL_LAW_SYN,SYN-03,1,1
1575,IPC_SYN,SYN-01,1,1
1576,IPC_SYN,SYN-01,1,1
1577,IPC_SYN,SYN-01,1,1
1578,IPC_SYN,SYN-01,1,1
1579,IPC_SYN,SYN-01,1,1
1580,IPC_SYN,SYN-01,1,1
1581,IPC_SYN,SYN-01,1,1
1582,SPECIAL_LAW_SYN,SYN-03,1,1
1583,IPC_SYN,SYN-01,1,1
1584,IPC_SYN,SYN-01,1,1
1585,IPC_SYN,SYN-01,1,1
1586,SPECIAL_LAW_SYN,SYN-03,1,1
1587,IT_ACT_SYN,SYN-02,1,1
1588,IPC_SYN,SYN-01,1,1
1589,IPC_SYN,SYN-01,1,1
1590,IPC_SYN,SYN-01,1,1
1591,IPC_SYN,SYN-01,1,1
1592,IPC_SYN,SYN-01,1,1
1593,IT_ACT_SYN,SYN-02,1,1
1594,SPECIAL_LAW_SYN,SYN-03,1,1
1595,IPC_SYN,SYN-01,1,1
1596,IPC_SYN,SYN-01,1,1
1597,IPC_SYN,SYN-01,1,1
1598,IPC_SYN,SYN-01,1,1
1599,IPC_SYN,SYN-01,1,1
1600,SPECIAL_LAW_SYN,SYN-03,1,1
1601,IPC_SYN,SYN-01,1,1
1602,IT_ACT_SYN,SYN-02,1,1
1603,IPC_SYN,SYN-01,1,1
1604,IT_ACT_SYN,SYN-02,1,1
1605,IPC_SYN,SYN-01,1,1
1606,IPC_SYN,SYN-01,1,1
1607,IPC_SYN,SYN-01,1,1
1608,IPC_SYN,SYN-01,1,1
1609,SPECIAL_LAW_SYN,SYN-03,1,1
1610,IPC_SYN,SYN-01,1,1
1611,IPC_SYN,SYN-01,1,1
1612,IPC_SYN,SYN-01,1,1
1613,IPC_SYN,SYN-01,1,1
1614,IPC_SYN,SYN-01,1,1
1615,IPC_SYN,SYN-01,1,1
1616,IPC_SYN,SYN-01,1,1
1617,IPC_SYN,SYN-01,1,1
1618,IPC_SYN,SYN-01,1,1
1619,IPC_SYN,SYN-01,1,1
1620,SPECIAL_LAW_SYN,SYN-03,1,1
1621,SPECIAL_LAW_SYN,SYN-03,1,1
1622,SPECIAL_LAW_SYN,SYN-03,1,1
1623,SPECIAL_LAW_SYN,SYN-03,1,1
1624,SPECIAL_LAW_SYN,SYN-03,1,1
1625,SPECIAL_LAW_SYN,SYN-03,1,1
1626,SPECIAL_LAW_SYN,SYN-03,1,1
1627,SPECIAL_LAW_SYN,SYN-03,1,1
1628,IPC_SYN,SYN-01,1,1
1629,SPECIAL_LAW_SYN,SYN-03,1,1
1630,IPC_SYN,SYN-01,1,1
1631,IPC_SYN,SYN-01,1,1
1632,IPC_SYN,SYN-01,1,1
1633,IT_ACT_SYN,SYN-02,1,1
1634,SPECIAL_LAW_SYN,SYN-03,1,1
1635,IPC_SYN,SYN-01,1,1
1636,IPC_SYN,SYN-01,1,1
1637,IPC_SYN,SYN-01,1,1
1638,IPC_SYN,SYN-01,1,1
1639,IPC_SYN,SYN-01,1,1
1640,IPC_SYN,SYN-01,1,1
1641,IT_ACT_SYN,SYN-02,1,1
1642,SPECIAL_LAW_SYN,SYN-03,1,1
1643,SPECIAL_LAW_SYN,SYN-03,1,1
1644,IPC_SYN,SYN-01,1,1
1645,SPECIAL_LAW_SYN,SYN-03,1,1
1646,IT_ACT_SYN,SYN-02,1,1
1647,IPC_SYN,SYN-01,1,1
1648,IT_ACT_SYN,SYN-02,1,1
1649,IPC_SYN,SYN-01,1,1
1650,SPECIAL_LAW_SYN,SYN-03,1,1
1651,IPC_SYN,SYN-01,1,1
1652,IPC_SYN,SYN-01,1,1
1653,IPC_SYN,SYN-01,1,1
1654,IPC_SYN,SYN-01,1,1
1655,IPC_SYN,SYN-01,1,1
1656,SPECIAL_LAW_SYN,SYN-03,1,1
1657,SPECIAL_LAW_SYN,SYN-03,1,1
1658,IPC_SYN,SYN-01,1,1
1659,IPC_SYN,SYN-01,1,1
1660,IPC_SYN,SYN-01,1,1
1661,SPECIAL_LAW_SYN,SYN-03,1,1
1662,IPC_SYN,SYN-01,1,1
1663,SPECIAL_LAW_SYN,SYN-03,1,1
1664,IPC_SYN,SYN-01,1,1
1665,SPECIAL_LAW_SYN,SYN-03,1,1
1666,IPC_SYN,SYN-01,1,1
1667,IPC_SYN,SYN-01,1,1
1668,IPC_SYN,SYN-01,1,1
1669,IT_ACT_SYN,SYN-02,1,1
1670,IPC_SYN,SYN-01,1,1
1671,IPC_SYN,SYN-01,1,1
1672,IT_ACT_SYN,SYN-02,1,1
1673,SPECIAL_LAW_SYN,SYN-03,1,1
1674,IT_ACT_SYN,SYN-02,1,1
1675,IT_ACT_SYN,SYN-02,1,1
1676,IPC_SYN,SYN-01,1,1
1677,IPC_SYN,SYN-01,1,1
1678,SPECIAL_LAW_SYN,SYN-03,1,1
1679,SPECIAL_LAW_SYN,SYN-03,1,1
1680,IPC_SYN,SYN-01,1,1
1681,SPECIAL_LAW_SYN,SYN-03,1,1
1682,IPC_SYN,SYN-01,1,1
1683,SPECIAL_LAW_SYN,SYN-03,1,1
1684,IPC_SYN,SYN-01,1,1
1685,IPC_SYN,SYN-01,1,1
1686,IT_ACT_SYN,SYN-02,1,1
1687,SPECIAL_LAW_SYN,SYN-03,1,1
1688,IPC_SYN,SYN-01,1,1
1689,SPECIAL_LAW_SYN,SYN-03,1,1
1690,SPECIAL_LAW_SYN,SYN-03,1,1
1691,IT_ACT_SYN,SYN-02,1,1
1692,IPC_SYN,SYN-01,1,1
1693,IPC_SYN,SYN-01,1,1
1694,IPC_SYN,SYN-01,1,1
1695,SPECIAL_LAW_SYN,SYN-03,1,1
1696,IPC_SYN,SYN-01,1,1
1697,IPC_SYN,SYN-01,1,1
1698,IPC_SYN,SYN-01,1,1
1699,IPC_SYN,SYN-01,1,1
1700,SPECIAL_LAW_SYN,SYN-03,1,1
1701,IPC_SYN,SYN-01,1,1
1702,SPECIAL_LAW_SYN,SYN-03,1,1
1703,IPC_SYN,SYN-01,1,1
1704,IPC_SYN,SYN-01,1,1
1705,SPECIAL_LAW_SYN,SYN-03,1,1
1706,IPC_SYN,SYN-01,1,1
1707,IPC_SYN,SYN-01,1,1
1708,IPC_SYN,SYN-01,1,1
1709,SPECIAL_LAW_SYN,SYN-03,1,1
1710,IPC_SYN,SYN-01,1,1
1711,IT_ACT_SYN,SYN-02,1,1
1712,IPC_SYN,SYN-01,1,1
1713,IPC_SYN,SYN-01,1,1
1714,IPC_SYN,SYN-01,1,1
1715,IPC_SYN,SYN-01,1,1
1716,IPC_SYN,SYN-01,1,1
1717,SPECIAL_LAW_SYN,SYN-03,1,1
1718,IPC_SYN,SYN-01,1,1
1719,IPC_SYN,SYN-01,1,1
1720,IPC_SYN,SYN-01,1,1
1721,SPECIAL_LAW_SYN,SYN-03,1,1
1722,SPECIAL_LAW_SYN,SYN-03,1,1
1723,IPC_SYN,SYN-01,1,1
1724,IPC_SYN,SYN-01,1,1
1725,IPC_SYN,SYN-01,1,1
1726,IPC_SYN,SYN-01,1,1
1727,IPC_SYN,SYN-01,1,1
1728,IPC_SYN,SYN-01,1,1
1729,IPC_SYN,SYN-01,1,1
1730,IPC_SYN,SYN-01,1,1
1731,IT_ACT_SYN,SYN-02,1,1
1732,IPC_SYN,SYN-01,1,1
1733,IPC_SYN,SYN-01,1,1
1734,IPC_SYN,SYN-01,1,1
1735,SPECIAL_LAW_SYN,SYN-03,1,1
1736,IPC_SYN,SYN-01,1,1
1737,SPECIAL_LAW_SYN,SYN-03,1,1
1738,IPC_SYN,SYN-01,1,1
1739,SPECIAL_LAW_SYN,SYN-03,1,1
1740,IPC_SYN,SYN-01,1,1
1741,IPC_SYN,SYN-01,1,1
1742,SPECIAL_LAW_SYN,SYN-03,1,1
1743,IPC_SYN,SYN-01,1,1
1744,IPC_SYN,SYN-01,1,1
1745,IPC_SYN,SYN-01,1,1
1746,SPECIAL_LAW_SYN,SYN-03,1,1
1747,IT_ACT_SYN,SYN-02,1,1
1748,SPECIAL_LAW_SYN,SYN-03,1,1
1749,SPECIAL_LAW_SYN,SYN-03,1,1
1750,IPC_SYN,SYN-01,1,1
1751,IPC_SYN,SYN-01,1,1
1752,IPC_SYN,SYN-01,1,1
1753,IPC_SYN,SYN-01,1,1
1754,SPECIAL_LAW_SYN,SYN-03,1,1
1755,IPC_SYN,SYN-01,1,1
1756,IPC_SYN,SYN-01,1,1
1757,IPC_SYN,SYN-01,1,1
1758,IPC_SYN,SYN-01,1,1
1759,IPC_SYN,SYN-01,1,1
1760,IT_ACT_SYN,SYN-02,1,1
1761,IPC_SYN,SYN-01,1,1
1762,IPC_SYN,SYN-01,1,1
1763,SPECIAL_LAW_SYN,SYN-03,1,1
1764,IPC_SYN,SYN-01,1,1
1765,IPC_SYN,SYN-01,1,1
1766,IT_ACT_SYN,SYN-02,1,1
1767,SPECIAL_LAW_SYN,SYN-03,1,1
1768,IT_ACT_SYN,SYN-02,1,1
1769,IPC_SYN,SYN-01,1,1
1770,IPC_SYN,SYN-01,1,1
1771,SPECIAL_LAW_SYN,SYN-03,1,1
1772,SPECIAL_LAW_SYN,SYN-03,1,1
1773,SPECIAL_LAW_SYN,SYN-03,1,1
1774,SPECIAL_LAW_SYN,SYN-03,1,1
1775,IPC_SYN,SYN-01,1,1
1776,IPC_SYN,SYN-01,1,1
1777,IPC_SYN,SYN-01,1,1
1778,IT_ACT_SYN,SYN-02,1,1
1779,IPC_SYN,SYN-01,1,1
1780,IPC_SYN,SYN-01,1,1
1781,IPC_SYN,SYN-01,1,1
1782,IPC_SYN,SYN-01,1,1
1783,IPC_SYN,SYN-01,1,1
1784,SPECIAL_LAW_SYN,SYN-03,1,1
1785,SPECIAL_LAW_SYN,SYN-03,1,1
1786,IPC_SYN,SYN-01,1,1
1787,SPECIAL_LAW_SYN,SYN-03,1,1
1788,IT_ACT_SYN,SYN-02,1,1
1789,SPECIAL_LAW_SYN,SYN-03,1,1
1790,IPC_SYN,SYN-01,1,1
1791,IPC_SYN,SYN-01,1,1
1792,IPC_SYN,SYN-01,1,1
1793,IPC_SYN,SYN-01,1,1
1794,SPECIAL_LAW_SYN,SYN-03,1,1
1795,IPC_SYN,SYN-01,1,1
1796,IPC_SYN,SYN-01,1,1
1797,IT_ACT_SYN,SYN-02,1,1
1798,IPC_SYN,SYN-01,1,1
1799,IT_ACT_SYN,SYN-02,1,1
1800,SPECIAL_LAW_SYN,SYN-03,1,1
1801,IT_ACT_SYN,SYN-02,1,1
1802,IPC_SYN,SYN-01,1,1
1803,IPC_SYN,SYN-01,1,1
1804,IPC_SYN,SYN-01,1,1
1805,IPC_SYN,SYN-01,1,1
1806,IT_ACT_SYN,SYN-02,1,1
1807,SPECIAL_LAW_SYN,SYN-03,1,1
1808,SPECIAL_LAW_SYN,SYN-03,1,1
1809,SPECIAL_LAW_SYN,SYN-03,1,1
1810,IT_ACT_SYN,SYN-02,1,1
1811,IPC_SYN,SYN-01,1,1
1812,IPC_SYN,SYN-01,1,1
1813,IPC_SYN,SYN-01,1,1
1814,IPC_SYN,SYN-01,1,1
1815,IPC_SYN,SYN-01,1,1
1816,IPC_SYN,SYN-01,1,1
1817,SPECIAL_LAW_SYN,SYN-03,1,1
1818,IT_ACT_SYN,SYN-02,1,1
1819,IPC_SYN,SYN-01,1,1
1820,SPECIAL_LAW_SYN,SYN-03,1,1
1821,IT_ACT_SYN,SYN-02,1,1
1822,IPC_SYN,SYN-01,1,1
1823,IPC_SYN,SYN-01,1,1
1824,IPC_SYN,SYN-01,1,1
1825,IPC_SYN,SYN-01,1,1
1826,IPC_SYN,SYN-01,1,1
1827,SPECIAL_LAW_SYN,SYN-03,1,1
1828,SPECIAL_LAW_SYN,SYN-03,1,1
1829,SPECIAL_LAW_SYN,SYN-03,1,1
1830,IT_ACT_SYN,SYN-02,1,1
1831,SPECIAL_LAW_SYN,SYN-03,1,1
1832,IPC_SYN,SYN-01,1,1
1833,IPC_SYN,SYN-01,1,1
1834,IPC_SYN,SYN-01,1,1
1835,IPC_SYN,SYN-01,1,1
1836,IT_ACT_SYN,SYN-02,1,1
1837,IPC_SYN,SYN-01,1,1
1838,IPC_SYN,SYN-01,1,1
1839,IPC_SYN,SYN-01,1,1
1840,IPC_SYN,SYN-01,1,1
1841,IPC_SYN,SYN-01,1,1
1842,IT_ACT_SYN,SYN-02,1,1
1843,IPC_SYN,SYN-01,1,1
1844,IPC_SYN,SYN-01,1,1
1845,IPC_SYN,SYN-01,1,1
1846,IPC_SYN,SYN-01,1,1
1847,IPC_SYN,SYN-01,1,1
1848,IPC_SYN,SYN-01,1,1
1849,SPECIAL_LAW_SYN,SYN-03,1,1
1850,IPC_SYN,SYN-01,1,1
1851,IPC_SYN,SYN-01,1,1
1852,IPC_SYN,SYN-01,1,1
1853,IPC_SYN,SYN-01,1,1
1854,IPC_SYN,SYN-01,1,1
1855,SPECIAL_LAW_SYN,SYN-03,1,1
1856,IPC_SYN,SYN-01,1,1
1857,IPC_SYN,SYN-01,1,1
1858,IPC_SYN,SYN-01,1,1
1859,IPC_SYN,SYN-01,1,1
1860,SPECIAL_LAW_SYN,SYN-03,1,1
1861,IPC_SYN,SYN-01,1,1
1862,IPC_SYN,SYN-01,1,1
1863,SPECIAL_LAW_SYN,SYN-03,1,1
1864,SPECIAL_LAW_SYN,SYN-03,1,1
1865,IPC_SYN,SYN-01,1,1
1866,IPC_SYN,SYN-01,1,1
1867,IPC_SYN,SYN-01,1,1
1868,SPECIAL_LAW_SYN,SYN-03,1,1
1869,IPC_SYN,SYN-01,1,1
1870,SPECIAL_LAW_SYN,SYN-03,1,1
1871,IPC_SYN,SYN-01,1,1
1872,SPECIAL_LAW_SYN,SYN-03,1,1
1873,IPC_SYN,SYN-01,1,1
1874,SPECIAL_LAW_SYN,SYN-03,1,1
1875,IT_ACT_SYN,SYN-02,1,1
1876,IPC_SYN,SYN-01,1,1
1877,IPC_SYN,SYN-01,1,1
1878,SPECIAL_LAW_SYN,SYN-03,1,1
1879,SPECIAL_LAW_SYN,SYN-03,1,1
1880,IPC_SYN,SYN-01,1,1
1881,IPC_SYN,SYN-01,1,1
1882,SPECIAL_LAW_SYN,SYN-03,1,1
1883,IT_ACT_SYN,SYN-02,1,1
1884,IPC_SYN,SYN-01,1,1
1885,IPC_SYN,SYN-01,1,1
1886,SPECIAL_LAW_SYN,SYN-03,1,1
1887,IPC_SYN,SYN-01,1,1
1888,IPC_SYN,SYN-01,1,1
1889,SPECIAL_LAW_SYN,SYN-03,1,1
1890,SPECIAL_LAW_SYN,SYN-03,1,1
1891,IPC_SYN,SYN-01,1,1
1892,IPC_SYN,SYN-01,1,1
1893,IPC_SYN,SYN-01,1,1
1894,IPC_SYN,SYN-01,1,1
1895,IPC_SYN,SYN-01,1,1
1896,SPECIAL_LAW_SYN,SYN-03,1,1
1897,SPECIAL_LAW_SYN,SYN-03,1,1
1898,IPC_SYN,SYN-01,1,1
1899,IPC_SYN,SYN-01,1,1
1900,IPC_SYN,SYN-01,1,1
1901,IT_ACT_SYN,SYN-02,1,1
1902,IPC_SYN,SYN-01,1,1
1903,IPC_SYN,SYN-01,1,1
1904,IPC_SYN,SYN-01,1,1
1905,IPC_SYN,SYN-01,1,1
1906,IPC_SYN,SYN-01,1,1
1907,SPECIAL_LAW_SYN,SYN-03,1,1
1908,SPECIAL_LAW_SYN,SYN-03,1,1
1909,IPC_SYN,SYN-01,1,1
1910,SPECIAL_LAW_SYN,SYN-03,1,1
1911,SPECIAL_LAW_SYN,SYN-03,1,1
1912,IT_ACT_SYN,SYN-02,1,1
1913,IT_ACT_SYN,SYN-02,1,1
1914,IPC_SYN,SYN-01,1,1
1915,SPECIAL_LAW_SYN,SYN-03,1,1
1916,IPC_SYN,SYN-01,1,1
1917,SPECIAL_LAW_SYN,SYN-03,1,1
1918,IPC_SYN,SYN-01,1,1
1919,IPC_SYN,SYN-01,1,1
1920,IPC_SYN,SYN-01,1,1
1921,IPC_SYN,SYN-01,1,1
1922,SPECIAL_LAW_SYN,SYN-03,1,1
1923,IT_ACT_SYN,SYN-02,1,1
1924,IPC_SYN,SYN-01,1,1
1925,IPC_SYN,SYN-01,1,1
1926,SPECIAL_LAW_SYN,SYN-03,1,1
1927,IPC_SYN,SYN-01,1,1
1928,SPECIAL_LAW_SYN,SYN-03,1,1
1929,SPECIAL_LAW_SYN,SYN-03,1,1
1930,IPC_SYN,SYN-01,1,1
1931,SPECIAL_LAW_SYN,SYN-03,1,1
1932,SPECIAL_LAW_SYN,SYN-03,1,1
1933,IPC_SYN,SYN-01,1,1
1934,IPC_SYN,SYN-01,1,1
1935,IPC_SYN,SYN-01,1,1
1936,SPECIAL_LAW_SYN,SYN-03,1,1
1937,IPC_SYN,SYN-01,1,1
1938,IPC_SYN,SYN-01,1,1
1939,IT_ACT_SYN,SYN-02,1,1
1940,IPC_SYN,SYN-01,1,1
1941,IPC_SYN,SYN-01,1,1
1942,IPC_SYN,SYN-01,1,1
1943,IPC_SYN,SYN-01,1,1
1944,SPECIAL_LAW_SYN,SYN-03,1,1
1945,SPECIAL_LAW_SYN,SYN-03,1,1
1946,SPECIAL_LAW_SYN,SYN-03,1,1
1947,IPC_SYN,SYN-01,1,1
1948,IT_ACT_SYN,SYN-02,1,1
1949,IPC_SYN,SYN-01,1,1
1950,IPC_SYN,SYN-01,1,1
1951,IT_ACT_SYN,SYN-02,1,1
1952,IPC_SYN,SYN-01,1,1
1953,IPC_SYN,SYN-01,1,1
1954,SPECIAL_LAW_SYN,SYN-03,1,1
1955,SPECIAL_LAW_SYN,SYN-03,1,1
1956,IPC_SYN,SYN-01,1,1
1957,IPC_SYN,SYN-01,1,1
1958,SPECIAL_LAW_SYN,SYN-03,1,1
1959,IPC_SYN,SYN-01,1,1
1960,IPC_SYN,SYN-01,1,1
1961,SPECIAL_LAW_SYN,SYN-03,1,1
1962,IPC_SYN,SYN-01,1,1
1963,IPC_SYN,SYN-01,1,1
1964,IPC_SYN,SYN-01,1,1
1965,SPECIAL_LAW_SYN,SYN-03,1,1
1966,SPECIAL_LAW_SYN,SYN-03,1,1
1967,SPECIAL_LAW_SYN,SYN-03,1,1
1968,IPC_SYN,SYN-01,1,1
1969,IT_ACT_SYN,SYN-02,1,1
1970,SPECIAL_LAW_SYN,SYN-03,1,1
1971,SPECIAL_LAW_SYN,SYN-03,1,1
1972,IPC_SYN,SYN-01,1,1
1973,SPECIAL_LAW_SYN,SYN-03,1,1
1974,SPECIAL_LAW_SYN,SYN-03,1,1
1975,IPC_SYN,SYN-01,1,1
1976,SPECIAL_LAW_SYN,SYN-03,1,1
1977,SPECIAL_LAW_SYN,SYN-03,1,1
1978,IPC_SYN,SYN-01,1,1
1979,IPC_SYN,SYN-01,1,1
1980,IT_ACT_SYN,SYN-02,1,1
1981,SPECIAL_LAW_SYN,SYN-03,1,1
1982,SPECIAL_LAW_SYN,SYN-03,1,1
1983,SPECIAL_LAW_SYN,SYN-03,1,1
1984,SPECIAL_LAW_SYN,SYN-03,1,1
1985,IPC_SYN,SYN-01,1,1
1986,IPC_SYN,SYN-01,1,1
1987,IPC_SYN,SYN-01,1,1
1988,IPC_SYN,SYN-01,1,1
1989,IPC_SYN,SYN-01,1,1
1990,SPECIAL_LAW_SYN,SYN-03,1,1
1991,SPECIAL_LAW_SYN,SYN-03,1,1
1992,IPC_SYN,SYN-01,1,1
1993,IPC_SYN,SYN-01,1,1
1994,IPC_SYN,SYN-01,1,1
1995,IPC_SYN,SYN-01,1,1
1996,IPC_SYN,SYN-01,1,1
1997,IPC_SYN,SYN-01,1,1
1998,SPECIAL_LAW_SYN,SYN-03,1,1
1999,SPECIAL_LAW_SYN,SYN-03,1,1
2000,IPC_SYN,SYN-01,1,1
2001,IPC_SYN,SYN-01,1,1
2002,IPC_SYN,SYN-01,1,1
2003,IPC_SYN,SYN-01,1,1
2004,IPC_SYN,SYN-01,1,1
2005,SPECIAL_LAW_SYN,SYN-03,1,1
2006,IPC_SYN,SYN-01,1,1
2007,IPC_SYN,SYN-01,1,1
2008,IPC_SYN,SYN-01,1,1
2009,SPECIAL_LAW_SYN,SYN-03,1,1
2010,IPC_SYN,SYN-01,1,1
2011,IPC_SYN,SYN-01,1,1
2012,IPC_SYN,SYN-01,1,1
2013,IPC_SYN,SYN-01,1,1
2014,IPC_SYN,SYN-01,1,1
2015,IPC_SYN,SYN-01,1,1
2016,IPC_SYN,SYN-01,1,1
2017,IPC_SYN,SYN-01,1,1
2018,IPC_SYN,SYN-01,1,1
2019,IT_ACT_SYN,SYN-02,1,1
2020,SPECIAL_LAW_SYN,SYN-03,1,1
2021,IT_ACT_SYN,SYN-02,1,1
2022,SPECIAL_LAW_SYN,SYN-03,1,1
2023,IPC_SYN,SYN-01,1,1
2024,IPC_SYN,SYN-01,1,1
2025,IPC_SYN,SYN-01,1,1
2026,IPC_SYN,SYN-01,1,1
2027,SPECIAL_LAW_SYN,SYN-03,1,1
2028,IT_ACT_SYN,SYN-02,1,1
2029,IPC_SYN,SYN-01,1,1
2030,IPC_SYN,SYN-01,1,1
2031,SPECIAL_LAW_SYN,SYN-03,1,1
2032,IPC_SYN,SYN-01,1,1
2033,SPECIAL_LAW_SYN,SYN-03,1,1
2034,IPC_SYN,SYN-01,1,1
2035,IPC_SYN,SYN-01,1,1
2036,SPECIAL_LAW_SYN,SYN-03,1,1
2037,IT_ACT_SYN,SYN-02,1,1
2038,IT_ACT_SYN,SYN-02,1,1
2039,IPC_SYN,SYN-01,1,1
2040,IPC_SYN,SYN-01,1,1
2041,IPC_SYN,SYN-01,1,1
2042,IPC_SYN,SYN-01,1,1
2043,IPC_SYN,SYN-01,1,1
2044,IPC_SYN,SYN-01,1,1
2045,IPC_SYN,SYN-01,1,1
2046,IT_ACT_SYN,SYN-02,1,1
2047,IPC_SYN,SYN-01,1,1
2048,SPECIAL_LAW_SYN,SYN-03,1,1
2049,IT_ACT_SYN,SYN-02,1,1
2050,IT_ACT_SYN,SYN-02,1,1
2051,SPECIAL_LAW_SYN,SYN-03,1,1
2052,SPECIAL_LAW_SYN,SYN-03,1,1
2053,IPC_SYN,SYN-01,1,1
2054,IPC_SYN,SYN-01,1,1
2055,IPC_SYN,SYN-01,1,1
2056,SPECIAL_LAW_SYN,SYN-03,1,1
2057,IPC_SYN,SYN-01,1,1
2058,SPECIAL_LAW_SYN,SYN-03,1,1
2059,IT_ACT_SYN,SYN-02,1,1
2060,IPC_SYN,SYN-01,1,1
2061,SPECIAL_LAW_SYN,SYN-03,1,1
2062,SPECIAL_LAW_SYN,SYN-03,1,1
2063,IPC_SYN,SYN-01,1,1
2064,IPC_SYN,SYN-01,1,1
2065,IPC_SYN,SYN-01,1,1
2066,IPC_SYN,SYN-01,1,1
2067,IPC_SYN,SYN-01,1,1
2068,SPECIAL_LAW_SYN,SYN-03,1,1
2069,SPECIAL_LAW_SYN,SYN-03,1,1
2070,IPC_SYN,SYN-01,1,1
2071,IT_ACT_SYN,SYN-02,1,1
2072,IPC_SYN,SYN-01,1,1
2073,IPC_SYN,SYN-01,1,1
2074,SPECIAL_LAW_SYN,SYN-03,1,1
2075,IPC_SYN,SYN-01,1,1
2076,IPC_SYN,SYN-01,1,1
2077,IPC_SYN,SYN-01,1,1
2078,IPC_SYN,SYN-01,1,1
2079,IPC_SYN,SYN-01,1,1
2080,SPECIAL_LAW_SYN,SYN-03,1,1
2081,IPC_SYN,SYN-01,1,1
2082,IPC_SYN,SYN-01,1,1
2083,SPECIAL_LAW_SYN,SYN-03,1,1
2084,IPC_SYN,SYN-01,1,1
2085,IPC_SYN,SYN-01,1,1
2086,IPC_SYN,SYN-01,1,1
2087,IPC_SYN,SYN-01,1,1
2088,SPECIAL_LAW_SYN,SYN-03,1,1
2089,IPC_SYN,SYN-01,1,1
2090,SPECIAL_LAW_SYN,SYN-03,1,1
2091,SPECIAL_LAW_SYN,SYN-03,1,1
2092,IPC_SYN,SYN-01,1,1
2093,IPC_SYN,SYN-01,1,1
2094,IPC_SYN,SYN-01,1,1
2095,SPECIAL_LAW_SYN,SYN-03,1,1
2096,SPECIAL_LAW_SYN,SYN-03,1,1
2097,IPC_SYN,SYN-01,1,1
2098,IPC_SYN,SYN-01,1,1
2099,SPECIAL_LAW_SYN,SYN-03,1,1
2100,IPC_SYN,SYN-01,1,1
2101,IPC_SYN,SYN-01,1,1
2102,SPECIAL_LAW_SYN,SYN-03,1,1
2103,SPECIAL_LAW_SYN,SYN-03,1,1
2104,SPECIAL_LAW_SYN,SYN-03,1,1
2105,IPC_SYN,SYN-01,1,1
2106,SPECIAL_LAW_SYN,SYN-03,1,1
2107,SPECIAL_LAW_SYN,SYN-03,1,1
2108,IPC_SYN,SYN-01,1,1
2109,IPC_SYN,SYN-01,1,1
2110,SPECIAL_LAW_SYN,SYN-03,1,1
2111,IPC_SYN,SYN-01,1,1
2112,IPC_SYN,SYN-01,1,1
2113,IPC_SYN,SYN-01,1,1
2114,SPECIAL_LAW_SYN,SYN-03,1,1
2115,IPC_SYN,SYN-01,1,1
2116,IPC_SYN,SYN-01,1,1
2117,IPC_SYN,SYN-01,1,1
2118,IPC_SYN,SYN-01,1,1
2119,IPC_SYN,SYN-01,1,1
2120,IPC_SYN,SYN-01,1,1
2121,SPECIAL_LAW_SYN,SYN-03,1,1
2122,IPC_SYN,SYN-01,1,1
2123,IPC_SYN,SYN-01,1,1
2124,IPC_SYN,SYN-01,1,1
2125,IPC_SYN,SYN-01,1,1
2126,IPC_SYN,SYN-01,1,1
2127,IPC_SYN,SYN-01,1,1
2128,SPECIAL_LAW_SYN,SYN-03,1,1
2129,IT_ACT_SYN,SYN-02,1,1
2130,IT_ACT_SYN,SYN-02,1,1
2131,IPC_SYN,SYN-01,1,1
2132,IT_ACT_SYN,SYN-02,1,1
2133,IPC_SYN,SYN-01,1,1
2134,IPC_SYN,SYN-01,1,1
2135,IPC_SYN,SYN-01,1,1
2136,IPC_SYN,SYN-01,1,1
2137,IPC_SYN,SYN-01,1,1
2138,IPC_SYN,SYN-01,1,1
2139,SPECIAL_LAW_SYN,SYN-03,1,1
2140,SPECIAL_LAW_SYN,SYN-03,1,1
2141,SPECIAL_LAW_SYN,SYN-03,1,1
2142,IT_ACT_SYN,SYN-02,1,1
2143,IPC_SYN,SYN-01,1,1
2144,IPC_SYN,SYN-01,1,1
2145,IPC_SYN,SYN-01,1,1
2146,SPECIAL_LAW_SYN,SYN-03,1,1
2147,IPC_SYN,SYN-01,1,1
2148,SPECIAL_LAW_SYN,SYN-03,1,1
2149,IPC_SYN,SYN-01,1,1
2150,IT_ACT_SYN,SYN-02,1,1
2151,IPC_SYN,SYN-01,1,1
2152,SPECIAL_LAW_SYN,SYN-03,1,1
2153,IPC_SYN,SYN-01,1,1
2154,IPC_SYN,SYN-01,1,1
2155,IPC_SYN,SYN-01,1,1
2156,IPC_SYN,SYN-01,1,1
2157,IPC_SYN,SYN-01,1,1
2158,IPC_SYN,SYN-01,1,1
2159,SPECIAL_LAW_SYN,SYN-03,1,1
2160,SPECIAL_LAW_SYN,SYN-03,1,1
2161,IPC_SYN,SYN-01,1,1
2162,IPC_SYN,SYN-01,1,1
2163,SPECIAL_LAW_SYN,SYN-03,1,1
2164,IPC_SYN,SYN-01,1,1
2165,SPECIAL_LAW_SYN,SYN-03,1,1
2166,IPC_SYN,SYN-01,1,1
2167,IPC_SYN,SYN-01,1,1
2168,IPC_SYN,SYN-01,1,1
2169,SPECIAL_LAW_SYN,SYN-03,1,1
2170,IPC_SYN,SYN-01,1,1
2171,IPC_SYN,SYN-01,1,1
2172,IPC_SYN,SYN-01,1,1
2173,IPC_SYN,SYN-01,1,1
2174,IPC_SYN,SYN-01,1,1
2175,IPC_SYN,SYN-01,1,1
2176,SPECIAL_LAW_SYN,SYN-03,1,1
2177,SPECIAL_LAW_SYN,SYN-03,1,1
2178,IPC_SYN,SYN-01,1,1
2179,SPECIAL_LAW_SYN,SYN-03,1,1
2180,SPECIAL_LAW_SYN,SYN-03,1,1
2181,SPECIAL_LAW_SYN,SYN-03,1,1
2182,IPC_SYN,SYN-01,1,1
2183,IPC_SYN,SYN-01,1,1
2184,IPC_SYN,SYN-01,1,1
2185,IPC_SYN,SYN-01,1,1
2186,SPECIAL_LAW_SYN,SYN-03,1,1
2187,IPC_SYN,SYN-01,1,1
2188,IPC_SYN,SYN-01,1,1
2189,SPECIAL_LAW_SYN,SYN-03,1,1
2190,SPECIAL_LAW_SYN,SYN-03,1,1
2191,IPC_SYN,SYN-01,1,1
2192,IT_ACT_SYN,SYN-02,1,1
2193,IPC_SYN,SYN-01,1,1
2194,IT_ACT_SYN,SYN-02,1,1
2195,IPC_SYN,SYN-01,1,1
2196,IPC_SYN,SYN-01,1,1
2197,SPECIAL_LAW_SYN,SYN-03,1,1
2198,IPC_SYN,SYN-01,1,1
2199,IT_ACT_SYN,SYN-02,1,1
2200,IPC_SYN,SYN-01,1,1
2201,IPC_SYN,SYN-01,1,1
2202,IPC_SYN,SYN-01,1,1
2203,SPECIAL_LAW_SYN,SYN-03,1,1
2204,IPC_SYN,SYN-01,1,1
2205,SPECIAL_LAW_SYN,SYN-03,1,1
2206,IPC_SYN,SYN-01,1,1
2207,SPECIAL_LAW_SYN,SYN-03,1,1
2208,IPC_SYN,SYN-01,1,1
2209,IPC_SYN,SYN-01,1,1
2210,SPECIAL_LAW_SYN,SYN-03,1,1
2211,SPECIAL_LAW_SYN,SYN-03,1,1
2212,IPC_SYN,SYN-01,1,1
2213,IPC_SYN,SYN-01,1,1
2214,IPC_SYN,SYN-01,1,1
2215,IPC_SYN,SYN-01,1,1
2216,SPECIAL_LAW_SYN,SYN-03,1,1
2217,IPC_SYN,SYN-01,1,1
2218,IPC_SYN,SYN-01,1,1
2219,IPC_SYN,SYN-01,1,1
2220,SPECIAL_LAW_SYN,SYN-03,1,1
2221,SPECIAL_LAW_SYN,SYN-03,1,1
2222,IPC_SYN,SYN-01,1,1
2223,IPC_SYN,SYN-01,1,1
2224,IPC_SYN,SYN-01,1,1
2225,SPECIAL_LAW_SYN,SYN-03,1,1
2226,IPC_SYN,SYN-01,1,1
2227,SPECIAL_LAW_SYN,SYN-03,1,1
2228,IPC_SYN,SYN-01,1,1
2229,SPECIAL_LAW_SYN,SYN-03,1,1
2230,IT_ACT_SYN,SYN-02,1,1
2231,SPECIAL_LAW_SYN,SYN-03,1,1
2232,IPC_SYN,SYN-01,1,1
2233,IPC_SYN,SYN-01,1,1
2234,IPC_SYN,SYN-01,1,1
2235,IPC_SYN,SYN-01,1,1
2236,SPECIAL_LAW_SYN,SYN-03,1,1
2237,IT_ACT_SYN,SYN-02,1,1
2238,IPC_SYN,SYN-01,1,1
2239,IPC_SYN,SYN-01,1,1
2240,IPC_SYN,SYN-01,1,1
2241,IT_ACT_SYN,SYN-02,1,1
2242,IPC_SYN,SYN-01,1,1
2243,IPC_SYN,SYN-01,1,1
2244,IPC_SYN,SYN-01,1,1
2245,IPC_SYN,SYN-01,1,1
2246,IPC_SYN,SYN-01,1,1
2247,IPC_SYN,SYN-01,1,1
2248,IPC_SYN,SYN-01,1,1
2249,IPC_SYN,SYN-01,1,1
2250,IPC_SYN,SYN-01,1,1
2251,IPC_SYN,SYN-01,1,1
2252,IPC_SYN,SYN-01,1,1
2253,IPC_SYN,SYN-01,1,1
2254,SPECIAL_LAW_SYN,SYN-03,1,1
2255,SPECIAL_LAW_SYN,SYN-03,1,1
2256,IPC_SYN,SYN-01,1,1
2257,IT_ACT_SYN,SYN-02,1,1
2258,SPECIAL_LAW_SYN,SYN-03,1,1
2259,IT_ACT_SYN,SYN-02,1,1
2260,SPECIAL_LAW_SYN,SYN-03,1,1
2261,IPC_SYN,SYN-01,1,1
2262,SPECIAL_LAW_SYN,SYN-03,1,1
2263,IPC_SYN,SYN-01,1,1
2264,IPC_SYN,SYN-01,1,1
2265,SPECIAL_LAW_SYN,SYN-03,1,1
2266,IPC_SYN,SYN-01,1,1
2267,IPC_SYN,SYN-01,1,1
2268,IPC_SYN,SYN-01,1,1
2269,IPC_SYN,SYN-01,1,1
2270,IPC_SYN,SYN-01,1,1
2271,IPC_SYN,SYN-01,1,1
2272,SPECIAL_LAW_SYN,SYN-03,1,1
2273,IT_ACT_SYN,SYN-02,1,1
2274,SPECIAL_LAW_SYN,SYN-03,1,1
2275,IPC_SYN,SYN-01,1,1
2276,IPC_SYN,SYN-01,1,1
2277,IT_ACT_SYN,SYN-02,1,1
2278,IPC_SYN,SYN-01,1,1
2279,SPECIAL_LAW_SYN,SYN-03,1,1
2280,IT_ACT_SYN,SYN-02,1,1
2281,IT_ACT_SYN,SYN-02,1,1
2282,IT_ACT_SYN,SYN-02,1,1
2283,IPC_SYN,SYN-01,1,1
2284,IPC_SYN,SYN-01,1,1
2285,IPC_SYN,SYN-01,1,1
2286,IPC_SYN,SYN-01,1,1
2287,IT_ACT_SYN,SYN-02,1,1
2288,IPC_SYN,SYN-01,1,1
2289,SPECIAL_LAW_SYN,SYN-03,1,1
2290,IPC_SYN,SYN-01,1,1
2291,IPC_SYN,SYN-01,1,1
2292,IPC_SYN,SYN-01,1,1
2293,IPC_SYN,SYN-01,1,1
2294,SPECIAL_LAW_SYN,SYN-03,1,1
2295,IT_ACT_SYN,SYN-02,1,1
2296,IPC_SYN,SYN-01,1,1
2297,IT_ACT_SYN,SYN-02,1,1
2298,IPC_SYN,SYN-01,1,1
2299,IPC_SYN,SYN-01,1,1
2300,IPC_SYN,SYN-01,1,1
2301,IT_ACT_SYN,SYN-02,1,1
2302,IPC_SYN,SYN-01,1,1
2303,SPECIAL_LAW_SYN,SYN-03,1,1
2304,IPC_SYN,SYN-01,1,1
2305,IPC_SYN,SYN-01,1,1
2306,SPECIAL_LAW_SYN,SYN-03,1,1
2307,IT_ACT_SYN,SYN-02,1,1
2308,IPC_SYN,SYN-01,1,1
2309,IPC_SYN,SYN-01,1,1
2310,IPC_SYN,SYN-01,1,1
2311,SPECIAL_LAW_SYN,SYN-03,1,1
2312,SPECIAL_LAW_SYN,SYN-03,1,1
2313,IPC_SYN,SYN-01,1,1
2314,IPC_SYN,SYN-01,1,1
2315,IT_ACT_SYN,SYN-02,1,1
2316,IPC_SYN,SYN-01,1,1
2317,SPECIAL_LAW_SYN,SYN-03,1,1
2318,SPECIAL_LAW_SYN,SYN-03,1,1
2319,IT_ACT_SYN,SYN-02,1,1
2320,IPC_SYN,SYN-01,1,1
2321,IPC_SYN,SYN-01,1,1
2322,IPC_SYN,SYN-01,1,1
2323,SPECIAL_LAW_SYN,SYN-03,1,1
2324,IPC_SYN,SYN-01,1,1
2325,IPC_SYN,SYN-01,1,1
2326,IPC_SYN,SYN-01,1,1
2327,SPECIAL_LAW_SYN,SYN-03,1,1
2328,IPC_SYN,SYN-01,1,1
2329,SPECIAL_LAW_SYN,SYN-03,1,1
2330,SPECIAL_LAW_SYN,SYN-03,1,1
2331,IPC_SYN,SYN-01,1,1
2332,IPC_SYN,SYN-01,1,1
2333,IPC_SYN,SYN-01,1,1
2334,IPC_SYN,SYN-01,1,1
2335,SPECIAL_LAW_SYN,SYN-03,1,1
2336,SPECIAL_LAW_SYN,SYN-03,1,1
2337,IPC_SYN,SYN-01,1,1
2338,IPC_SYN,SYN-01,1,1
2339,IPC_SYN,SYN-01,1,1
2340,IPC_SYN,SYN-01,1,1
2341,IT_ACT_SYN,SYN-02,1,1
2342,IPC_SYN,SYN-01,1,1
2343,IT_ACT_SYN,SYN-02,1,1
2344,IPC_SYN,SYN-01,1,1
2345,SPECIAL_LAW_SYN,SYN-03,1,1
2346,SPECIAL_LAW_SYN,SYN-03,1,1
2347,IPC_SYN,SYN-01,1,1
2348,IPC_SYN,SYN-01,1,1
2349,IPC_SYN,SYN-01,1,1
2350,IPC_SYN,SYN-01,1,1
2351,IPC_SYN,SYN-01,1,1
2352,IT_ACT_SYN,SYN-02,1,1
2353,IT_ACT_SYN,SYN-02,1,1
2354,IPC_SYN,SYN-01,1,1
2355,SPECIAL_LAW_SYN,SYN-03,1,1
2356,IPC_SYN,SYN-01,1,1
2357,IT_ACT_SYN,SYN-02,1,1
2358,IPC_SYN,SYN-01,1,1
2359,IPC_SYN,SYN-01,1,1
2360,IPC_SYN,SYN-01,1,1
2361,IPC_SYN,SYN-01,1,1
2362,IPC_SYN,SYN-01,1,1
2363,IPC_SYN,SYN-01,1,1
2364,IT_ACT_SYN,SYN-02,1,1
2365,IPC_SYN,SYN-01,1,1
2366,SPECIAL_LAW_SYN,SYN-03,1,1
2367,IPC_SYN,SYN-01,1,1
2368,IPC_SYN,SYN-01,1,1
2369,SPECIAL_LAW_SYN,SYN-03,1,1
2370,IT_ACT_SYN,SYN-02,1,1
2371,IPC_SYN,SYN-01,1,1
2372,IPC_SYN,SYN-01,1,1
2373,IPC_SYN,SYN-01,1,1
2374,SPECIAL_LAW_SYN,SYN-03,1,1
2375,IPC_SYN,SYN-01,1,1
2376,IPC_SYN,SYN-01,1,1
2377,SPECIAL_LAW_SYN,SYN-03,1,1
2378,SPECIAL_LAW_SYN,SYN-03,1,1
2379,IPC_SYN,SYN-01,1,1
2380,IPC_SYN,SYN-01,1,1
2381,IPC_SYN,SYN-01,1,1
2382,IPC_SYN,SYN-01,1,1
2383,IT_ACT_SYN,SYN-02,1,1
2384,IPC_SYN,SYN-01,1,1
2385,IPC_SYN,SYN-01,1,1
2386,IPC_SYN,SYN-01,1,1
2387,IPC_SYN,SYN-01,1,1
2388,IPC_SYN,SYN-01,1,1
2389,IPC_SYN,SYN-01,1,1
2390,IT_ACT_SYN,SYN-02,1,1
2391,IPC_SYN,SYN-01,1,1
2392,SPECIAL_LAW_SYN,SYN-03,1,1
2393,IPC_SYN,SYN-01,1,1
2394,SPECIAL_LAW_SYN,SYN-03,1,1
2395,SPECIAL_LAW_SYN,SYN-03,1,1
2396,IPC_SYN,SYN-01,1,1
2397,IPC_SYN,SYN-01,1,1
2398,SPECIAL_LAW_SYN,SYN-03,1,1
2399,IPC_SYN,SYN-01,1,1
2400,IPC_SYN,SYN-01,1,1
2401,IPC_SYN,SYN-01,1,1
2402,IPC_SYN,SYN-01,1,1
2403,SPECIAL_LAW_SYN,SYN-03,1,1
2404,SPECIAL_LAW_SYN,SYN-03,1,1
2405,IPC_SYN,SYN-01,1,1
2406,IPC_SYN,SYN-01,1,1
2407,SPECIAL_LAW_SYN,SYN-03,1,1
2408,SPECIAL_LAW_SYN,SYN-03,1,1
2409,IPC_SYN,SYN-01,1,1
2410,IPC_SYN,SYN-01,1,1
2411,SPECIAL_LAW_SYN,SYN-03,1,1
2412,IPC_SYN,SYN-01,1,1
2413,IPC_SYN,SYN-01,1,1
2414,IT_ACT_SYN,SYN-02,1,1
2415,IT_ACT_SYN,SYN-02,1,1
2416,IPC_SYN,SYN-01,1,1
2417,IPC_SYN,SYN-01,1,1
2418,SPECIAL_LAW_SYN,SYN-03,1,1
2419,IPC_SYN,SYN-01,1,1
2420,IPC_SYN,SYN-01,1,1
2421,SPECIAL_LAW_SYN,SYN-03,1,1
2422,IPC_SYN,SYN-01,1,1
2423,IPC_SYN,SYN-01,1,1
2424,IPC_SYN,SYN-01,1,1
2425,SPECIAL_LAW_SYN,SYN-03,1,1
2426,SPECIAL_LAW_SYN,SYN-03,1,1
2427,IT_ACT_SYN,SYN-02,1,1
2428,SPECIAL_LAW_SYN,SYN-03,1,1
2429,SPECIAL_LAW_SYN,SYN-03,1,1
2430,SPECIAL_LAW_SYN,SYN-03,1,1
2431,IT_ACT_SYN,SYN-02,1,1
2432,IPC_SYN,SYN-01,1,1
2433,IT_ACT_SYN,SYN-02,1,1
2434,SPECIAL_LAW_SYN,SYN-03,1,1
2435,SPECIAL_LAW_SYN,SYN-03,1,1
2436,IPC_SYN,SYN-01,1,1
2437,IPC_SYN,SYN-01,1,1
2438,IPC_SYN,SYN-01,1,1
2439,IPC_SYN,SYN-01,1,1
2440,IPC_SYN,SYN-01,1,1
2441,IT_ACT_SYN,SYN-02,1,1
2442,IPC_SYN,SYN-01,1,1
2443,IPC_SYN,SYN-01,1,1
2444,IT_ACT_SYN,SYN-02,1,1
2445,SPECIAL_LAW_SYN,SYN-03,1,1
2446,IPC_SYN,SYN-01,1,1
2447,IPC_SYN,SYN-01,1,1
2448,SPECIAL_LAW_SYN,SYN-03,1,1
2449,IPC_SYN,SYN-01,1,1
2450,IPC_SYN,SYN-01,1,1
2451,IPC_SYN,SYN-01,1,1
2452,IPC_SYN,SYN-01,1,1
2453,IPC_SYN,SYN-01,1,1
2454,IPC_SYN,SYN-01,1,1
2455,IT_ACT_SYN,SYN-02,1,1
2456,IPC_SYN,SYN-01,1,1
2457,IPC_SYN,SYN-01,1,1
2458,IPC_SYN,SYN-01,1,1
2459,IPC_SYN,SYN-01,1,1
2460,SPECIAL_LAW_SYN,SYN-03,1,1
2461,IPC_SYN,SYN-01,1,1
2462,IPC_SYN,SYN-01,1,1
2463,IPC_SYN,SYN-01,1,1
2464,IPC_SYN,SYN-01,1,1
2465,IPC_SYN,SYN-01,1,1
2466,IPC_SYN,SYN-01,1,1
2467,IT_ACT_SYN,SYN-02,1,1
2468,IPC_SYN,SYN-01,1,1
2469,IPC_SYN,SYN-01,1,1
2470,IT_ACT_SYN,SYN-02,1,1
2471,IPC_SYN,SYN-01,1,1
2472,IT_ACT_SYN,SYN-02,1,1
2473,SPECIAL_LAW_SYN,SYN-03,1,1
2474,IPC_SYN,SYN-01,1,1
2475,IPC_SYN,SYN-01,1,1
2476,IPC_SYN,SYN-01,1,1
2477,IPC_SYN,SYN-01,1,1
2478,IPC_SYN,SYN-01,1,1
2479,IPC_SYN,SYN-01,1,1
2480,IPC_SYN,SYN-01,1,1
2481,IPC_SYN,SYN-01,1,1
2482,SPECIAL_LAW_SYN,SYN-03,1,1
2483,IPC_SYN,SYN-01,1,1
2484,IPC_SYN,SYN-01,1,1
2485,IPC_SYN,SYN-01,1,1
2486,IPC_SYN,SYN-01,1,1
2487,SPECIAL_LAW_SYN,SYN-03,1,1
2488,IPC_SYN,SYN-01,1,1
2489,SPECIAL_LAW_SYN,SYN-03,1,1
2490,IPC_SYN,SYN-01,1,1
2491,SPECIAL_LAW_SYN,SYN-03,1,1
2492,IPC_SYN,SYN-01,1,1
2493,IT_ACT_SYN,SYN-02,1,1
2494,IPC_SYN,SYN-01,1,1
2495,IPC_SYN,SYN-01,1,1
2496,IPC_SYN,SYN-01,1,1
2497,SPECIAL_LAW_SYN,SYN-03,1,1
2498,IPC_SYN,SYN-01,1,1
2499,IPC_SYN,SYN-01,1,1
2500,SPECIAL_LAW_SYN,SYN-03,1,1
2501,SPECIAL_LAW_SYN,SYN-03,1,1
2502,IT_ACT_SYN,SYN-02,1,1
2503,SPECIAL_LAW_SYN,SYN-03,1,1
2504,IPC_SYN,SYN-01,1,1
2505,SPECIAL_LAW_SYN,SYN-03,1,1
2506,IT_ACT_SYN,SYN-02,1,1
2507,IPC_SYN,SYN-01,1,1
2508,IPC_SYN,SYN-01,1,1
2509,IT_ACT_SYN,SYN-02,1,1
2510,IPC_SYN,SYN-01,1,1
2511,IPC_SYN,SYN-01,1,1
2512,IT_ACT_SYN,SYN-02,1,1
2513,IPC_SYN,SYN-01,1,1
2514,IPC_SYN,SYN-01,1,1
2515,IPC_SYN,SYN-01,1,1
2516,IT_ACT_SYN,SYN-02,1,1
2517,IPC_SYN,SYN-01,1,1
2518,IPC_SYN,SYN-01,1,1
2519,SPECIAL_LAW_SYN,SYN-03,1,1
2520,IPC_SYN,SYN-01,1,1
2521,IPC_SYN,SYN-01,1,1
2522,IPC_SYN,SYN-01,1,1
2523,IPC_SYN,SYN-01,1,1
2524,IPC_SYN,SYN-01,1,1
2525,IPC_SYN,SYN-01,1,1
2526,SPECIAL_LAW_SYN,SYN-03,1,1
2527,IPC_SYN,SYN-01,1,1
2528,IPC_SYN,SYN-01,1,1
2529,SPECIAL_LAW_SYN,SYN-03,1,1
2530,IT_ACT_SYN,SYN-02,1,1
2531,IT_ACT_SYN,SYN-02,1,1
2532,IPC_SYN,SYN-01,1,1
2533,IPC_SYN,SYN-01,1,1
2534,IPC_SYN,SYN-01,1,1
2535,IPC_SYN,SYN-01,1,1
2536,SPECIAL_LAW_SYN,SYN-03,1,1
2537,SPECIAL_LAW_SYN,SYN-03,1,1
2538,IPC_SYN,SYN-01,1,1
2539,IPC_SYN,SYN-01,1,1
2540,IPC_SYN,SYN-01,1,1
2541,IT_ACT_SYN,SYN-02,1,1
2542,IPC_SYN,SYN-01,1,1
2543,SPECIAL_LAW_SYN,SYN-03,1,1
2544,IPC_SYN,SYN-01,1,1
2545,IPC_SYN,SYN-01,1,1
2546,IPC_SYN,SYN-01,1,1
2547,IPC_SYN,SYN-01,1,1
2548,SPECIAL_LAW_SYN,SYN-03,1,1
2549,SPECIAL_LAW_SYN,SYN-03,1,1
2550,IPC_SYN,SYN-01,1,1
2551,IPC_SYN,SYN-01,1,1
2552,IPC_SYN,SYN-01,1,1
2553,IPC_SYN,SYN-01,1,1
2554,IPC_SYN,SYN-01,1,1
2555,IPC_SYN,SYN-01,1,1
2556,IPC_SYN,SYN-01,1,1
2557,IPC_SYN,SYN-01,1,1
2558,IPC_SYN,SYN-01,1,1
2559,IT_ACT_SYN,SYN-02,1,1
2560,SPECIAL_LAW_SYN,SYN-03,1,1
2561,SPECIAL_LAW_SYN,SYN-03,1,1
2562,IPC_SYN,SYN-01,1,1
2563,SPECIAL_LAW_SYN,SYN-03,1,1
2564,IPC_SYN,SYN-01,1,1
2565,SPECIAL_LAW_SYN,SYN-03,1,1
2566,SPECIAL_LAW_SYN,SYN-03,1,1
2567,IPC_SYN,SYN-01,1,1
2568,IPC_SYN,SYN-01,1,1
2569,SPECIAL_LAW_SYN,SYN-03,1,1
2570,SPECIAL_LAW_SYN,SYN-03,1,1
2571,IPC_SYN,SYN-01,1,1
2572,IPC_SYN,SYN-01,1,1
2573,IPC_SYN,SYN-01,1,1
2574,IPC_SYN,SYN-01,1,1
2575,SPECIAL_LAW_SYN,SYN-03,1,1
2576,IPC_SYN,SYN-01,1,1
2577,SPECIAL_LAW_SYN,SYN-03,1,1
2578,IPC_SYN,SYN-01,1,1
2579,SPECIAL_LAW_SYN,SYN-03,1,1
2580,IT_ACT_SYN,SYN-02,1,1
2581,IPC_SYN,SYN-01,1,1
2582,SPECIAL_LAW_SYN,SYN-03,1,1
2583,SPECIAL_LAW_SYN,SYN-03,1,1
2584,IPC_SYN,SYN-01,1,1
2585,IPC_SYN,SYN-01,1,1
2586,SPECIAL_LAW_SYN,SYN-03,1,1
2587,IPC_SYN,SYN-01,1,1
2588,SPECIAL_LAW_SYN,SYN-03,1,1
2589,IPC_SYN,SYN-01,1,1
2590,IPC_SYN,SYN-01,1,1
2591,SPECIAL_LAW_SYN,SYN-03,1,1
2592,IPC_SYN,SYN-01,1,1
2593,IPC_SYN,SYN-01,1,1
2594,IPC_SYN,SYN-01,1,1
2595,IPC_SYN,SYN-01,1,1
2596,SPECIAL_LAW_SYN,SYN-03,1,1
2597,IPC_SYN,SYN-01,1,1
2598,IPC_SYN,SYN-01,1,1
2599,IPC_SYN,SYN-01,1,1
2600,IT_ACT_SYN,SYN-02,1,1
2601,SPECIAL_LAW_SYN,SYN-03,1,1
2602,IPC_SYN,SYN-01,1,1
2603,IPC_SYN,SYN-01,1,1
2604,IPC_SYN,SYN-01,1,1
2605,IPC_SYN,SYN-01,1,1
2606,IPC_SYN,SYN-01,1,1
2607,IPC_SYN,SYN-01,1,1
2608,SPECIAL_LAW_SYN,SYN-03,1,1
2609,IPC_SYN,SYN-01,1,1
2610,IPC_SYN,SYN-01,1,1
2611,IPC_SYN,SYN-01,1,1
2612,IT_ACT_SYN,SYN-02,1,1
2613,IPC_SYN,SYN-01,1,1
2614,SPECIAL_LAW_SYN,SYN-03,1,1
2615,IPC_SYN,SYN-01,1,1
2616,IPC_SYN,SYN-01,1,1
2617,IPC_SYN,SYN-01,1,1
2618,IPC_SYN,SYN-01,1,1
2619,IPC_SYN,SYN-01,1,1
2620,IPC_SYN,SYN-01,1,1
2621,IPC_SYN,SYN-01,1,1
2622,IPC_SYN,SYN-01,1,1
2623,SPECIAL_LAW_SYN,SYN-03,1,1
2624,IPC_SYN,SYN-01,1,1
2625,SPECIAL_LAW_SYN,SYN-03,1,1
2626,IPC_SYN,SYN-01,1,1
2627,IPC_SYN,SYN-01,1,1
2628,SPECIAL_LAW_SYN,SYN-03,1,1
2629,SPECIAL_LAW_SYN,SYN-03,1,1
2630,IT_ACT_SYN,SYN-02,1,1
2631,IPC_SYN,SYN-01,1,1
2632,IPC_SYN,SYN-01,1,1
2633,IPC_SYN,SYN-01,1,1
2634,IPC_SYN,SYN-01,1,1
2635,IPC_SYN,SYN-01,1,1
2636,IT_ACT_SYN,SYN-02,1,1
2637,SPECIAL_LAW_SYN,SYN-03,1,1
2638,IPC_SYN,SYN-01,1,1
2639,IPC_SYN,SYN-01,1,1
2640,IT_ACT_SYN,SYN-02,1,1
2641,IPC_SYN,SYN-01,1,1
2642,IPC_SYN,SYN-01,1,1
2643,IPC_SYN,SYN-01,1,1
2644,SPECIAL_LAW_SYN,SYN-03,1,1
2645,IPC_SYN,SYN-01,1,1
2646,IPC_SYN,SYN-01,1,1
2647,IPC_SYN,SYN-01,1,1
2648,IPC_SYN,SYN-01,1,1
2649,IPC_SYN,SYN-01,1,1
2650,IT_ACT_SYN,SYN-02,1,1
2651,IPC_SYN,SYN-01,1,1
2652,IPC_SYN,SYN-01,1,1
2653,IPC_SYN,SYN-01,1,1
2654,IPC_SYN,SYN-01,1,1
2655,SPECIAL_LAW_SYN,SYN-03,1,1
2656,IPC_SYN,SYN-01,1,1
2657,IT_ACT_SYN,SYN-02,1,1
2658,IPC_SYN,SYN-01,1,1
2659,IPC_SYN,SYN-01,1,1
2660,IPC_SYN,SYN-01,1,1
2661,IPC_SYN,SYN-01,1,1
2662,SPECIAL_LAW_SYN,SYN-03,1,1
2663,IT_ACT_SYN,SYN-02,1,1
2664,IPC_SYN,SYN-01,1,1
2665,IT_ACT_SYN,SYN-02,1,1
2666,IPC_SYN,SYN-01,1,1
2667,IPC_SYN,SYN-01,1,1
2668,IPC_SYN,SYN-01,1,1
2669,SPECIAL_LAW_SYN,SYN-03,1,1
2670,IT_ACT_SYN,SYN-02,1,1
2671,IPC_SYN,SYN-01,1,1
2672,SPECIAL_LAW_SYN,SYN-03,1,1
2673,SPECIAL_LAW_SYN,SYN-03,1,1
2674,SPECIAL_LAW_SYN,SYN-03,1,1
2675,IT_ACT_SYN,SYN-02,1,1
2676,SPECIAL_LAW_SYN,SYN-03,1,1
2677,SPECIAL_LAW_SYN,SYN-03,1,1
2678,IPC_SYN,SYN-01,1,1
2679,IPC_SYN,SYN-01,1,1
2680,IPC_SYN,SYN-01,1,1
2681,IPC_SYN,SYN-01,1,1
2682,IT_ACT_SYN,SYN-02,1,1
2683,SPECIAL_LAW_SYN,SYN-03,1,1
2684,IPC_SYN,SYN-01,1,1
2685,SPECIAL_LAW_SYN,SYN-03,1,1
2686,IPC_SYN,SYN-01,1,1
2687,IT_ACT_SYN,SYN-02,1,1
2688,IPC_SYN,SYN-01,1,1
2689,IPC_SYN,SYN-01,1,1
2690,SPECIAL_LAW_SYN,SYN-03,1,1
2691,SPECIAL_LAW_SYN,SYN-03,1,1
2692,IPC_SYN,SYN-01,1,1
2693,IPC_SYN,SYN-01,1,1
2694,IT_ACT_SYN,SYN-02,1,1
2695,SPECIAL_LAW_SYN,SYN-03,1,1
2696,SPECIAL_LAW_SYN,SYN-03,1,1
2697,IPC_SYN,SYN-01,1,1
2698,IPC_SYN,SYN-01,1,1
2699,IPC_SYN,SYN-01,1,1
2700,IPC_SYN,SYN-01,1,1
2701,SPECIAL_LAW_SYN,SYN-03,1,1
2702,IPC_SYN,SYN-01,1,1
2703,IPC_SYN,SYN-01,1,1
2704,SPECIAL_LAW_SYN,SYN-03,1,1
2705,IT_ACT_SYN,SYN-02,1,1
2706,IPC_SYN,SYN-01,1,1
2707,IPC_SYN,SYN-01,1,1
2708,SPECIAL_LAW_SYN,SYN-03,1,1
2709,IPC_SYN,SYN-01,1,1
2710,IPC_SYN,SYN-01,1,1
2711,IPC_SYN,SYN-01,1,1
2712,IPC_SYN,SYN-01,1,1
2713,IPC_SYN,SYN-01,1,1
2714,IPC_SYN,SYN-01,1,1
2715,IT_ACT_SYN,SYN-02,1,1
2716,IT_ACT_SYN,SYN-02,1,1
2717,IPC_SYN,SYN-01,1,1
2718,IPC_SYN,SYN-01,1,1
2719,IPC_SYN,SYN-01,1,1
2720,IPC_SYN,SYN-01,1,1
2721,IPC_SYN,SYN-01,1,1
2722,SPECIAL_LAW_SYN,SYN-03,1,1
2723,SPECIAL_LAW_SYN,SYN-03,1,1
2724,SPECIAL_LAW_SYN,SYN-03,1,1
2725,IPC_SYN,SYN-01,1,1
2726,SPECIAL_LAW_SYN,SYN-03,1,1
2727,SPECIAL_LAW_SYN,SYN-03,1,1
2728,IPC_SYN,SYN-01,1,1
2729,SPECIAL_LAW_SYN,SYN-03,1,1
2730,IPC_SYN,SYN-01,1,1
2731,IPC_SYN,SYN-01,1,1
2732,IPC_SYN,SYN-01,1,1
2733,IPC_SYN,SYN-01,1,1
2734,IPC_SYN,SYN-01,1,1
2735,SPECIAL_LAW_SYN,SYN-03,1,1
2736,IT_ACT_SYN,SYN-02,1,1
2737,IPC_SYN,SYN-01,1,1
2738,IPC_SYN,SYN-01,1,1
2739,IPC_SYN,SYN-01,1,1
2740,IT_ACT_SYN,SYN-02,1,1
2741,SPECIAL_LAW_SYN,SYN-03,1,1
2742,IPC_SYN,SYN-01,1,1
2743,IPC_SYN,SYN-01,1,1
2744,IPC_SYN,SYN-01,1,1
2745,SPECIAL_LAW_SYN,SYN-03,1,1
2746,IPC_SYN,SYN-01,1,1
2747,IPC_SYN,SYN-01,1,1
2748,IPC_SYN,SYN-01,1,1
2749,IPC_SYN,SYN-01,1,1
2750,IPC_SYN,SYN-01,1,1
2751,IPC_SYN,SYN-01,1,1
2752,IPC_SYN,SYN-01,1,1
2753,IPC_SYN,SYN-01,1,1
2754,IT_ACT_SYN,SYN-02,1,1
2755,SPECIAL_LAW_SYN,SYN-03,1,1
2756,IPC_SYN,SYN-01,1,1
2757,IPC_SYN,SYN-01,1,1
2758,IPC_SYN,SYN-01,1,1
2759,SPECIAL_LAW_SYN,SYN-03,1,1
2760,SPECIAL_LAW_SYN,SYN-03,1,1
2761,IPC_SYN,SYN-01,1,1
2762,IPC_SYN,SYN-01,1,1
2763,IPC_SYN,SYN-01,1,1
2764,SPECIAL_LAW_SYN,SYN-03,1,1
2765,IPC_SYN,SYN-01,1,1
2766,IPC_SYN,SYN-01,1,1
2767,IPC_SYN,SYN-01,1,1
2768,IPC_SYN,SYN-01,1,1
2769,IPC_SYN,SYN-01,1,1
2770,IPC_SYN,SYN-01,1,1
2771,IPC_SYN,SYN-01,1,1
2772,SPECIAL_LAW_SYN,SYN-03,1,1
2773,IT_ACT_SYN,SYN-02,1,1
2774,IPC_SYN,SYN-01,1,1
2775,IPC_SYN,SYN-01,1,1
2776,SPECIAL_LAW_SYN,SYN-03,1,1
2777,IPC_SYN,SYN-01,1,1
2778,SPECIAL_LAW_SYN,SYN-03,1,1
2779,IPC_SYN,SYN-01,1,1
2780,SPECIAL_LAW_SYN,SYN-03,1,1
2781,SPECIAL_LAW_SYN,SYN-03,1,1
2782,IPC_SYN,SYN-01,1,1
2783,SPECIAL_LAW_SYN,SYN-03,1,1
2784,IPC_SYN,SYN-01,1,1
2785,IPC_SYN,SYN-01,1,1
2786,IPC_SYN,SYN-01,1,1
2787,IPC_SYN,SYN-01,1,1
2788,SPECIAL_LAW_SYN,SYN-03,1,1
2789,SPECIAL_LAW_SYN,SYN-03,1,1
2790,SPECIAL_LAW_SYN,SYN-03,1,1
2791,IT_ACT_SYN,SYN-02,1,1
2792,IT_ACT_SYN,SYN-02,1,1
2793,IPC_SYN,SYN-01,1,1
2794,SPECIAL_LAW_SYN,SYN-03,1,1
2795,SPECIAL_LAW_SYN,SYN-03,1,1
2796,IPC_SYN,SYN-01,1,1
2797,IT_ACT_SYN,SYN-02,1,1
2798,IPC_SYN,SYN-01,1,1
2799,IT_ACT_SYN,SYN-02,1,1
2800,IPC_SYN,SYN-01,1,1
2801,SPECIAL_LAW_SYN,SYN-03,1,1
2802,IPC_SYN,SYN-01,1,1
2803,IPC_SYN,SYN-01,1,1
2804,SPECIAL_LAW_SYN,SYN-03,1,1
2805,IPC_SYN,SYN-01,1,1
2806,IPC_SYN,SYN-01,1,1
2807,IPC_SYN,SYN-01,1,1
2808,IT_ACT_SYN,SYN-02,1,1
2809,IPC_SYN,SYN-01,1,1
2810,SPECIAL_LAW_SYN,SYN-03,1,1
2811,IPC_SYN,SYN-01,1,1
2812,SPECIAL_LAW_SYN,SYN-03,1,1
2813,SPECIAL_LAW_SYN,SYN-03,1,1
2814,IPC_SYN,SYN-01,1,1
2815,IPC_SYN,SYN-01,1,1
2816,IPC_SYN,SYN-01,1,1
2817,IPC_SYN,SYN-01,1,1
2818,IPC_SYN,SYN-01,1,1
2819,IPC_SYN,SYN-01,1,1
2820,IPC_SYN,SYN-01,1,1
2821,IPC_SYN,SYN-01,1,1
2822,SPECIAL_LAW_SYN,SYN-03,1,1
2823,IPC_SYN,SYN-01,1,1
2824,IPC_SYN,SYN-01,1,1
2825,IPC_SYN,SYN-01,1,1
2826,IPC_SYN,SYN-01,1,1
2827,IPC_SYN,SYN-01,1,1
2828,IPC_SYN,SYN-01,1,1
2829,SPECIAL_LAW_SYN,SYN-03,1,1
2830,IPC_SYN,SYN-01,1,1
2831,IPC_SYN,SYN-01,1,1
2832,IPC_SYN,SYN-01,1,1
2833,IPC_SYN,SYN-01,1,1
2834,IPC_SYN,SYN-01,1,1
2835,SPECIAL_LAW_SYN,SYN-03,1,1
2836,IT_ACT_SYN,SYN-02,1,1
2837,IPC_SYN,SYN-01,1,1
2838,IPC_SYN,SYN-01,1,1
2839,IPC_SYN,SYN-01,1,1
2840,IPC_SYN,SYN-01,1,1
2841,SPECIAL_LAW_SYN,SYN-03,1,1
2842,IPC_SYN,SYN-01,1,1
2843,IPC_SYN,SYN-01,1,1
2844,IPC_SYN,SYN-01,1,1
2845,IT_ACT_SYN,SYN-02,1,1
2846,IPC_SYN,SYN-01,1,1
2847,SPECIAL_LAW_SYN,SYN-03,1,1
2848,IPC_SYN,SYN-01,1,1
2849,SPECIAL_LAW_SYN,SYN-03,1,1
2850,IPC_SYN,SYN-01,1,1
2851,SPECIAL_LAW_SYN,SYN-03,1,1
2852,SPECIAL_LAW_SYN,SYN-03,1,1
2853,IPC_SYN,SYN-01,1,1
2854,SPECIAL_LAW_SYN,SYN-03,1,1
2855,IT_ACT_SYN,SYN-02,1,1
2856,SPECIAL_LAW_SYN,SYN-03,1,1
2857,IPC_SYN,SYN-01,1,1
2858,IPC_SYN,SYN-01,1,1
2859,IPC_SYN,SYN-01,1,1
2860,IPC_SYN,SYN-01,1,1
2861,IPC_SYN,SYN-01,1,1
2862,SPECIAL_LAW_SYN,SYN-03,1,1
2863,SPECIAL_LAW_SYN,SYN-03,1,1
2864,SPECIAL_LAW_SYN,SYN-03,1,1
2865,IPC_SYN,SYN-01,1,1
2866,IPC_SYN,SYN-01,1,1
2867,IPC_SYN,SYN-01,1,1
2868,IT_ACT_SYN,SYN-02,1,1
2869,SPECIAL_LAW_SYN,SYN-03,1,1
2870,IPC_SYN,SYN-01,1,1
2871,SPECIAL_LAW_SYN,SYN-03,1,1
2872,SPECIAL_LAW_SYN,SYN-03,1,1
2873,IPC_SYN,SYN-01,1,1
2874,IT_ACT_SYN,SYN-02,1,1
2875,IPC_SYN,SYN-01,1,1
2876,IPC_SYN,SYN-01,1,1
2877,IPC_SYN,SYN-01,1,1
2878,IT_ACT_SYN,SYN-02,1,1
2879,IT_ACT_SYN,SYN-02,1,1
2880,SPECIAL_LAW_SYN,SYN-03,1,1
2881,SPECIAL_LAW_SYN,SYN-03,1,1
2882,SPECIAL_LAW_SYN,SYN-03,1,1
2883,IPC_SYN,SYN-01,1,1
2884,SPECIAL_LAW_SYN,SYN-03,1,1
2885,IPC_SYN,SYN-01,1,1
2886,SPECIAL_LAW_SYN,SYN-03,1,1
2887,IPC_SYN,SYN-01,1,1
2888,SPECIAL_LAW_SYN,SYN-03,1,1
2889,IPC_SYN,SYN-01,1,1
2890,IPC_SYN,SYN-01,1,1
2891,IPC_SYN,SYN-01,1,1
2892,IPC_SYN,SYN-01,1,1
2893,IPC_SYN,SYN-01,1,1
2894,IPC_SYN,SYN-01,1,1
2895,SPECIAL_LAW_SYN,SYN-03,1,1
2896,IPC_SYN,SYN-01,1,1
2897,IPC_SYN,SYN-01,1,1
2898,IPC_SYN,SYN-01,1,1
2899,IPC_SYN,SYN-01,1,1
2900,SPECIAL_LAW_SYN,SYN-03,1,1
2901,IPC_SYN,SYN-01,1,1
2902,SPECIAL_LAW_SYN,SYN-03,1,1
2903,IPC_SYN,SYN-01,1,1
2904,IPC_SYN,SYN-01,1,1
2905,SPECIAL_LAW_SYN,SYN-03,1,1
2906,IPC_SYN,SYN-01,1,1
2907,SPECIAL_LAW_SYN,SYN-03,1,1
2908,IPC_SYN,SYN-01,1,1
2909,IPC_SYN,SYN-01,1,1
2910,SPECIAL_LAW_SYN,SYN-03,1,1
2911,IPC_SYN,SYN-01,1,1
2912,IPC_SYN,SYN-01,1,1
2913,IPC_SYN,SYN-01,1,1
2914,IPC_SYN,SYN-01,1,1
2915,IPC_SYN,SYN-01,1,1
2916,IPC_SYN,SYN-01,1,1
2917,SPECIAL_LAW_SYN,SYN-03,1,1
2918,IPC_SYN,SYN-01,1,1
2919,IPC_SYN,SYN-01,1,1
2920,IPC_SYN,SYN-01,1,1
2921,IT_ACT_SYN,SYN-02,1,1
2922,SPECIAL_LAW_SYN,SYN-03,1,1
2923,IPC_SYN,SYN-01,1,1
2924,IPC_SYN,SYN-01,1,1
2925,IPC_SYN,SYN-01,1,1
2926,SPECIAL_LAW_SYN,SYN-03,1,1
2927,IPC_SYN,SYN-01,1,1
2928,IPC_SYN,SYN-01,1,1
2929,IPC_SYN,SYN-01,1,1
2930,IPC_SYN,SYN-01,1,1
2931,SPECIAL_LAW_SYN,SYN-03,1,1
2932,IPC_SYN,SYN-01,1,1
2933,IPC_SYN,SYN-01,1,1
2934,IPC_SYN,SYN-01,1,1
2935,IPC_SYN,SYN-01,1,1
2936,IPC_SYN,SYN-01,1,1
2937,IPC_SYN,SYN-01,1,1
2938,IPC_SYN,SYN-01,1,1
2939,SPECIAL_LAW_SYN,SYN-03,1,1
2940,SPECIAL_LAW_SYN,SYN-03,1,1
2941,SPECIAL_LAW_SYN,SYN-03,1,1
2942,IPC_SYN,SYN-01,1,1
2943,IPC_SYN,SYN-01,1,1
2944,SPECIAL_LAW_SYN,SYN-03,1,1
2945,IPC_SYN,SYN-01,1,1
2946,SPECIAL_LAW_SYN,SYN-03,1,1
2947,SPECIAL_LAW_SYN,SYN-03,1,1
2948,IPC_SYN,SYN-01,1,1
2949,IT_ACT_SYN,SYN-02,1,1
2950,IPC_SYN,SYN-01,1,1
2951,IPC_SYN,SYN-01,1,1
2952,IPC_SYN,SYN-01,1,1
2953,SPECIAL_LAW_SYN,SYN-03,1,1
2954,IPC_SYN,SYN-01,1,1
2955,IPC_SYN,SYN-01,1,1
2956,IPC_SYN,SYN-01,1,1
2957,IPC_SYN,SYN-01,1,1
2958,IPC_SYN,SYN-01,1,1
2959,IPC_SYN,SYN-01,1,1
2960,SPECIAL_LAW_SYN,SYN-03,1,1
2961,SPECIAL_LAW_SYN,SYN-03,1,1
2962,SPECIAL_LAW_SYN,SYN-03,1,1
2963,IPC_SYN,SYN-01,1,1
2964,IPC_SYN,SYN-01,1,1
2965,IPC_SYN,SYN-01,1,1
2966,IPC_SYN,SYN-01,1,1
2967,IPC_SYN,SYN-01,1,1
2968,IPC_SYN,SYN-01,1,1
2969,IPC_SYN,SYN-01,1,1
2970,IPC_SYN,SYN-01,1,1
2971,IPC_SYN,SYN-01,1,1
2972,IPC_SYN,SYN-01,1,1
2973,IPC_SYN,SYN-01,1,1
2974,IPC_SYN,SYN-01,1,1
2975,SPECIAL_LAW_SYN,SYN-03,1,1
2976,IT_ACT_SYN,SYN-02,1,1
2977,IPC_SYN,SYN-01,1,1
2978,SPECIAL_LAW_SYN,SYN-03,1,1
2979,IT_ACT_SYN,SYN-02,1,1
2980,IPC_SYN,SYN-01,1,1
2981,IPC_SYN,SYN-01,1,1
2982,IPC_SYN,SYN-01,1,1
2983,SPECIAL_LAW_SYN,SYN-03,1,1
2984,IPC_SYN,SYN-01,1,1
2985,SPECIAL_LAW_SYN,SYN-03,1,1
2986,IT_ACT_SYN,SYN-02,1,1
2987,IPC_SYN,SYN-01,1,1
2988,IPC_SYN,SYN-01,1,1
2989,SPECIAL_LAW_SYN,SYN-03,1,1
2990,IPC_SYN,SYN-01,1,1
2991,SPECIAL_LAW_SYN,SYN-03,1,1
2992,SPECIAL_LAW_SYN,SYN-03,1,1
2993,SPECIAL_LAW_SYN,SYN-03,1,1
2994,SPECIAL_LAW_SYN,SYN-03,1,1
2995,SPECIAL_LAW_SYN,SYN-03,1,1
2996,SPECIAL_LAW_SYN,SYN-03,1,1
2997,IPC_SYN,SYN-01,1,1
2998,IPC_SYN,SYN-01,1,1
2999,IPC_SYN,SYN-01,1,1
3000,IT_ACT_SYN,SYN-02,1,1
3001,SPECIAL_LAW_SYN,SYN-03,1,1
3002,SPECIAL_LAW_SYN,SYN-03,1,1
3003,IPC_SYN,SYN-01,1,1
3004,SPECIAL_LAW_SYN,SYN-03,1,1
3005,IPC_SYN,SYN-01,1,1
3006,SPECIAL_LAW_SYN,SYN-03,1,1
3007,IPC_SYN,SYN-01,1,1
3008,IPC_SYN,SYN-01,1,1
3009,IT_ACT_SYN,SYN-02,1,1
3010,SPECIAL_LAW_SYN,SYN-03,1,1
3011,SPECIAL_LAW_SYN,SYN-03,1,1
3012,SPECIAL_LAW_SYN,SYN-03,1,1
3013,IPC_SYN,SYN-01,1,1
3014,IPC_SYN,SYN-01,1,1
3015,SPECIAL_LAW_SYN,SYN-03,1,1
3016,IPC_SYN,SYN-01,1,1
3017,IPC_SYN,SYN-01,1,1
3018,IPC_SYN,SYN-01,1,1
3019,IT_ACT_SYN,SYN-02,1,1
3020,IPC_SYN,SYN-01,1,1
3021,SPECIAL_LAW_SYN,SYN-03,1,1
3022,IT_ACT_SYN,SYN-02,1,1
3023,IPC_SYN,SYN-01,1,1
3024,IPC_SYN,SYN-01,1,1
3025,IPC_SYN,SYN-01,1,1
3026,SPECIAL_LAW_SYN,SYN-03,1,1
3027,IT_ACT_SYN,SYN-02,1,1
3028,IPC_SYN,SYN-01,1,1
3029,IPC_SYN,SYN-01,1,1
3030,IT_ACT_SYN,SYN-02,1,1
3031,SPECIAL_LAW_SYN,SYN-03,1,1
3032,IT_ACT_SYN,SYN-02,1,1
3033,SPECIAL_LAW_SYN,SYN-03,1,1
3034,IPC_SYN,SYN-01,1,1
3035,SPECIAL_LAW_SYN,SYN-03,1,1
3036,SPECIAL_LAW_SYN,SYN-03,1,1
3037,SPECIAL_LAW_SYN,SYN-03,1,1
3038,SPECIAL_LAW_SYN,SYN-03,1,1
3039,IT_ACT_SYN,SYN-02,1,1
3040,SPECIAL_LAW_SYN,SYN-03,1,1
3041,IPC_SYN,SYN-01,1,1
3042,IT_ACT_SYN,SYN-02,1,1
3043,IT_ACT_SYN,SYN-02,1,1
3044,IPC_SYN,SYN-01,1,1
3045,SPECIAL_LAW_SYN,SYN-03,1,1
3046,SPECIAL_LAW_SYN,SYN-03,1,1
3047,IPC_SYN,SYN-01,1,1
3048,IPC_SYN,SYN-01,1,1
3049,IPC_SYN,SYN-01,1,1
3050,IPC_SYN,SYN-01,1,1
3051,IT_ACT_SYN,SYN-02,1,1
3052,IT_ACT_SYN,SYN-02,1,1
3053,IPC_SYN,SYN-01,1,1
3054,IPC_SYN,SYN-01,1,1
3055,SPECIAL_LAW_SYN,SYN-03,1,1
3056,IPC_SYN,SYN-01,1,1
3057,IPC_SYN,SYN-01,1,1
3058,IPC_SYN,SYN-01,1,1
3059,IPC_SYN,SYN-01,1,1
3060,SPECIAL_LAW_SYN,SYN-03,1,1
3061,IPC_SYN,SYN-01,1,1
3062,IPC_SYN,SYN-01,1,1
3063,IPC_SYN,SYN-01,1,1
3064,IPC_SYN,SYN-01,1,1
3065,SPECIAL_LAW_SYN,SYN-03,1,1
3066,SPECIAL_LAW_SYN,SYN-03,1,1
3067,IPC_SYN,SYN-01,1,1
3068,IPC_SYN,SYN-01,1,1
3069,IPC_SYN,SYN-01,1,1
3070,IPC_SYN,SYN-01,1,1
3071,IPC_SYN,SYN-01,1,1
3072,IPC_SYN,SYN-01,1,1
3073,IPC_SYN,SYN-01,1,1
3074,IPC_SYN,SYN-01,1,1
3075,IPC_SYN,SYN-01,1,1
3076,IPC_SYN,SYN-01,1,1
3077,IPC_SYN,SYN-01,1,1
3078,SPECIAL_LAW_SYN,SYN-03,1,1
3079,IPC_SYN,SYN-01,1,1
3080,SPECIAL_LAW_SYN,SYN-03,1,1
3081,IPC_SYN,SYN-01,1,1
3082,SPECIAL_LAW_SYN,SYN-03,1,1
3083,IPC_SYN,SYN-01,1,1
3084,IPC_SYN,SYN-01,1,1
3085,IPC_SYN,SYN-01,1,1
3086,IPC_SYN,SYN-01,1,1
3087,IPC_SYN,SYN-01,1,1
3088,IPC_SYN,SYN-01,1,1
3089,IPC_SYN,SYN-01,1,1
3090,SPECIAL_LAW_SYN,SYN-03,1,1
3091,IPC_SYN,SYN-01,1,1
3092,SPECIAL_LAW_SYN,SYN-03,1,1
3093,IPC_SYN,SYN-01,1,1
3094,IPC_SYN,SYN-01,1,1
3095,IPC_SYN,SYN-01,1,1
3096,IPC_SYN,SYN-01,1,1
3097,SPECIAL_LAW_SYN,SYN-03,1,1
3098,IPC_SYN,SYN-01,1,1
3099,IPC_SYN,SYN-01,1,1
3100,IPC_SYN,SYN-01,1,1
3101,IPC_SYN,SYN-01,1,1
3102,IPC_SYN,SYN-01,1,1
3103,SPECIAL_LAW_SYN,SYN-03,1,1
3104,SPECIAL_LAW_SYN,SYN-03,1,1
3105,SPECIAL_LAW_SYN,SYN-03,1,1
3106,IPC_SYN,SYN-01,1,1
3107,IPC_SYN,SYN-01,1,1
3108,IPC_SYN,SYN-01,1,1
3109,SPECIAL_LAW_SYN,SYN-03,1,1
3110,IT_ACT_SYN,SYN-02,1,1
3111,IPC_SYN,SYN-01,1,1
3112,SPECIAL_LAW_SYN,SYN-03,1,1
3113,IPC_SYN,SYN-01,1,1
3114,IPC_SYN,SYN-01,1,1
3115,IPC_SYN,SYN-01,1,1
3116,IPC_SYN,SYN-01,1,1
3117,SPECIAL_LAW_SYN,SYN-03,1,1
3118,IPC_SYN,SYN-01,1,1
3119,IPC_SYN,SYN-01,1,1
3120,IPC_SYN,SYN-01,1,1
3121,SPECIAL_LAW_SYN,SYN-03,1,1
3122,IPC_SYN,SYN-01,1,1
3123,IPC_SYN,SYN-01,1,1
3124,IT_ACT_SYN,SYN-02,1,1
3125,SPECIAL_LAW_SYN,SYN-03,1,1
3126,IT_ACT_SYN,SYN-02,1,1
3127,IPC_SYN,SYN-01,1,1
3128,SPECIAL_LAW_SYN,SYN-03,1,1
3129,IPC_SYN,SYN-01,1,1
3130,IPC_SYN,SYN-01,1,1
3131,IPC_SYN,SYN-01,1,1
3132,IT_ACT_SYN,SYN-02,1,1
3133,IPC_SYN,SYN-01,1,1
3134,IPC_SYN,SYN-01,1,1
3135,SPECIAL_LAW_SYN,SYN-03,1,1
3136,IPC_SYN,SYN-01,1,1
3137,IPC_SYN,SYN-01,1,1
3138,IPC_SYN,SYN-01,1,1
3139,IPC_SYN,SYN-01,1,1
3140,SPECIAL_LAW_SYN,SYN-03,1,1
3141,IPC_SYN,SYN-01,1,1
3142,IPC_SYN,SYN-01,1,1
3143,IPC_SYN,SYN-01,1,1
3144,SPECIAL_LAW_SYN,SYN-03,1,1
3145,SPECIAL_LAW_SYN,SYN-03,1,1
3146,SPECIAL_LAW_SYN,SYN-03,1,1
3147,SPECIAL_LAW_SYN,SYN-03,1,1
3148,IT_ACT_SYN,SYN-02,1,1
3149,IPC_SYN,SYN-01,1,1
3150,IPC_SYN,SYN-01,1,1
3151,IPC_SYN,SYN-01,1,1
3152,IT_ACT_SYN,SYN-02,1,1
3153,IPC_SYN,SYN-01,1,1
3154,SPECIAL_LAW_SYN,SYN-03,1,1
3155,IPC_SYN,SYN-01,1,1
3156,IPC_SYN,SYN-01,1,1
3157,IPC_SYN,SYN-01,1,1
3158,IPC_SYN,SYN-01,1,1
3159,SPECIAL_LAW_SYN,SYN-03,1,1
3160,IPC_SYN,SYN-01,1,1
3161,SPECIAL_LAW_SYN,SYN-03,1,1
3162,IPC_SYN,SYN-01,1,1
3163,IPC_SYN,SYN-01,1,1
3164,IPC_SYN,SYN-01,1,1
3165,IPC_SYN,SYN-01,1,1
3166,IPC_SYN,SYN-01,1,1
3167,IT_ACT_SYN,SYN-02,1,1
3168,IPC_SYN,SYN-01,1,1
3169,IPC_SYN,SYN-01,1,1
3170,IPC_SYN,SYN-01,1,1
3171,IPC_SYN,SYN-01,1,1
3172,IPC_SYN,SYN-01,1,1
3173,IT_ACT_SYN,SYN-02,1,1
3174,SPECIAL_LAW_SYN,SYN-03,1,1
3175,IT_ACT_SYN,SYN-02,1,1
3176,IT_ACT_SYN,SYN-02,1,1
3177,IPC_SYN,SYN-01,1,1
3178,IPC_SYN,SYN-01,1,1
3179,IT_ACT_SYN,SYN-02,1,1
3180,IPC_SYN,SYN-01,1,1
3181,IPC_SYN,SYN-01,1,1
3182,SPECIAL_LAW_SYN,SYN-03,1,1
3183,SPECIAL_LAW_SYN,SYN-03,1,1
3184,IPC_SYN,SYN-01,1,1
3185,IPC_SYN,SYN-01,1,1
3186,IPC_SYN,SYN-01,1,1
3187,IT_ACT_SYN,SYN-02,1,1
3188,IPC_SYN,SYN-01,1,1
3189,IPC_SYN,SYN-01,1,1
3190,IT_ACT_SYN,SYN-02,1,1
3191,IT_ACT_SYN,SYN-02,1,1
3192,IPC_SYN,SYN-01,1,1
3193,SPECIAL_LAW_SYN,SYN-03,1,1
3194,IPC_SYN,SYN-01,1,1
3195,SPECIAL_LAW_SYN,SYN-03,1,1
3196,IPC_SYN,SYN-01,1,1
3197,SPECIAL_LAW_SYN,SYN-03,1,1
3198,IPC_SYN,SYN-01,1,1
3199,SPECIAL_LAW_SYN,SYN-03,1,1
3200,SPECIAL_LAW_SYN,SYN-03,1,1
3201,IPC_SYN,SYN-01,1,1
3202,IPC_SYN,SYN-01,1,1
3203,IPC_SYN,SYN-01,1,1
3204,SPECIAL_LAW_SYN,SYN-03,1,1
3205,IPC_SYN,SYN-01,1,1
3206,SPECIAL_LAW_SYN,SYN-03,1,1
3207,IT_ACT_SYN,SYN-02,1,1
3208,SPECIAL_LAW_SYN,SYN-03,1,1
3209,IPC_SYN,SYN-01,1,1
3210,IPC_SYN,SYN-01,1,1
3211,IPC_SYN,SYN-01,1,1
3212,IPC_SYN,SYN-01,1,1
3213,SPECIAL_LAW_SYN,SYN-03,1,1
3214,IT_ACT_SYN,SYN-02,1,1
3215,SPECIAL_LAW_SYN,SYN-03,1,1
3216,SPECIAL_LAW_SYN,SYN-03,1,1
3217,IPC_SYN,SYN-01,1,1
3218,IPC_SYN,SYN-01,1,1
3219,IPC_SYN,SYN-01,1,1
3220,IPC_SYN,SYN-01,1,1
3221,SPECIAL_LAW_SYN,SYN-03,1,1
3222,IPC_SYN,SYN-01,1,1
3223,IPC_SYN,SYN-01,1,1
3224,IPC_SYN,SYN-01,1,1
3225,IPC_SYN,SYN-01,1,1
3226,IPC_SYN,SYN-01,1,1
3227,SPECIAL_LAW_SYN,SYN-03,1,1
3228,IPC_SYN,SYN-01,1,1
3229,IPC_SYN,SYN-01,1,1
3230,SPECIAL_LAW_SYN,SYN-03,1,1
3231,IT_ACT_SYN,SYN-02,1,1
3232,SPECIAL_LAW_SYN,SYN-03,1,1
3233,SPECIAL_LAW_SYN,SYN-03,1,1
3234,IPC_SYN,SYN-01,1,1
3235,IT_ACT_SYN,SYN-02,1,1
3236,IPC_SYN,SYN-01,1,1
3237,IT_ACT_SYN,SYN-02,1,1
3238,SPECIAL_LAW_SYN,SYN-03,1,1
3239,IPC_SYN,SYN-01,1,1
3240,IPC_SYN,SYN-01,1,1
3241,IPC_SYN,SYN-01,1,1
3242,IPC_SYN,SYN-01,1,1
3243,IPC_SYN,SYN-01,1,1
3244,IPC_SYN,SYN-01,1,1
3245,IPC_SYN,SYN-01,1,1
3246,SPECIAL_LAW_SYN,SYN-03,1,1
3247,SPECIAL_LAW_SYN,SYN-03,1,1
3248,IPC_SYN,SYN-01,1,1
3249,SPECIAL_LAW_SYN,SYN-03,1,1
3250,IPC_SYN,SYN-01,1,1
3251,IT_ACT_SYN,SYN-02,1,1
3252,SPECIAL_LAW_SYN,SYN-03,1,1
3253,IPC_SYN,SYN-01,1,1
3254,IPC_SYN,SYN-01,1,1
3255,IPC_SYN,SYN-01,1,1
3256,IPC_SYN,SYN-01,1,1
3257,SPECIAL_LAW_SYN,SYN-03,1,1
3258,IPC_SYN,SYN-01,1,1
3259,IPC_SYN,SYN-01,1,1
3260,IPC_SYN,SYN-01,1,1
3261,SPECIAL_LAW_SYN,SYN-03,1,1
3262,SPECIAL_LAW_SYN,SYN-03,1,1
3263,SPECIAL_LAW_SYN,SYN-03,1,1
3264,IPC_SYN,SYN-01,1,1
3265,IPC_SYN,SYN-01,1,1
3266,IPC_SYN,SYN-01,1,1
3267,IPC_SYN,SYN-01,1,1
3268,IPC_SYN,SYN-01,1,1
3269,IPC_SYN,SYN-01,1,1
3270,IPC_SYN,SYN-01,1,1
3271,IPC_SYN,SYN-01,1,1
3272,IT_ACT_SYN,SYN-02,1,1
3273,SPECIAL_LAW_SYN,SYN-03,1,1
3274,IPC_SYN,SYN-01,1,1
3275,IPC_SYN,SYN-01,1,1
3276,IPC_SYN,SYN-01,1,1
3277,IPC_SYN,SYN-01,1,1
3278,SPECIAL_LAW_SYN,SYN-03,1,1
3279,IPC_SYN,SYN-01,1,1
3280,IPC_SYN,SYN-01,1,1
3281,SPECIAL_LAW_SYN,SYN-03,1,1
3282,SPECIAL_LAW_SYN,SYN-03,1,1
3283,IPC_SYN,SYN-01,1,1
3284,SPECIAL_LAW_SYN,SYN-03,1,1
3285,SPECIAL_LAW_SYN,SYN-03,1,1
3286,SPECIAL_LAW_SYN,SYN-03,1,1
3287,SPECIAL_LAW_SYN,SYN-03,1,1
3288,IPC_SYN,SYN-01,1,1
3289,SPECIAL_LAW_SYN,SYN-03,1,1
3290,IPC_SYN,SYN-01,1,1
3291,IPC_SYN,SYN-01,1,1
3292,IPC_SYN,SYN-01,1,1
3293,IPC_SYN,SYN-01,1,1
3294,IPC_SYN,SYN-01,1,1
3295,IPC_SYN,SYN-01,1,1
3296,IPC_SYN,SYN-01,1,1
3297,IPC_SYN,SYN-01,1,1
3298,IPC_SYN,SYN-01,1,1
3299,IPC_SYN,SYN-01,1,1
3300,SPECIAL_LAW_SYN,SYN-03,1,1
3301,IPC_SYN,SYN-01,1,1
3302,SPECIAL_LAW_SYN,SYN-03,1,1
3303,SPECIAL_LAW_SYN,SYN-03,1,1
3304,IPC_SYN,SYN-01,1,1
3305,SPECIAL_LAW_SYN,SYN-03,1,1
3306,IPC_SYN,SYN-01,1,1
3307,IPC_SYN,SYN-01,1,1
3308,IPC_SYN,SYN-01,1,1
3309,IPC_SYN,SYN-01,1,1
3310,IPC_SYN,SYN-01,1,1
3311,IPC_SYN,SYN-01,1,1
3312,IT_ACT_SYN,SYN-02,1,1
3313,IPC_SYN,SYN-01,1,1
3314,IT_ACT_SYN,SYN-02,1,1
3315,IPC_SYN,SYN-01,1,1
3316,IPC_SYN,SYN-01,1,1
3317,IPC_SYN,SYN-01,1,1
3318,IPC_SYN,SYN-01,1,1
3319,SPECIAL_LAW_SYN,SYN-03,1,1
3320,IPC_SYN,SYN-01,1,1
3321,SPECIAL_LAW_SYN,SYN-03,1,1
3322,IPC_SYN,SYN-01,1,1
3323,SPECIAL_LAW_SYN,SYN-03,1,1
3324,IPC_SYN,SYN-01,1,1
3325,IT_ACT_SYN,SYN-02,1,1
3326,SPECIAL_LAW_SYN,SYN-03,1,1
3327,IPC_SYN,SYN-01,1,1
3328,SPECIAL_LAW_SYN,SYN-03,1,1
3329,SPECIAL_LAW_SYN,SYN-03,1,1
3330,SPECIAL_LAW_SYN,SYN-03,1,1
3331,SPECIAL_LAW_SYN,SYN-03,1,1
3332,SPECIAL_LAW_SYN,SYN-03,1,1
3333,SPECIAL_LAW_SYN,SYN-03,1,1
3334,IPC_SYN,SYN-01,1,1
3335,IPC_SYN,SYN-01,1,1
3336,IPC_SYN,SYN-01,1,1
3337,IPC_SYN,SYN-01,1,1
3338,IPC_SYN,SYN-01,1,1
3339,IPC_SYN,SYN-01,1,1
3340,SPECIAL_LAW_SYN,SYN-03,1,1
3341,IPC_SYN,SYN-01,1,1
3342,IPC_SYN,SYN-01,1,1
3343,IPC_SYN,SYN-01,1,1
3344,SPECIAL_LAW_SYN,SYN-03,1,1
3345,IPC_SYN,SYN-01,1,1
3346,IT_ACT_SYN,SYN-02,1,1
3347,SPECIAL_LAW_SYN,SYN-03,1,1
3348,IPC_SYN,SYN-01,1,1
3349,IPC_SYN,SYN-01,1,1
3350,IPC_SYN,SYN-01,1,1
3351,IPC_SYN,SYN-01,1,1
3352,IPC_SYN,SYN-01,1,1
3353,IPC_SYN,SYN-01,1,1
3354,IPC_SYN,SYN-01,1,1
3355,IPC_SYN,SYN-01,1,1
3356,IPC_SYN,SYN-01,1,1
3357,IPC_SYN,SYN-01,1,1
3358,IPC_SYN,SYN-01,1,1
3359,SPECIAL_LAW_SYN,SYN-03,1,1
3360,IPC_SYN,SYN-01,1,1
3361,IT_ACT_SYN,SYN-02,1,1
3362,SPECIAL_LAW_SYN,SYN-03,1,1
3363,IPC_SYN,SYN-01,1,1
3364,IPC_SYN,SYN-01,1,1
3365,IPC_SYN,SYN-01,1,1
3366,IT_ACT_SYN,SYN-02,1,1
3367,SPECIAL_LAW_SYN,SYN-03,1,1
3368,IPC_SYN,SYN-01,1,1
3369,IPC_SYN,SYN-01,1,1
3370,IPC_SYN,SYN-01,1,1
3371,IT_ACT_SYN,SYN-02,1,1
3372,IT_ACT_SYN,SYN-02,1,1
3373,IPC_SYN,SYN-01,1,1
3374,IPC_SYN,SYN-01,1,1
3375,SPECIAL_LAW_SYN,SYN-03,1,1
3376,IPC_SYN,SYN-01,1,1
3377,SPECIAL_LAW_SYN,SYN-03,1,1
3378,SPECIAL_LAW_SYN,SYN-03,1,1
3379,SPECIAL_LAW_SYN,SYN-03,1,1
3380,IPC_SYN,SYN-01,1,1
3381,SPECIAL_LAW_SYN,SYN-03,1,1
3382,IPC_SYN,SYN-01,1,1
3383,IPC_SYN,SYN-01,1,1
3384,IPC_SYN,SYN-01,1,1
3385,IPC_SYN,SYN-01,1,1
3386,SPECIAL_LAW_SYN,SYN-03,1,1
3387,IPC_SYN,SYN-01,1,1
3388,IPC_SYN,SYN-01,1,1
3389,IPC_SYN,SYN-01,1,1
3390,IPC_SYN,SYN-01,1,1
3391,SPECIAL_LAW_SYN,SYN-03,1,1
3392,IPC_SYN,SYN-01,1,1
3393,SPECIAL_LAW_SYN,SYN-03,1,1
3394,IPC_SYN,SYN-01,1,1
3395,IPC_SYN,SYN-01,1,1
3396,IPC_SYN,SYN-01,1,1
3397,IPC_SYN,SYN-01,1,1
3398,SPECIAL_LAW_SYN,SYN-03,1,1
3399,IPC_SYN,SYN-01,1,1
3400,IPC_SYN,SYN-01,1,1
3401,IT_ACT_SYN,SYN-02,1,1
3402,SPECIAL_LAW_SYN,SYN-03,1,1
3403,SPECIAL_LAW_SYN,SYN-03,1,1
3404,SPECIAL_LAW_SYN,SYN-03,1,1
3405,IT_ACT_SYN,SYN-02,1,1
3406,IT_ACT_SYN,SYN-02,1,1
3407,SPECIAL_LAW_SYN,SYN-03,1,1
3408,IPC_SYN,SYN-01,1,1
3409,SPECIAL_LAW_SYN,SYN-03,1,1
3410,IPC_SYN,SYN-01,1,1
3411,IT_ACT_SYN,SYN-02,1,1
3412,IPC_SYN,SYN-01,1,1
3413,IPC_SYN,SYN-01,1,1
3414,IPC_SYN,SYN-01,1,1
3415,SPECIAL_LAW_SYN,SYN-03,1,1
3416,IPC_SYN,SYN-01,1,1
3417,IPC_SYN,SYN-01,1,1
3418,SPECIAL_LAW_SYN,SYN-03,1,1
3419,SPECIAL_LAW_SYN,SYN-03,1,1
3420,IPC_SYN,SYN-01,1,1
3421,SPECIAL_LAW_SYN,SYN-03,1,1
3422,SPECIAL_LAW_SYN,SYN-03,1,1
3423,SPECIAL_LAW_SYN,SYN-03,1,1
3424,IPC_SYN,SYN-01,1,1
3425,SPECIAL_LAW_SYN,SYN-03,1,1
3426,SPECIAL_LAW_SYN,SYN-03,1,1
3427,SPECIAL_LAW_SYN,SYN-03,1,1
3428,IPC_SYN,SYN-01,1,1
3429,IT_ACT_SYN,SYN-02,1,1
3430,IPC_SYN,SYN-01,1,1
3431,IPC_SYN,SYN-01,1,1
3432,IPC_SYN,SYN-01,1,1
3433,IPC_SYN,SYN-01,1,1
3434,SPECIAL_LAW_SYN,SYN-03,1,1
3435,IPC_SYN,SYN-01,1,1
3436,SPECIAL_LAW_SYN,SYN-03,1,1
3437,SPECIAL_LAW_SYN,SYN-03,1,1
3438,IPC_SYN,SYN-01,1,1
3439,SPECIAL_LAW_SYN,SYN-03,1,1
3440,IPC_SYN,SYN-01,1,1
3441,SPECIAL_LAW_SYN,SYN-03,1,1
3442,IPC_SYN,SYN-01,1,1
3443,SPECIAL_LAW_SYN,SYN-03,1,1
3444,IPC_SYN,SYN-01,1,1
3445,SPECIAL_LAW_SYN,SYN-03,1,1
3446,IPC_SYN,SYN-01,1,1
3447,IPC_SYN,SYN-01,1,1
3448,SPECIAL_LAW_SYN,SYN-03,1,1
3449,IPC_SYN,SYN-01,1,1
3450,SPECIAL_LAW_SYN,SYN-03,1,1
3451,IPC_SYN,SYN-01,1,1
3452,IPC_SYN,SYN-01,1,1
3453,SPECIAL_LAW_SYN,SYN-03,1,1
3454,IPC_SYN,SYN-01,1,1
3455,IPC_SYN,SYN-01,1,1
3456,SPECIAL_LAW_SYN,SYN-03,1,1
3457,IPC_SYN,SYN-01,1,1
3458,SPECIAL_LAW_SYN,SYN-03,1,1
3459,IT_ACT_SYN,SYN-02,1,1
3460,IPC_SYN,SYN-01,1,1
3461,IPC_SYN,SYN-01,1,1
3462,IPC_SYN,SYN-01,1,1
3463,IPC_SYN,SYN-01,1,1
3464,IPC_SYN,SYN-01,1,1
3465,SPECIAL_LAW_SYN,SYN-03,1,1
3466,SPECIAL_LAW_SYN,SYN-03,1,1
3467,IPC_SYN,SYN-01,1,1
3468,IPC_SYN,SYN-01,1,1
3469,IPC_SYN,SYN-01,1,1
3470,IPC_SYN,SYN-01,1,1
3471,IPC_SYN,SYN-01,1,1
3472,IPC_SYN,SYN-01,1,1
3473,SPECIAL_LAW_SYN,SYN-03,1,1
3474,IPC_SYN,SYN-01,1,1
3475,IT_ACT_SYN,SYN-02,1,1
3476,IPC_SYN,SYN-01,1,1
3477,IPC_SYN,SYN-01,1,1
3478,IPC_SYN,SYN-01,1,1
3479,IPC_SYN,SYN-01,1,1
3480,IPC_SYN,SYN-01,1,1
3481,SPECIAL_LAW_SYN,SYN-03,1,1
3482,SPECIAL_LAW_SYN,SYN-03,1,1
3483,IT_ACT_SYN,SYN-02,1,1
3484,IPC_SYN,SYN-01,1,1
3485,IPC_SYN,SYN-01,1,1
3486,SPECIAL_LAW_SYN,SYN-03,1,1
3487,IT_ACT_SYN,SYN-02,1,1
3488,SPECIAL_LAW_SYN,SYN-03,1,1
3489,IPC_SYN,SYN-01,1,1
3490,IPC_SYN,SYN-01,1,1
3491,IPC_SYN,SYN-01,1,1
3492,IT_ACT_SYN,SYN-02,1,1
3493,IT_ACT_SYN,SYN-02,1,1
3494,IPC_SYN,SYN-01,1,1
3495,SPECIAL_LAW_SYN,SYN-03,1,1
3496,SPECIAL_LAW_SYN,SYN-03,1,1
3497,SPECIAL_LAW_SYN,SYN-03,1,1
3498,IPC_SYN,SYN-01,1,1
3499,IPC_SYN,SYN-01,1,1
3500,IPC_SYN,SYN-01,1,1
3501,IPC_SYN,SYN-01,1,1
3502,IT_ACT_SYN,SYN-02,1,1
3503,IPC_SYN,SYN-01,1,1
3504,IPC_SYN,SYN-01,1,1
3505,SPECIAL_LAW_SYN,SYN-03,1,1
3506,IPC_SYN,SYN-01,1,1
3507,IPC_SYN,SYN-01,1,1
3508,SPECIAL_LAW_SYN,SYN-03,1,1
3509,IPC_SYN,SYN-01,1,1
3510,IPC_SYN,SYN-01,1,1
3511,IPC_SYN,SYN-01,1,1
3512,IPC_SYN,SYN-01,1,1
3513,SPECIAL_LAW_SYN,SYN-03,1,1
3514,IPC_SYN,SYN-01,1,1
3515,IPC_SYN,SYN-01,1,1
3516,IT_ACT_SYN,SYN-02,1,1
3517,IPC_SYN,SYN-01,1,1
3518,IPC_SYN,SYN-01,1,1
3519,IT_ACT_SYN,SYN-02,1,1
3520,SPECIAL_LAW_SYN,SYN-03,1,1
3521,IPC_SYN,SYN-01,1,1
3522,IPC_SYN,SYN-01,1,1
3523,IPC_SYN,SYN-01,1,1
3524,SPECIAL_LAW_SYN,SYN-03,1,1
3525,IPC_SYN,SYN-01,1,1
3526,IPC_SYN,SYN-01,1,1
3527,SPECIAL_LAW_SYN,SYN-03,1,1
3528,IT_ACT_SYN,SYN-02,1,1
3529,SPECIAL_LAW_SYN,SYN-03,1,1
3530,IPC_SYN,SYN-01,1,1
3531,IPC_SYN,SYN-01,1,1
3532,SPECIAL_LAW_SYN,SYN-03,1,1
3533,SPECIAL_LAW_SYN,SYN-03,1,1
3534,IPC_SYN,SYN-01,1,1
3535,SPECIAL_LAW_SYN,SYN-03,1,1
3536,IPC_SYN,SYN-01,1,1
3537,IPC_SYN,SYN-01,1,1
3538,IPC_SYN,SYN-01,1,1
3539,SPECIAL_LAW_SYN,SYN-03,1,1
3540,IPC_SYN,SYN-01,1,1
3541,IPC_SYN,SYN-01,1,1
3542,IPC_SYN,SYN-01,1,1
3543,IPC_SYN,SYN-01,1,1
3544,IPC_SYN,SYN-01,1,1
3545,SPECIAL_LAW_SYN,SYN-03,1,1
3546,IPC_SYN,SYN-01,1,1
3547,IPC_SYN,SYN-01,1,1
3548,IPC_SYN,SYN-01,1,1
3549,IPC_SYN,SYN-01,1,1
3550,IT_ACT_SYN,SYN-02,1,1
3551,IT_ACT_SYN,SYN-02,1,1
3552,IPC_SYN,SYN-01,1,1
3553,IPC_SYN,SYN-01,1,1
3554,IPC_SYN,SYN-01,1,1
3555,IT_ACT_SYN,SYN-02,1,1
3556,IPC_SYN,SYN-01,1,1
3557,IPC_SYN,SYN-01,1,1
3558,IPC_SYN,SYN-01,1,1
3559,IPC_SYN,SYN-01,1,1
3560,IPC_SYN,SYN-01,1,1
3561,IPC_SYN,SYN-01,1,1
3562,IPC_SYN,SYN-01,1,1
3563,IPC_SYN,SYN-01,1,1
3564,SPECIAL_LAW_SYN,SYN-03,1,1
3565,IT_ACT_SYN,SYN-02,1,1
3566,IPC_SYN,SYN-01,1,1
3567,IT_ACT_SYN,SYN-02,1,1
3568,IPC_SYN,SYN-01,1,1
3569,SPECIAL_LAW_SYN,SYN-03,1,1
3570,IPC_SYN,SYN-01,1,1
3571,IT_ACT_SYN,SYN-02,1,1
3572,IPC_SYN,SYN-01,1,1
3573,SPECIAL_LAW_SYN,SYN-03,1,1
3574,IPC_SYN,SYN-01,1,1
3575,SPECIAL_LAW_SYN,SYN-03,1,1
3576,SPECIAL_LAW_SYN,SYN-03,1,1
3577,IPC_SYN,SYN-01,1,1
3578,IPC_SYN,SYN-01,1,1
3579,IPC_SYN,SYN-01,1,1
3580,IPC_SYN,SYN-01,1,1
3581,IPC_SYN,SYN-01,1,1
3582,IPC_SYN,SYN-01,1,1
3583,IPC_SYN,SYN-01,1,1
3584,IPC_SYN,SYN-01,1,1
3585,IPC_SYN,SYN-01,1,1
3586,IPC_SYN,SYN-01,1,1
3587,SPECIAL_LAW_SYN,SYN-03,1,1
3588,IPC_SYN,SYN-01,1,1
3589,IPC_SYN,SYN-01,1,1
3590,SPECIAL_LAW_SYN,SYN-03,1,1
3591,IPC_SYN,SYN-01,1,1
3592,IPC_SYN,SYN-01,1,1
3593,SPECIAL_LAW_SYN,SYN-03,1,1
3594,SPECIAL_LAW_SYN,SYN-03,1,1
3595,IPC_SYN,SYN-01,1,1
3596,IPC_SYN,SYN-01,1,1
3597,IPC_SYN,SYN-01,1,1
3598,IPC_SYN,SYN-01,1,1
3599,SPECIAL_LAW_SYN,SYN-03,1,1
3600,IPC_SYN,SYN-01,1,1
3601,IPC_SYN,SYN-01,1,1
3602,IPC_SYN,SYN-01,1,1
3603,IPC_SYN,SYN-01,1,1
3604,IPC_SYN,SYN-01,1,1
3605,IPC_SYN,SYN-01,1,1
3606,SPECIAL_LAW_SYN,SYN-03,1,1
3607,SPECIAL_LAW_SYN,SYN-03,1,1
3608,IPC_SYN,SYN-01,1,1
3609,IPC_SYN,SYN-01,1,1
3610,IPC_SYN,SYN-01,1,1
3611,IPC_SYN,SYN-01,1,1
3612,IPC_SYN,SYN-01,1,1
3613,SPECIAL_LAW_SYN,SYN-03,1,1
3614,SPECIAL_LAW_SYN,SYN-03,1,1
3615,IPC_SYN,SYN-01,1,1
3616,IT_ACT_SYN,SYN-02,1,1
3617,IPC_SYN,SYN-01,1,1
3618,SPECIAL_LAW_SYN,SYN-03,1,1
3619,IT_ACT_SYN,SYN-02,1,1
3620,SPECIAL_LAW_SYN,SYN-03,1,1
3621,SPECIAL_LAW_SYN,SYN-03,1,1
3622,IPC_SYN,SYN-01,1,1
3623,IPC_SYN,SYN-01,1,1
3624,IPC_SYN,SYN-01,1,1
3625,IPC_SYN,SYN-01,1,1
3626,IPC_SYN,SYN-01,1,1
3627,IT_ACT_SYN,SYN-02,1,1
3628,IPC_SYN,SYN-01,1,1
3629,IT_ACT_SYN,SYN-02,1,1
3630,IPC_SYN,SYN-01,1,1
3631,SPECIAL_LAW_SYN,SYN-03,1,1
3632,IPC_SYN,SYN-01,1,1
3633,SPECIAL_LAW_SYN,SYN-03,1,1
3634,SPECIAL_LAW_SYN,SYN-03,1,1
3635,IPC_SYN,SYN-01,1,1
3636,IPC_SYN,SYN-01,1,1
3637,SPECIAL_LAW_SYN,SYN-03,1,1
3638,SPECIAL_LAW_SYN,SYN-03,1,1
3639,IPC_SYN,SYN-01,1,1
3640,IPC_SYN,SYN-01,1,1
3641,SPECIAL_LAW_SYN,SYN-03,1,1
3642,SPECIAL_LAW_SYN,SYN-03,1,1
3643,SPECIAL_LAW_SYN,SYN-03,1,1
3644,IPC_SYN,SYN-01,1,1
3645,IPC_SYN,SYN-01,1,1
3646,IPC_SYN,SYN-01,1,1
3647,IPC_SYN,SYN-01,1,1
3648,SPECIAL_LAW_SYN,SYN-03,1,1
3649,SPECIAL_LAW_SYN,SYN-03,1,1
3650,IPC_SYN,SYN-01,1,1
3651,IPC_SYN,SYN-01,1,1
3652,IPC_SYN,SYN-01,1,1
3653,IPC_SYN,SYN-01,1,1
3654,SPECIAL_LAW_SYN,SYN-03,1,1
3655,IPC_SYN,SYN-01,1,1
3656,IPC_SYN,SYN-01,1,1
3657,IPC_SYN,SYN-01,1,1
3658,IPC_SYN,SYN-01,1,1
3659,SPECIAL_LAW_SYN,SYN-03,1,1
3660,IPC_SYN,SYN-01,1,1
3661,IPC_SYN,SYN-01,1,1
3662,SPECIAL_LAW_SYN,SYN-03,1,1
3663,SPECIAL_LAW_SYN,SYN-03,1,1
3664,IPC_SYN,SYN-01,1,1
3665,IT_ACT_SYN,SYN-02,1,1
3666,IT_ACT_SYN,SYN-02,1,1
3667,IPC_SYN,SYN-01,1,1
3668,SPECIAL_LAW_SYN,SYN-03,1,1
3669,IPC_SYN,SYN-01,1,1
3670,SPECIAL_LAW_SYN,SYN-03,1,1
3671,SPECIAL_LAW_SYN,SYN-03,1,1
3672,SPECIAL_LAW_SYN,SYN-03,1,1
3673,SPECIAL_LAW_SYN,SYN-03,1,1
3674,IT_ACT_SYN,SYN-02,1,1
3675,SPECIAL_LAW_SYN,SYN-03,1,1
3676,IT_ACT_SYN,SYN-02,1,1
3677,IPC_SYN,SYN-01,1,1
3678,IPC_SYN,SYN-01,1,1
3679,IT_ACT_SYN,SYN-02,1,1
3680,IPC_SYN,SYN-01,1,1
3681,IPC_SYN,SYN-01,1,1
3682,IPC_SYN,SYN-01,1,1
3683,IPC_SYN,SYN-01,1,1
3684,IPC_SYN,SYN-01,1,1
3685,IPC_SYN,SYN-01,1,1
3686,SPECIAL_LAW_SYN,SYN-03,1,1
3687,IPC_SYN,SYN-01,1,1
3688,IPC_SYN,SYN-01,1,1
3689,IPC_SYN,SYN-01,1,1
3690,IT_ACT_SYN,SYN-02,1,1
3691,IPC_SYN,SYN-01,1,1
3692,SPECIAL_LAW_SYN,SYN-03,1,1
3693,SPECIAL_LAW_SYN,SYN-03,1,1
3694,IPC_SYN,SYN-01,1,1
3695,IPC_SYN,SYN-01,1,1
3696,IPC_SYN,SYN-01,1,1
3697,IPC_SYN,SYN-01,1,1
3698,IPC_SYN,SYN-01,1,1
3699,SPECIAL_LAW_SYN,SYN-03,1,1
3700,IPC_SYN,SYN-01,1,1
3701,SPECIAL_LAW_SYN,SYN-03,1,1
3702,IPC_SYN,SYN-01,1,1
3703,IPC_SYN,SYN-01,1,1
3704,IPC_SYN,SYN-01,1,1
3705,SPECIAL_LAW_SYN,SYN-03,1,1
3706,SPECIAL_LAW_SYN,SYN-03,1,1
3707,IPC_SYN,SYN-01,1,1
3708,SPECIAL_LAW_SYN,SYN-03,1,1
3709,SPECIAL_LAW_SYN,SYN-03,1,1
3710,IPC_SYN,SYN-01,1,1
3711,IPC_SYN,SYN-01,1,1
3712,IPC_SYN,SYN-01,1,1
3713,IPC_SYN,SYN-01,1,1
3714,IPC_SYN,SYN-01,1,1
3715,SPECIAL_LAW_SYN,SYN-03,1,1
3716,SPECIAL_LAW_SYN,SYN-03,1,1
3717,IPC_SYN,SYN-01,1,1
3718,IT_ACT_SYN,SYN-02,1,1
3719,IPC_SYN,SYN-01,1,1
3720,IT_ACT_SYN,SYN-02,1,1
3721,IPC_SYN,SYN-01,1,1
3722,IPC_SYN,SYN-01,1,1
3723,SPECIAL_LAW_SYN,SYN-03,1,1
3724,IPC_SYN,SYN-01,1,1
3725,IPC_SYN,SYN-01,1,1
3726,SPECIAL_LAW_SYN,SYN-03,1,1
3727,IPC_SYN,SYN-01,1,1
3728,IPC_SYN,SYN-01,1,1
3729,IPC_SYN,SYN-01,1,1
3730,IPC_SYN,SYN-01,1,1
3731,IPC_SYN,SYN-01,1,1
3732,IPC_SYN,SYN-01,1,1
3733,IPC_SYN,SYN-01,1,1
3734,IPC_SYN,SYN-01,1,1
3735,IPC_SYN,SYN-01,1,1
3736,SPECIAL_LAW_SYN,SYN-03,1,1
3737,IT_ACT_SYN,SYN-02,1,1
3738,IT_ACT_SYN,SYN-02,1,1
3739,IT_ACT_SYN,SYN-02,1,1
3740,IPC_SYN,SYN-01,1,1
3741,IT_ACT_SYN,SYN-02,1,1
3742,IPC_SYN,SYN-01,1,1
3743,SPECIAL_LAW_SYN,SYN-03,1,1
3744,SPECIAL_LAW_SYN,SYN-03,1,1
3745,IPC_SYN,SYN-01,1,1
3746,IPC_SYN,SYN-01,1,1
3747,IT_ACT_SYN,SYN-02,1,1
3748,SPECIAL_LAW_SYN,SYN-03,1,1
3749,SPECIAL_LAW_SYN,SYN-03,1,1
3750,SPECIAL_LAW_SYN,SYN-03,1,1
3751,IPC_SYN,SYN-01,1,1
3752,IPC_SYN,SYN-01,1,1
3753,SPECIAL_LAW_SYN,SYN-03,1,1
3754,IPC_SYN,SYN-01,1,1
3755,IPC_SYN,SYN-01,1,1
3756,IPC_SYN,SYN-01,1,1
3757,SPECIAL_LAW_SYN,SYN-03,1,1
3758,IPC_SYN,SYN-01,1,1
3759,IPC_SYN,SYN-01,1,1
3760,IPC_SYN,SYN-01,1,1
3761,IT_ACT_SYN,SYN-02,1,1
3762,SPECIAL_LAW_SYN,SYN-03,1,1
3763,IPC_SYN,SYN-01,1,1
3764,IPC_SYN,SYN-01,1,1
3765,IPC_SYN,SYN-01,1,1
3766,SPECIAL_LAW_SYN,SYN-03,1,1
3767,SPECIAL_LAW_SYN,SYN-03,1,1
3768,IPC_SYN,SYN-01,1,1
3769,IPC_SYN,SYN-01,1,1
3770,IPC_SYN,SYN-01,1,1
3771,IT_ACT_SYN,SYN-02,1,1
3772,SPECIAL_LAW_SYN,SYN-03,1,1
3773,IPC_SYN,SYN-01,1,1
3774,IT_ACT_SYN,SYN-02,1,1
3775,IPC_SYN,SYN-01,1,1
3776,IPC_SYN,SYN-01,1,1
3777,IPC_SYN,SYN-01,1,1
3778,IPC_SYN,SYN-01,1,1
3779,IPC_SYN,SYN-01,1,1
3780,IPC_SYN,SYN-01,1,1
3781,IPC_SYN,SYN-01,1,1
3782,IPC_SYN,SYN-01,1,1
3783,SPECIAL_LAW_SYN,SYN-03,1,1
3784,IT_ACT_SYN,SYN-02,1,1
3785,SPECIAL_LAW_SYN,SYN-03,1,1
3786,IT_ACT_SYN,SYN-02,1,1
3787,IPC_SYN,SYN-01,1,1
3788,IT_ACT_SYN,SYN-02,1,1
3789,IPC_SYN,SYN-01,1,1
3790,IPC_SYN,SYN-01,1,1
3791,IT_ACT_SYN,SYN-02,1,1
3792,SPECIAL_LAW_SYN,SYN-03,1,1
3793,IPC_SYN,SYN-01,1,1
3794,IPC_SYN,SYN-01,1,1
3795,IPC_SYN,SYN-01,1,1
3796,IPC_SYN,SYN-01,1,1
3797,IPC_SYN,SYN-01,1,1
3798,IPC_SYN,SYN-01,1,1
3799,IPC_SYN,SYN-01,1,1
3800,IT_ACT_SYN,SYN-02,1,1
3801,SPECIAL_LAW_SYN,SYN-03,1,1
3802,IPC_SYN,SYN-01,1,1
3803,IPC_SYN,SYN-01,1,1
3804,SPECIAL_LAW_SYN,SYN-03,1,1
3805,IT_ACT_SYN,SYN-02,1,1
3806,SPECIAL_LAW_SYN,SYN-03,1,1
3807,SPECIAL_LAW_SYN,SYN-03,1,1
3808,IPC_SYN,SYN-01,1,1
3809,SPECIAL_LAW_SYN,SYN-03,1,1
3810,IPC_SYN,SYN-01,1,1
3811,SPECIAL_LAW_SYN,SYN-03,1,1
3812,IPC_SYN,SYN-01,1,1
3813,SPECIAL_LAW_SYN,SYN-03,1,1
3814,IPC_SYN,SYN-01,1,1
3815,IPC_SYN,SYN-01,1,1
3816,IPC_SYN,SYN-01,1,1
3817,SPECIAL_LAW_SYN,SYN-03,1,1
3818,IPC_SYN,SYN-01,1,1
3819,IPC_SYN,SYN-01,1,1
3820,IPC_SYN,SYN-01,1,1
3821,SPECIAL_LAW_SYN,SYN-03,1,1
3822,IPC_SYN,SYN-01,1,1
3823,IPC_SYN,SYN-01,1,1
3824,SPECIAL_LAW_SYN,SYN-03,1,1
3825,SPECIAL_LAW_SYN,SYN-03,1,1
3826,SPECIAL_LAW_SYN,SYN-03,1,1
3827,IPC_SYN,SYN-01,1,1
3828,IPC_SYN,SYN-01,1,1
3829,SPECIAL_LAW_SYN,SYN-03,1,1
3830,IT_ACT_SYN,SYN-02,1,1
3831,SPECIAL_LAW_SYN,SYN-03,1,1
3832,SPECIAL_LAW_SYN,SYN-03,1,1
3833,SPECIAL_LAW_SYN,SYN-03,1,1
3834,SPECIAL_LAW_SYN,SYN-03,1,1
3835,IPC_SYN,SYN-01,1,1
3836,IPC_SYN,SYN-01,1,1
3837,IPC_SYN,SYN-01,1,1
3838,IT_ACT_SYN,SYN-02,1,1
3839,SPECIAL_LAW_SYN,SYN-03,1,1
3840,SPECIAL_LAW_SYN,SYN-03,1,1
3841,IPC_SYN,SYN-01,1,1
3842,IT_ACT_SYN,SYN-02,1,1
3843,SPECIAL_LAW_SYN,SYN-03,1,1
3844,IPC_SYN,SYN-01,1,1
3845,IPC_SYN,SYN-01,1,1
3846,IPC_SYN,SYN-01,1,1
3847,IPC_SYN,SYN-01,1,1
3848,SPECIAL_LAW_SYN,SYN-03,1,1
3849,IPC_SYN,SYN-01,1,1
3850,IPC_SYN,SYN-01,1,1
3851,IT_ACT_SYN,SYN-02,1,1
3852,IPC_SYN,SYN-01,1,1
3853,IPC_SYN,SYN-01,1,1
3854,IPC_SYN,SYN-01,1,1
3855,SPECIAL_LAW_SYN,SYN-03,1,1
3856,SPECIAL_LAW_SYN,SYN-03,1,1
3857,IPC_SYN,SYN-01,1,1
3858,IT_ACT_SYN,SYN-02,1,1
3859,IPC_SYN,SYN-01,1,1
3860,IPC_SYN,SYN-01,1,1
3861,IPC_SYN,SYN-01,1,1
3862,IPC_SYN,SYN-01,1,1
3863,IPC_SYN,SYN-01,1,1
3864,SPECIAL_LAW_SYN,SYN-03,1,1
3865,IPC_SYN,SYN-01,1,1
3866,SPECIAL_LAW_SYN,SYN-03,1,1
3867,IPC_SYN,SYN-01,1,1
3868,IPC_SYN,SYN-01,1,1
3869,IPC_SYN,SYN-01,1,1
3870,IPC_SYN,SYN-01,1,1
3871,IPC_SYN,SYN-01,1,1
3872,IPC_SYN,SYN-01,1,1
3873,SPECIAL_LAW_SYN,SYN-03,1,1
3874,SPECIAL_LAW_SYN,SYN-03,1,1
3875,IPC_SYN,SYN-01,1,1
3876,SPECIAL_LAW_SYN,SYN-03,1,1
3877,IPC_SYN,SYN-01,1,1
3878,IPC_SYN,SYN-01,1,1
3879,IPC_SYN,SYN-01,1,1
3880,IPC_SYN,SYN-01,1,1
3881,SPECIAL_LAW_SYN,SYN-03,1,1
3882,IT_ACT_SYN,SYN-02,1,1
3883,SPECIAL_LAW_SYN,SYN-03,1,1
3884,IPC_SYN,SYN-01,1,1
3885,IT_ACT_SYN,SYN-02,1,1
3886,SPECIAL_LAW_SYN,SYN-03,1,1
3887,SPECIAL_LAW_SYN,SYN-03,1,1
3888,SPECIAL_LAW_SYN,SYN-03,1,1
3889,SPECIAL_LAW_SYN,SYN-03,1,1
3890,IPC_SYN,SYN-01,1,1
3891,SPECIAL_LAW_SYN,SYN-03,1,1
3892,SPECIAL_LAW_SYN,SYN-03,1,1
3893,IPC_SYN,SYN-01,1,1
3894,IPC_SYN,SYN-01,1,1
3895,SPECIAL_LAW_SYN,SYN-03,1,1
3896,IPC_SYN,SYN-01,1,1
3897,SPECIAL_LAW_SYN,SYN-03,1,1
3898,IT_ACT_SYN,SYN-02,1,1
3899,SPECIAL_LAW_SYN,SYN-03,1,1
3900,IPC_SYN,SYN-01,1,1
3901,IPC_SYN,SYN-01,1,1
3902,SPECIAL_LAW_SYN,SYN-03,1,1
3903,SPECIAL_LAW_SYN,SYN-03,1,1
3904,IPC_SYN,SYN-01,1,1
3905,IPC_SYN,SYN-01,1,1
3906,IPC_SYN,SYN-01,1,1
3907,IPC_SYN,SYN-01,1,1
3908,IPC_SYN,SYN-01,1,1
3909,IPC_SYN,SYN-01,1,1
3910,IPC_SYN,SYN-01,1,1
3911,IPC_SYN,SYN-01,1,1
3912,IT_ACT_SYN,SYN-02,1,1
3913,SPECIAL_LAW_SYN,SYN-03,1,1
3914,IPC_SYN,SYN-01,1,1
3915,SPECIAL_LAW_SYN,SYN-03,1,1
3916,IT_ACT_SYN,SYN-02,1,1
3917,SPECIAL_LAW_SYN,SYN-03,1,1
3918,IT_ACT_SYN,SYN-02,1,1
3919,SPECIAL_LAW_SYN,SYN-03,1,1
3920,SPECIAL_LAW_SYN,SYN-03,1,1
3921,IPC_SYN,SYN-01,1,1
3922,IPC_SYN,SYN-01,1,1
3923,SPECIAL_LAW_SYN,SYN-03,1,1
3924,IPC_SYN,SYN-01,1,1
3925,IT_ACT_SYN,SYN-02,1,1
3926,IPC_SYN,SYN-01,1,1
3927,IT_ACT_SYN,SYN-02,1,1
3928,IPC_SYN,SYN-01,1,1
3929,IT_ACT_SYN,SYN-02,1,1
3930,IPC_SYN,SYN-01,1,1
3931,IPC_SYN,SYN-01,1,1
3932,SPECIAL_LAW_SYN,SYN-03,1,1
3933,SPECIAL_LAW_SYN,SYN-03,1,1
3934,IPC_SYN,SYN-01,1,1
3935,IPC_SYN,SYN-01,1,1
3936,IPC_SYN,SYN-01,1,1
3937,SPECIAL_LAW_SYN,SYN-03,1,1
3938,IT_ACT_SYN,SYN-02,1,1
3939,SPECIAL_LAW_SYN,SYN-03,1,1
3940,IT_ACT_SYN,SYN-02,1,1
3941,IPC_SYN,SYN-01,1,1
3942,IPC_SYN,SYN-01,1,1
3943,IPC_SYN,SYN-01,1,1
3944,IPC_SYN,SYN-01,1,1
3945,SPECIAL_LAW_SYN,SYN-03,1,1
3946,IPC_SYN,SYN-01,1,1
3947,IT_ACT_SYN,SYN-02,1,1
3948,SPECIAL_LAW_SYN,SYN-03,1,1
3949,SPECIAL_LAW_SYN,SYN-03,1,1
3950,IPC_SYN,SYN-01,1,1
3951,IPC_SYN,SYN-01,1,1
3952,SPECIAL_LAW_SYN,SYN-03,1,1
3953,IPC_SYN,SYN-01,1,1
3954,IPC_SYN,SYN-01,1,1
3955,SPECIAL_LAW_SYN,SYN-03,1,1
3956,IPC_SYN,SYN-01,1,1
3957,IPC_SYN,SYN-01,1,1
3958,IPC_SYN,SYN-01,1,1
3959,IPC_SYN,SYN-01,1,1
3960,SPECIAL_LAW_SYN,SYN-03,1,1
3961,IPC_SYN,SYN-01,1,1
3962,SPECIAL_LAW_SYN,SYN-03,1,1
3963,IPC_SYN,SYN-01,1,1
3964,SPECIAL_LAW_SYN,SYN-03,1,1
3965,IPC_SYN,SYN-01,1,1
3966,SPECIAL_LAW_SYN,SYN-03,1,1
3967,SPECIAL_LAW_SYN,SYN-03,1,1
3968,IPC_SYN,SYN-01,1,1
3969,IPC_SYN,SYN-01,1,1
3970,IT_ACT_SYN,SYN-02,1,1
3971,IPC_SYN,SYN-01,1,1
3972,SPECIAL_LAW_SYN,SYN-03,1,1
3973,SPECIAL_LAW_SYN,SYN-03,1,1
3974,IPC_SYN,SYN-01,1,1
3975,SPECIAL_LAW_SYN,SYN-03,1,1
3976,IPC_SYN,SYN-01,1,1
3977,IPC_SYN,SYN-01,1,1
3978,SPECIAL_LAW_SYN,SYN-03,1,1
3979,IPC_SYN,SYN-01,1,1
3980,IPC_SYN,SYN-01,1,1
3981,IPC_SYN,SYN-01,1,1
3982,IPC_SYN,SYN-01,1,1
3983,IPC_SYN,SYN-01,1,1
3984,IT_ACT_SYN,SYN-02,1,1
3985,SPECIAL_LAW_SYN,SYN-03,1,1
3986,IPC_SYN,SYN-01,1,1
3987,IPC_SYN,SYN-01,1,1
3988,IPC_SYN,SYN-01,1,1
3989,IPC_SYN,SYN-01,1,1
3990,IPC_SYN,SYN-01,1,1
3991,IPC_SYN,SYN-01,1,1
3992,SPECIAL_LAW_SYN,SYN-03,1,1
3993,IPC_SYN,SYN-01,1,1
3994,IPC_SYN,SYN-01,1,1
3995,IPC_SYN,SYN-01,1,1
3996,IPC_SYN,SYN-01,1,1
3997,SPECIAL_LAW_SYN,SYN-03,1,1
3998,IT_ACT_SYN,SYN-02,1,1
3999,IT_ACT_SYN,SYN-02,1,1
4000,SPECIAL_LAW_SYN,SYN-03,1,1
4001,SPECIAL_LAW_SYN,SYN-03,1,1
4002,IPC_SYN,SYN-01,1,1
4003,SPECIAL_LAW_SYN,SYN-03,1,1
4004,IPC_SYN,SYN-01,1,1
4005,SPECIAL_LAW_SYN,SYN-03,1,1
4006,IT_ACT_SYN,SYN-02,1,1
4007,IPC_SYN,SYN-01,1,1
4008,IPC_SYN,SYN-01,1,1
4009,IPC_SYN,SYN-01,1,1
4010,IPC_SYN,SYN-01,1,1
4011,IPC_SYN,SYN-01,1,1
4012,IPC_SYN,SYN-01,1,1
4013,IPC_SYN,SYN-01,1,1
4014,SPECIAL_LAW_SYN,SYN-03,1,1
4015,IPC_SYN,SYN-01,1,1
4016,IPC_SYN,SYN-01,1,1
4017,IPC_SYN,SYN-01,1,1
4018,IPC_SYN,SYN-01,1,1
4019,IPC_SYN,SYN-01,1,1
4020,IPC_SYN,SYN-01,1,1
4021,IPC_SYN,SYN-01,1,1
4022,IT_ACT_SYN,SYN-02,1,1
4023,IPC_SYN,SYN-01,1,1
4024,IPC_SYN,SYN-01,1,1
4025,IPC_SYN,SYN-01,1,1
4026,SPECIAL_LAW_SYN,SYN-03,1,1
4027,IPC_SYN,SYN-01,1,1
4028,IPC_SYN,SYN-01,1,1
4029,IPC_SYN,SYN-01,1,1
4030,SPECIAL_LAW_SYN,SYN-03,1,1
4031,SPECIAL_LAW_SYN,SYN-03,1,1
4032,IPC_SYN,SYN-01,1,1
4033,IPC_SYN,SYN-01,1,1
4034,IPC_SYN,SYN-01,1,1
4035,IPC_SYN,SYN-01,1,1
4036,IPC_SYN,SYN-01,1,1
4037,IPC_SYN,SYN-01,1,1
4038,IT_ACT_SYN,SYN-02,1,1
4039,IPC_SYN,SYN-01,1,1
4040,IPC_SYN,SYN-01,1,1
4041,IPC_SYN,SYN-01,1,1
4042,IPC_SYN,SYN-01,1,1
4043,SPECIAL_LAW_SYN,SYN-03,1,1
4044,IPC_SYN,SYN-01,1,1
4045,IPC_SYN,SYN-01,1,1
4046,IPC_SYN,SYN-01,1,1
4047,SPECIAL_LAW_SYN,SYN-03,1,1
4048,IPC_SYN,SYN-01,1,1
4049,IPC_SYN,SYN-01,1,1
4050,IPC_SYN,SYN-01,1,1
4051,IPC_SYN,SYN-01,1,1
4052,SPECIAL_LAW_SYN,SYN-03,1,1
4053,IPC_SYN,SYN-01,1,1
4054,IPC_SYN,SYN-01,1,1
4055,IPC_SYN,SYN-01,1,1
4056,SPECIAL_LAW_SYN,SYN-03,1,1
4057,IPC_SYN,SYN-01,1,1
4058,IPC_SYN,SYN-01,1,1
4059,IPC_SYN,SYN-01,1,1
4060,IPC_SYN,SYN-01,1,1
4061,SPECIAL_LAW_SYN,SYN-03,1,1
4062,SPECIAL_LAW_SYN,SYN-03,1,1
4063,IPC_SYN,SYN-01,1,1
4064,IPC_SYN,SYN-01,1,1
4065,IPC_SYN,SYN-01,1,1
4066,SPECIAL_LAW_SYN,SYN-03,1,1
4067,IT_ACT_SYN,SYN-02,1,1
4068,IT_ACT_SYN,SYN-02,1,1
4069,IPC_SYN,SYN-01,1,1
4070,IPC_SYN,SYN-01,1,1
4071,IPC_SYN,SYN-01,1,1
4072,SPECIAL_LAW_SYN,SYN-03,1,1
4073,IPC_SYN,SYN-01,1,1
4074,IT_ACT_SYN,SYN-02,1,1
4075,IPC_SYN,SYN-01,1,1
4076,IPC_SYN,SYN-01,1,1
4077,IPC_SYN,SYN-01,1,1
4078,SPECIAL_LAW_SYN,SYN-03,1,1
4079,SPECIAL_LAW_SYN,SYN-03,1,1
4080,IT_ACT_SYN,SYN-02,1,1
4081,IT_ACT_SYN,SYN-02,1,1
4082,SPECIAL_LAW_SYN,SYN-03,1,1
4083,IPC_SYN,SYN-01,1,1
4084,SPECIAL_LAW_SYN,SYN-03,1,1
4085,IPC_SYN,SYN-01,1,1
4086,SPECIAL_LAW_SYN,SYN-03,1,1
4087,IPC_SYN,SYN-01,1,1
4088,IPC_SYN,SYN-01,1,1
4089,SPECIAL_LAW_SYN,SYN-03,1,1
4090,SPECIAL_LAW_SYN,SYN-03,1,1
4091,IPC_SYN,SYN-01,1,1
4092,IPC_SYN,SYN-01,1,1
4093,IPC_SYN,SYN-01,1,1
4094,IT_ACT_SYN,SYN-02,1,1
4095,SPECIAL_LAW_SYN,SYN-03,1,1
4096,IPC_SYN,SYN-01,1,1
4097,IPC_SYN,SYN-01,1,1
4098,SPECIAL_LAW_SYN,SYN-03,1,1
4099,IPC_SYN,SYN-01,1,1
4100,IPC_SYN,SYN-01,1,1
4101,IPC_SYN,SYN-01,1,1
4102,IPC_SYN,SYN-01,1,1
4103,SPECIAL_LAW_SYN,SYN-03,1,1
4104,IPC_SYN,SYN-01,1,1
4105,IPC_SYN,SYN-01,1,1
4106,IPC_SYN,SYN-01,1,1
4107,SPECIAL_LAW_SYN,SYN-03,1,1
4108,IPC_SYN,SYN-01,1,1
4109,SPECIAL_LAW_SYN,SYN-03,1,1
4110,SPECIAL_LAW_SYN,SYN-03,1,1
4111,IPC_SYN,SYN-01,1,1
4112,SPECIAL_LAW_SYN,SYN-03,1,1
4113,IT_ACT_SYN,SYN-02,1,1
4114,IPC_SYN,SYN-01,1,1
4115,SPECIAL_LAW_SYN,SYN-03,1,1
4116,IPC_SYN,SYN-01,1,1
4117,SPECIAL_LAW_SYN,SYN-03,1,1
4118,SPECIAL_LAW_SYN,SYN-03,1,1
4119,SPECIAL_LAW_SYN,SYN-03,1,1
4120,IT_ACT_SYN,SYN-02,1,1
4121,IPC_SYN,SYN-01,1,1
4122,SPECIAL_LAW_SYN,SYN-03,1,1
4123,SPECIAL_LAW_SYN,SYN-03,1,1
4124,IPC_SYN,SYN-01,1,1
4125,IPC_SYN,SYN-01,1,1
4126,IPC_SYN,SYN-01,1,1
4127,IPC_SYN,SYN-01,1,1
4128,IPC_SYN,SYN-01,1,1
4129,SPECIAL_LAW_SYN,SYN-03,1,1
4130,IPC_SYN,SYN-01,1,1
4131,IPC_SYN,SYN-01,1,1
4132,IPC_SYN,SYN-01,1,1
4133,SPECIAL_LAW_SYN,SYN-03,1,1
4134,IT_ACT_SYN,SYN-02,1,1
4135,IPC_SYN,SYN-01,1,1
4136,IPC_SYN,SYN-01,1,1
4137,SPECIAL_LAW_SYN,SYN-03,1,1
4138,IPC_SYN,SYN-01,1,1
4139,IPC_SYN,SYN-01,1,1
4140,IT_ACT_SYN,SYN-02,1,1
4141,SPECIAL_LAW_SYN,SYN-03,1,1
4142,SPECIAL_LAW_SYN,SYN-03,1,1
4143,IPC_SYN,SYN-01,1,1
4144,IT_ACT_SYN,SYN-02,1,1
4145,SPECIAL_LAW_SYN,SYN-03,1,1
4146,IPC_SYN,SYN-01,1,1
4147,IPC_SYN,SYN-01,1,1
4148,SPECIAL_LAW_SYN,SYN-03,1,1
4149,IPC_SYN,SYN-01,1,1
4150,IT_ACT_SYN,SYN-02,1,1
4151,IPC_SYN,SYN-01,1,1
4152,IPC_SYN,SYN-01,1,1
4153,SPECIAL_LAW_SYN,SYN-03,1,1
4154,IPC_SYN,SYN-01,1,1
4155,IPC_SYN,SYN-01,1,1
4156,IT_ACT_SYN,SYN-02,1,1
4157,IT_ACT_SYN,SYN-02,1,1
4158,SPECIAL_LAW_SYN,SYN-03,1,1
4159,IT_ACT_SYN,SYN-02,1,1
4160,IT_ACT_SYN,SYN-02,1,1
4161,IPC_SYN,SYN-01,1,1
4162,SPECIAL_LAW_SYN,SYN-03,1,1
4163,SPECIAL_LAW_SYN,SYN-03,1,1
4164,SPECIAL_LAW_SYN,SYN-03,1,1
4165,IPC_SYN,SYN-01,1,1
4166,IPC_SYN,SYN-01,1,1
4167,IPC_SYN,SYN-01,1,1
4168,SPECIAL_LAW_SYN,SYN-03,1,1
4169,SPECIAL_LAW_SYN,SYN-03,1,1
4170,SPECIAL_LAW_SYN,SYN-03,1,1
4171,IPC_SYN,SYN-01,1,1
4172,IPC_SYN,SYN-01,1,1
4173,IPC_SYN,SYN-01,1,1
4174,IPC_SYN,SYN-01,1,1
4175,SPECIAL_LAW_SYN,SYN-03,1,1
4176,SPECIAL_LAW_SYN,SYN-03,1,1
4177,IPC_SYN,SYN-01,1,1
4178,IPC_SYN,SYN-01,1,1
4179,IPC_SYN,SYN-01,1,1
4180,SPECIAL_LAW_SYN,SYN-03,1,1
4181,IPC_SYN,SYN-01,1,1
4182,IPC_SYN,SYN-01,1,1
4183,IPC_SYN,SYN-01,1,1
4184,IPC_SYN,SYN-01,1,1
4185,SPECIAL_LAW_SYN,SYN-03,1,1
4186,IPC_SYN,SYN-01,1,1
4187,IPC_SYN,SYN-01,1,1
4188,IPC_SYN,SYN-01,1,1
4189,SPECIAL_LAW_SYN,SYN-03,1,1
4190,SPECIAL_LAW_SYN,SYN-03,1,1
4191,IPC_SYN,SYN-01,1,1
4192,IPC_SYN,SYN-01,1,1
4193,SPECIAL_LAW_SYN,SYN-03,1,1
4194,IPC_SYN,SYN-01,1,1
4195,IPC_SYN,SYN-01,1,1
4196,IT_ACT_SYN,SYN-02,1,1
4197,SPECIAL_LAW_SYN,SYN-03,1,1
4198,IT_ACT_SYN,SYN-02,1,1
4199,IPC_SYN,SYN-01,1,1
4200,IT_ACT_SYN,SYN-02,1,1
4201,IT_ACT_SYN,SYN-02,1,1
4202,IPC_SYN,SYN-01,1,1
4203,IT_ACT_SYN,SYN-02,1,1
4204,SPECIAL_LAW_SYN,SYN-03,1,1
4205,IT_ACT_SYN,SYN-02,1,1
4206,IPC_SYN,SYN-01,1,1
4207,IT_ACT_SYN,SYN-02,1,1
4208,SPECIAL_LAW_SYN,SYN-03,1,1
4209,SPECIAL_LAW_SYN,SYN-03,1,1
4210,IPC_SYN,SYN-01,1,1
4211,IPC_SYN,SYN-01,1,1
4212,IPC_SYN,SYN-01,1,1
4213,IPC_SYN,SYN-01,1,1
4214,IT_ACT_SYN,SYN-02,1,1
4215,SPECIAL_LAW_SYN,SYN-03,1,1
4216,IPC_SYN,SYN-01,1,1
4217,IPC_SYN,SYN-01,1,1
4218,SPECIAL_LAW_SYN,SYN-03,1,1
4219,SPECIAL_LAW_SYN,SYN-03,1,1
4220,IPC_SYN,SYN-01,1,1
4221,IPC_SYN,SYN-01,1,1
4222,SPECIAL_LAW_SYN,SYN-03,1,1
4223,SPECIAL_LAW_SYN,SYN-03,1,1
4224,IPC_SYN,SYN-01,1,1
4225,IT_ACT_SYN,SYN-02,1,1
4226,IPC_SYN,SYN-01,1,1
4227,IPC_SYN,SYN-01,1,1
4228,SPECIAL_LAW_SYN,SYN-03,1,1
4229,IPC_SYN,SYN-01,1,1
4230,SPECIAL_LAW_SYN,SYN-03,1,1
4231,IPC_SYN,SYN-01,1,1
4232,IPC_SYN,SYN-01,1,1
4233,IPC_SYN,SYN-01,1,1
4234,SPECIAL_LAW_SYN,SYN-03,1,1
4235,SPECIAL_LAW_SYN,SYN-03,1,1
4236,IPC_SYN,SYN-01,1,1
4237,IPC_SYN,SYN-01,1,1
4238,SPECIAL_LAW_SYN,SYN-03,1,1
4239,IPC_SYN,SYN-01,1,1
4240,SPECIAL_LAW_SYN,SYN-03,1,1
4241,SPECIAL_LAW_SYN,SYN-03,1,1
4242,IPC_SYN,SYN-01,1,1
4243,IPC_SYN,SYN-01,1,1
4244,SPECIAL_LAW_SYN,SYN-03,1,1
4245,SPECIAL_LAW_SYN,SYN-03,1,1
4246,IPC_SYN,SYN-01,1,1
4247,IPC_SYN,SYN-01,1,1
4248,SPECIAL_LAW_SYN,SYN-03,1,1
4249,IPC_SYN,SYN-01,1,1
4250,SPECIAL_LAW_SYN,SYN-03,1,1
4251,IPC_SYN,SYN-01,1,1
4252,IPC_SYN,SYN-01,1,1
4253,IPC_SYN,SYN-01,1,1
4254,IPC_SYN,SYN-01,1,1
4255,SPECIAL_LAW_SYN,SYN-03,1,1
4256,IPC_SYN,SYN-01,1,1
4257,SPECIAL_LAW_SYN,SYN-03,1,1
4258,IPC_SYN,SYN-01,1,1
4259,IPC_SYN,SYN-01,1,1
4260,IPC_SYN,SYN-01,1,1
4261,IT_ACT_SYN,SYN-02,1,1
4262,SPECIAL_LAW_SYN,SYN-03,1,1
4263,IPC_SYN,SYN-01,1,1
4264,IT_ACT_SYN,SYN-02,1,1
4265,SPECIAL_LAW_SYN,SYN-03,1,1
4266,IPC_SYN,SYN-01,1,1
4267,IPC_SYN,SYN-01,1,1
4268,IPC_SYN,SYN-01,1,1
4269,IT_ACT_SYN,SYN-02,1,1
4270,SPECIAL_LAW_SYN,SYN-03,1,1
4271,SPECIAL_LAW_SYN,SYN-03,1,1
4272,IPC_SYN,SYN-01,1,1
4273,IT_ACT_SYN,SYN-02,1,1
4274,IPC_SYN,SYN-01,1,1
4275,SPECIAL_LAW_SYN,SYN-03,1,1
4276,IPC_SYN,SYN-01,1,1
4277,SPECIAL_LAW_SYN,SYN-03,1,1
4278,SPECIAL_LAW_SYN,SYN-03,1,1
4279,SPECIAL_LAW_SYN,SYN-03,1,1
4280,IPC_SYN,SYN-01,1,1
4281,SPECIAL_LAW_SYN,SYN-03,1,1
4282,IPC_SYN,SYN-01,1,1
4283,IPC_SYN,SYN-01,1,1
4284,IPC_SYN,SYN-01,1,1
4285,IPC_SYN,SYN-01,1,1
4286,IPC_SYN,SYN-01,1,1
4287,IPC_SYN,SYN-01,1,1
4288,SPECIAL_LAW_SYN,SYN-03,1,1
4289,IPC_SYN,SYN-01,1,1
4290,IT_ACT_SYN,SYN-02,1,1
4291,SPECIAL_LAW_SYN,SYN-03,1,1
4292,IPC_SYN,SYN-01,1,1
4293,SPECIAL_LAW_SYN,SYN-03,1,1
4294,IT_ACT_SYN,SYN-02,1,1
4295,IPC_SYN,SYN-01,1,1
4296,IPC_SYN,SYN-01,1,1
4297,SPECIAL_LAW_SYN,SYN-03,1,1
4298,SPECIAL_LAW_SYN,SYN-03,1,1
4299,SPECIAL_LAW_SYN,SYN-03,1,1
4300,SPECIAL_LAW_SYN,SYN-03,1,1
4301,IT_ACT_SYN,SYN-02,1,1
4302,IPC_SYN,SYN-01,1,1
4303,IT_ACT_SYN,SYN-02,1,1
4304,IPC_SYN,SYN-01,1,1
4305,IPC_SYN,SYN-01,1,1
4306,IPC_SYN,SYN-01,1,1
4307,IPC_SYN,SYN-01,1,1
4308,IPC_SYN,SYN-01,1,1
4309,IPC_SYN,SYN-01,1,1
4310,IPC_SYN,SYN-01,1,1
4311,SPECIAL_LAW_SYN,SYN-03,1,1
4312,SPECIAL_LAW_SYN,SYN-03,1,1
4313,IPC_SYN,SYN-01,1,1
4314,SPECIAL_LAW_SYN,SYN-03,1,1
4315,IPC_SYN,SYN-01,1,1
4316,IPC_SYN,SYN-01,1,1
4317,IPC_SYN,SYN-01,1,1
4318,IPC_SYN,SYN-01,1,1
4319,SPECIAL_LAW_SYN,SYN-03,1,1
4320,IPC_SYN,SYN-01,1,1
4321,SPECIAL_LAW_SYN,SYN-03,1,1
4322,SPECIAL_LAW_SYN,SYN-03,1,1
4323,IPC_SYN,SYN-01,1,1
4324,SPECIAL_LAW_SYN,SYN-03,1,1
4325,SPECIAL_LAW_SYN,SYN-03,1,1
4326,IPC_SYN,SYN-01,1,1
4327,IPC_SYN,SYN-01,1,1
4328,IPC_SYN,SYN-01,1,1
4329,IPC_SYN,SYN-01,1,1
4330,IPC_SYN,SYN-01,1,1
4331,IPC_SYN,SYN-01,1,1
4332,SPECIAL_LAW_SYN,SYN-03,1,1
4333,IPC_SYN,SYN-01,1,1
4334,IPC_SYN,SYN-01,1,1
4335,IPC_SYN,SYN-01,1,1
4336,SPECIAL_LAW_SYN,SYN-03,1,1
4337,IPC_SYN,SYN-01,1,1
4338,IPC_SYN,SYN-01,1,1
4339,IT_ACT_SYN,SYN-02,1,1
4340,SPECIAL_LAW_SYN,SYN-03,1,1
4341,SPECIAL_LAW_SYN,SYN-03,1,1
4342,IPC_SYN,SYN-01,1,1
4343,IT_ACT_SYN,SYN-02,1,1
4344,IPC_SYN,SYN-01,1,1
4345,IPC_SYN,SYN-01,1,1
4346,IT_ACT_SYN,SYN-02,1,1
4347,IPC_SYN,SYN-01,1,1
4348,SPECIAL_LAW_SYN,SYN-03,1,1
4349,IT_ACT_SYN,SYN-02,1,1
4350,IPC_SYN,SYN-01,1,1
4351,IPC_SYN,SYN-01,1,1
4352,IPC_SYN,SYN-01,1,1
4353,IPC_SYN,SYN-01,1,1
4354,IPC_SYN,SYN-01,1,1
4355,SPECIAL_LAW_SYN,SYN-03,1,1
4356,IPC_SYN,SYN-01,1,1
4357,IPC_SYN,SYN-01,1,1
4358,SPECIAL_LAW_SYN,SYN-03,1,1
4359,SPECIAL_LAW_SYN,SYN-03,1,1
4360,SPECIAL_LAW_SYN,SYN-03,1,1
4361,IPC_SYN,SYN-01,1,1
4362,IPC_SYN,SYN-01,1,1
4363,IPC_SYN,SYN-01,1,1
4364,IPC_SYN,SYN-01,1,1
4365,IPC_SYN,SYN-01,1,1
4366,IPC_SYN,SYN-01,1,1
4367,SPECIAL_LAW_SYN,SYN-03,1,1
4368,IPC_SYN,SYN-01,1,1
4369,SPECIAL_LAW_SYN,SYN-03,1,1
4370,IPC_SYN,SYN-01,1,1
4371,SPECIAL_LAW_SYN,SYN-03,1,1
4372,IPC_SYN,SYN-01,1,1
4373,IPC_SYN,SYN-01,1,1
4374,SPECIAL_LAW_SYN,SYN-03,1,1
4375,IPC_SYN,SYN-01,1,1
4376,IPC_SYN,SYN-01,1,1
4377,IPC_SYN,SYN-01,1,1
4378,SPECIAL_LAW_SYN,SYN-03,1,1
4379,SPECIAL_LAW_SYN,SYN-03,1,1
4380,SPECIAL_LAW_SYN,SYN-03,1,1
4381,SPECIAL_LAW_SYN,SYN-03,1,1
4382,IPC_SYN,SYN-01,1,1
4383,IPC_SYN,SYN-01,1,1
4384,IPC_SYN,SYN-01,1,1
4385,IPC_SYN,SYN-01,1,1
4386,SPECIAL_LAW_SYN,SYN-03,1,1
4387,SPECIAL_LAW_SYN,SYN-03,1,1
4388,IT_ACT_SYN,SYN-02,1,1
4389,SPECIAL_LAW_SYN,SYN-03,1,1
4390,IPC_SYN,SYN-01,1,1
4391,IPC_SYN,SYN-01,1,1
4392,IPC_SYN,SYN-01,1,1
4393,IPC_SYN,SYN-01,1,1
4394,IPC_SYN,SYN-01,1,1
4395,SPECIAL_LAW_SYN,SYN-03,1,1
4396,IPC_SYN,SYN-01,1,1
4397,SPECIAL_LAW_SYN,SYN-03,1,1
4398,IT_ACT_SYN,SYN-02,1,1
4399,IPC_SYN,SYN-01,1,1
4400,IPC_SYN,SYN-01,1,1
4401,IPC_SYN,SYN-01,1,1
4402,IPC_SYN,SYN-01,1,1
4403,SPECIAL_LAW_SYN,SYN-03,1,1
4404,IPC_SYN,SYN-01,1,1
4405,SPECIAL_LAW_SYN,SYN-03,1,1
4406,IPC_SYN,SYN-01,1,1
4407,SPECIAL_LAW_SYN,SYN-03,1,1
4408,IPC_SYN,SYN-01,1,1
4409,SPECIAL_LAW_SYN,SYN-03,1,1
4410,IT_ACT_SYN,SYN-02,1,1
4411,IT_ACT_SYN,SYN-02,1,1
4412,IPC_SYN,SYN-01,1,1
4413,SPECIAL_LAW_SYN,SYN-03,1,1
4414,IPC_SYN,SYN-01,1,1
4415,IPC_SYN,SYN-01,1,1
4416,IPC_SYN,SYN-01,1,1
4417,IPC_SYN,SYN-01,1,1
4418,IPC_SYN,SYN-01,1,1
4419,IT_ACT_SYN,SYN-02,1,1
4420,IPC_SYN,SYN-01,1,1
4421,SPECIAL_LAW_SYN,SYN-03,1,1
4422,IPC_SYN,SYN-01,1,1
4423,SPECIAL_LAW_SYN,SYN-03,1,1
4424,SPECIAL_LAW_SYN,SYN-03,1,1
4425,IPC_SYN,SYN-01,1,1
4426,IT_ACT_SYN,SYN-02,1,1
4427,IPC_SYN,SYN-01,1,1
4428,IT_ACT_SYN,SYN-02,1,1
4429,IPC_SYN,SYN-01,1,1
4430,IPC_SYN,SYN-01,1,1
4431,IT_ACT_SYN,SYN-02,1,1
4432,IPC_SYN,SYN-01,1,1
4433,IT_ACT_SYN,SYN-02,1,1
4434,IPC_SYN,SYN-01,1,1
4435,IPC_SYN,SYN-01,1,1
4436,IPC_SYN,SYN-01,1,1
4437,IPC_SYN,SYN-01,1,1
4438,IPC_SYN,SYN-01,1,1
4439,IPC_SYN,SYN-01,1,1
4440,IPC_SYN,SYN-01,1,1
4441,IPC_SYN,SYN-01,1,1
4442,IPC_SYN,SYN-01,1,1
4443,IPC_SYN,SYN-01,1,1
4444,IPC_SYN,SYN-01,1,1
4445,IPC_SYN,SYN-01,1,1
4446,IT_ACT_SYN,SYN-02,1,1
4447,IPC_SYN,SYN-01,1,1
4448,IPC_SYN,SYN-01,1,1
4449,IPC_SYN,SYN-01,1,1
4450,IPC_SYN,SYN-01,1,1
4451,IT_ACT_SYN,SYN-02,1,1
4452,IPC_SYN,SYN-01,1,1
4453,IT_ACT_SYN,SYN-02,1,1
4454,IT_ACT_SYN,SYN-02,1,1
4455,IPC_SYN,SYN-01,1,1
4456,IPC_SYN,SYN-01,1,1
4457,IPC_SYN,SYN-01,1,1
4458,IPC_SYN,SYN-01,1,1
4459,SPECIAL_LAW_SYN,SYN-03,1,1
4460,IPC_SYN,SYN-01,1,1
4461,SPECIAL_LAW_SYN,SYN-03,1,1
4462,IPC_SYN,SYN-01,1,1
4463,IPC_SYN,SYN-01,1,1
4464,SPECIAL_LAW_SYN,SYN-03,1,1
4465,SPECIAL_LAW_SYN,SYN-03,1,1
4466,IPC_SYN,SYN-01,1,1
4467,IPC_SYN,SYN-01,1,1
4468,IPC_SYN,SYN-01,1,1
4469,IPC_SYN,SYN-01,1,1
4470,IT_ACT_SYN,SYN-02,1,1
4471,IPC_SYN,SYN-01,1,1
4472,IPC_SYN,SYN-01,1,1
4473,SPECIAL_LAW_SYN,SYN-03,1,1
4474,IPC_SYN,SYN-01,1,1
4475,IPC_SYN,SYN-01,1,1
4476,IT_ACT_SYN,SYN-02,1,1
4477,SPECIAL_LAW_SYN,SYN-03,1,1
4478,SPECIAL_LAW_SYN,SYN-03,1,1
4479,IT_ACT_SYN,SYN-02,1,1
4480,IPC_SYN,SYN-01,1,1
4481,IPC_SYN,SYN-01,1,1
4482,IPC_SYN,SYN-01,1,1
4483,IPC_SYN,SYN-01,1,1
4484,SPECIAL_LAW_SYN,SYN-03,1,1
4485,IPC_SYN,SYN-01,1,1
4486,SPECIAL_LAW_SYN,SYN-03,1,1
4487,SPECIAL_LAW_SYN,SYN-03,1,1
4488,IPC_SYN,SYN-01,1,1
4489,SPECIAL_LAW_SYN,SYN-03,1,1
4490,IPC_SYN,SYN-01,1,1
4491,IPC_SYN,SYN-01,1,1
4492,SPECIAL_LAW_SYN,SYN-03,1,1
4493,IPC_SYN,SYN-01,1,1
4494,IPC_SYN,SYN-01,1,1
4495,IT_ACT_SYN,SYN-02,1,1
4496,IPC_SYN,SYN-01,1,1
4497,IPC_SYN,SYN-01,1,1
4498,IPC_SYN,SYN-01,1,1
4499,IPC_SYN,SYN-01,1,1
4500,IPC_SYN,SYN-01,1,1
4501,SPECIAL_LAW_SYN,SYN-03,1,1
4502,IPC_SYN,SYN-01,1,1
4503,IPC_SYN,SYN-01,1,1
4504,IPC_SYN,SYN-01,1,1
4505,IPC_SYN,SYN-01,1,1
4506,IT_ACT_SYN,SYN-02,1,1
4507,IPC_SYN,SYN-01,1,1
4508,IPC_SYN,SYN-01,1,1
4509,IPC_SYN,SYN-01,1,1
4510,SPECIAL_LAW_SYN,SYN-03,1,1
4511,SPECIAL_LAW_SYN,SYN-03,1,1
4512,IT_ACT_SYN,SYN-02,1,1
4513,SPECIAL_LAW_SYN,SYN-03,1,1
4514,IT_ACT_SYN,SYN-02,1,1
4515,IT_ACT_SYN,SYN-02,1,1
4516,SPECIAL_LAW_SYN,SYN-03,1,1
4517,SPECIAL_LAW_SYN,SYN-03,1,1
4518,IPC_SYN,SYN-01,1,1
4519,SPECIAL_LAW_SYN,SYN-03,1,1
4520,IT_ACT_SYN,SYN-02,1,1
4521,IPC_SYN,SYN-01,1,1
4522,SPECIAL_LAW_SYN,SYN-03,1,1
4523,SPECIAL_LAW_SYN,SYN-03,1,1
4524,IPC_SYN,SYN-01,1,1
4525,SPECIAL_LAW_SYN,SYN-03,1,1
4526,IPC_SYN,SYN-01,1,1
4527,SPECIAL_LAW_SYN,SYN-03,1,1
4528,IPC_SYN,SYN-01,1,1
4529,IT_ACT_SYN,SYN-02,1,1
4530,IPC_SYN,SYN-01,1,1
4531,IPC_SYN,SYN-01,1,1
4532,IPC_SYN,SYN-01,1,1
4533,SPECIAL_LAW_SYN,SYN-03,1,1
4534,IPC_SYN,SYN-01,1,1
4535,IT_ACT_SYN,SYN-02,1,1
4536,IPC_SYN,SYN-01,1,1
4537,IPC_SYN,SYN-01,1,1
4538,IPC_SYN,SYN-01,1,1
4539,IPC_SYN,SYN-01,1,1
4540,SPECIAL_LAW_SYN,SYN-03,1,1
4541,IPC_SYN,SYN-01,1,1
4542,SPECIAL_LAW_SYN,SYN-03,1,1
4543,IPC_SYN,SYN-01,1,1
4544,IPC_SYN,SYN-01,1,1
4545,SPECIAL_LAW_SYN,SYN-03,1,1
4546,SPECIAL_LAW_SYN,SYN-03,1,1
4547,IPC_SYN,SYN-01,1,1
4548,IPC_SYN,SYN-01,1,1
4549,SPECIAL_LAW_SYN,SYN-03,1,1
4550,SPECIAL_LAW_SYN,SYN-03,1,1
4551,SPECIAL_LAW_SYN,SYN-03,1,1
4552,IPC_SYN,SYN-01,1,1
4553,IPC_SYN,SYN-01,1,1
4554,IPC_SYN,SYN-01,1,1
4555,IT_ACT_SYN,SYN-02,1,1
4556,SPECIAL_LAW_SYN,SYN-03,1,1
4557,SPECIAL_LAW_SYN,SYN-03,1,1
4558,IPC_SYN,SYN-01,1,1
4559,IT_ACT_SYN,SYN-02,1,1
4560,IPC_SYN,SYN-01,1,1
4561,IPC_SYN,SYN-01,1,1
4562,SPECIAL_LAW_SYN,SYN-03,1,1
4563,SPECIAL_LAW_SYN,SYN-03,1,1
4564,IT_ACT_SYN,SYN-02,1,1
4565,IPC_SYN,SYN-01,1,1
4566,SPECIAL_LAW_SYN,SYN-03,1,1
4567,SPECIAL_LAW_SYN,SYN-03,1,1
4568,IPC_SYN,SYN-01,1,1
4569,IPC_SYN,SYN-01,1,1
4570,IPC_SYN,SYN-01,1,1
4571,IPC_SYN,SYN-01,1,1
4572,IPC_SYN,SYN-01,1,1
4573,SPECIAL_LAW_SYN,SYN-03,1,1
4574,IPC_SYN,SYN-01,1,1
4575,IPC_SYN,SYN-01,1,1
4576,IPC_SYN,SYN-01,1,1
4577,IT_ACT_SYN,SYN-02,1,1
4578,IPC_SYN,SYN-01,1,1
4579,IPC_SYN,SYN-01,1,1
4580,IPC_SYN,SYN-01,1,1
4581,IPC_SYN,SYN-01,1,1
4582,SPECIAL_LAW_SYN,SYN-03,1,1
4583,IPC_SYN,SYN-01,1,1
4584,SPECIAL_LAW_SYN,SYN-03,1,1
4585,IPC_SYN,SYN-01,1,1
4586,IPC_SYN,SYN-01,1,1
4587,IPC_SYN,SYN-01,1,1
4588,SPECIAL_LAW_SYN,SYN-03,1,1
4589,SPECIAL_LAW_SYN,SYN-03,1,1
4590,IPC_SYN,SYN-01,1,1
4591,SPECIAL_LAW_SYN,SYN-03,1,1
4592,IPC_SYN,SYN-01,1,1
4593,IPC_SYN,SYN-01,1,1
4594,IPC_SYN,SYN-01,1,1
4595,SPECIAL_LAW_SYN,SYN-03,1,1
4596,IPC_SYN,SYN-01,1,1
4597,IPC_SYN,SYN-01,1,1
4598,IPC_SYN,SYN-01,1,1
4599,IPC_SYN,SYN-01,1,1
4600,IPC_SYN,SYN-01,1,1
4601,SPECIAL_LAW_SYN,SYN-03,1,1
4602,IPC_SYN,SYN-01,1,1
4603,IT_ACT_SYN,SYN-02,1,1
4604,IPC_SYN,SYN-01,1,1
4605,IT_ACT_SYN,SYN-02,1,1
4606,IPC_SYN,SYN-01,1,1
4607,IPC_SYN,SYN-01,1,1
4608,IPC_SYN,SYN-01,1,1
4609,IT_ACT_SYN,SYN-02,1,1
4610,SPECIAL_LAW_SYN,SYN-03,1,1
4611,IT_ACT_SYN,SYN-02,1,1
4612,IPC_SYN,SYN-01,1,1
4613,IPC_SYN,SYN-01,1,1
4614,IPC_SYN,SYN-01,1,1
4615,IPC_SYN,SYN-01,1,1
4616,SPECIAL_LAW_SYN,SYN-03,1,1
4617,IPC_SYN,SYN-01,1,1
4618,IPC_SYN,SYN-01,1,1
4619,IT_ACT_SYN,SYN-02,1,1
4620,IT_ACT_SYN,SYN-02,1,1
4621,IPC_SYN,SYN-01,1,1
4622,IPC_SYN,SYN-01,1,1
4623,IPC_SYN,SYN-01,1,1
4624,IPC_SYN,SYN-01,1,1
4625,IPC_SYN,SYN-01,1,1
4626,SPECIAL_LAW_SYN,SYN-03,1,1
4627,IPC_SYN,SYN-01,1,1
4628,SPECIAL_LAW_SYN,SYN-03,1,1
4629,SPECIAL_LAW_SYN,SYN-03,1,1
4630,IPC_SYN,SYN-01,1,1
4631,IPC_SYN,SYN-01,1,1
4632,SPECIAL_LAW_SYN,SYN-03,1,1
4633,IT_ACT_SYN,SYN-02,1,1
4634,IPC_SYN,SYN-01,1,1
4635,IPC_SYN,SYN-01,1,1
4636,IPC_SYN,SYN-01,1,1
4637,SPECIAL_LAW_SYN,SYN-03,1,1
4638,SPECIAL_LAW_SYN,SYN-03,1,1
4639,IPC_SYN,SYN-01,1,1
4640,IPC_SYN,SYN-01,1,1
4641,IPC_SYN,SYN-01,1,1
4642,IPC_SYN,SYN-01,1,1
4643,SPECIAL_LAW_SYN,SYN-03,1,1
4644,IPC_SYN,SYN-01,1,1
4645,IPC_SYN,SYN-01,1,1
4646,SPECIAL_LAW_SYN,SYN-03,1,1
4647,IPC_SYN,SYN-01,1,1
4648,IPC_SYN,SYN-01,1,1
4649,SPECIAL_LAW_SYN,SYN-03,1,1
4650,SPECIAL_LAW_SYN,SYN-03,1,1
4651,IPC_SYN,SYN-01,1,1
4652,IPC_SYN,SYN-01,1,1
4653,IPC_SYN,SYN-01,1,1
4654,IPC_SYN,SYN-01,1,1
4655,SPECIAL_LAW_SYN,SYN-03,1,1
4656,SPECIAL_LAW_SYN,SYN-03,1,1
4657,IPC_SYN,SYN-01,1,1
4658,IT_ACT_SYN,SYN-02,1,1
4659,IPC_SYN,SYN-01,1,1
4660,SPECIAL_LAW_SYN,SYN-03,1,1
4661,IPC_SYN,SYN-01,1,1
4662,IPC_SYN,SYN-01,1,1
4663,IPC_SYN,SYN-01,1,1
4664,SPECIAL_LAW_SYN,SYN-03,1,1
4665,IPC_SYN,SYN-01,1,1
4666,SPECIAL_LAW_SYN,SYN-03,1,1
4667,IPC_SYN,SYN-01,1,1
4668,IPC_SYN,SYN-01,1,1
4669,SPECIAL_LAW_SYN,SYN-03,1,1
4670,IT_ACT_SYN,SYN-02,1,1
4671,IPC_SYN,SYN-01,1,1
4672,IPC_SYN,SYN-01,1,1
4673,IT_ACT_SYN,SYN-02,1,1
4674,IPC_SYN,SYN-01,1,1
4675,SPECIAL_LAW_SYN,SYN-03,1,1
4676,IPC_SYN,SYN-01,1,1
4677,SPECIAL_LAW_SYN,SYN-03,1,1
4678,IPC_SYN,SYN-01,1,1
4679,IPC_SYN,SYN-01,1,1
4680,IT_ACT_SYN,SYN-02,1,1
4681,SPECIAL_LAW_SYN,SYN-03,1,1
4682,IPC_SYN,SYN-01,1,1
4683,IPC_SYN,SYN-01,1,1
4684,IPC_SYN,SYN-01,1,1
4685,SPECIAL_LAW_SYN,SYN-03,1,1
4686,IPC_SYN,SYN-01,1,1
4687,IPC_SYN,SYN-01,1,1
4688,SPECIAL_LAW_SYN,SYN-03,1,1
4689,IPC_SYN,SYN-01,1,1
4690,SPECIAL_LAW_SYN,SYN-03,1,1
4691,SPECIAL_LAW_SYN,SYN-03,1,1
4692,IPC_SYN,SYN-01,1,1
4693,IPC_SYN,SYN-01,1,1
4694,IPC_SYN,SYN-01,1,1
4695,IPC_SYN,SYN-01,1,1
4696,IPC_SYN,SYN-01,1,1
4697,IT_ACT_SYN,SYN-02,1,1
4698,IPC_SYN,SYN-01,1,1
4699,SPECIAL_LAW_SYN,SYN-03,1,1
4700,IPC_SYN,SYN-01,1,1
4701,SPECIAL_LAW_SYN,SYN-03,1,1
4702,SPECIAL_LAW_SYN,SYN-03,1,1
4703,IT_ACT_SYN,SYN-02,1,1
4704,IPC_SYN,SYN-01,1,1
4705,IPC_SYN,SYN-01,1,1
4706,IPC_SYN,SYN-01,1,1
4707,IPC_SYN,SYN-01,1,1
4708,IPC_SYN,SYN-01,1,1
4709,IPC_SYN,SYN-01,1,1
4710,IPC_SYN,SYN-01,1,1
4711,IPC_SYN,SYN-01,1,1
4712,SPECIAL_LAW_SYN,SYN-03,1,1
4713,IT_ACT_SYN,SYN-02,1,1
4714,SPECIAL_LAW_SYN,SYN-03,1,1
4715,IPC_SYN,SYN-01,1,1
4716,IPC_SYN,SYN-01,1,1
4717,IPC_SYN,SYN-01,1,1
4718,SPECIAL_LAW_SYN,SYN-03,1,1
4719,IPC_SYN,SYN-01,1,1
4720,SPECIAL_LAW_SYN,SYN-03,1,1
4721,IT_ACT_SYN,SYN-02,1,1
4722,IPC_SYN,SYN-01,1,1
4723,IPC_SYN,SYN-01,1,1
4724,IPC_SYN,SYN-01,1,1
4725,IPC_SYN,SYN-01,1,1
4726,SPECIAL_LAW_SYN,SYN-03,1,1
4727,IPC_SYN,SYN-01,1,1
4728,IPC_SYN,SYN-01,1,1
4729,SPECIAL_LAW_SYN,SYN-03,1,1
4730,IPC_SYN,SYN-01,1,1
4731,IPC_SYN,SYN-01,1,1
4732,SPECIAL_LAW_SYN,SYN-03,1,1
4733,IPC_SYN,SYN-01,1,1
4734,SPECIAL_LAW_SYN,SYN-03,1,1
4735,IPC_SYN,SYN-01,1,1
4736,IPC_SYN,SYN-01,1,1
4737,IPC_SYN,SYN-01,1,1
4738,SPECIAL_LAW_SYN,SYN-03,1,1
4739,IPC_SYN,SYN-01,1,1
4740,IPC_SYN,SYN-01,1,1
4741,IPC_SYN,SYN-01,1,1
4742,SPECIAL_LAW_SYN,SYN-03,1,1
4743,IPC_SYN,SYN-01,1,1
4744,IPC_SYN,SYN-01,1,1
4745,IPC_SYN,SYN-01,1,1
4746,IT_ACT_SYN,SYN-02,1,1
4747,IPC_SYN,SYN-01,1,1
4748,IPC_SYN,SYN-01,1,1
4749,IPC_SYN,SYN-01,1,1
4750,IPC_SYN,SYN-01,1,1
4751,IPC_SYN,SYN-01,1,1
4752,IPC_SYN,SYN-01,1,1
4753,IT_ACT_SYN,SYN-02,1,1
4754,IPC_SYN,SYN-01,1,1
4755,IT_ACT_SYN,SYN-02,1,1
4756,IPC_SYN,SYN-01,1,1
4757,IT_ACT_SYN,SYN-02,1,1
4758,SPECIAL_LAW_SYN,SYN-03,1,1
4759,SPECIAL_LAW_SYN,SYN-03,1,1
4760,IPC_SYN,SYN-01,1,1
4761,IPC_SYN,SYN-01,1,1
4762,SPECIAL_LAW_SYN,SYN-03,1,1
4763,SPECIAL_LAW_SYN,SYN-03,1,1
4764,IT_ACT_SYN,SYN-02,1,1
4765,IPC_SYN,SYN-01,1,1
4766,IT_ACT_SYN,SYN-02,1,1
4767,IPC_SYN,SYN-01,1,1
4768,IT_ACT_SYN,SYN-02,1,1
4769,IPC_SYN,SYN-01,1,1
4770,IPC_SYN,SYN-01,1,1
4771,IT_ACT_SYN,SYN-02,1,1
4772,IPC_SYN,SYN-01,1,1
4773,IPC_SYN,SYN-01,1,1
4774,IPC_SYN,SYN-01,1,1
4775,IT_ACT_SYN,SYN-02,1,1
4776,SPECIAL_LAW_SYN,SYN-03,1,1
4777,IT_ACT_SYN,SYN-02,1,1
4778,IPC_SYN,SYN-01,1,1
4779,IPC_SYN,SYN-01,1,1
4780,IPC_SYN,SYN-01,1,1
4781,IPC_SYN,SYN-01,1,1
4782,IPC_SYN,SYN-01,1,1
4783,SPECIAL_LAW_SYN,SYN-03,1,1
4784,IPC_SYN,SYN-01,1,1
4785,IPC_SYN,SYN-01,1,1
4786,SPECIAL_LAW_SYN,SYN-03,1,1
4787,SPECIAL_LAW_SYN,SYN-03,1,1
4788,IT_ACT_SYN,SYN-02,1,1
4789,IPC_SYN,SYN-01,1,1
4790,SPECIAL_LAW_SYN,SYN-03,1,1
4791,IPC_SYN,SYN-01,1,1
4792,IPC_SYN,SYN-01,1,1
4793,IPC_SYN,SYN-01,1,1
4794,IPC_SYN,SYN-01,1,1
4795,IPC_SYN,SYN-01,1,1
4796,SPECIAL_LAW_SYN,SYN-03,1,1
4797,IPC_SYN,SYN-01,1,1
4798,SPECIAL_LAW_SYN,SYN-03,1,1
4799,IT_ACT_SYN,SYN-02,1,1
4800,IPC_SYN,SYN-01,1,1
4801,IPC_SYN,SYN-01,1,1
4802,IPC_SYN,SYN-01,1,1
4803,SPECIAL_LAW_SYN,SYN-03,1,1
4804,SPECIAL_LAW_SYN,SYN-03,1,1
4805,IPC_SYN,SYN-01,1,1
4806,IPC_SYN,SYN-01,1,1
4807,IPC_SYN,SYN-01,1,1
4808,SPECIAL_LAW_SYN,SYN-03,1,1
4809,IPC_SYN,SYN-01,1,1
4810,IT_ACT_SYN,SYN-02,1,1
4811,IPC_SYN,SYN-01,1,1
4812,IPC_SYN,SYN-01,1,1
4813,SPECIAL_LAW_SYN,SYN-03,1,1
4814,IT_ACT_SYN,SYN-02,1,1
4815,SPECIAL_LAW_SYN,SYN-03,1,1
4816,IPC_SYN,SYN-01,1,1
4817,IPC_SYN,SYN-01,1,1
4818,IPC_SYN,SYN-01,1,1
4819,IPC_SYN,SYN-01,1,1
4820,IPC_SYN,SYN-01,1,1
4821,SPECIAL_LAW_SYN,SYN-03,1,1
4822,IPC_SYN,SYN-01,1,1
4823,IPC_SYN,SYN-01,1,1
4824,SPECIAL_LAW_SYN,SYN-03,1,1
4825,SPECIAL_LAW_SYN,SYN-03,1,1
4826,IPC_SYN,SYN-01,1,1
4827,IPC_SYN,SYN-01,1,1
4828,SPECIAL_LAW_SYN,SYN-03,1,1
4829,SPECIAL_LAW_SYN,SYN-03,1,1
4830,IT_ACT_SYN,SYN-02,1,1
4831,IPC_SYN,SYN-01,1,1
4832,SPECIAL_LAW_SYN,SYN-03,1,1
4833,SPECIAL_LAW_SYN,SYN-03,1,1
4834,IPC_SYN,SYN-01,1,1
4835,IPC_SYN,SYN-01,1,1
4836,IT_ACT_SYN,SYN-02,1,1
4837,IPC_SYN,SYN-01,1,1
4838,SPECIAL_LAW_SYN,SYN-03,1,1
4839,IT_ACT_SYN,SYN-02,1,1
4840,IT_ACT_SYN,SYN-02,1,1
4841,SPECIAL_LAW_SYN,SYN-03,1,1
4842,IPC_SYN,SYN-01,1,1
4843,IPC_SYN,SYN-01,1,1
4844,IPC_SYN,SYN-01,1,1
4845,IPC_SYN,SYN-01,1,1
4846,IPC_SYN,SYN-01,1,1
4847,IPC_SYN,SYN-01,1,1
4848,IPC_SYN,SYN-01,1,1
4849,IPC_SYN,SYN-01,1,1
4850,SPECIAL_LAW_SYN,SYN-03,1,1
4851,IPC_SYN,SYN-01,1,1
4852,IT_ACT_SYN,SYN-02,1,1
4853,IPC_SYN,SYN-01,1,1
4854,IPC_SYN,SYN-01,1,1
4855,IPC_SYN,SYN-01,1,1
4856,SPECIAL_LAW_SYN,SYN-03,1,1
4857,SPECIAL_LAW_SYN,SYN-03,1,1
4858,IPC_SYN,SYN-01,1,1
4859,IT_ACT_SYN,SYN-02,1,1
4860,IPC_SYN,SYN-01,1,1
4861,IPC_SYN,SYN-01,1,1
4862,IPC_SYN,SYN-01,1,1
4863,SPECIAL_LAW_SYN,SYN-03,1,1
4864,IPC_SYN,SYN-01,1,1
4865,IPC_SYN,SYN-01,1,1
4866,IPC_SYN,SYN-01,1,1
4867,IPC_SYN,SYN-01,1,1
4868,IPC_SYN,SYN-01,1,1
4869,IT_ACT_SYN,SYN-02,1,1
4870,SPECIAL_LAW_SYN,SYN-03,1,1
4871,IPC_SYN,SYN-01,1,1
4872,IPC_SYN,SYN-01,1,1
4873,SPECIAL_LAW_SYN,SYN-03,1,1
4874,IPC_SYN,SYN-01,1,1
4875,SPECIAL_LAW_SYN,SYN-03,1,1
4876,IPC_SYN,SYN-01,1,1
4877,IT_ACT_SYN,SYN-02,1,1
4878,IPC_SYN,SYN-01,1,1
4879,SPECIAL_LAW_SYN,SYN-03,1,1
4880,IT_ACT_SYN,SYN-02,1,1
4881,IPC_SYN,SYN-01,1,1
4882,IPC_SYN,SYN-01,1,1
4883,SPECIAL_LAW_SYN,SYN-03,1,1
4884,SPECIAL_LAW_SYN,SYN-03,1,1
4885,SPECIAL_LAW_SYN,SYN-03,1,1
4886,SPECIAL_LAW_SYN,SYN-03,1,1
4887,IPC_SYN,SYN-01,1,1
4888,SPECIAL_LAW_SYN,SYN-03,1,1
4889,SPECIAL_LAW_SYN,SYN-03,1,1
4890,IPC_SYN,SYN-01,1,1
4891,SPECIAL_LAW_SYN,SYN-03,1,1
4892,SPECIAL_LAW_SYN,SYN-03,1,1
4893,SPECIAL_LAW_SYN,SYN-03,1,1
4894,IPC_SYN,SYN-01,1,1
4895,IT_ACT_SYN,SYN-02,1,1
4896,IT_ACT_SYN,SYN-02,1,1
4897,IPC_SYN,SYN-01,1,1
4898,SPECIAL_LAW_SYN,SYN-03,1,1
4899,SPECIAL_LAW_SYN,SYN-03,1,1
4900,IPC_SYN,SYN-01,1,1
4901,IT_ACT_SYN,SYN-02,1,1
4902,IPC_SYN,SYN-01,1,1
4903,SPECIAL_LAW_SYN,SYN-03,1,1
4904,IPC_SYN,SYN-01,1,1
4905,IPC_SYN,SYN-01,1,1
4906,IPC_SYN,SYN-01,1,1
4907,IPC_SYN,SYN-01,1,1
4908,SPECIAL_LAW_SYN,SYN-03,1,1
4909,IPC_SYN,SYN-01,1,1
4910,IPC_SYN,SYN-01,1,1
4911,IPC_SYN,SYN-01,1,1
4912,IPC_SYN,SYN-01,1,1
4913,IPC_SYN,SYN-01,1,1
4914,IPC_SYN,SYN-01,1,1
4915,IPC_SYN,SYN-01,1,1
4916,IPC_SYN,SYN-01,1,1
4917,SPECIAL_LAW_SYN,SYN-03,1,1
4918,IPC_SYN,SYN-01,1,1
4919,SPECIAL_LAW_SYN,SYN-03,1,1
4920,IPC_SYN,SYN-01,1,1
4921,IPC_SYN,SYN-01,1,1
4922,IPC_SYN,SYN-01,1,1
4923,IT_ACT_SYN,SYN-02,1,1
4924,IPC_SYN,SYN-01,1,1
4925,IPC_SYN,SYN-01,1,1
4926,IPC_SYN,SYN-01,1,1
4927,IPC_SYN,SYN-01,1,1
4928,SPECIAL_LAW_SYN,SYN-03,1,1
4929,IPC_SYN,SYN-01,1,1
4930,IPC_SYN,SYN-01,1,1
4931,IPC_SYN,SYN-01,1,1
4932,IPC_SYN,SYN-01,1,1
4933,SPECIAL_LAW_SYN,SYN-03,1,1
4934,IPC_SYN,SYN-01,1,1
4935,SPECIAL_LAW_SYN,SYN-03,1,1
4936,SPECIAL_LAW_SYN,SYN-03,1,1
4937,SPECIAL_LAW_SYN,SYN-03,1,1
4938,IT_ACT_SYN,SYN-02,1,1
4939,IPC_SYN,SYN-01,1,1
4940,IPC_SYN,SYN-01,1,1
4941,IPC_SYN,SYN-01,1,1
4942,IPC_SYN,SYN-01,1,1
4943,IPC_SYN,SYN-01,1,1
4944,IPC_SYN,SYN-01,1,1
4945,IT_ACT_SYN,SYN-02,1,1
4946,IPC_SYN,SYN-01,1,1
4947,IPC_SYN,SYN-01,1,1
4948,IPC_SYN,SYN-01,1,1
4949,SPECIAL_LAW_SYN,SYN-03,1,1
4950,IPC_SYN,SYN-01,1,1
4951,SPECIAL_LAW_SYN,SYN-03,1,1
4952,SPECIAL_LAW_SYN,SYN-03,1,1
4953,SPECIAL_LAW_SYN,SYN-03,1,1
4954,IPC_SYN,SYN-01,1,1
4955,IPC_SYN,SYN-01,1,1
4956,IPC_SYN,SYN-01,1,1
4957,IPC_SYN,SYN-01,1,1
4958,SPECIAL_LAW_SYN,SYN-03,1,1
4959,IPC_SYN,SYN-01,1,1
4960,SPECIAL_LAW_SYN,SYN-03,1,1
4961,IPC_SYN,SYN-01,1,1
4962,IPC_SYN,SYN-01,1,1
4963,IT_ACT_SYN,SYN-02,1,1
4964,IPC_SYN,SYN-01,1,1
4965,IPC_SYN,SYN-01,1,1
4966,IPC_SYN,SYN-01,1,1
4967,SPECIAL_LAW_SYN,SYN-03,1,1
4968,IPC_SYN,SYN-01,1,1
4969,SPECIAL_LAW_SYN,SYN-03,1,1
4970,SPECIAL_LAW_SYN,SYN-03,1,1
4971,SPECIAL_LAW_SYN,SYN-03,1,1
4972,IPC_SYN,SYN-01,1,1
4973,IPC_SYN,SYN-01,1,1
4974,IPC_SYN,SYN-01,1,1
4975,SPECIAL_LAW_SYN,SYN-03,1,1
4976,SPECIAL_LAW_SYN,SYN-03,1,1
4977,IPC_SYN,SYN-01,1,1
4978,IPC_SYN,SYN-01,1,1
4979,SPECIAL_LAW_SYN,SYN-03,1,1
4980,IPC_SYN,SYN-01,1,1
4981,IPC_SYN,SYN-01,1,1
4982,SPECIAL_LAW_SYN,SYN-03,1,1
4983,IPC_SYN,SYN-01,1,1
4984,IPC_SYN,SYN-01,1,1
4985,IPC_SYN,SYN-01,1,1
4986,IPC_SYN,SYN-01,1,1
4987,SPECIAL_LAW_SYN,SYN-03,1,1
4988,IPC_SYN,SYN-01,1,1
4989,IT_ACT_SYN,SYN-02,1,1
4990,IPC_SYN,SYN-01,1,1
4991,IPC_SYN,SYN-01,1,1
4992,IPC_SYN,SYN-01,1,1
4993,IPC_SYN,SYN-01,1,1
4994,SPECIAL_LAW_SYN,SYN-03,1,1
4995,SPECIAL_LAW_SYN,SYN-03,1,1
4996,IT_ACT_SYN,SYN-02,1,1
4997,IPC_SYN,SYN-01,1,1
4998,IPC_SYN,SYN-01,1,1
4999,IPC_SYN,SYN-01,1,1
5000,IPC_SYN,SYN-01,1,1
5001,SPECIAL_LAW_SYN,SYN-03,1,1
5002,IPC_SYN,SYN-01,1,1
5003,IPC_SYN,SYN-01,1,1
5004,SPECIAL_LAW_SYN,SYN-03,1,1
5005,SPECIAL_LAW_SYN,SYN-03,1,1
5006,SPECIAL_LAW_SYN,SYN-03,1,1
5007,IPC_SYN,SYN-01,1,1
5008,IPC_SYN,SYN-01,1,1
5009,IPC_SYN,SYN-01,1,1
5010,SPECIAL_LAW_SYN,SYN-03,1,1
5011,IPC_SYN,SYN-01,1,1
5012,IPC_SYN,SYN-01,1,1
5013,IPC_SYN,SYN-01,1,1
5014,IPC_SYN,SYN-01,1,1
5015,IPC_SYN,SYN-01,1,1
5016,IPC_SYN,SYN-01,1,1
5017,IT_ACT_SYN,SYN-02,1,1
5018,IT_ACT_SYN,SYN-02,1,1
5019,SPECIAL_LAW_SYN,SYN-03,1,1
5020,SPECIAL_LAW_SYN,SYN-03,1,1
5021,IPC_SYN,SYN-01,1,1
5022,IPC_SYN,SYN-01,1,1
5023,IPC_SYN,SYN-01,1,1
5024,IPC_SYN,SYN-01,1,1
5025,SPECIAL_LAW_SYN,SYN-03,1,1
5026,IPC_SYN,SYN-01,1,1
5027,IPC_SYN,SYN-01,1,1
5028,IPC_SYN,SYN-01,1,1
5029,IPC_SYN,SYN-01,1,1
5030,SPECIAL_LAW_SYN,SYN-03,1,1
5031,IPC_SYN,SYN-01,1,1
5032,IPC_SYN,SYN-01,1,1
5033,SPECIAL_LAW_SYN,SYN-03,1,1
5034,IPC_SYN,SYN-01,1,1
5035,IPC_SYN,SYN-01,1,1
5036,SPECIAL_LAW_SYN,SYN-03,1,1
5037,IPC_SYN,SYN-01,1,1
5038,IPC_SYN,SYN-01,1,1
5039,IPC_SYN,SYN-01,1,1
5040,IPC_SYN,SYN-01,1,1
5041,IPC_SYN,SYN-01,1,1
5042,IPC_SYN,SYN-01,1,1
5043,SPECIAL_LAW_SYN,SYN-03,1,1
5044,IPC_SYN,SYN-01,1,1
5045,IPC_SYN,SYN-01,1,1
5046,IPC_SYN,SYN-01,1,1
5047,IPC_SYN,SYN-01,1,1
5048,SPECIAL_LAW_SYN,SYN-03,1,1
5049,IPC_SYN,SYN-01,1,1
5050,SPECIAL_LAW_SYN,SYN-03,1,1
5051,IPC_SYN,SYN-01,1,1
5052,IPC_SYN,SYN-01,1,1
5053,IPC_SYN,SYN-01,1,1
5054,IPC_SYN,SYN-01,1,1
5055,IPC_SYN,SYN-01,1,1
5056,SPECIAL_LAW_SYN,SYN-03,1,1
5057,IPC_SYN,SYN-01,1,1
5058,SPECIAL_LAW_SYN,SYN-03,1,1
5059,IPC_SYN,SYN-01,1,1
5060,SPECIAL_LAW_SYN,SYN-03,1,1
5061,IPC_SYN,SYN-01,1,1
5062,SPECIAL_LAW_SYN,SYN-03,1,1
5063,IPC_SYN,SYN-01,1,1
5064,IPC_SYN,SYN-01,1,1
5065,IT_ACT_SYN,SYN-02,1,1
5066,IPC_SYN,SYN-01,1,1
5067,IPC_SYN,SYN-01,1,1
5068,SPECIAL_LAW_SYN,SYN-03,1,1
5069,IPC_SYN,SYN-01,1,1
5070,SPECIAL_LAW_SYN,SYN-03,1,1
5071,IPC_SYN,SYN-01,1,1
5072,SPECIAL_LAW_SYN,SYN-03,1,1
5073,IPC_SYN,SYN-01,1,1
5074,SPECIAL_LAW_SYN,SYN-03,1,1
5075,IPC_SYN,SYN-01,1,1
5076,IT_ACT_SYN,SYN-02,1,1
5077,SPECIAL_LAW_SYN,SYN-03,1,1
5078,IT_ACT_SYN,SYN-02,1,1
5079,IPC_SYN,SYN-01,1,1
5080,IPC_SYN,SYN-01,1,1
5081,SPECIAL_LAW_SYN,SYN-03,1,1
5082,SPECIAL_LAW_SYN,SYN-03,1,1
5083,IT_ACT_SYN,SYN-02,1,1
5084,IPC_SYN,SYN-01,1,1
5085,IPC_SYN,SYN-01,1,1
5086,SPECIAL_LAW_SYN,SYN-03,1,1
5087,IPC_SYN,SYN-01,1,1
5088,IPC_SYN,SYN-01,1,1
5089,SPECIAL_LAW_SYN,SYN-03,1,1
5090,IPC_SYN,SYN-01,1,1
5091,IT_ACT_SYN,SYN-02,1,1
5092,IPC_SYN,SYN-01,1,1
5093,IPC_SYN,SYN-01,1,1
5094,IT_ACT_SYN,SYN-02,1,1
5095,IPC_SYN,SYN-01,1,1
5096,SPECIAL_LAW_SYN,SYN-03,1,1
5097,SPECIAL_LAW_SYN,SYN-03,1,1
5098,SPECIAL_LAW_SYN,SYN-03,1,1
5099,IPC_SYN,SYN-01,1,1
5100,IPC_SYN,SYN-01,1,1
5101,SPECIAL_LAW_SYN,SYN-03,1,1
5102,SPECIAL_LAW_SYN,SYN-03,1,1
5103,SPECIAL_LAW_SYN,SYN-03,1,1
5104,SPECIAL_LAW_SYN,SYN-03,1,1
5105,IPC_SYN,SYN-01,1,1
5106,IPC_SYN,SYN-01,1,1
5107,IPC_SYN,SYN-01,1,1
5108,IPC_SYN,SYN-01,1,1
5109,IPC_SYN,SYN-01,1,1
5110,IPC_SYN,SYN-01,1,1
5111,SPECIAL_LAW_SYN,SYN-03,1,1
5112,IPC_SYN,SYN-01,1,1
5113,SPECIAL_LAW_SYN,SYN-03,1,1
5114,IT_ACT_SYN,SYN-02,1,1
5115,IPC_SYN,SYN-01,1,1
5116,IPC_SYN,SYN-01,1,1
5117,IPC_SYN,SYN-01,1,1
5118,IPC_SYN,SYN-01,1,1
5119,IPC_SYN,SYN-01,1,1
5120,SPECIAL_LAW_SYN,SYN-03,1,1
5121,IPC_SYN,SYN-01,1,1
5122,IPC_SYN,SYN-01,1,1
5123,IPC_SYN,SYN-01,1,1
5124,SPECIAL_LAW_SYN,SYN-03,1,1
5125,IPC_SYN,SYN-01,1,1
5126,IPC_SYN,SYN-01,1,1
5127,IPC_SYN,SYN-01,1,1
5128,IPC_SYN,SYN-01,1,1
5129,SPECIAL_LAW_SYN,SYN-03,1,1
5130,SPECIAL_LAW_SYN,SYN-03,1,1
5131,SPECIAL_LAW_SYN,SYN-03,1,1
5132,IPC_SYN,SYN-01,1,1
5133,SPECIAL_LAW_SYN,SYN-03,1,1
5134,IPC_SYN,SYN-01,1,1
5135,IPC_SYN,SYN-01,1,1
5136,IPC_SYN,SYN-01,1,1
5137,IT_ACT_SYN,SYN-02,1,1
5138,SPECIAL_LAW_SYN,SYN-03,1,1
5139,IPC_SYN,SYN-01,1,1
5140,IPC_SYN,SYN-01,1,1
5141,IPC_SYN,SYN-01,1,1
5142,SPECIAL_LAW_SYN,SYN-03,1,1
5143,SPECIAL_LAW_SYN,SYN-03,1,1
5144,IPC_SYN,SYN-01,1,1
5145,IPC_SYN,SYN-01,1,1
5146,SPECIAL_LAW_SYN,SYN-03,1,1
5147,IT_ACT_SYN,SYN-02,1,1
5148,IPC_SYN,SYN-01,1,1
5149,IPC_SYN,SYN-01,1,1
5150,IT_ACT_SYN,SYN-02,1,1
5151,IPC_SYN,SYN-01,1,1
5152,SPECIAL_LAW_SYN,SYN-03,1,1
5153,IPC_SYN,SYN-01,1,1
5154,IPC_SYN,SYN-01,1,1
5155,IPC_SYN,SYN-01,1,1
5156,SPECIAL_LAW_SYN,SYN-03,1,1
5157,SPECIAL_LAW_SYN,SYN-03,1,1
5158,IPC_SYN,SYN-01,1,1
5159,IT_ACT_SYN,SYN-02,1,1
5160,SPECIAL_LAW_SYN,SYN-03,1,1
5161,SPECIAL_LAW_SYN,SYN-03,1,1
5162,IPC_SYN,SYN-01,1,1
5163,IPC_SYN,SYN-01,1,1
5164,SPECIAL_LAW_SYN,SYN-03,1,1
5165,IPC_SYN,SYN-01,1,1
5166,SPECIAL_LAW_SYN,SYN-03,1,1
5167,SPECIAL_LAW_SYN,SYN-03,1,1
5168,IT_ACT_SYN,SYN-02,1,1
5169,IPC_SYN,SYN-01,1,1
5170,SPECIAL_LAW_SYN,SYN-03,1,1
5171,IPC_SYN,SYN-01,1,1
5172,SPECIAL_LAW_SYN,SYN-03,1,1
5173,IPC_SYN,SYN-01,1,1
5174,IPC_SYN,SYN-01,1,1
5175,SPECIAL_LAW_SYN,SYN-03,1,1
5176,IPC_SYN,SYN-01,1,1
5177,IPC_SYN,SYN-01,1,1
5178,IT_ACT_SYN,SYN-02,1,1
5179,IPC_SYN,SYN-01,1,1
5180,IPC_SYN,SYN-01,1,1
5181,IPC_SYN,SYN-01,1,1
5182,IPC_SYN,SYN-01,1,1
5183,IPC_SYN,SYN-01,1,1
5184,IPC_SYN,SYN-01,1,1
5185,IPC_SYN,SYN-01,1,1
5186,SPECIAL_LAW_SYN,SYN-03,1,1
5187,SPECIAL_LAW_SYN,SYN-03,1,1
5188,SPECIAL_LAW_SYN,SYN-03,1,1
5189,SPECIAL_LAW_SYN,SYN-03,1,1
5190,IT_ACT_SYN,SYN-02,1,1
5191,IPC_SYN,SYN-01,1,1
5192,IT_ACT_SYN,SYN-02,1,1
5193,IPC_SYN,SYN-01,1,1
5194,IPC_SYN,SYN-01,1,1
5195,IPC_SYN,SYN-01,1,1
5196,SPECIAL_LAW_SYN,SYN-03,1,1
5197,IPC_SYN,SYN-01,1,1
5198,IT_ACT_SYN,SYN-02,1,1
5199,SPECIAL_LAW_SYN,SYN-03,1,1
5200,IPC_SYN,SYN-01,1,1
5201,IPC_SYN,SYN-01,1,1
5202,IPC_SYN,SYN-01,1,1
5203,IPC_SYN,SYN-01,1,1
5204,IPC_SYN,SYN-01,1,1
5205,IT_ACT_SYN,SYN-02,1,1
5206,SPECIAL_LAW_SYN,SYN-03,1,1
5207,SPECIAL_LAW_SYN,SYN-03,1,1
5208,IPC_SYN,SYN-01,1,1
5209,SPECIAL_LAW_SYN,SYN-03,1,1
5210,IPC_SYN,SYN-01,1,1
5211,IPC_SYN,SYN-01,1,1
5212,IPC_SYN,SYN-01,1,1
5213,IT_ACT_SYN,SYN-02,1,1
5214,SPECIAL_LAW_SYN,SYN-03,1,1
5215,IT_ACT_SYN,SYN-02,1,1
5216,IPC_SYN,SYN-01,1,1
5217,IPC_SYN,SYN-01,1,1
5218,IPC_SYN,SYN-01,1,1
5219,IPC_SYN,SYN-01,1,1
5220,IT_ACT_SYN,SYN-02,1,1
5221,SPECIAL_LAW_SYN,SYN-03,1,1
5222,IPC_SYN,SYN-01,1,1
5223,IPC_SYN,SYN-01,1,1
5224,IPC_SYN,SYN-01,1,1
5225,SPECIAL_LAW_SYN,SYN-03,1,1
5226,IPC_SYN,SYN-01,1,1
5227,IT_ACT_SYN,SYN-02,1,1
5228,IPC_SYN,SYN-01,1,1
5229,SPECIAL_LAW_SYN,SYN-03,1,1
5230,IT_ACT_SYN,SYN-02,1,1
5231,IPC_SYN,SYN-01,1,1
5232,SPECIAL_LAW_SYN,SYN-03,1,1
5233,IPC_SYN,SYN-01,1,1
5234,SPECIAL_LAW_SYN,SYN-03,1,1
5235,IPC_SYN,SYN-01,1,1
5236,IPC_SYN,SYN-01,1,1
5237,IPC_SYN,SYN-01,1,1
5238,SPECIAL_LAW_SYN,SYN-03,1,1
5239,SPECIAL_LAW_SYN,SYN-03,1,1
5240,IPC_SYN,SYN-01,1,1
5241,IT_ACT_SYN,SYN-02,1,1
5242,IPC_SYN,SYN-01,1,1
5243,SPECIAL_LAW_SYN,SYN-03,1,1
5244,SPECIAL_LAW_SYN,SYN-03,1,1
5245,IPC_SYN,SYN-01,1,1
5246,IPC_SYN,SYN-01,1,1
5247,IPC_SYN,SYN-01,1,1
5248,IT_ACT_SYN,SYN-02,1,1
5249,IPC_SYN,SYN-01,1,1
5250,IPC_SYN,SYN-01,1,1
5251,SPECIAL_LAW_SYN,SYN-03,1,1
5252,SPECIAL_LAW_SYN,SYN-03,1,1
5253,SPECIAL_LAW_SYN,SYN-03,1,1
5254,IPC_SYN,SYN-01,1,1
5255,IPC_SYN,SYN-01,1,1
5256,IPC_SYN,SYN-01,1,1
5257,SPECIAL_LAW_SYN,SYN-03,1,1
5258,IPC_SYN,SYN-01,1,1
5259,IT_ACT_SYN,SYN-02,1,1
5260,SPECIAL_LAW_SYN,SYN-03,1,1
5261,SPECIAL_LAW_SYN,SYN-03,1,1
5262,IT_ACT_SYN,SYN-02,1,1
5263,IPC_SYN,SYN-01,1,1
5264,IPC_SYN,SYN-01,1,1
5265,IPC_SYN,SYN-01,1,1
5266,IPC_SYN,SYN-01,1,1
5267,IPC_SYN,SYN-01,1,1
5268,IPC_SYN,SYN-01,1,1
5269,IT_ACT_SYN,SYN-02,1,1
5270,IPC_SYN,SYN-01,1,1
5271,IT_ACT_SYN,SYN-02,1,1
5272,IT_ACT_SYN,SYN-02,1,1
5273,IT_ACT_SYN,SYN-02,1,1
5274,SPECIAL_LAW_SYN,SYN-03,1,1
5275,SPECIAL_LAW_SYN,SYN-03,1,1
5276,SPECIAL_LAW_SYN,SYN-03,1,1
5277,IPC_SYN,SYN-01,1,1
5278,SPECIAL_LAW_SYN,SYN-03,1,1
5279,SPECIAL_LAW_SYN,SYN-03,1,1
5280,IPC_SYN,SYN-01,1,1
5281,IPC_SYN,SYN-01,1,1
5282,SPECIAL_LAW_SYN,SYN-03,1,1
5283,SPECIAL_LAW_SYN,SYN-03,1,1
5284,IPC_SYN,SYN-01,1,1
5285,SPECIAL_LAW_SYN,SYN-03,1,1
5286,IPC_SYN,SYN-01,1,1
5287,IPC_SYN,SYN-01,1,1
5288,IPC_SYN,SYN-01,1,1
5289,IT_ACT_SYN,SYN-02,1,1
5290,IPC_SYN,SYN-01,1,1
5291,IPC_SYN,SYN-01,1,1
5292,SPECIAL_LAW_SYN,SYN-03,1,1
5293,IT_ACT_SYN,SYN-02,1,1
5294,IPC_SYN,SYN-01,1,1
5295,SPECIAL_LAW_SYN,SYN-03,1,1
5296,IPC_SYN,SYN-01,1,1
5297,IPC_SYN,SYN-01,1,1
5298,IPC_SYN,SYN-01,1,1
5299,IPC_SYN,SYN-01,1,1
5300,IT_ACT_SYN,SYN-02,1,1
5301,IPC_SYN,SYN-01,1,1
5302,IPC_SYN,SYN-01,1,1
5303,IPC_SYN,SYN-01,1,1
5304,IPC_SYN,SYN-01,1,1
5305,IPC_SYN,SYN-01,1,1
5306,IPC_SYN,SYN-01,1,1
5307,SPECIAL_LAW_SYN,SYN-03,1,1
5308,SPECIAL_LAW_SYN,SYN-03,1,1
5309,IPC_SYN,SYN-01,1,1
5310,SPECIAL_LAW_SYN,SYN-03,1,1
5311,SPECIAL_LAW_SYN,SYN-03,1,1
5312,IPC_SYN,SYN-01,1,1
5313,IT_ACT_SYN,SYN-02,1,1
5314,IPC_SYN,SYN-01,1,1
5315,SPECIAL_LAW_SYN,SYN-03,1,1
5316,SPECIAL_LAW_SYN,SYN-03,1,1
5317,IPC_SYN,SYN-01,1,1
5318,SPECIAL_LAW_SYN,SYN-03,1,1
5319,IPC_SYN,SYN-01,1,1
5320,IPC_SYN,SYN-01,1,1
5321,IPC_SYN,SYN-01,1,1
5322,SPECIAL_LAW_SYN,SYN-03,1,1
5323,IPC_SYN,SYN-01,1,1
5324,IPC_SYN,SYN-01,1,1
5325,IPC_SYN,SYN-01,1,1
5326,IPC_SYN,SYN-01,1,1
5327,IPC_SYN,SYN-01,1,1
5328,IT_ACT_SYN,SYN-02,1,1
5329,IPC_SYN,SYN-01,1,1
5330,IPC_SYN,SYN-01,1,1
5331,SPECIAL_LAW_SYN,SYN-03,1,1
5332,IPC_SYN,SYN-01,1,1
5333,IT_ACT_SYN,SYN-02,1,1
5334,IPC_SYN,SYN-01,1,1
5335,SPECIAL_LAW_SYN,SYN-03,1,1
5336,IT_ACT_SYN,SYN-02,1,1
5337,SPECIAL_LAW_SYN,SYN-03,1,1
5338,IPC_SYN,SYN-01,1,1
5339,IPC_SYN,SYN-01,1,1
5340,SPECIAL_LAW_SYN,SYN-03,1,1
5341,IPC_SYN,SYN-01,1,1
5342,IPC_SYN,SYN-01,1,1
5343,IT_ACT_SYN,SYN-02,1,1
5344,IT_ACT_SYN,SYN-02,1,1
5345,SPECIAL_LAW_SYN,SYN-03,1,1
5346,IT_ACT_SYN,SYN-02,1,1
5347,IPC_SYN,SYN-01,1,1
5348,IPC_SYN,SYN-01,1,1
5349,SPECIAL_LAW_SYN,SYN-03,1,1
5350,IPC_SYN,SYN-01,1,1
5351,IPC_SYN,SYN-01,1,1
5352,IPC_SYN,SYN-01,1,1
5353,IPC_SYN,SYN-01,1,1
5354,IPC_SYN,SYN-01,1,1
5355,IPC_SYN,SYN-01,1,1
5356,IPC_SYN,SYN-01,1,1
5357,IPC_SYN,SYN-01,1,1
5358,SPECIAL_LAW_SYN,SYN-03,1,1
5359,IPC_SYN,SYN-01,1,1
5360,IPC_SYN,SYN-01,1,1
5361,IT_ACT_SYN,SYN-02,1,1
5362,SPECIAL_LAW_SYN,SYN-03,1,1
5363,IPC_SYN,SYN-01,1,1
5364,IT_ACT_SYN,SYN-02,1,1
5365,IT_ACT_SYN,SYN-02,1,1
5366,SPECIAL_LAW_SYN,SYN-03,1,1
5367,SPECIAL_LAW_SYN,SYN-03,1,1
5368,SPECIAL_LAW_SYN,SYN-03,1,1
5369,IPC_SYN,SYN-01,1,1
5370,SPECIAL_LAW_SYN,SYN-03,1,1
5371,IPC_SYN,SYN-01,1,1
5372,IPC_SYN,SYN-01,1,1
5373,IPC_SYN,SYN-01,1,1
5374,IPC_SYN,SYN-01,1,1
5375,IPC_SYN,SYN-01,1,1
5376,IT_ACT_SYN,SYN-02,1,1
5377,SPECIAL_LAW_SYN,SYN-03,1,1
5378,IPC_SYN,SYN-01,1,1
5379,IPC_SYN,SYN-01,1,1
5380,IPC_SYN,SYN-01,1,1
5381,IPC_SYN,SYN-01,1,1
5382,SPECIAL_LAW_SYN,SYN-03,1,1
5383,SPECIAL_LAW_SYN,SYN-03,1,1
5384,IT_ACT_SYN,SYN-02,1,1
5385,IPC_SYN,SYN-01,1,1
5386,IPC_SYN,SYN-01,1,1
5387,IPC_SYN,SYN-01,1,1
5388,IPC_SYN,SYN-01,1,1
5389,IPC_SYN,SYN-01,1,1
5390,IPC_SYN,SYN-01,1,1
5391,IPC_SYN,SYN-01,1,1
5392,IPC_SYN,SYN-01,1,1
5393,IPC_SYN,SYN-01,1,1
5394,SPECIAL_LAW_SYN,SYN-03,1,1
5395,IT_ACT_SYN,SYN-02,1,1
5396,IPC_SYN,SYN-01,1,1
5397,IPC_SYN,SYN-01,1,1
5398,IPC_SYN,SYN-01,1,1
5399,IPC_SYN,SYN-01,1,1
5400,IPC_SYN,SYN-01,1,1
5401,SPECIAL_LAW_SYN,SYN-03,1,1
5402,SPECIAL_LAW_SYN,SYN-03,1,1
5403,IPC_SYN,SYN-01,1,1
5404,IT_ACT_SYN,SYN-02,1,1
5405,IPC_SYN,SYN-01,1,1
5406,IPC_SYN,SYN-01,1,1
5407,IPC_SYN,SYN-01,1,1
5408,IPC_SYN,SYN-01,1,1
5409,IPC_SYN,SYN-01,1,1
5410,SPECIAL_LAW_SYN,SYN-03,1,1
5411,IPC_SYN,SYN-01,1,1
5412,SPECIAL_LAW_SYN,SYN-03,1,1
5413,IPC_SYN,SYN-01,1,1
5414,IPC_SYN,SYN-01,1,1
5415,IPC_SYN,SYN-01,1,1
5416,IT_ACT_SYN,SYN-02,1,1
5417,SPECIAL_LAW_SYN,SYN-03,1,1
5418,IPC_SYN,SYN-01,1,1
5419,IPC_SYN,SYN-01,1,1
5420,IPC_SYN,SYN-01,1,1
5421,IPC_SYN,SYN-01,1,1
5422,SPECIAL_LAW_SYN,SYN-03,1,1
5423,IPC_SYN,SYN-01,1,1
5424,IPC_SYN,SYN-01,1,1
5425,IPC_SYN,SYN-01,1,1
5426,IPC_SYN,SYN-01,1,1
5427,SPECIAL_LAW_SYN,SYN-03,1,1
5428,IT_ACT_SYN,SYN-02,1,1
5429,IPC_SYN,SYN-01,1,1
5430,IPC_SYN,SYN-01,1,1
5431,SPECIAL_LAW_SYN,SYN-03,1,1
5432,IPC_SYN,SYN-01,1,1
5433,IPC_SYN,SYN-01,1,1
5434,IPC_SYN,SYN-01,1,1
5435,IPC_SYN,SYN-01,1,1
5436,SPECIAL_LAW_SYN,SYN-03,1,1
5437,SPECIAL_LAW_SYN,SYN-03,1,1
5438,IPC_SYN,SYN-01,1,1
5439,SPECIAL_LAW_SYN,SYN-03,1,1
5440,IT_ACT_SYN,SYN-02,1,1
5441,IPC_SYN,SYN-01,1,1
5442,IPC_SYN,SYN-01,1,1
5443,SPECIAL_LAW_SYN,SYN-03,1,1
5444,IPC_SYN,SYN-01,1,1
5445,IPC_SYN,SYN-01,1,1
5446,IT_ACT_SYN,SYN-02,1,1
5447,IPC_SYN,SYN-01,1,1
5448,IPC_SYN,SYN-01,1,1
5449,SPECIAL_LAW_SYN,SYN-03,1,1
5450,SPECIAL_LAW_SYN,SYN-03,1,1
5451,IPC_SYN,SYN-01,1,1
5452,IPC_SYN,SYN-01,1,1
5453,SPECIAL_LAW_SYN,SYN-03,1,1
5454,IPC_SYN,SYN-01,1,1
5455,IPC_SYN,SYN-01,1,1
5456,SPECIAL_LAW_SYN,SYN-03,1,1
5457,SPECIAL_LAW_SYN,SYN-03,1,1
5458,IT_ACT_SYN,SYN-02,1,1
5459,IPC_SYN,SYN-01,1,1
5460,IPC_SYN,SYN-01,1,1
5461,IPC_SYN,SYN-01,1,1
5462,SPECIAL_LAW_SYN,SYN-03,1,1
5463,SPECIAL_LAW_SYN,SYN-03,1,1
5464,IPC_SYN,SYN-01,1,1
5465,IPC_SYN,SYN-01,1,1
5466,IT_ACT_SYN,SYN-02,1,1
5467,SPECIAL_LAW_SYN,SYN-03,1,1
5468,IPC_SYN,SYN-01,1,1
5469,IPC_SYN,SYN-01,1,1
5470,IPC_SYN,SYN-01,1,1
5471,SPECIAL_LAW_SYN,SYN-03,1,1
5472,IPC_SYN,SYN-01,1,1
5473,IPC_SYN,SYN-01,1,1
5474,IPC_SYN,SYN-01,1,1
5475,SPECIAL_LAW_SYN,SYN-03,1,1
5476,IPC_SYN,SYN-01,1,1
5477,SPECIAL_LAW_SYN,SYN-03,1,1
5478,SPECIAL_LAW_SYN,SYN-03,1,1
5479,IPC_SYN,SYN-01,1,1
5480,SPECIAL_LAW_SYN,SYN-03,1,1
5481,IPC_SYN,SYN-01,1,1
5482,IT_ACT_SYN,SYN-02,1,1
5483,IT_ACT_SYN,SYN-02,1,1
5484,IPC_SYN,SYN-01,1,1
5485,IPC_SYN,SYN-01,1,1
5486,IPC_SYN,SYN-01,1,1
5487,IPC_SYN,SYN-01,1,1
5488,SPECIAL_LAW_SYN,SYN-03,1,1
5489,IPC_SYN,SYN-01,1,1
5490,SPECIAL_LAW_SYN,SYN-03,1,1
5491,IPC_SYN,SYN-01,1,1
5492,IPC_SYN,SYN-01,1,1
5493,IPC_SYN,SYN-01,1,1
5494,SPECIAL_LAW_SYN,SYN-03,1,1
5495,IPC_SYN,SYN-01,1,1
5496,IT_ACT_SYN,SYN-02,1,1
5497,IPC_SYN,SYN-01,1,1
5498,IT_ACT_SYN,SYN-02,1,1
5499,IPC_SYN,SYN-01,1,1
5500,IPC_SYN,SYN-01,1,1
5501,IPC_SYN,SYN-01,1,1
5502,SPECIAL_LAW_SYN,SYN-03,1,1
5503,SPECIAL_LAW_SYN,SYN-03,1,1
5504,IPC_SYN,SYN-01,1,1
5505,IPC_SYN,SYN-01,1,1
5506,SPECIAL_LAW_SYN,SYN-03,1,1
5507,IT_ACT_SYN,SYN-02,1,1
5508,IPC_SYN,SYN-01,1,1
5509,IPC_SYN,SYN-01,1,1
5510,SPECIAL_LAW_SYN,SYN-03,1,1
5511,IPC_SYN,SYN-01,1,1
5512,IPC_SYN,SYN-01,1,1
5513,IPC_SYN,SYN-01,1,1
5514,IPC_SYN,SYN-01,1,1
5515,IPC_SYN,SYN-01,1,1
5516,IT_ACT_SYN,SYN-02,1,1
5517,SPECIAL_LAW_SYN,SYN-03,1,1
5518,SPECIAL_LAW_SYN,SYN-03,1,1
5519,SPECIAL_LAW_SYN,SYN-03,1,1
5520,IPC_SYN,SYN-01,1,1
5521,SPECIAL_LAW_SYN,SYN-03,1,1
5522,IPC_SYN,SYN-01,1,1
5523,SPECIAL_LAW_SYN,SYN-03,1,1
5524,IPC_SYN,SYN-01,1,1
5525,SPECIAL_LAW_SYN,SYN-03,1,1
5526,SPECIAL_LAW_SYN,SYN-03,1,1
5527,IT_ACT_SYN,SYN-02,1,1
5528,IPC_SYN,SYN-01,1,1
5529,IPC_SYN,SYN-01,1,1
5530,IT_ACT_SYN,SYN-02,1,1
5531,IPC_SYN,SYN-01,1,1
5532,IPC_SYN,SYN-01,1,1
5533,IPC_SYN,SYN-01,1,1
5534,SPECIAL_LAW_SYN,SYN-03,1,1
5535,IPC_SYN,SYN-01,1,1
5536,SPECIAL_LAW_SYN,SYN-03,1,1
5537,IPC_SYN,SYN-01,1,1
5538,IPC_SYN,SYN-01,1,1
5539,SPECIAL_LAW_SYN,SYN-03,1,1
5540,SPECIAL_LAW_SYN,SYN-03,1,1
5541,IPC_SYN,SYN-01,1,1
5542,IPC_SYN,SYN-01,1,1
5543,IPC_SYN,SYN-01,1,1
5544,IT_ACT_SYN,SYN-02,1,1
5545,IT_ACT_SYN,SYN-02,1,1
5546,SPECIAL_LAW_SYN,SYN-03,1,1
5547,IPC_SYN,SYN-01,1,1
5548,SPECIAL_LAW_SYN,SYN-03,1,1
5549,IPC_SYN,SYN-01,1,1
5550,IT_ACT_SYN,SYN-02,1,1
5551,SPECIAL_LAW_SYN,SYN-03,1,1
5552,SPECIAL_LAW_SYN,SYN-03,1,1
5553,IPC_SYN,SYN-01,1,1
5554,IPC_SYN,SYN-01,1,1
5555,SPECIAL_LAW_SYN,SYN-03,1,1
5556,IT_ACT_SYN,SYN-02,1,1
5557,IPC_SYN,SYN-01,1,1
5558,SPECIAL_LAW_SYN,SYN-03,1,1
5559,SPECIAL_LAW_SYN,SYN-03,1,1
5560,IPC_SYN,SYN-01,1,1
5561,IT_ACT_SYN,SYN-02,1,1
5562,IPC_SYN,SYN-01,1,1
5563,SPECIAL_LAW_SYN,SYN-03,1,1
5564,IPC_SYN,SYN-01,1,1
5565,IPC_SYN,SYN-01,1,1
5566,IPC_SYN,SYN-01,1,1
5567,SPECIAL_LAW_SYN,SYN-03,1,1
5568,SPECIAL_LAW_SYN,SYN-03,1,1
5569,SPECIAL_LAW_SYN,SYN-03,1,1
5570,IT_ACT_SYN,SYN-02,1,1
5571,SPECIAL_LAW_SYN,SYN-03,1,1
5572,SPECIAL_LAW_SYN,SYN-03,1,1
5573,IPC_SYN,SYN-01,1,1
5574,SPECIAL_LAW_SYN,SYN-03,1,1
5575,SPECIAL_LAW_SYN,SYN-03,1,1
5576,IPC_SYN,SYN-01,1,1
5577,IPC_SYN,SYN-01,1,1
5578,IPC_SYN,SYN-01,1,1
5579,IPC_SYN,SYN-01,1,1
5580,SPECIAL_LAW_SYN,SYN-03,1,1
5581,IPC_SYN,SYN-01,1,1
5582,SPECIAL_LAW_SYN,SYN-03,1,1
5583,IPC_SYN,SYN-01,1,1
5584,IPC_SYN,SYN-01,1,1
5585,IPC_SYN,SYN-01,1,1
5586,IPC_SYN,SYN-01,1,1
5587,IPC_SYN,SYN-01,1,1
5588,SPECIAL_LAW_SYN,SYN-03,1,1
5589,IPC_SYN,SYN-01,1,1
5590,IPC_SYN,SYN-01,1,1
5591,IT_ACT_SYN,SYN-02,1,1
5592,SPECIAL_LAW_SYN,SYN-03,1,1
5593,IPC_SYN,SYN-01,1,1
5594,SPECIAL_LAW_SYN,SYN-03,1,1
5595,IT_ACT_SYN,SYN-02,1,1
5596,IPC_SYN,SYN-01,1,1
5597,IPC_SYN,SYN-01,1,1
5598,SPECIAL_LAW_SYN,SYN-03,1,1
5599,IPC_SYN,SYN-01,1,1
5600,IPC_SYN,SYN-01,1,1
5601,IPC_SYN,SYN-01,1,1
5602,IPC_SYN,SYN-01,1,1
5603,SPECIAL_LAW_SYN,SYN-03,1,1
5604,IPC_SYN,SYN-01,1,1
5605,IT_ACT_SYN,SYN-02,1,1
5606,IPC_SYN,SYN-01,1,1
5607,SPECIAL_LAW_SYN,SYN-03,1,1
5608,IPC_SYN,SYN-01,1,1
5609,SPECIAL_LAW_SYN,SYN-03,1,1
5610,IPC_SYN,SYN-01,1,1
5611,IT_ACT_SYN,SYN-02,1,1
5612,IPC_SYN,SYN-01,1,1
5613,SPECIAL_LAW_SYN,SYN-03,1,1
5614,IPC_SYN,SYN-01,1,1
5615,IPC_SYN,SYN-01,1,1
5616,IPC_SYN,SYN-01,1,1
5617,SPECIAL_LAW_SYN,SYN-03,1,1
5618,IPC_SYN,SYN-01,1,1
5619,SPECIAL_LAW_SYN,SYN-03,1,1
5620,IPC_SYN,SYN-01,1,1
5621,IPC_SYN,SYN-01,1,1
5622,SPECIAL_LAW_SYN,SYN-03,1,1
5623,IPC_SYN,SYN-01,1,1
5624,SPECIAL_LAW_SYN,SYN-03,1,1
5625,IPC_SYN,SYN-01,1,1
5626,IPC_SYN,SYN-01,1,1
5627,SPECIAL_LAW_SYN,SYN-03,1,1
5628,IPC_SYN,SYN-01,1,1
5629,IT_ACT_SYN,SYN-02,1,1
5630,IPC_SYN,SYN-01,1,1
5631,SPECIAL_LAW_SYN,SYN-03,1,1
5632,IPC_SYN,SYN-01,1,1
5633,IPC_SYN,SYN-01,1,1
5634,IPC_SYN,SYN-01,1,1
5635,IPC_SYN,SYN-01,1,1
5636,SPECIAL_LAW_SYN,SYN-03,1,1
5637,IPC_SYN,SYN-01,1,1
5638,IPC_SYN,SYN-01,1,1
5639,SPECIAL_LAW_SYN,SYN-03,1,1
5640,SPECIAL_LAW_SYN,SYN-03,1,1
5641,SPECIAL_LAW_SYN,SYN-03,1,1
5642,SPECIAL_LAW_SYN,SYN-03,1,1
5643,IT_ACT_SYN,SYN-02,1,1
5644,IPC_SYN,SYN-01,1,1
5645,IPC_SYN,SYN-01,1,1
5646,IPC_SYN,SYN-01,1,1
5647,IPC_SYN,SYN-01,1,1
5648,SPECIAL_LAW_SYN,SYN-03,1,1
5649,IT_ACT_SYN,SYN-02,1,1
5650,IPC_SYN,SYN-01,1,1
5651,IPC_SYN,SYN-01,1,1
5652,SPECIAL_LAW_SYN,SYN-03,1,1
5653,IT_ACT_SYN,SYN-02,1,1
5654,IPC_SYN,SYN-01,1,1
5655,IPC_SYN,SYN-01,1,1
5656,SPECIAL_LAW_SYN,SYN-03,1,1
5657,IPC_SYN,SYN-01,1,1
5658,IPC_SYN,SYN-01,1,1
5659,IPC_SYN,SYN-01,1,1
5660,IPC_SYN,SYN-01,1,1
5661,IPC_SYN,SYN-01,1,1
5662,IPC_SYN,SYN-01,1,1
5663,IPC_SYN,SYN-01,1,1
5664,IPC_SYN,SYN-01,1,1
5665,SPECIAL_LAW_SYN,SYN-03,1,1
5666,IPC_SYN,SYN-01,1,1
5667,IT_ACT_SYN,SYN-02,1,1
5668,IPC_SYN,SYN-01,1,1
5669,IPC_SYN,SYN-01,1,1
5670,SPECIAL_LAW_SYN,SYN-03,1,1
5671,IPC_SYN,SYN-01,1,1
5672,IT_ACT_SYN,SYN-02,1,1
5673,SPECIAL_LAW_SYN,SYN-03,1,1
5674,IPC_SYN,SYN-01,1,1
5675,IPC_SYN,SYN-01,1,1
5676,IPC_SYN,SYN-01,1,1
5677,IPC_SYN,SYN-01,1,1
5678,IT_ACT_SYN,SYN-02,1,1
5679,IT_ACT_SYN,SYN-02,1,1
5680,IPC_SYN,SYN-01,1,1
5681,IT_ACT_SYN,SYN-02,1,1
5682,SPECIAL_LAW_SYN,SYN-03,1,1
5683,IPC_SYN,SYN-01,1,1
5684,IT_ACT_SYN,SYN-02,1,1
5685,IPC_SYN,SYN-01,1,1
5686,IT_ACT_SYN,SYN-02,1,1
5687,IT_ACT_SYN,SYN-02,1,1
5688,IPC_SYN,SYN-01,1,1
5689,IPC_SYN,SYN-01,1,1
5690,SPECIAL_LAW_SYN,SYN-03,1,1
5691,IPC_SYN,SYN-01,1,1
5692,SPECIAL_LAW_SYN,SYN-03,1,1
5693,IPC_SYN,SYN-01,1,1
5694,IT_ACT_SYN,SYN-02,1,1
5695,IPC_SYN,SYN-01,1,1
5696,IPC_SYN,SYN-01,1,1
5697,IPC_SYN,SYN-01,1,1
5698,SPECIAL_LAW_SYN,SYN-03,1,1
5699,IPC_SYN,SYN-01,1,1
5700,IPC_SYN,SYN-01,1,1
5701,IPC_SYN,SYN-01,1,1
5702,IT_ACT_SYN,SYN-02,1,1
5703,IPC_SYN,SYN-01,1,1
5704,SPECIAL_LAW_SYN,SYN-03,1,1
5705,IPC_SYN,SYN-01,1,1
5706,IPC_SYN,SYN-01,1,1
5707,IPC_SYN,SYN-01,1,1
5708,SPECIAL_LAW_SYN,SYN-03,1,1
5709,IPC_SYN,SYN-01,1,1
5710,SPECIAL_LAW_SYN,SYN-03,1,1
5711,IPC_SYN,SYN-01,1,1
5712,IPC_SYN,SYN-01,1,1
5713,IT_ACT_SYN,SYN-02,1,1
5714,IPC_SYN,SYN-01,1,1
5715,IPC_SYN,SYN-01,1,1
5716,IPC_SYN,SYN-01,1,1
5717,SPECIAL_LAW_SYN,SYN-03,1,1
5718,SPECIAL_LAW_SYN,SYN-03,1,1
5719,IPC_SYN,SYN-01,1,1
5720,IPC_SYN,SYN-01,1,1
5721,IPC_SYN,SYN-01,1,1
5722,IT_ACT_SYN,SYN-02,1,1
5723,IPC_SYN,SYN-01,1,1
5724,IPC_SYN,SYN-01,1,1
5725,IPC_SYN,SYN-01,1,1
5726,IPC_SYN,SYN-01,1,1
5727,IPC_SYN,SYN-01,1,1
5728,IPC_SYN,SYN-01,1,1
5729,IPC_SYN,SYN-01,1,1
5730,IPC_SYN,SYN-01,1,1
5731,IPC_SYN,SYN-01,1,1
5732,IPC_SYN,SYN-01,1,1
5733,IPC_SYN,SYN-01,1,1
5734,IPC_SYN,SYN-01,1,1
5735,IPC_SYN,SYN-01,1,1
5736,IPC_SYN,SYN-01,1,1
5737,IPC_SYN,SYN-01,1,1
5738,IPC_SYN,SYN-01,1,1
5739,IPC_SYN,SYN-01,1,1
5740,IPC_SYN,SYN-01,1,1
5741,SPECIAL_LAW_SYN,SYN-03,1,1
5742,IPC_SYN,SYN-01,1,1
5743,IPC_SYN,SYN-01,1,1
5744,IPC_SYN,SYN-01,1,1
5745,IPC_SYN,SYN-01,1,1
5746,SPECIAL_LAW_SYN,SYN-03,1,1
5747,IT_ACT_SYN,SYN-02,1,1
5748,IPC_SYN,SYN-01,1,1
5749,SPECIAL_LAW_SYN,SYN-03,1,1
5750,IPC_SYN,SYN-01,1,1
5751,IPC_SYN,SYN-01,1,1
5752,IT_ACT_SYN,SYN-02,1,1
5753,IPC_SYN,SYN-01,1,1
5754,IT_ACT_SYN,SYN-02,1,1
5755,IPC_SYN,SYN-01,1,1
5756,SPECIAL_LAW_SYN,SYN-03,1,1
5757,IT_ACT_SYN,SYN-02,1,1
5758,IPC_SYN,SYN-01,1,1
5759,IT_ACT_SYN,SYN-02,1,1
5760,IT_ACT_SYN,SYN-02,1,1
5761,SPECIAL_LAW_SYN,SYN-03,1,1
5762,SPECIAL_LAW_SYN,SYN-03,1,1
5763,IPC_SYN,SYN-01,1,1
5764,IPC_SYN,SYN-01,1,1
5765,IPC_SYN,SYN-01,1,1
5766,IPC_SYN,SYN-01,1,1
5767,SPECIAL_LAW_SYN,SYN-03,1,1
5768,IPC_SYN,SYN-01,1,1
5769,IPC_SYN,SYN-01,1,1
5770,IPC_SYN,SYN-01,1,1
5771,IPC_SYN,SYN-01,1,1
5772,SPECIAL_LAW_SYN,SYN-03,1,1
5773,SPECIAL_LAW_SYN,SYN-03,1,1
5774,SPECIAL_LAW_SYN,SYN-03,1,1
5775,IPC_SYN,SYN-01,1,1
5776,SPECIAL_LAW_SYN,SYN-03,1,1
5777,IPC_SYN,SYN-01,1,1
5778,IPC_SYN,SYN-01,1,1
5779,IT_ACT_SYN,SYN-02,1,1
5780,SPECIAL_LAW_SYN,SYN-03,1,1
5781,SPECIAL_LAW_SYN,SYN-03,1,1
5782,SPECIAL_LAW_SYN,SYN-03,1,1
5783,IPC_SYN,SYN-01,1,1
5784,SPECIAL_LAW_SYN,SYN-03,1,1
5785,IPC_SYN,SYN-01,1,1
5786,SPECIAL_LAW_SYN,SYN-03,1,1
5787,IPC_SYN,SYN-01,1,1
5788,IT_ACT_SYN,SYN-02,1,1
5789,IPC_SYN,SYN-01,1,1
5790,IPC_SYN,SYN-01,1,1
5791,IPC_SYN,SYN-01,1,1
5792,IPC_SYN,SYN-01,1,1
5793,SPECIAL_LAW_SYN,SYN-03,1,1
5794,IT_ACT_SYN,SYN-02,1,1
5795,IPC_SYN,SYN-01,1,1
5796,SPECIAL_LAW_SYN,SYN-03,1,1
5797,SPECIAL_LAW_SYN,SYN-03,1,1
5798,SPECIAL_LAW_SYN,SYN-03,1,1
5799,SPECIAL_LAW_SYN,SYN-03,1,1
5800,IPC_SYN,SYN-01,1,1
5801,IT_ACT_SYN,SYN-02,1,1
5802,SPECIAL_LAW_SYN,SYN-03,1,1
5803,IPC_SYN,SYN-01,1,1
5804,SPECIAL_LAW_SYN,SYN-03,1,1
5805,IPC_SYN,SYN-01,1,1
5806,IPC_SYN,SYN-01,1,1
5807,SPECIAL_LAW_SYN,SYN-03,1,1
5808,SPECIAL_LAW_SYN,SYN-03,1,1
5809,SPECIAL_LAW_SYN,SYN-03,1,1
5810,SPECIAL_LAW_SYN,SYN-03,1,1
5811,IPC_SYN,SYN-01,1,1
5812,IPC_SYN,SYN-01,1,1
5813,SPECIAL_LAW_SYN,SYN-03,1,1
5814,IPC_SYN,SYN-01,1,1
5815,IT_ACT_SYN,SYN-02,1,1
5816,IPC_SYN,SYN-01,1,1
5817,IPC_SYN,SYN-01,1,1
5818,IT_ACT_SYN,SYN-02,1,1
5819,SPECIAL_LAW_SYN,SYN-03,1,1
5820,IPC_SYN,SYN-01,1,1
5821,IPC_SYN,SYN-01,1,1
5822,IPC_SYN,SYN-01,1,1
5823,IPC_SYN,SYN-01,1,1
5824,IT_ACT_SYN,SYN-02,1,1
5825,IPC_SYN,SYN-01,1,1
5826,IPC_SYN,SYN-01,1,1
5827,SPECIAL_LAW_SYN,SYN-03,1,1
5828,IPC_SYN,SYN-01,1,1
5829,IPC_SYN,SYN-01,1,1
5830,IPC_SYN,SYN-01,1,1
5831,IPC_SYN,SYN-01,1,1
5832,SPECIAL_LAW_SYN,SYN-03,1,1
5833,SPECIAL_LAW_SYN,SYN-03,1,1
5834,IPC_SYN,SYN-01,1,1
5835,IPC_SYN,SYN-01,1,1
5836,IPC_SYN,SYN-01,1,1
5837,IT_ACT_SYN,SYN-02,1,1
5838,IPC_SYN,SYN-01,1,1
5839,SPECIAL_LAW_SYN,SYN-03,1,1
5840,SPECIAL_LAW_SYN,SYN-03,1,1
5841,SPECIAL_LAW_SYN,SYN-03,1,1
5842,IPC_SYN,SYN-01,1,1
5843,IPC_SYN,SYN-01,1,1
5844,SPECIAL_LAW_SYN,SYN-03,1,1
5845,IPC_SYN,SYN-01,1,1
5846,SPECIAL_LAW_SYN,SYN-03,1,1
5847,SPECIAL_LAW_SYN,SYN-03,1,1
5848,IT_ACT_SYN,SYN-02,1,1
5849,IPC_SYN,SYN-01,1,1
5850,IPC_SYN,SYN-01,1,1
5851,IPC_SYN,SYN-01,1,1
5852,IPC_SYN,SYN-01,1,1
5853,SPECIAL_LAW_SYN,SYN-03,1,1
5854,IPC_SYN,SYN-01,1,1
5855,IPC_SYN,SYN-01,1,1
5856,IT_ACT_SYN,SYN-02,1,1
5857,IPC_SYN,SYN-01,1,1
5858,IPC_SYN,SYN-01,1,1
5859,IPC_SYN,SYN-01,1,1
5860,IPC_SYN,SYN-01,1,1
5861,IPC_SYN,SYN-01,1,1
5862,IT_ACT_SYN,SYN-02,1,1
5863,IPC_SYN,SYN-01,1,1
5864,IT_ACT_SYN,SYN-02,1,1
5865,IPC_SYN,SYN-01,1,1
5866,IPC_SYN,SYN-01,1,1
5867,IPC_SYN,SYN-01,1,1
5868,IPC_SYN,SYN-01,1,1
5869,IPC_SYN,SYN-01,1,1
5870,IT_ACT_SYN,SYN-02,1,1
5871,IPC_SYN,SYN-01,1,1
5872,IT_ACT_SYN,SYN-02,1,1
5873,IT_ACT_SYN,SYN-02,1,1
5874,SPECIAL_LAW_SYN,SYN-03,1,1
5875,IPC_SYN,SYN-01,1,1
5876,IPC_SYN,SYN-01,1,1
5877,SPECIAL_LAW_SYN,SYN-03,1,1
5878,IPC_SYN,SYN-01,1,1
5879,SPECIAL_LAW_SYN,SYN-03,1,1
5880,SPECIAL_LAW_SYN,SYN-03,1,1
5881,IPC_SYN,SYN-01,1,1
5882,IPC_SYN,SYN-01,1,1
5883,SPECIAL_LAW_SYN,SYN-03,1,1
5884,SPECIAL_LAW_SYN,SYN-03,1,1
5885,SPECIAL_LAW_SYN,SYN-03,1,1
5886,IPC_SYN,SYN-01,1,1
5887,IPC_SYN,SYN-01,1,1
5888,SPECIAL_LAW_SYN,SYN-03,1,1
5889,IPC_SYN,SYN-01,1,1
5890,IPC_SYN,SYN-01,1,1
5891,SPECIAL_LAW_SYN,SYN-03,1,1
5892,IPC_SYN,SYN-01,1,1
5893,SPECIAL_LAW_SYN,SYN-03,1,1
5894,IPC_SYN,SYN-01,1,1
5895,SPECIAL_LAW_SYN,SYN-03,1,1
5896,IPC_SYN,SYN-01,1,1
5897,IPC_SYN,SYN-01,1,1
5898,IT_ACT_SYN,SYN-02,1,1
5899,IPC_SYN,SYN-01,1,1
5900,IPC_SYN,SYN-01,1,1
5901,IPC_SYN,SYN-01,1,1
5902,IPC_SYN,SYN-01,1,1
5903,IPC_SYN,SYN-01,1,1
5904,IPC_SYN,SYN-01,1,1
5905,IPC_SYN,SYN-01,1,1
5906,IPC_SYN,SYN-01,1,1
5907,SPECIAL_LAW_SYN,SYN-03,1,1
5908,SPECIAL_LAW_SYN,SYN-03,1,1
5909,SPECIAL_LAW_SYN,SYN-03,1,1
5910,IPC_SYN,SYN-01,1,1
5911,SPECIAL_LAW_SYN,SYN-03,1,1
5912,IPC_SYN,SYN-01,1,1
5913,IPC_SYN,SYN-01,1,1
5914,SPECIAL_LAW_SYN,SYN-03,1,1
5915,SPECIAL_LAW_SYN,SYN-03,1,1
5916,IPC_SYN,SYN-01,1,1
5917,IPC_SYN,SYN-01,1,1
5918,IT_ACT_SYN,SYN-02,1,1
5919,SPECIAL_LAW_SYN,SYN-03,1,1
5920,IPC_SYN,SYN-01,1,1
5921,SPECIAL_LAW_SYN,SYN-03,1,1
5922,SPECIAL_LAW_SYN,SYN-03,1,1
5923,IPC_SYN,SYN-01,1,1
5924,IT_ACT_SYN,SYN-02,1,1
5925,IPC_SYN,SYN-01,1,1
5926,IPC_SYN,SYN-01,1,1
5927,IPC_SYN,SYN-01,1,1
5928,IPC_SYN,SYN-01,1,1
5929,SPECIAL_LAW_SYN,SYN-03,1,1
5930,SPECIAL_LAW_SYN,SYN-03,1,1
5931,IPC_SYN,SYN-01,1,1
5932,IT_ACT_SYN,SYN-02,1,1
5933,IPC_SYN,SYN-01,1,1
5934,IPC_SYN,SYN-01,1,1
5935,SPECIAL_LAW_SYN,SYN-03,1,1
5936,IPC_SYN,SYN-01,1,1
5937,IPC_SYN,SYN-01,1,1
5938,IPC_SYN,SYN-01,1,1
5939,SPECIAL_LAW_SYN,SYN-03,1,1
5940,IPC_SYN,SYN-01,1,1
5941,SPECIAL_LAW_SYN,SYN-03,1,1
5942,IPC_SYN,SYN-01,1,1
5943,IT_ACT_SYN,SYN-02,1,1
5944,IT_ACT_SYN,SYN-02,1,1
5945,IPC_SYN,SYN-01,1,1
5946,IPC_SYN,SYN-01,1,1
5947,SPECIAL_LAW_SYN,SYN-03,1,1
5948,SPECIAL_LAW_SYN,SYN-03,1,1
5949,SPECIAL_LAW_SYN,SYN-03,1,1
5950,IPC_SYN,SYN-01,1,1
5951,IPC_SYN,SYN-01,1,1
5952,IPC_SYN,SYN-01,1,1
5953,IPC_SYN,SYN-01,1,1
5954,IPC_SYN,SYN-01,1,1
5955,IPC_SYN,SYN-01,1,1
5956,IPC_SYN,SYN-01,1,1
5957,SPECIAL_LAW_SYN,SYN-03,1,1
5958,IT_ACT_SYN,SYN-02,1,1
5959,IPC_SYN,SYN-01,1,1
5960,IPC_SYN,SYN-01,1,1
5961,IPC_SYN,SYN-01,1,1
5962,SPECIAL_LAW_SYN,SYN-03,1,1
5963,SPECIAL_LAW_SYN,SYN-03,1,1
5964,IPC_SYN,SYN-01,1,1
5965,SPECIAL_LAW_SYN,SYN-03,1,1
5966,SPECIAL_LAW_SYN,SYN-03,1,1
5967,IT_ACT_SYN,SYN-02,1,1
5968,IPC_SYN,SYN-01,1,1
5969,IPC_SYN,SYN-01,1,1
5970,IPC_SYN,SYN-01,1,1
5971,IPC_SYN,SYN-01,1,1
5972,IPC_SYN,SYN-01,1,1
5973,IPC_SYN,SYN-01,1,1
5974,IT_ACT_SYN,SYN-02,1,1
5975,IPC_SYN,SYN-01,1,1
5976,IPC_SYN,SYN-01,1,1
5977,IPC_SYN,SYN-01,1,1
5978,SPECIAL_LAW_SYN,SYN-03,1,1
5979,IPC_SYN,SYN-01,1,1
5980,IPC_SYN,SYN-01,1,1
5981,IPC_SYN,SYN-01,1,1
5982,SPECIAL_LAW_SYN,SYN-03,1,1
5983,SPECIAL_LAW_SYN,SYN-03,1,1
5984,IPC_SYN,SYN-01,1,1
5985,IPC_SYN,SYN-01,1,1
5986,IPC_SYN,SYN-01,1,1
5987,IPC_SYN,SYN-01,1,1
5988,SPECIAL_LAW_SYN,SYN-03,1,1
5989,IPC_SYN,SYN-01,1,1
5990,IPC_SYN,SYN-01,1,1
5991,IPC_SYN,SYN-01,1,1
5992,SPECIAL_LAW_SYN,SYN-03,1,1
5993,IPC_SYN,SYN-01,1,1
5994,SPECIAL_LAW_SYN,SYN-03,1,1
5995,SPECIAL_LAW_SYN,SYN-03,1,1
5996,IT_ACT_SYN,SYN-02,1,1
5997,IPC_SYN,SYN-01,1,1
5998,IPC_SYN,SYN-01,1,1
5999,IPC_SYN,SYN-01,1,1
6000,IPC_SYN,SYN-01,1,1
6001,IPC_SYN,SYN-01,1,1
6002,IPC_SYN,SYN-01,1,1
6003,IPC_SYN,SYN-01,1,1
6004,SPECIAL_LAW_SYN,SYN-03,1,1
6005,SPECIAL_LAW_SYN,SYN-03,1,1
6006,IT_ACT_SYN,SYN-02,1,1
6007,IPC_SYN,SYN-01,1,1
6008,IPC_SYN,SYN-01,1,1
6009,IPC_SYN,SYN-01,1,1
6010,IPC_SYN,SYN-01,1,1
6011,IT_ACT_SYN,SYN-02,1,1
6012,IPC_SYN,SYN-01,1,1
6013,IPC_SYN,SYN-01,1,1
6014,IPC_SYN,SYN-01,1,1
6015,IPC_SYN,SYN-01,1,1
6016,SPECIAL_LAW_SYN,SYN-03,1,1
6017,IPC_SYN,SYN-01,1,1
6018,SPECIAL_LAW_SYN,SYN-03,1,1
6019,SPECIAL_LAW_SYN,SYN-03,1,1
6020,SPECIAL_LAW_SYN,SYN-03,1,1
6021,IPC_SYN,SYN-01,1,1
6022,SPECIAL_LAW_SYN,SYN-03,1,1
6023,IPC_SYN,SYN-01,1,1
6024,SPECIAL_LAW_SYN,SYN-03,1,1
6025,IPC_SYN,SYN-01,1,1
6026,IPC_SYN,SYN-01,1,1
6027,IPC_SYN,SYN-01,1,1
6028,IPC_SYN,SYN-01,1,1
6029,IPC_SYN,SYN-01,1,1
6030,IPC_SYN,SYN-01,1,1
6031,IPC_SYN,SYN-01,1,1
6032,SPECIAL_LAW_SYN,SYN-03,1,1
6033,SPECIAL_LAW_SYN,SYN-03,1,1
6034,IPC_SYN,SYN-01,1,1
6035,IPC_SYN,SYN-01,1,1
6036,SPECIAL_LAW_SYN,SYN-03,1,1
6037,IPC_SYN,SYN-01,1,1
6038,SPECIAL_LAW_SYN,SYN-03,1,1
6039,IPC_SYN,SYN-01,1,1
6040,IPC_SYN,SYN-01,1,1
6041,IPC_SYN,SYN-01,1,1
6042,SPECIAL_LAW_SYN,SYN-03,1,1
6043,SPECIAL_LAW_SYN,SYN-03,1,1
6044,SPECIAL_LAW_SYN,SYN-03,1,1
6045,IT_ACT_SYN,SYN-02,1,1
6046,IPC_SYN,SYN-01,1,1
6047,IPC_SYN,SYN-01,1,1
6048,IPC_SYN,SYN-01,1,1
6049,IPC_SYN,SYN-01,1,1
6050,IT_ACT_SYN,SYN-02,1,1
6051,IT_ACT_SYN,SYN-02,1,1
6052,IPC_SYN,SYN-01,1,1
6053,IPC_SYN,SYN-01,1,1
6054,SPECIAL_LAW_SYN,SYN-03,1,1
6055,IT_ACT_SYN,SYN-02,1,1
6056,IPC_SYN,SYN-01,1,1
6057,IPC_SYN,SYN-01,1,1
6058,IT_ACT_SYN,SYN-02,1,1
6059,IPC_SYN,SYN-01,1,1
6060,IPC_SYN,SYN-01,1,1
6061,IPC_SYN,SYN-01,1,1
6062,IPC_SYN,SYN-01,1,1
6063,IPC_SYN,SYN-01,1,1
6064,SPECIAL_LAW_SYN,SYN-03,1,1
6065,IPC_SYN,SYN-01,1,1
6066,IPC_SYN,SYN-01,1,1
6067,SPECIAL_LAW_SYN,SYN-03,1,1
6068,IPC_SYN,SYN-01,1,1
6069,IPC_SYN,SYN-01,1,1
6070,IPC_SYN,SYN-01,1,1
6071,SPECIAL_LAW_SYN,SYN-03,1,1
6072,IPC_SYN,SYN-01,1,1
6073,IPC_SYN,SYN-01,1,1
6074,IPC_SYN,SYN-01,1,1
6075,SPECIAL_LAW_SYN,SYN-03,1,1
6076,IPC_SYN,SYN-01,1,1
6077,IPC_SYN,SYN-01,1,1
6078,SPECIAL_LAW_SYN,SYN-03,1,1
6079,SPECIAL_LAW_SYN,SYN-03,1,1
6080,IPC_SYN,SYN-01,1,1
6081,SPECIAL_LAW_SYN,SYN-03,1,1
6082,IPC_SYN,SYN-01,1,1
6083,IT_ACT_SYN,SYN-02,1,1
6084,IPC_SYN,SYN-01,1,1
6085,IPC_SYN,SYN-01,1,1
6086,IPC_SYN,SYN-01,1,1
6087,SPECIAL_LAW_SYN,SYN-03,1,1
6088,IPC_SYN,SYN-01,1,1
6089,SPECIAL_LAW_SYN,SYN-03,1,1
6090,IPC_SYN,SYN-01,1,1
6091,SPECIAL_LAW_SYN,SYN-03,1,1
6092,IT_ACT_SYN,SYN-02,1,1
6093,IPC_SYN,SYN-01,1,1
6094,IPC_SYN,SYN-01,1,1
6095,IPC_SYN,SYN-01,1,1
6096,SPECIAL_LAW_SYN,SYN-03,1,1
6097,SPECIAL_LAW_SYN,SYN-03,1,1
6098,IPC_SYN,SYN-01,1,1
6099,IPC_SYN,SYN-01,1,1
6100,SPECIAL_LAW_SYN,SYN-03,1,1
6101,IPC_SYN,SYN-01,1,1
6102,IT_ACT_SYN,SYN-02,1,1
6103,SPECIAL_LAW_SYN,SYN-03,1,1
6104,IPC_SYN,SYN-01,1,1
6105,IPC_SYN,SYN-01,1,1
6106,IPC_SYN,SYN-01,1,1
6107,IPC_SYN,SYN-01,1,1
6108,IPC_SYN,SYN-01,1,1
6109,IPC_SYN,SYN-01,1,1
6110,SPECIAL_LAW_SYN,SYN-03,1,1
6111,IPC_SYN,SYN-01,1,1
6112,IPC_SYN,SYN-01,1,1
6113,IPC_SYN,SYN-01,1,1
6114,IPC_SYN,SYN-01,1,1
6115,IPC_SYN,SYN-01,1,1
6116,IPC_SYN,SYN-01,1,1
6117,IT_ACT_SYN,SYN-02,1,1
6118,SPECIAL_LAW_SYN,SYN-03,1,1
6119,SPECIAL_LAW_SYN,SYN-03,1,1
6120,IPC_SYN,SYN-01,1,1
6121,SPECIAL_LAW_SYN,SYN-03,1,1
6122,IPC_SYN,SYN-01,1,1
6123,SPECIAL_LAW_SYN,SYN-03,1,1
6124,IPC_SYN,SYN-01,1,1
6125,IPC_SYN,SYN-01,1,1
6126,IPC_SYN,SYN-01,1,1
6127,IPC_SYN,SYN-01,1,1
6128,SPECIAL_LAW_SYN,SYN-03,1,1
6129,IPC_SYN,SYN-01,1,1
6130,IPC_SYN,SYN-01,1,1
6131,IPC_SYN,SYN-01,1,1
6132,IPC_SYN,SYN-01,1,1
6133,IT_ACT_SYN,SYN-02,1,1
6134,IPC_SYN,SYN-01,1,1
6135,IT_ACT_SYN,SYN-02,1,1
6136,IPC_SYN,SYN-01,1,1
6137,IPC_SYN,SYN-01,1,1
6138,SPECIAL_LAW_SYN,SYN-03,1,1
6139,SPECIAL_LAW_SYN,SYN-03,1,1
6140,IT_ACT_SYN,SYN-02,1,1
6141,IPC_SYN,SYN-01,1,1
6142,SPECIAL_LAW_SYN,SYN-03,1,1
6143,SPECIAL_LAW_SYN,SYN-03,1,1
6144,IPC_SYN,SYN-01,1,1
6145,IT_ACT_SYN,SYN-02,1,1
6146,SPECIAL_LAW_SYN,SYN-03,1,1
6147,SPECIAL_LAW_SYN,SYN-03,1,1
6148,IPC_SYN,SYN-01,1,1
6149,IPC_SYN,SYN-01,1,1
6150,IPC_SYN,SYN-01,1,1
6151,IPC_SYN,SYN-01,1,1
6152,IPC_SYN,SYN-01,1,1
6153,SPECIAL_LAW_SYN,SYN-03,1,1
6154,SPECIAL_LAW_SYN,SYN-03,1,1
6155,SPECIAL_LAW_SYN,SYN-03,1,1
6156,SPECIAL_LAW_SYN,SYN-03,1,1
6157,SPECIAL_LAW_SYN,SYN-03,1,1
6158,IPC_SYN,SYN-01,1,1
6159,IT_ACT_SYN,SYN-02,1,1
6160,IPC_SYN,SYN-01,1,1
6161,IPC_SYN,SYN-01,1,1
6162,IPC_SYN,SYN-01,1,1
6163,SPECIAL_LAW_SYN,SYN-03,1,1
6164,IPC_SYN,SYN-01,1,1
6165,IPC_SYN,SYN-01,1,1
6166,SPECIAL_LAW_SYN,SYN-03,1,1
6167,IPC_SYN,SYN-01,1,1
6168,IPC_SYN,SYN-01,1,1
6169,IT_ACT_SYN,SYN-02,1,1
6170,SPECIAL_LAW_SYN,SYN-03,1,1
6171,IPC_SYN,SYN-01,1,1
6172,IPC_SYN,SYN-01,1,1
6173,SPECIAL_LAW_SYN,SYN-03,1,1
6174,IT_ACT_SYN,SYN-02,1,1
6175,IT_ACT_SYN,SYN-02,1,1
6176,SPECIAL_LAW_SYN,SYN-03,1,1
6177,SPECIAL_LAW_SYN,SYN-03,1,1
6178,IT_ACT_SYN,SYN-02,1,1
6179,IPC_SYN,SYN-01,1,1
6180,SPECIAL_LAW_SYN,SYN-03,1,1
6181,IPC_SYN,SYN-01,1,1
6182,IPC_SYN,SYN-01,1,1
6183,IPC_SYN,SYN-01,1,1
6184,IPC_SYN,SYN-01,1,1
6185,IT_ACT_SYN,SYN-02,1,1
6186,IPC_SYN,SYN-01,1,1
6187,IPC_SYN,SYN-01,1,1
6188,IPC_SYN,SYN-01,1,1
6189,IPC_SYN,SYN-01,1,1
6190,IPC_SYN,SYN-01,1,1
6191,IPC_SYN,SYN-01,1,1
6192,IPC_SYN,SYN-01,1,1
6193,IPC_SYN,SYN-01,1,1
6194,IT_ACT_SYN,SYN-02,1,1
6195,SPECIAL_LAW_SYN,SYN-03,1,1
6196,IT_ACT_SYN,SYN-02,1,1
6197,SPECIAL_LAW_SYN,SYN-03,1,1
6198,IPC_SYN,SYN-01,1,1
6199,IPC_SYN,SYN-01,1,1
6200,IPC_SYN,SYN-01,1,1
6201,IT_ACT_SYN,SYN-02,1,1
6202,IPC_SYN,SYN-01,1,1
6203,IPC_SYN,SYN-01,1,1
6204,IPC_SYN,SYN-01,1,1
6205,IPC_SYN,SYN-01,1,1
6206,IPC_SYN,SYN-01,1,1
6207,IPC_SYN,SYN-01,1,1
6208,IT_ACT_SYN,SYN-02,1,1
6209,IT_ACT_SYN,SYN-02,1,1
6210,IPC_SYN,SYN-01,1,1
6211,IPC_SYN,SYN-01,1,1
6212,SPECIAL_LAW_SYN,SYN-03,1,1
6213,IPC_SYN,SYN-01,1,1
6214,SPECIAL_LAW_SYN,SYN-03,1,1
6215,IPC_SYN,SYN-01,1,1
6216,IPC_SYN,SYN-01,1,1
6217,IPC_SYN,SYN-01,1,1
6218,IPC_SYN,SYN-01,1,1
6219,IPC_SYN,SYN-01,1,1
6220,IT_ACT_SYN,SYN-02,1,1
6221,IPC_SYN,SYN-01,1,1
6222,IPC_SYN,SYN-01,1,1
6223,IPC_SYN,SYN-01,1,1
6224,SPECIAL_LAW_SYN,SYN-03,1,1
6225,IPC_SYN,SYN-01,1,1
6226,IPC_SYN,SYN-01,1,1
6227,SPECIAL_LAW_SYN,SYN-03,1,1
6228,IPC_SYN,SYN-01,1,1
6229,SPECIAL_LAW_SYN,SYN-03,1,1
6230,IPC_SYN,SYN-01,1,1
6231,IPC_SYN,SYN-01,1,1
6232,SPECIAL_LAW_SYN,SYN-03,1,1
6233,IPC_SYN,SYN-01,1,1
6234,IPC_SYN,SYN-01,1,1
6235,IT_ACT_SYN,SYN-02,1,1
6236,SPECIAL_LAW_SYN,SYN-03,1,1
6237,IPC_SYN,SYN-01,1,1
6238,SPECIAL_LAW_SYN,SYN-03,1,1
6239,IPC_SYN,SYN-01,1,1
6240,IPC_SYN,SYN-01,1,1
6241,IPC_SYN,SYN-01,1,1
6242,SPECIAL_LAW_SYN,SYN-03,1,1
6243,IPC_SYN,SYN-01,1,1
6244,IT_ACT_SYN,SYN-02,1,1
6245,SPECIAL_LAW_SYN,SYN-03,1,1
6246,IPC_SYN,SYN-01,1,1
6247,IPC_SYN,SYN-01,1,1
6248,SPECIAL_LAW_SYN,SYN-03,1,1
6249,IPC_SYN,SYN-01,1,1
6250,IPC_SYN,SYN-01,1,1
6251,IPC_SYN,SYN-01,1,1
6252,IPC_SYN,SYN-01,1,1
6253,IPC_SYN,SYN-01,1,1
6254,IPC_SYN,SYN-01,1,1
6255,IPC_SYN,SYN-01,1,1
6256,IPC_SYN,SYN-01,1,1
6257,SPECIAL_LAW_SYN,SYN-03,1,1
6258,IPC_SYN,SYN-01,1,1
6259,IPC_SYN,SYN-01,1,1
6260,IPC_SYN,SYN-01,1,1
6261,IPC_SYN,SYN-01,1,1
6262,IPC_SYN,SYN-01,1,1
6263,IPC_SYN,SYN-01,1,1
6264,IT_ACT_SYN,SYN-02,1,1
6265,IT_ACT_SYN,SYN-02,1,1
6266,SPECIAL_LAW_SYN,SYN-03,1,1
6267,IPC_SYN,SYN-01,1,1
6268,IT_ACT_SYN,SYN-02,1,1
6269,IPC_SYN,SYN-01,1,1
6270,IPC_SYN,SYN-01,1,1
6271,SPECIAL_LAW_SYN,SYN-03,1,1
6272,IPC_SYN,SYN-01,1,1
6273,IPC_SYN,SYN-01,1,1
6274,IPC_SYN,SYN-01,1,1
6275,SPECIAL_LAW_SYN,SYN-03,1,1
6276,IPC_SYN,SYN-01,1,1
6277,SPECIAL_LAW_SYN,SYN-03,1,1
6278,IPC_SYN,SYN-01,1,1
6279,IT_ACT_SYN,SYN-02,1,1
6280,IPC_SYN,SYN-01,1,1
6281,IPC_SYN,SYN-01,1,1
6282,SPECIAL_LAW_SYN,SYN-03,1,1
6283,SPECIAL_LAW_SYN,SYN-03,1,1
6284,IPC_SYN,SYN-01,1,1
6285,IPC_SYN,SYN-01,1,1
6286,IT_ACT_SYN,SYN-02,1,1
6287,IPC_SYN,SYN-01,1,1
6288,IT_ACT_SYN,SYN-02,1,1
6289,IPC_SYN,SYN-01,1,1
6290,SPECIAL_LAW_SYN,SYN-03,1,1
6291,IPC_SYN,SYN-01,1,1
6292,IPC_SYN,SYN-01,1,1
6293,IT_ACT_SYN,SYN-02,1,1
6294,IPC_SYN,SYN-01,1,1
6295,IPC_SYN,SYN-01,1,1
6296,IT_ACT_SYN,SYN-02,1,1
6297,IT_ACT_SYN,SYN-02,1,1
6298,IPC_SYN,SYN-01,1,1
6299,IPC_SYN,SYN-01,1,1
6300,SPECIAL_LAW_SYN,SYN-03,1,1
6301,IPC_SYN,SYN-01,1,1
6302,IT_ACT_SYN,SYN-02,1,1
6303,SPECIAL_LAW_SYN,SYN-03,1,1
6304,SPECIAL_LAW_SYN,SYN-03,1,1
6305,SPECIAL_LAW_SYN,SYN-03,1,1
6306,SPECIAL_LAW_SYN,SYN-03,1,1
6307,SPECIAL_LAW_SYN,SYN-03,1,1
6308,SPECIAL_LAW_SYN,SYN-03,1,1
6309,IPC_SYN,SYN-01,1,1
6310,IPC_SYN,SYN-01,1,1
6311,SPECIAL_LAW_SYN,SYN-03,1,1
6312,SPECIAL_LAW_SYN,SYN-03,1,1
6313,IT_ACT_SYN,SYN-02,1,1
6314,IPC_SYN,SYN-01,1,1
6315,IPC_SYN,SYN-01,1,1
6316,SPECIAL_LAW_SYN,SYN-03,1,1
6317,SPECIAL_LAW_SYN,SYN-03,1,1
6318,IPC_SYN,SYN-01,1,1
6319,IPC_SYN,SYN-01,1,1
6320,IPC_SYN,SYN-01,1,1
6321,IPC_SYN,SYN-01,1,1
6322,IPC_SYN,SYN-01,1,1
6323,IPC_SYN,SYN-01,1,1
6324,IT_ACT_SYN,SYN-02,1,1
6325,IPC_SYN,SYN-01,1,1
6326,IPC_SYN,SYN-01,1,1
6327,IPC_SYN,SYN-01,1,1
6328,IPC_SYN,SYN-01,1,1
6329,IT_ACT_SYN,SYN-02,1,1
6330,IPC_SYN,SYN-01,1,1
6331,IT_ACT_SYN,SYN-02,1,1
6332,IPC_SYN,SYN-01,1,1
6333,IPC_SYN,SYN-01,1,1
6334,SPECIAL_LAW_SYN,SYN-03,1,1
6335,SPECIAL_LAW_SYN,SYN-03,1,1
6336,SPECIAL_LAW_SYN,SYN-03,1,1
6337,IPC_SYN,SYN-01,1,1
6338,IPC_SYN,SYN-01,1,1
6339,SPECIAL_LAW_SYN,SYN-03,1,1
6340,SPECIAL_LAW_SYN,SYN-03,1,1
6341,IT_ACT_SYN,SYN-02,1,1
6342,IPC_SYN,SYN-01,1,1
6343,IT_ACT_SYN,SYN-02,1,1
6344,IPC_SYN,SYN-01,1,1
6345,IPC_SYN,SYN-01,1,1
6346,IT_ACT_SYN,SYN-02,1,1
6347,IT_ACT_SYN,SYN-02,1,1
6348,IPC_SYN,SYN-01,1,1
6349,IPC_SYN,SYN-01,1,1
6350,IPC_SYN,SYN-01,1,1
6351,IPC_SYN,SYN-01,1,1
6352,IPC_SYN,SYN-01,1,1
6353,IT_ACT_SYN,SYN-02,1,1
6354,IPC_SYN,SYN-01,1,1
6355,IPC_SYN,SYN-01,1,1
6356,IT_ACT_SYN,SYN-02,1,1
6357,IPC_SYN,SYN-01,1,1
6358,IPC_SYN,SYN-01,1,1
6359,IPC_SYN,SYN-01,1,1
6360,SPECIAL_LAW_SYN,SYN-03,1,1
6361,IPC_SYN,SYN-01,1,1
6362,IPC_SYN,SYN-01,1,1
6363,IPC_SYN,SYN-01,1,1
6364,IPC_SYN,SYN-01,1,1
6365,IPC_SYN,SYN-01,1,1
6366,IPC_SYN,SYN-01,1,1
6367,SPECIAL_LAW_SYN,SYN-03,1,1
6368,SPECIAL_LAW_SYN,SYN-03,1,1
6369,IPC_SYN,SYN-01,1,1
6370,IPC_SYN,SYN-01,1,1
6371,SPECIAL_LAW_SYN,SYN-03,1,1
6372,SPECIAL_LAW_SYN,SYN-03,1,1
6373,SPECIAL_LAW_SYN,SYN-03,1,1
6374,IPC_SYN,SYN-01,1,1
6375,IPC_SYN,SYN-01,1,1
6376,IPC_SYN,SYN-01,1,1
6377,IPC_SYN,SYN-01,1,1
6378,IPC_SYN,SYN-01,1,1
6379,IPC_SYN,SYN-01,1,1
6380,IPC_SYN,SYN-01,1,1
6381,IPC_SYN,SYN-01,1,1
6382,IPC_SYN,SYN-01,1,1
6383,SPECIAL_LAW_SYN,SYN-03,1,1
6384,SPECIAL_LAW_SYN,SYN-03,1,1
6385,SPECIAL_LAW_SYN,SYN-03,1,1
6386,SPECIAL_LAW_SYN,SYN-03,1,1
6387,IPC_SYN,SYN-01,1,1
6388,SPECIAL_LAW_SYN,SYN-03,1,1
6389,IPC_SYN,SYN-01,1,1
6390,IPC_SYN,SYN-01,1,1
6391,SPECIAL_LAW_SYN,SYN-03,1,1
6392,IPC_SYN,SYN-01,1,1
6393,IT_ACT_SYN,SYN-02,1,1
6394,SPECIAL_LAW_SYN,SYN-03,1,1
6395,SPECIAL_LAW_SYN,SYN-03,1,1
6396,IPC_SYN,SYN-01,1,1
6397,IPC_SYN,SYN-01,1,1
6398,IPC_SYN,SYN-01,1,1
6399,SPECIAL_LAW_SYN,SYN-03,1,1
6400,IPC_SYN,SYN-01,1,1
6401,IT_ACT_SYN,SYN-02,1,1
6402,SPECIAL_LAW_SYN,SYN-03,1,1
6403,IPC_SYN,SYN-01,1,1
6404,SPECIAL_LAW_SYN,SYN-03,1,1
6405,IPC_SYN,SYN-01,1,1
6406,SPECIAL_LAW_SYN,SYN-03,1,1
6407,IPC_SYN,SYN-01,1,1
6408,SPECIAL_LAW_SYN,SYN-03,1,1
6409,IPC_SYN,SYN-01,1,1
6410,IPC_SYN,SYN-01,1,1
6411,IPC_SYN,SYN-01,1,1
6412,IPC_SYN,SYN-01,1,1
6413,IPC_SYN,SYN-01,1,1
6414,IPC_SYN,SYN-01,1,1
6415,IPC_SYN,SYN-01,1,1
6416,IPC_SYN,SYN-01,1,1
6417,IT_ACT_SYN,SYN-02,1,1
6418,IPC_SYN,SYN-01,1,1
6419,IPC_SYN,SYN-01,1,1
6420,IPC_SYN,SYN-01,1,1
6421,IPC_SYN,SYN-01,1,1
6422,IT_ACT_SYN,SYN-02,1,1
6423,IPC_SYN,SYN-01,1,1
6424,IT_ACT_SYN,SYN-02,1,1
6425,SPECIAL_LAW_SYN,SYN-03,1,1
6426,IPC_SYN,SYN-01,1,1
6427,IPC_SYN,SYN-01,1,1
6428,SPECIAL_LAW_SYN,SYN-03,1,1
6429,IPC_SYN,SYN-01,1,1
6430,IPC_SYN,SYN-01,1,1
6431,IPC_SYN,SYN-01,1,1
6432,IPC_SYN,SYN-01,1,1
6433,IPC_SYN,SYN-01,1,1
6434,IPC_SYN,SYN-01,1,1
6435,IPC_SYN,SYN-01,1,1
6436,SPECIAL_LAW_SYN,SYN-03,1,1
6437,IPC_SYN,SYN-01,1,1
6438,IPC_SYN,SYN-01,1,1
6439,IT_ACT_SYN,SYN-02,1,1
6440,IPC_SYN,SYN-01,1,1
6441,IPC_SYN,SYN-01,1,1
6442,IPC_SYN,SYN-01,1,1
6443,IT_ACT_SYN,SYN-02,1,1
6444,IT_ACT_SYN,SYN-02,1,1
6445,IPC_SYN,SYN-01,1,1
6446,SPECIAL_LAW_SYN,SYN-03,1,1
6447,IT_ACT_SYN,SYN-02,1,1
6448,IPC_SYN,SYN-01,1,1
6449,IPC_SYN,SYN-01,1,1
6450,IPC_SYN,SYN-01,1,1
6451,IPC_SYN,SYN-01,1,1
6452,IPC_SYN,SYN-01,1,1
6453,SPECIAL_LAW_SYN,SYN-03,1,1
6454,SPECIAL_LAW_SYN,SYN-03,1,1
6455,IPC_SYN,SYN-01,1,1
6456,IPC_SYN,SYN-01,1,1
6457,IPC_SYN,SYN-01,1,1
6458,SPECIAL_LAW_SYN,SYN-03,1,1
6459,SPECIAL_LAW_SYN,SYN-03,1,1
6460,SPECIAL_LAW_SYN,SYN-03,1,1
6461,IPC_SYN,SYN-01,1,1
6462,IPC_SYN,SYN-01,1,1
6463,IPC_SYN,SYN-01,1,1
6464,IPC_SYN,SYN-01,1,1
6465,IPC_SYN,SYN-01,1,1
6466,SPECIAL_LAW_SYN,SYN-03,1,1
6467,SPECIAL_LAW_SYN,SYN-03,1,1
6468,IPC_SYN,SYN-01,1,1
6469,SPECIAL_LAW_SYN,SYN-03,1,1
6470,SPECIAL_LAW_SYN,SYN-03,1,1
6471,IT_ACT_SYN,SYN-02,1,1
6472,IPC_SYN,SYN-01,1,1
6473,IPC_SYN,SYN-01,1,1
6474,SPECIAL_LAW_SYN,SYN-03,1,1
6475,IT_ACT_SYN,SYN-02,1,1
6476,IT_ACT_SYN,SYN-02,1,1
6477,SPECIAL_LAW_SYN,SYN-03,1,1
6478,IPC_SYN,SYN-01,1,1
6479,IPC_SYN,SYN-01,1,1
6480,IT_ACT_SYN,SYN-02,1,1
6481,IPC_SYN,SYN-01,1,1
6482,SPECIAL_LAW_SYN,SYN-03,1,1
6483,IPC_SYN,SYN-01,1,1
6484,IPC_SYN,SYN-01,1,1
6485,IPC_SYN,SYN-01,1,1
6486,IT_ACT_SYN,SYN-02,1,1
6487,SPECIAL_LAW_SYN,SYN-03,1,1
6488,IPC_SYN,SYN-01,1,1
6489,IPC_SYN,SYN-01,1,1
6490,IPC_SYN,SYN-01,1,1
6491,IPC_SYN,SYN-01,1,1
6492,IPC_SYN,SYN-01,1,1
6493,SPECIAL_LAW_SYN,SYN-03,1,1
6494,SPECIAL_LAW_SYN,SYN-03,1,1
6495,IPC_SYN,SYN-01,1,1
6496,IPC_SYN,SYN-01,1,1
6497,SPECIAL_LAW_SYN,SYN-03,1,1
6498,SPECIAL_LAW_SYN,SYN-03,1,1
6499,IPC_SYN,SYN-01,1,1
6500,SPECIAL_LAW_SYN,SYN-03,1,1
6501,SPECIAL_LAW_SYN,SYN-03,1,1
6502,IPC_SYN,SYN-01,1,1
6503,SPECIAL_LAW_SYN,SYN-03,1,1
6504,IPC_SYN,SYN-01,1,1
6505,SPECIAL_LAW_SYN,SYN-03,1,1
6506,SPECIAL_LAW_SYN,SYN-03,1,1
6507,SPECIAL_LAW_SYN,SYN-03,1,1
6508,IPC_SYN,SYN-01,1,1
6509,IPC_SYN,SYN-01,1,1
6510,IPC_SYN,SYN-01,1,1
6511,IT_ACT_SYN,SYN-02,1,1
6512,IPC_SYN,SYN-01,1,1
6513,IPC_SYN,SYN-01,1,1
6514,SPECIAL_LAW_SYN,SYN-03,1,1
6515,SPECIAL_LAW_SYN,SYN-03,1,1
6516,IPC_SYN,SYN-01,1,1
6517,IPC_SYN,SYN-01,1,1
6518,SPECIAL_LAW_SYN,SYN-03,1,1
6519,SPECIAL_LAW_SYN,SYN-03,1,1
6520,SPECIAL_LAW_SYN,SYN-03,1,1
6521,IPC_SYN,SYN-01,1,1
6522,IPC_SYN,SYN-01,1,1
6523,SPECIAL_LAW_SYN,SYN-03,1,1
6524,SPECIAL_LAW_SYN,SYN-03,1,1
6525,SPECIAL_LAW_SYN,SYN-03,1,1
6526,IPC_SYN,SYN-01,1,1
6527,SPECIAL_LAW_SYN,SYN-03,1,1
6528,SPECIAL_LAW_SYN,SYN-03,1,1
6529,SPECIAL_LAW_SYN,SYN-03,1,1
6530,IT_ACT_SYN,SYN-02,1,1
6531,IPC_SYN,SYN-01,1,1
6532,IPC_SYN,SYN-01,1,1
6533,IT_ACT_SYN,SYN-02,1,1
6534,SPECIAL_LAW_SYN,SYN-03,1,1
6535,SPECIAL_LAW_SYN,SYN-03,1,1
6536,IPC_SYN,SYN-01,1,1
6537,IPC_SYN,SYN-01,1,1
6538,IT_ACT_SYN,SYN-02,1,1
6539,IT_ACT_SYN,SYN-02,1,1
6540,IT_ACT_SYN,SYN-02,1,1
6541,SPECIAL_LAW_SYN,SYN-03,1,1
6542,SPECIAL_LAW_SYN,SYN-03,1,1
6543,IPC_SYN,SYN-01,1,1
6544,IPC_SYN,SYN-01,1,1
6545,IPC_SYN,SYN-01,1,1
6546,IPC_SYN,SYN-01,1,1
6547,IPC_SYN,SYN-01,1,1
6548,IT_ACT_SYN,SYN-02,1,1
6549,IT_ACT_SYN,SYN-02,1,1
6550,SPECIAL_LAW_SYN,SYN-03,1,1
6551,IT_ACT_SYN,SYN-02,1,1
6552,IPC_SYN,SYN-01,1,1
6553,SPECIAL_LAW_SYN,SYN-03,1,1
6554,IT_ACT_SYN,SYN-02,1,1
6555,SPECIAL_LAW_SYN,SYN-03,1,1
6556,IPC_SYN,SYN-01,1,1
6557,SPECIAL_LAW_SYN,SYN-03,1,1
6558,SPECIAL_LAW_SYN,SYN-03,1,1
6559,SPECIAL_LAW_SYN,SYN-03,1,1
6560,IPC_SYN,SYN-01,1,1
6561,IPC_SYN,SYN-01,1,1
6562,IT_ACT_SYN,SYN-02,1,1
6563,IPC_SYN,SYN-01,1,1
6564,SPECIAL_LAW_SYN,SYN-03,1,1
6565,SPECIAL_LAW_SYN,SYN-03,1,1
6566,IPC_SYN,SYN-01,1,1
6567,IPC_SYN,SYN-01,1,1
6568,IPC_SYN,SYN-01,1,1
6569,IPC_SYN,SYN-01,1,1
6570,IPC_SYN,SYN-01,1,1
6571,SPECIAL_LAW_SYN,SYN-03,1,1
6572,IPC_SYN,SYN-01,1,1
6573,IPC_SYN,SYN-01,1,1
6574,IT_ACT_SYN,SYN-02,1,1
6575,IPC_SYN,SYN-01,1,1
6576,IPC_SYN,SYN-01,1,1
6577,IT_ACT_SYN,SYN-02,1,1
6578,IPC_SYN,SYN-01,1,1
6579,IT_ACT_SYN,SYN-02,1,1
6580,IPC_SYN,SYN-01,1,1
6581,IT_ACT_SYN,SYN-02,1,1
6582,IPC_SYN,SYN-01,1,1
6583,IPC_SYN,SYN-01,1,1
6584,IPC_SYN,SYN-01,1,1
6585,IPC_SYN,SYN-01,1,1
6586,IT_ACT_SYN,SYN-02,1,1
6587,IPC_SYN,SYN-01,1,1
6588,IPC_SYN,SYN-01,1,1
6589,SPECIAL_LAW_SYN,SYN-03,1,1
6590,IT_ACT_SYN,SYN-02,1,1
6591,IT_ACT_SYN,SYN-02,1,1
6592,SPECIAL_LAW_SYN,SYN-03,1,1
6593,IPC_SYN,SYN-01,1,1
6594,IT_ACT_SYN,SYN-02,1,1
6595,SPECIAL_LAW_SYN,SYN-03,1,1
6596,IPC_SYN,SYN-01,1,1
6597,IPC_SYN,SYN-01,1,1
6598,SPECIAL_LAW_SYN,SYN-03,1,1
6599,IPC_SYN,SYN-01,1,1
6600,IPC_SYN,SYN-01,1,1
6601,IT_ACT_SYN,SYN-02,1,1
6602,IPC_SYN,SYN-01,1,1
6603,IPC_SYN,SYN-01,1,1
6604,SPECIAL_LAW_SYN,SYN-03,1,1
6605,IPC_SYN,SYN-01,1,1
6606,IPC_SYN,SYN-01,1,1
6607,IPC_SYN,SYN-01,1,1
6608,IPC_SYN,SYN-01,1,1
6609,SPECIAL_LAW_SYN,SYN-03,1,1
6610,SPECIAL_LAW_SYN,SYN-03,1,1
6611,IPC_SYN,SYN-01,1,1
6612,SPECIAL_LAW_SYN,SYN-03,1,1
6613,SPECIAL_LAW_SYN,SYN-03,1,1
6614,IT_ACT_SYN,SYN-02,1,1
6615,IT_ACT_SYN,SYN-02,1,1
6616,IPC_SYN,SYN-01,1,1
6617,IPC_SYN,SYN-01,1,1
6618,IT_ACT_SYN,SYN-02,1,1
6619,IPC_SYN,SYN-01,1,1
6620,SPECIAL_LAW_SYN,SYN-03,1,1
6621,IPC_SYN,SYN-01,1,1
6622,IPC_SYN,SYN-01,1,1
6623,IPC_SYN,SYN-01,1,1
6624,SPECIAL_LAW_SYN,SYN-03,1,1
6625,IT_ACT_SYN,SYN-02,1,1
6626,IPC_SYN,SYN-01,1,1
6627,IPC_SYN,SYN-01,1,1
6628,IPC_SYN,SYN-01,1,1
6629,IPC_SYN,SYN-01,1,1
6630,IPC_SYN,SYN-01,1,1
6631,SPECIAL_LAW_SYN,SYN-03,1,1
6632,IPC_SYN,SYN-01,1,1
6633,SPECIAL_LAW_SYN,SYN-03,1,1
6634,IPC_SYN,SYN-01,1,1
6635,IPC_SYN,SYN-01,1,1
6636,IPC_SYN,SYN-01,1,1
6637,IT_ACT_SYN,SYN-02,1,1
6638,IPC_SYN,SYN-01,1,1
6639,SPECIAL_LAW_SYN,SYN-03,1,1
6640,IPC_SYN,SYN-01,1,1
6641,IPC_SYN,SYN-01,1,1
6642,IPC_SYN,SYN-01,1,1
6643,IPC_SYN,SYN-01,1,1
6644,IPC_SYN,SYN-01,1,1
6645,SPECIAL_LAW_SYN,SYN-03,1,1
6646,IPC_SYN,SYN-01,1,1
6647,IPC_SYN,SYN-01,1,1
6648,IPC_SYN,SYN-01,1,1
6649,SPECIAL_LAW_SYN,SYN-03,1,1
6650,IPC_SYN,SYN-01,1,1
6651,IPC_SYN,SYN-01,1,1
6652,IPC_SYN,SYN-01,1,1
6653,IPC_SYN,SYN-01,1,1
6654,IPC_SYN,SYN-01,1,1
6655,IPC_SYN,SYN-01,1,1
6656,IPC_SYN,SYN-01,1,1
6657,IT_ACT_SYN,SYN-02,1,1
6658,IPC_SYN,SYN-01,1,1
6659,IPC_SYN,SYN-01,1,1
6660,IPC_SYN,SYN-01,1,1
6661,IPC_SYN,SYN-01,1,1
6662,IT_ACT_SYN,SYN-02,1,1
6663,SPECIAL_LAW_SYN,SYN-03,1,1
6664,SPECIAL_LAW_SYN,SYN-03,1,1
6665,IT_ACT_SYN,SYN-02,1,1
6666,SPECIAL_LAW_SYN,SYN-03,1,1
6667,IT_ACT_SYN,SYN-02,1,1
6668,SPECIAL_LAW_SYN,SYN-03,1,1
6669,IPC_SYN,SYN-01,1,1
6670,IPC_SYN,SYN-01,1,1
6671,IPC_SYN,SYN-01,1,1
6672,IPC_SYN,SYN-01,1,1
6673,IPC_SYN,SYN-01,1,1
6674,SPECIAL_LAW_SYN,SYN-03,1,1
6675,IPC_SYN,SYN-01,1,1
6676,IT_ACT_SYN,SYN-02,1,1
6677,IPC_SYN,SYN-01,1,1
6678,IPC_SYN,SYN-01,1,1
6679,IPC_SYN,SYN-01,1,1
6680,IT_ACT_SYN,SYN-02,1,1
6681,IPC_SYN,SYN-01,1,1
6682,IPC_SYN,SYN-01,1,1
6683,IT_ACT_SYN,SYN-02,1,1
6684,IPC_SYN,SYN-01,1,1
6685,IPC_SYN,SYN-01,1,1
6686,IPC_SYN,SYN-01,1,1
6687,IPC_SYN,SYN-01,1,1
6688,SPECIAL_LAW_SYN,SYN-03,1,1
6689,IPC_SYN,SYN-01,1,1
6690,IPC_SYN,SYN-01,1,1
6691,IPC_SYN,SYN-01,1,1
6692,IPC_SYN,SYN-01,1,1
6693,IT_ACT_SYN,SYN-02,1,1
6694,IPC_SYN,SYN-01,1,1
6695,IPC_SYN,SYN-01,1,1
6696,IPC_SYN,SYN-01,1,1
6697,IPC_SYN,SYN-01,1,1
6698,IPC_SYN,SYN-01,1,1
6699,IPC_SYN,SYN-01,1,1
6700,IPC_SYN,SYN-01,1,1
6701,IPC_SYN,SYN-01,1,1
6702,IPC_SYN,SYN-01,1,1
6703,IPC_SYN,SYN-01,1,1
6704,SPECIAL_LAW_SYN,SYN-03,1,1
6705,IPC_SYN,SYN-01,1,1
6706,SPECIAL_LAW_SYN,SYN-03,1,1
6707,IPC_SYN,SYN-01,1,1
6708,IPC_SYN,SYN-01,1,1
6709,IPC_SYN,SYN-01,1,1
6710,SPECIAL_LAW_SYN,SYN-03,1,1
6711,IT_ACT_SYN,SYN-02,1,1
6712,IPC_SYN,SYN-01,1,1
6713,IT_ACT_SYN,SYN-02,1,1
6714,IT_ACT_SYN,SYN-02,1,1
6715,IPC_SYN,SYN-01,1,1
6716,SPECIAL_LAW_SYN,SYN-03,1,1
6717,IPC_SYN,SYN-01,1,1
6718,IPC_SYN,SYN-01,1,1
6719,IPC_SYN,SYN-01,1,1
6720,IPC_SYN,SYN-01,1,1
6721,IPC_SYN,SYN-01,1,1
6722,IPC_SYN,SYN-01,1,1
6723,IPC_SYN,SYN-01,1,1
6724,SPECIAL_LAW_SYN,SYN-03,1,1
6725,IPC_SYN,SYN-01,1,1
6726,IPC_SYN,SYN-01,1,1
6727,SPECIAL_LAW_SYN,SYN-03,1,1
6728,IPC_SYN,SYN-01,1,1
6729,IPC_SYN,SYN-01,1,1
6730,IPC_SYN,SYN-01,1,1
6731,IPC_SYN,SYN-01,1,1
6732,SPECIAL_LAW_SYN,SYN-03,1,1
6733,SPECIAL_LAW_SYN,SYN-03,1,1
6734,IPC_SYN,SYN-01,1,1
6735,IT_ACT_SYN,SYN-02,1,1
6736,SPECIAL_LAW_SYN,SYN-03,1,1
6737,IPC_SYN,SYN-01,1,1
6738,IPC_SYN,SYN-01,1,1
6739,IPC_SYN,SYN-01,1,1
6740,SPECIAL_LAW_SYN,SYN-03,1,1
6741,IPC_SYN,SYN-01,1,1
6742,SPECIAL_LAW_SYN,SYN-03,1,1
6743,IPC_SYN,SYN-01,1,1
6744,IT_ACT_SYN,SYN-02,1,1
6745,IPC_SYN,SYN-01,1,1
6746,SPECIAL_LAW_SYN,SYN-03,1,1
6747,IPC_SYN,SYN-01,1,1
6748,IPC_SYN,SYN-01,1,1
6749,SPECIAL_LAW_SYN,SYN-03,1,1
6750,IPC_SYN,SYN-01,1,1
6751,SPECIAL_LAW_SYN,SYN-03,1,1
6752,IPC_SYN,SYN-01,1,1
6753,IPC_SYN,SYN-01,1,1
6754,SPECIAL_LAW_SYN,SYN-03,1,1
6755,SPECIAL_LAW_SYN,SYN-03,1,1
6756,IT_ACT_SYN,SYN-02,1,1
6757,SPECIAL_LAW_SYN,SYN-03,1,1
6758,SPECIAL_LAW_SYN,SYN-03,1,1
6759,SPECIAL_LAW_SYN,SYN-03,1,1
6760,IPC_SYN,SYN-01,1,1
6761,IT_ACT_SYN,SYN-02,1,1
6762,IPC_SYN,SYN-01,1,1
6763,SPECIAL_LAW_SYN,SYN-03,1,1
6764,IPC_SYN,SYN-01,1,1
6765,IT_ACT_SYN,SYN-02,1,1
6766,IPC_SYN,SYN-01,1,1
6767,SPECIAL_LAW_SYN,SYN-03,1,1
6768,IPC_SYN,SYN-01,1,1
6769,IT_ACT_SYN,SYN-02,1,1
6770,SPECIAL_LAW_SYN,SYN-03,1,1
6771,IT_ACT_SYN,SYN-02,1,1
6772,SPECIAL_LAW_SYN,SYN-03,1,1
6773,SPECIAL_LAW_SYN,SYN-03,1,1
6774,IPC_SYN,SYN-01,1,1
6775,SPECIAL_LAW_SYN,SYN-03,1,1
6776,IPC_SYN,SYN-01,1,1
6777,IPC_SYN,SYN-01,1,1
6778,IPC_SYN,SYN-01,1,1
6779,IT_ACT_SYN,SYN-02,1,1
6780,SPECIAL_LAW_SYN,SYN-03,1,1
6781,SPECIAL_LAW_SYN,SYN-03,1,1
6782,IPC_SYN,SYN-01,1,1
6783,IPC_SYN,SYN-01,1,1
6784,SPECIAL_LAW_SYN,SYN-03,1,1
6785,IPC_SYN,SYN-01,1,1
6786,IPC_SYN,SYN-01,1,1
6787,IT_ACT_SYN,SYN-02,1,1
6788,IPC_SYN,SYN-01,1,1
6789,SPECIAL_LAW_SYN,SYN-03,1,1
6790,SPECIAL_LAW_SYN,SYN-03,1,1
6791,IPC_SYN,SYN-01,1,1
6792,IPC_SYN,SYN-01,1,1
6793,IPC_SYN,SYN-01,1,1
6794,IPC_SYN,SYN-01,1,1
6795,SPECIAL_LAW_SYN,SYN-03,1,1
6796,SPECIAL_LAW_SYN,SYN-03,1,1
6797,IPC_SYN,SYN-01,1,1
6798,SPECIAL_LAW_SYN,SYN-03,1,1
6799,IT_ACT_SYN,SYN-02,1,1
6800,IPC_SYN,SYN-01,1,1
6801,SPECIAL_LAW_SYN,SYN-03,1,1
6802,IT_ACT_SYN,SYN-02,1,1
6803,SPECIAL_LAW_SYN,SYN-03,1,1
6804,SPECIAL_LAW_SYN,SYN-03,1,1
6805,SPECIAL_LAW_SYN,SYN-03,1,1
6806,IPC_SYN,SYN-01,1,1
6807,IPC_SYN,SYN-01,1,1
6808,SPECIAL_LAW_SYN,SYN-03,1,1
6809,IPC_SYN,SYN-01,1,1
6810,SPECIAL_LAW_SYN,SYN-03,1,1
6811,IPC_SYN,SYN-01,1,1
6812,IPC_SYN,SYN-01,1,1
6813,IPC_SYN,SYN-01,1,1
6814,IPC_SYN,SYN-01,1,1
6815,SPECIAL_LAW_SYN,SYN-03,1,1
6816,IPC_SYN,SYN-01,1,1
6817,IPC_SYN,SYN-01,1,1
6818,IT_ACT_SYN,SYN-02,1,1
6819,IPC_SYN,SYN-01,1,1
6820,SPECIAL_LAW_SYN,SYN-03,1,1
6821,IPC_SYN,SYN-01,1,1
6822,IPC_SYN,SYN-01,1,1
6823,IPC_SYN,SYN-01,1,1
6824,IPC_SYN,SYN-01,1,1
6825,IPC_SYN,SYN-01,1,1
6826,IPC_SYN,SYN-01,1,1
6827,SPECIAL_LAW_SYN,SYN-03,1,1
6828,IPC_SYN,SYN-01,1,1
6829,SPECIAL_LAW_SYN,SYN-03,1,1
6830,IPC_SYN,SYN-01,1,1
6831,IPC_SYN,SYN-01,1,1
6832,SPECIAL_LAW_SYN,SYN-03,1,1
6833,IPC_SYN,SYN-01,1,1
6834,SPECIAL_LAW_SYN,SYN-03,1,1
6835,IPC_SYN,SYN-01,1,1
6836,IPC_SYN,SYN-01,1,1
6837,SPECIAL_LAW_SYN,SYN-03,1,1
6838,IPC_SYN,SYN-01,1,1
6839,SPECIAL_LAW_SYN,SYN-03,1,1
6840,IT_ACT_SYN,SYN-02,1,1
6841,IPC_SYN,SYN-01,1,1
6842,SPECIAL_LAW_SYN,SYN-03,1,1
6843,IPC_SYN,SYN-01,1,1
6844,IPC_SYN,SYN-01,1,1
6845,SPECIAL_LAW_SYN,SYN-03,1,1
6846,SPECIAL_LAW_SYN,SYN-03,1,1
6847,IT_ACT_SYN,SYN-02,1,1
6848,IPC_SYN,SYN-01,1,1
6849,SPECIAL_LAW_SYN,SYN-03,1,1
6850,SPECIAL_LAW_SYN,SYN-03,1,1
6851,SPECIAL_LAW_SYN,SYN-03,1,1
6852,SPECIAL_LAW_SYN,SYN-03,1,1
6853,IPC_SYN,SYN-01,1,1
6854,SPECIAL_LAW_SYN,SYN-03,1,1
6855,SPECIAL_LAW_SYN,SYN-03,1,1
6856,IT_ACT_SYN,SYN-02,1,1
6857,IPC_SYN,SYN-01,1,1
6858,IT_ACT_SYN,SYN-02,1,1
6859,IPC_SYN,SYN-01,1,1
6860,IT_ACT_SYN,SYN-02,1,1
6861,IPC_SYN,SYN-01,1,1
6862,IPC_SYN,SYN-01,1,1
6863,IPC_SYN,SYN-01,1,1
6864,SPECIAL_LAW_SYN,SYN-03,1,1
6865,SPECIAL_LAW_SYN,SYN-03,1,1
6866,IPC_SYN,SYN-01,1,1
6867,SPECIAL_LAW_SYN,SYN-03,1,1
6868,IT_ACT_SYN,SYN-02,1,1
6869,IPC_SYN,SYN-01,1,1
6870,IPC_SYN,SYN-01,1,1
6871,IPC_SYN,SYN-01,1,1
6872,IPC_SYN,SYN-01,1,1
6873,IPC_SYN,SYN-01,1,1
6874,IPC_SYN,SYN-01,1,1
6875,IPC_SYN,SYN-01,1,1
6876,IPC_SYN,SYN-01,1,1
6877,IPC_SYN,SYN-01,1,1
6878,IPC_SYN,SYN-01,1,1
6879,IPC_SYN,SYN-01,1,1
6880,SPECIAL_LAW_SYN,SYN-03,1,1
6881,IPC_SYN,SYN-01,1,1
6882,SPECIAL_LAW_SYN,SYN-03,1,1
6883,SPECIAL_LAW_SYN,SYN-03,1,1
6884,IPC_SYN,SYN-01,1,1
6885,SPECIAL_LAW_SYN,SYN-03,1,1
6886,IPC_SYN,SYN-01,1,1
6887,SPECIAL_LAW_SYN,SYN-03,1,1
6888,IT_ACT_SYN,SYN-02,1,1
6889,IPC_SYN,SYN-01,1,1
6890,IPC_SYN,SYN-01,1,1
6891,IT_ACT_SYN,SYN-02,1,1
6892,SPECIAL_LAW_SYN,SYN-03,1,1
6893,IT_ACT_SYN,SYN-02,1,1
6894,IPC_SYN,SYN-01,1,1
6895,SPECIAL_LAW_SYN,SYN-03,1,1
6896,IPC_SYN,SYN-01,1,1
6897,IT_ACT_SYN,SYN-02,1,1
6898,IPC_SYN,SYN-01,1,1
6899,SPECIAL_LAW_SYN,SYN-03,1,1
6900,IPC_SYN,SYN-01,1,1
6901,IPC_SYN,SYN-01,1,1
6902,IPC_SYN,SYN-01,1,1
6903,IPC_SYN,SYN-01,1,1
6904,SPECIAL_LAW_SYN,SYN-03,1,1
6905,IPC_SYN,SYN-01,1,1
6906,SPECIAL_LAW_SYN,SYN-03,1,1
6907,SPECIAL_LAW_SYN,SYN-03,1,1
6908,IT_ACT_SYN,SYN-02,1,1
6909,IT_ACT_SYN,SYN-02,1,1
6910,IPC_SYN,SYN-01,1,1
6911,SPECIAL_LAW_SYN,SYN-03,1,1
6912,SPECIAL_LAW_SYN,SYN-03,1,1
6913,SPECIAL_LAW_SYN,SYN-03,1,1
6914,IPC_SYN,SYN-01,1,1
6915,IPC_SYN,SYN-01,1,1
6916,IPC_SYN,SYN-01,1,1
6917,IPC_SYN,SYN-01,1,1
6918,SPECIAL_LAW_SYN,SYN-03,1,1
6919,IPC_SYN,SYN-01,1,1
6920,IPC_SYN,SYN-01,1,1
6921,SPECIAL_LAW_SYN,SYN-03,1,1
6922,IPC_SYN,SYN-01,1,1
6923,SPECIAL_LAW_SYN,SYN-03,1,1
6924,IPC_SYN,SYN-01,1,1
6925,IPC_SYN,SYN-01,1,1
6926,SPECIAL_LAW_SYN,SYN-03,1,1
6927,IPC_SYN,SYN-01,1,1
6928,IPC_SYN,SYN-01,1,1
6929,IPC_SYN,SYN-01,1,1
6930,IPC_SYN,SYN-01,1,1
6931,SPECIAL_LAW_SYN,SYN-03,1,1
6932,IPC_SYN,SYN-01,1,1
6933,IPC_SYN,SYN-01,1,1
6934,IPC_SYN,SYN-01,1,1
6935,IPC_SYN,SYN-01,1,1
6936,IPC_SYN,SYN-01,1,1
6937,IPC_SYN,SYN-01,1,1
6938,IPC_SYN,SYN-01,1,1
6939,IT_ACT_SYN,SYN-02,1,1
6940,IPC_SYN,SYN-01,1,1
6941,IPC_SYN,SYN-01,1,1
6942,IPC_SYN,SYN-01,1,1
6943,IPC_SYN,SYN-01,1,1
6944,IPC_SYN,SYN-01,1,1
6945,IT_ACT_SYN,SYN-02,1,1
6946,SPECIAL_LAW_SYN,SYN-03,1,1
6947,IPC_SYN,SYN-01,1,1
6948,IPC_SYN,SYN-01,1,1
6949,IPC_SYN,SYN-01,1,1
6950,IPC_SYN,SYN-01,1,1
6951,IPC_SYN,SYN-01,1,1
6952,SPECIAL_LAW_SYN,SYN-03,1,1
6953,IPC_SYN,SYN-01,1,1
6954,SPECIAL_LAW_SYN,SYN-03,1,1
6955,IPC_SYN,SYN-01,1,1
6956,SPECIAL_LAW_SYN,SYN-03,1,1
6957,IPC_SYN,SYN-01,1,1
6958,IPC_SYN,SYN-01,1,1
6959,IPC_SYN,SYN-01,1,1
6960,IPC_SYN,SYN-01,1,1
6961,SPECIAL_LAW_SYN,SYN-03,1,1
6962,IPC_SYN,SYN-01,1,1
6963,IPC_SYN,SYN-01,1,1
6964,IPC_SYN,SYN-01,1,1
6965,IT_ACT_SYN,SYN-02,1,1
6966,IT_ACT_SYN,SYN-02,1,1
6967,IT_ACT_SYN,SYN-02,1,1
6968,SPECIAL_LAW_SYN,SYN-03,1,1
6969,SPECIAL_LAW_SYN,SYN-03,1,1
6970,SPECIAL_LAW_SYN,SYN-03,1,1
6971,IT_ACT_SYN,SYN-02,1,1
6972,SPECIAL_LAW_SYN,SYN-03,1,1
6973,IPC_SYN,SYN-01,1,1
6974,SPECIAL_LAW_SYN,SYN-03,1,1
6975,IPC_SYN,SYN-01,1,1
6976,IPC_SYN,SYN-01,1,1
6977,SPECIAL_LAW_SYN,SYN-03,1,1
6978,SPECIAL_LAW_SYN,SYN-03,1,1
6979,IPC_SYN,SYN-01,1,1
6980,SPECIAL_LAW_SYN,SYN-03,1,1
6981,SPECIAL_LAW_SYN,SYN-03,1,1
6982,IPC_SYN,SYN-01,1,1
6983,IPC_SYN,SYN-01,1,1
6984,IPC_SYN,SYN-01,1,1
6985,IT_ACT_SYN,SYN-02,1,1
6986,IT_ACT_SYN,SYN-02,1,1
6987,SPECIAL_LAW_SYN,SYN-03,1,1
6988,IPC_SYN,SYN-01,1,1
6989,IT_ACT_SYN,SYN-02,1,1
6990,IPC_SYN,SYN-01,1,1
6991,IPC_SYN,SYN-01,1,1
6992,IPC_SYN,SYN-01,1,1
6993,IPC_SYN,SYN-01,1,1
6994,IPC_SYN,SYN-01,1,1
6995,IPC_SYN,SYN-01,1,1
6996,SPECIAL_LAW_SYN,SYN-03,1,1
6997,SPECIAL_LAW_SYN,SYN-03,1,1
6998,IT_ACT_SYN,SYN-02,1,1
6999,IPC_SYN,SYN-01,1,1
7000,IT_ACT_SYN,SYN-02,1,1
7001,IPC_SYN,SYN-01,1,1
7002,SPECIAL_LAW_SYN,SYN-03,1,1
7003,IPC_SYN,SYN-01,1,1
7004,SPECIAL_LAW_SYN,SYN-03,1,1
7005,IPC_SYN,SYN-01,1,1
7006,SPECIAL_LAW_SYN,SYN-03,1,1
7007,SPECIAL_LAW_SYN,SYN-03,1,1
7008,IPC_SYN,SYN-01,1,1
7009,IT_ACT_SYN,SYN-02,1,1
7010,IPC_SYN,SYN-01,1,1
7011,IPC_SYN,SYN-01,1,1
7012,IPC_SYN,SYN-01,1,1
7013,IPC_SYN,SYN-01,1,1
7014,IPC_SYN,SYN-01,1,1
7015,IPC_SYN,SYN-01,1,1
7016,IPC_SYN,SYN-01,1,1
7017,IT_ACT_SYN,SYN-02,1,1
7018,IPC_SYN,SYN-01,1,1
7019,IT_ACT_SYN,SYN-02,1,1
7020,IPC_SYN,SYN-01,1,1
7021,SPECIAL_LAW_SYN,SYN-03,1,1
7022,IPC_SYN,SYN-01,1,1
7023,IT_ACT_SYN,SYN-02,1,1
7024,IPC_SYN,SYN-01,1,1
7025,IT_ACT_SYN,SYN-02,1,1
7026,IT_ACT_SYN,SYN-02,1,1
7027,IPC_SYN,SYN-01,1,1
7028,IPC_SYN,SYN-01,1,1
7029,IPC_SYN,SYN-01,1,1
7030,IPC_SYN,SYN-01,1,1
7031,IPC_SYN,SYN-01,1,1
7032,SPECIAL_LAW_SYN,SYN-03,1,1
7033,IPC_SYN,SYN-01,1,1
7034,IPC_SYN,SYN-01,1,1
7035,IPC_SYN,SYN-01,1,1
7036,IT_ACT_SYN,SYN-02,1,1
7037,IPC_SYN,SYN-01,1,1
7038,SPECIAL_LAW_SYN,SYN-03,1,1
7039,IPC_SYN,SYN-01,1,1
7040,IT_ACT_SYN,SYN-02,1,1
7041,SPECIAL_LAW_SYN,SYN-03,1,1
7042,IPC_SYN,SYN-01,1,1
7043,SPECIAL_LAW_SYN,SYN-03,1,1
7044,IPC_SYN,SYN-01,1,1
7045,IPC_SYN,SYN-01,1,1
7046,SPECIAL_LAW_SYN,SYN-03,1,1
7047,IPC_SYN,SYN-01,1,1
7048,SPECIAL_LAW_SYN,SYN-03,1,1
7049,SPECIAL_LAW_SYN,SYN-03,1,1
7050,IT_ACT_SYN,SYN-02,1,1
7051,SPECIAL_LAW_SYN,SYN-03,1,1
7052,SPECIAL_LAW_SYN,SYN-03,1,1
7053,IPC_SYN,SYN-01,1,1
7054,IPC_SYN,SYN-01,1,1
7055,IPC_SYN,SYN-01,1,1
7056,IT_ACT_SYN,SYN-02,1,1
7057,SPECIAL_LAW_SYN,SYN-03,1,1
7058,IT_ACT_SYN,SYN-02,1,1
7059,SPECIAL_LAW_SYN,SYN-03,1,1
7060,SPECIAL_LAW_SYN,SYN-03,1,1
7061,IPC_SYN,SYN-01,1,1
7062,SPECIAL_LAW_SYN,SYN-03,1,1
7063,IT_ACT_SYN,SYN-02,1,1
7064,IPC_SYN,SYN-01,1,1
7065,IPC_SYN,SYN-01,1,1
7066,IPC_SYN,SYN-01,1,1
7067,SPECIAL_LAW_SYN,SYN-03,1,1
7068,IPC_SYN,SYN-01,1,1
7069,SPECIAL_LAW_SYN,SYN-03,1,1
7070,IT_ACT_SYN,SYN-02,1,1
7071,IPC_SYN,SYN-01,1,1
7072,IPC_SYN,SYN-01,1,1
7073,IT_ACT_SYN,SYN-02,1,1
7074,IPC_SYN,SYN-01,1,1
7075,SPECIAL_LAW_SYN,SYN-03,1,1
7076,IPC_SYN,SYN-01,1,1
7077,IPC_SYN,SYN-01,1,1
7078,IPC_SYN,SYN-01,1,1
7079,IPC_SYN,SYN-01,1,1
7080,IPC_SYN,SYN-01,1,1
7081,IPC_SYN,SYN-01,1,1
7082,IT_ACT_SYN,SYN-02,1,1
7083,IPC_SYN,SYN-01,1,1
7084,IPC_SYN,SYN-01,1,1
7085,IPC_SYN,SYN-01,1,1
7086,SPECIAL_LAW_SYN,SYN-03,1,1
7087,IPC_SYN,SYN-01,1,1
7088,SPECIAL_LAW_SYN,SYN-03,1,1
7089,IPC_SYN,SYN-01,1,1
7090,IT_ACT_SYN,SYN-02,1,1
7091,IPC_SYN,SYN-01,1,1
7092,SPECIAL_LAW_SYN,SYN-03,1,1
7093,IT_ACT_SYN,SYN-02,1,1
7094,IT_ACT_SYN,SYN-02,1,1
7095,IPC_SYN,SYN-01,1,1
7096,SPECIAL_LAW_SYN,SYN-03,1,1
7097,IPC_SYN,SYN-01,1,1
7098,IPC_SYN,SYN-01,1,1
7099,SPECIAL_LAW_SYN,SYN-03,1,1
7100,IT_ACT_SYN,SYN-02,1,1
7101,IPC_SYN,SYN-01,1,1
7102,IPC_SYN,SYN-01,1,1
7103,IPC_SYN,SYN-01,1,1
7104,IPC_SYN,SYN-01,1,1
7105,IPC_SYN,SYN-01,1,1
7106,IPC_SYN,SYN-01,1,1
7107,IT_ACT_SYN,SYN-02,1,1
7108,IPC_SYN,SYN-01,1,1
7109,IT_ACT_SYN,SYN-02,1,1
7110,SPECIAL_LAW_SYN,SYN-03,1,1
7111,SPECIAL_LAW_SYN,SYN-03,1,1
7112,SPECIAL_LAW_SYN,SYN-03,1,1
7113,SPECIAL_LAW_SYN,SYN-03,1,1
7114,IPC_SYN,SYN-01,1,1
7115,IPC_SYN,SYN-01,1,1
7116,IPC_SYN,SYN-01,1,1
7117,SPECIAL_LAW_SYN,SYN-03,1,1
7118,SPECIAL_LAW_SYN,SYN-03,1,1
7119,IPC_SYN,SYN-01,1,1
7120,IPC_SYN,SYN-01,1,1
7121,IPC_SYN,SYN-01,1,1
7122,SPECIAL_LAW_SYN,SYN-03,1,1
7123,IPC_SYN,SYN-01,1,1
7124,SPECIAL_LAW_SYN,SYN-03,1,1
7125,SPECIAL_LAW_SYN,SYN-03,1,1
7126,IPC_SYN,SYN-01,1,1
7127,IPC_SYN,SYN-01,1,1
7128,IPC_SYN,SYN-01,1,1
7129,IPC_SYN,SYN-01,1,1
7130,IT_ACT_SYN,SYN-02,1,1
7131,IPC_SYN,SYN-01,1,1
7132,IPC_SYN,SYN-01,1,1
7133,SPECIAL_LAW_SYN,SYN-03,1,1
7134,IPC_SYN,SYN-01,1,1
7135,IPC_SYN,SYN-01,1,1
7136,SPECIAL_LAW_SYN,SYN-03,1,1
7137,SPECIAL_LAW_SYN,SYN-03,1,1
7138,SPECIAL_LAW_SYN,SYN-03,1,1
7139,IT_ACT_SYN,SYN-02,1,1
7140,IPC_SYN,SYN-01,1,1
7141,SPECIAL_LAW_SYN,SYN-03,1,1
7142,IPC_SYN,SYN-01,1,1
7143,IT_ACT_SYN,SYN-02,1,1
7144,IPC_SYN,SYN-01,1,1
7145,SPECIAL_LAW_SYN,SYN-03,1,1
7146,SPECIAL_LAW_SYN,SYN-03,1,1
7147,SPECIAL_LAW_SYN,SYN-03,1,1
7148,SPECIAL_LAW_SYN,SYN-03,1,1
7149,SPECIAL_LAW_SYN,SYN-03,1,1
7150,IPC_SYN,SYN-01,1,1
7151,IPC_SYN,SYN-01,1,1
7152,IPC_SYN,SYN-01,1,1
7153,SPECIAL_LAW_SYN,SYN-03,1,1
7154,IPC_SYN,SYN-01,1,1
7155,IPC_SYN,SYN-01,1,1
7156,IPC_SYN,SYN-01,1,1
7157,IT_ACT_SYN,SYN-02,1,1
7158,IPC_SYN,SYN-01,1,1
7159,SPECIAL_LAW_SYN,SYN-03,1,1
7160,IT_ACT_SYN,SYN-02,1,1
7161,IPC_SYN,SYN-01,1,1
7162,IT_ACT_SYN,SYN-02,1,1
7163,IT_ACT_SYN,SYN-02,1,1
7164,SPECIAL_LAW_SYN,SYN-03,1,1
7165,IPC_SYN,SYN-01,1,1
7166,IPC_SYN,SYN-01,1,1
7167,IPC_SYN,SYN-01,1,1
7168,IPC_SYN,SYN-01,1,1
7169,SPECIAL_LAW_SYN,SYN-03,1,1
7170,SPECIAL_LAW_SYN,SYN-03,1,1
7171,IPC_SYN,SYN-01,1,1
7172,IT_ACT_SYN,SYN-02,1,1
7173,IPC_SYN,SYN-01,1,1
7174,IPC_SYN,SYN-01,1,1
7175,IT_ACT_SYN,SYN-02,1,1
7176,IPC_SYN,SYN-01,1,1
7177,IPC_SYN,SYN-01,1,1
7178,IPC_SYN,SYN-01,1,1
7179,IPC_SYN,SYN-01,1,1
7180,IT_ACT_SYN,SYN-02,1,1
7181,IT_ACT_SYN,SYN-02,1,1
7182,IPC_SYN,SYN-01,1,1
7183,IPC_SYN,SYN-01,1,1
7184,IT_ACT_SYN,SYN-02,1,1
7185,IPC_SYN,SYN-01,1,1
7186,SPECIAL_LAW_SYN,SYN-03,1,1
7187,SPECIAL_LAW_SYN,SYN-03,1,1
7188,SPECIAL_LAW_SYN,SYN-03,1,1
7189,IPC_SYN,SYN-01,1,1
7190,IPC_SYN,SYN-01,1,1
7191,IT_ACT_SYN,SYN-02,1,1
7192,SPECIAL_LAW_SYN,SYN-03,1,1
7193,IPC_SYN,SYN-01,1,1
7194,IPC_SYN,SYN-01,1,1
7195,IPC_SYN,SYN-01,1,1
7196,IT_ACT_SYN,SYN-02,1,1
7197,IPC_SYN,SYN-01,1,1
7198,IPC_SYN,SYN-01,1,1
7199,IPC_SYN,SYN-01,1,1
7200,IPC_SYN,SYN-01,1,1
7201,IPC_SYN,SYN-01,1,1
7202,SPECIAL_LAW_SYN,SYN-03,1,1
7203,IPC_SYN,SYN-01,1,1
7204,IPC_SYN,SYN-01,1,1
7205,IPC_SYN,SYN-01,1,1
7206,IPC_SYN,SYN-01,1,1
7207,IPC_SYN,SYN-01,1,1
7208,IT_ACT_SYN,SYN-02,1,1
7209,SPECIAL_LAW_SYN,SYN-03,1,1
7210,IPC_SYN,SYN-01,1,1
7211,SPECIAL_LAW_SYN,SYN-03,1,1
7212,SPECIAL_LAW_SYN,SYN-03,1,1
7213,IPC_SYN,SYN-01,1,1
7214,SPECIAL_LAW_SYN,SYN-03,1,1
7215,IT_ACT_SYN,SYN-02,1,1
7216,IPC_SYN,SYN-01,1,1
7217,IPC_SYN,SYN-01,1,1
7218,SPECIAL_LAW_SYN,SYN-03,1,1
7219,SPECIAL_LAW_SYN,SYN-03,1,1
7220,IT_ACT_SYN,SYN-02,1,1
7221,SPECIAL_LAW_SYN,SYN-03,1,1
7222,IT_ACT_SYN,SYN-02,1,1
7223,SPECIAL_LAW_SYN,SYN-03,1,1
7224,IPC_SYN,SYN-01,1,1
7225,SPECIAL_LAW_SYN,SYN-03,1,1
7226,IT_ACT_SYN,SYN-02,1,1
7227,SPECIAL_LAW_SYN,SYN-03,1,1
7228,IPC_SYN,SYN-01,1,1
7229,IPC_SYN,SYN-01,1,1
7230,IPC_SYN,SYN-01,1,1
7231,IPC_SYN,SYN-01,1,1
7232,IT_ACT_SYN,SYN-02,1,1
7233,IPC_SYN,SYN-01,1,1
7234,IPC_SYN,SYN-01,1,1
7235,SPECIAL_LAW_SYN,SYN-03,1,1
7236,IPC_SYN,SYN-01,1,1
7237,IT_ACT_SYN,SYN-02,1,1
7238,IPC_SYN,SYN-01,1,1
7239,IPC_SYN,SYN-01,1,1
7240,IPC_SYN,SYN-01,1,1
7241,IPC_SYN,SYN-01,1,1
7242,SPECIAL_LAW_SYN,SYN-03,1,1
7243,IPC_SYN,SYN-01,1,1
7244,IPC_SYN,SYN-01,1,1
7245,SPECIAL_LAW_SYN,SYN-03,1,1
7246,SPECIAL_LAW_SYN,SYN-03,1,1
7247,SPECIAL_LAW_SYN,SYN-03,1,1
7248,IPC_SYN,SYN-01,1,1
7249,IT_ACT_SYN,SYN-02,1,1
7250,IPC_SYN,SYN-01,1,1
7251,IPC_SYN,SYN-01,1,1
7252,IPC_SYN,SYN-01,1,1
7253,IPC_SYN,SYN-01,1,1
7254,IPC_SYN,SYN-01,1,1
7255,IPC_SYN,SYN-01,1,1
7256,SPECIAL_LAW_SYN,SYN-03,1,1
7257,SPECIAL_LAW_SYN,SYN-03,1,1
7258,SPECIAL_LAW_SYN,SYN-03,1,1
7259,IT_ACT_SYN,SYN-02,1,1
7260,SPECIAL_LAW_SYN,SYN-03,1,1
7261,SPECIAL_LAW_SYN,SYN-03,1,1
7262,IPC_SYN,SYN-01,1,1
7263,SPECIAL_LAW_SYN,SYN-03,1,1
7264,IPC_SYN,SYN-01,1,1
7265,SPECIAL_LAW_SYN,SYN-03,1,1
7266,IPC_SYN,SYN-01,1,1
7267,SPECIAL_LAW_SYN,SYN-03,1,1
7268,SPECIAL_LAW_SYN,SYN-03,1,1
7269,SPECIAL_LAW_SYN,SYN-03,1,1
7270,SPECIAL_LAW_SYN,SYN-03,1,1
7271,IT_ACT_SYN,SYN-02,1,1
7272,IT_ACT_SYN,SYN-02,1,1
7273,IPC_SYN,SYN-01,1,1
7274,IPC_SYN,SYN-01,1,1
7275,IPC_SYN,SYN-01,1,1
7276,IPC_SYN,SYN-01,1,1
7277,SPECIAL_LAW_SYN,SYN-03,1,1
7278,IPC_SYN,SYN-01,1,1
7279,IPC_SYN,SYN-01,1,1
7280,IPC_SYN,SYN-01,1,1
7281,IPC_SYN,SYN-01,1,1
7282,SPECIAL_LAW_SYN,SYN-03,1,1
7283,SPECIAL_LAW_SYN,SYN-03,1,1
7284,IT_ACT_SYN,SYN-02,1,1
7285,IPC_SYN,SYN-01,1,1
7286,SPECIAL_LAW_SYN,SYN-03,1,1
7287,SPECIAL_LAW_SYN,SYN-03,1,1
7288,SPECIAL_LAW_SYN,SYN-03,1,1
7289,IPC_SYN,SYN-01,1,1
7290,IPC_SYN,SYN-01,1,1
7291,SPECIAL_LAW_SYN,SYN-03,1,1
7292,IPC_SYN,SYN-01,1,1
7293,IT_ACT_SYN,SYN-02,1,1
7294,IPC_SYN,SYN-01,1,1
7295,SPECIAL_LAW_SYN,SYN-03,1,1
7296,SPECIAL_LAW_SYN,SYN-03,1,1
7297,IPC_SYN,SYN-01,1,1
7298,IPC_SYN,SYN-01,1,1
7299,SPECIAL_LAW_SYN,SYN-03,1,1
7300,IPC_SYN,SYN-01,1,1
7301,IPC_SYN,SYN-01,1,1
7302,IPC_SYN,SYN-01,1,1
7303,IPC_SYN,SYN-01,1,1
7304,IPC_SYN,SYN-01,1,1
7305,IPC_SYN,SYN-01,1,1
7306,IPC_SYN,SYN-01,1,1
7307,IPC_SYN,SYN-01,1,1
7308,IPC_SYN,SYN-01,1,1
7309,SPECIAL_LAW_SYN,SYN-03,1,1
7310,IPC_SYN,SYN-01,1,1
7311,IPC_SYN,SYN-01,1,1
7312,SPECIAL_LAW_SYN,SYN-03,1,1
7313,IPC_SYN,SYN-01,1,1
7314,SPECIAL_LAW_SYN,SYN-03,1,1
7315,IPC_SYN,SYN-01,1,1
7316,IPC_SYN,SYN-01,1,1
7317,IPC_SYN,SYN-01,1,1
7318,IPC_SYN,SYN-01,1,1
7319,IPC_SYN,SYN-01,1,1
7320,IPC_SYN,SYN-01,1,1
7321,SPECIAL_LAW_SYN,SYN-03,1,1
7322,IPC_SYN,SYN-01,1,1
7323,IT_ACT_SYN,SYN-02,1,1
7324,SPECIAL_LAW_SYN,SYN-03,1,1
7325,IPC_SYN,SYN-01,1,1
7326,IPC_SYN,SYN-01,1,1
7327,SPECIAL_LAW_SYN,SYN-03,1,1
7328,IPC_SYN,SYN-01,1,1
7329,IPC_SYN,SYN-01,1,1
7330,IPC_SYN,SYN-01,1,1
7331,IT_ACT_SYN,SYN-02,1,1
7332,IPC_SYN,SYN-01,1,1
7333,IPC_SYN,SYN-01,1,1
7334,SPECIAL_LAW_SYN,SYN-03,1,1
7335,SPECIAL_LAW_SYN,SYN-03,1,1
7336,SPECIAL_LAW_SYN,SYN-03,1,1
7337,IPC_SYN,SYN-01,1,1
7338,IT_ACT_SYN,SYN-02,1,1
7339,IPC_SYN,SYN-01,1,1
7340,IPC_SYN,SYN-01,1,1
7341,SPECIAL_LAW_SYN,SYN-03,1,1
7342,IPC_SYN,SYN-01,1,1
7343,IPC_SYN,SYN-01,1,1
7344,IPC_SYN,SYN-01,1,1
7345,IPC_SYN,SYN-01,1,1
7346,IPC_SYN,SYN-01,1,1
7347,IT_ACT_SYN,SYN-02,1,1
7348,IT_ACT_SYN,SYN-02,1,1
7349,IT_ACT_SYN,SYN-02,1,1
7350,IPC_SYN,SYN-01,1,1
7351,SPECIAL_LAW_SYN,SYN-03,1,1
7352,IPC_SYN,SYN-01,1,1
7353,IPC_SYN,SYN-01,1,1
7354,IPC_SYN,SYN-01,1,1
7355,IT_ACT_SYN,SYN-02,1,1
7356,IPC_SYN,SYN-01,1,1
7357,SPECIAL_LAW_SYN,SYN-03,1,1
7358,IPC_SYN,SYN-01,1,1
7359,IPC_SYN,SYN-01,1,1
7360,SPECIAL_LAW_SYN,SYN-03,1,1
7361,IPC_SYN,SYN-01,1,1
7362,SPECIAL_LAW_SYN,SYN-03,1,1
7363,IPC_SYN,SYN-01,1,1
7364,IPC_SYN,SYN-01,1,1
7365,IT_ACT_SYN,SYN-02,1,1
7366,SPECIAL_LAW_SYN,SYN-03,1,1
7367,IPC_SYN,SYN-01,1,1
7368,SPECIAL_LAW_SYN,SYN-03,1,1
7369,IT_ACT_SYN,SYN-02,1,1
7370,SPECIAL_LAW_SYN,SYN-03,1,1
7371,SPECIAL_LAW_SYN,SYN-03,1,1
7372,SPECIAL_LAW_SYN,SYN-03,1,1
7373,IPC_SYN,SYN-01,1,1
7374,SPECIAL_LAW_SYN,SYN-03,1,1
7375,IPC_SYN,SYN-01,1,1
7376,SPECIAL_LAW_SYN,SYN-03,1,1
7377,SPECIAL_LAW_SYN,SYN-03,1,1
7378,SPECIAL_LAW_SYN,SYN-03,1,1
7379,SPECIAL_LAW_SYN,SYN-03,1,1
7380,IPC_SYN,SYN-01,1,1
7381,IT_ACT_SYN,SYN-02,1,1
7382,IPC_SYN,SYN-01,1,1
7383,IPC_SYN,SYN-01,1,1
7384,IT_ACT_SYN,SYN-02,1,1
7385,IPC_SYN,SYN-01,1,1
7386,IPC_SYN,SYN-01,1,1
7387,SPECIAL_LAW_SYN,SYN-03,1,1
7388,IPC_SYN,SYN-01,1,1
7389,IPC_SYN,SYN-01,1,1
7390,IPC_SYN,SYN-01,1,1
7391,IPC_SYN,SYN-01,1,1
7392,IPC_SYN,SYN-01,1,1
7393,SPECIAL_LAW_SYN,SYN-03,1,1
7394,IPC_SYN,SYN-01,1,1
7395,IPC_SYN,SYN-01,1,1
7396,IPC_SYN,SYN-01,1,1
7397,IPC_SYN,SYN-01,1,1
7398,IT_ACT_SYN,SYN-02,1,1
7399,IPC_SYN,SYN-01,1,1
7400,SPECIAL_LAW_SYN,SYN-03,1,1
7401,IPC_SYN,SYN-01,1,1
7402,IPC_SYN,SYN-01,1,1
7403,IPC_SYN,SYN-01,1,1
7404,IPC_SYN,SYN-01,1,1
7405,IPC_SYN,SYN-01,1,1
7406,SPECIAL_LAW_SYN,SYN-03,1,1
7407,IPC_SYN,SYN-01,1,1
7408,IPC_SYN,SYN-01,1,1
7409,IPC_SYN,SYN-01,1,1
7410,IPC_SYN,SYN-01,1,1
7411,IPC_SYN,SYN-01,1,1
7412,IT_ACT_SYN,SYN-02,1,1
7413,SPECIAL_LAW_SYN,SYN-03,1,1
7414,IPC_SYN,SYN-01,1,1
7415,IPC_SYN,SYN-01,1,1
7416,IPC_SYN,SYN-01,1,1
7417,SPECIAL_LAW_SYN,SYN-03,1,1
7418,IT_ACT_SYN,SYN-02,1,1
7419,IPC_SYN,SYN-01,1,1
7420,IPC_SYN,SYN-01,1,1
7421,IT_ACT_SYN,SYN-02,1,1
7422,IPC_SYN,SYN-01,1,1
7423,IPC_SYN,SYN-01,1,1
7424,SPECIAL_LAW_SYN,SYN-03,1,1
7425,IPC_SYN,SYN-01,1,1
7426,SPECIAL_LAW_SYN,SYN-03,1,1
7427,SPECIAL_LAW_SYN,SYN-03,1,1
7428,IPC_SYN,SYN-01,1,1
7429,IPC_SYN,SYN-01,1,1
7430,IPC_SYN,SYN-01,1,1
7431,SPECIAL_LAW_SYN,SYN-03,1,1
7432,IPC_SYN,SYN-01,1,1
7433,IPC_SYN,SYN-01,1,1
7434,SPECIAL_LAW_SYN,SYN-03,1,1
7435,SPECIAL_LAW_SYN,SYN-03,1,1
7436,IPC_SYN,SYN-01,1,1
7437,IPC_SYN,SYN-01,1,1
7438,IPC_SYN,SYN-01,1,1
7439,IPC_SYN,SYN-01,1,1
7440,IPC_SYN,SYN-01,1,1
7441,IPC_SYN,SYN-01,1,1
7442,IT_ACT_SYN,SYN-02,1,1
7443,SPECIAL_LAW_SYN,SYN-03,1,1
7444,IPC_SYN,SYN-01,1,1
7445,IPC_SYN,SYN-01,1,1
7446,SPECIAL_LAW_SYN,SYN-03,1,1
7447,IT_ACT_SYN,SYN-02,1,1
7448,IPC_SYN,SYN-01,1,1
7449,IPC_SYN,SYN-01,1,1
7450,IPC_SYN,SYN-01,1,1
7451,SPECIAL_LAW_SYN,SYN-03,1,1
7452,IPC_SYN,SYN-01,1,1
7453,SPECIAL_LAW_SYN,SYN-03,1,1
7454,IPC_SYN,SYN-01,1,1
7455,IPC_SYN,SYN-01,1,1
7456,IPC_SYN,SYN-01,1,1
7457,SPECIAL_LAW_SYN,SYN-03,1,1
7458,IPC_SYN,SYN-01,1,1
7459,IPC_SYN,SYN-01,1,1
7460,IPC_SYN,SYN-01,1,1
7461,IPC_SYN,SYN-01,1,1
7462,IPC_SYN,SYN-01,1,1
7463,SPECIAL_LAW_SYN,SYN-03,1,1
7464,IPC_SYN,SYN-01,1,1
7465,IPC_SYN,SYN-01,1,1
7466,IT_ACT_SYN,SYN-02,1,1
7467,IPC_SYN,SYN-01,1,1
7468,IPC_SYN,SYN-01,1,1
7469,SPECIAL_LAW_SYN,SYN-03,1,1
7470,IPC_SYN,SYN-01,1,1
7471,IPC_SYN,SYN-01,1,1
7472,IPC_SYN,SYN-01,1,1
7473,IPC_SYN,SYN-01,1,1
7474,SPECIAL_LAW_SYN,SYN-03,1,1
7475,SPECIAL_LAW_SYN,SYN-03,1,1
7476,IPC_SYN,SYN-01,1,1
7477,IPC_SYN,SYN-01,1,1
7478,IPC_SYN,SYN-01,1,1
7479,IPC_SYN,SYN-01,1,1
7480,IPC_SYN,SYN-01,1,1
7481,IPC_SYN,SYN-01,1,1
7482,IPC_SYN,SYN-01,1,1
7483,IPC_SYN,SYN-01,1,1
7484,IPC_SYN,SYN-01,1,1
7485,IT_ACT_SYN,SYN-02,1,1
7486,IPC_SYN,SYN-01,1,1
7487,IPC_SYN,SYN-01,1,1
7488,IPC_SYN,SYN-01,1,1
7489,IPC_SYN,SYN-01,1,1
7490,IPC_SYN,SYN-01,1,1
7491,IPC_SYN,SYN-01,1,1
7492,IPC_SYN,SYN-01,1,1
7493,IPC_SYN,SYN-01,1,1
7494,IPC_SYN,SYN-01,1,1
7495,SPECIAL_LAW_SYN,SYN-03,1,1
7496,IPC_SYN,SYN-01,1,1
7497,IPC_SYN,SYN-01,1,1
7498,IT_ACT_SYN,SYN-02,1,1
7499,SPECIAL_LAW_SYN,SYN-03,1,1
7500,IPC_SYN,SYN-01,1,1
7501,IPC_SYN,SYN-01,1,1
7502,IPC_SYN,SYN-01,1,1
7503,IPC_SYN,SYN-01,1,1
7504,SPECIAL_LAW_SYN,SYN-03,1,1
7505,SPECIAL_LAW_SYN,SYN-03,1,1
7506,SPECIAL_LAW_SYN,SYN-03,1,1
7507,IPC_SYN,SYN-01,1,1
7508,IT_ACT_SYN,SYN-02,1,1
7509,IPC_SYN,SYN-01,1,1
7510,SPECIAL_LAW_SYN,SYN-03,1,1
7511,SPECIAL_LAW_SYN,SYN-03,1,1
7512,IPC_SYN,SYN-01,1,1
7513,IPC_SYN,SYN-01,1,1
7514,IPC_SYN,SYN-01,1,1
7515,IPC_SYN,SYN-01,1,1
7516,IPC_SYN,SYN-01,1,1
7517,SPECIAL_LAW_SYN,SYN-03,1,1
7518,SPECIAL_LAW_SYN,SYN-03,1,1
7519,SPECIAL_LAW_SYN,SYN-03,1,1
7520,IPC_SYN,SYN-01,1,1
7521,IPC_SYN,SYN-01,1,1
7522,IPC_SYN,SYN-01,1,1
7523,SPECIAL_LAW_SYN,SYN-03,1,1
7524,IT_ACT_SYN,SYN-02,1,1
7525,IPC_SYN,SYN-01,1,1
7526,IPC_SYN,SYN-01,1,1
7527,IPC_SYN,SYN-01,1,1
7528,IPC_SYN,SYN-01,1,1
7529,IPC_SYN,SYN-01,1,1
7530,SPECIAL_LAW_SYN,SYN-03,1,1
7531,SPECIAL_LAW_SYN,SYN-03,1,1
7532,IT_ACT_SYN,SYN-02,1,1
7533,IPC_SYN,SYN-01,1,1
7534,IPC_SYN,SYN-01,1,1
7535,IPC_SYN,SYN-01,1,1
7536,IPC_SYN,SYN-01,1,1
7537,SPECIAL_LAW_SYN,SYN-03,1,1
7538,SPECIAL_LAW_SYN,SYN-03,1,1
7539,IPC_SYN,SYN-01,1,1
7540,SPECIAL_LAW_SYN,SYN-03,1,1
7541,SPECIAL_LAW_SYN,SYN-03,1,1
7542,IPC_SYN,SYN-01,1,1
7543,IT_ACT_SYN,SYN-02,1,1
7544,SPECIAL_LAW_SYN,SYN-03,1,1
7545,IT_ACT_SYN,SYN-02,1,1
7546,IPC_SYN,SYN-01,1,1
7547,IPC_SYN,SYN-01,1,1
7548,IPC_SYN,SYN-01,1,1
7549,IPC_SYN,SYN-01,1,1
7550,IPC_SYN,SYN-01,1,1
7551,IPC_SYN,SYN-01,1,1
7552,IPC_SYN,SYN-01,1,1
7553,IPC_SYN,SYN-01,1,1
7554,IPC_SYN,SYN-01,1,1
7555,IPC_SYN,SYN-01,1,1
7556,IPC_SYN,SYN-01,1,1
7557,IPC_SYN,SYN-01,1,1
7558,IPC_SYN,SYN-01,1,1
7559,IPC_SYN,SYN-01,1,1
7560,IPC_SYN,SYN-01,1,1
7561,SPECIAL_LAW_SYN,SYN-03,1,1
7562,IPC_SYN,SYN-01,1,1
7563,IPC_SYN,SYN-01,1,1
7564,SPECIAL_LAW_SYN,SYN-03,1,1
7565,SPECIAL_LAW_SYN,SYN-03,1,1
7566,IPC_SYN,SYN-01,1,1
7567,IPC_SYN,SYN-01,1,1
7568,IT_ACT_SYN,SYN-02,1,1
7569,IPC_SYN,SYN-01,1,1
7570,IPC_SYN,SYN-01,1,1
7571,SPECIAL_LAW_SYN,SYN-03,1,1
7572,IPC_SYN,SYN-01,1,1
7573,IPC_SYN,SYN-01,1,1
7574,IPC_SYN,SYN-01,1,1
7575,IPC_SYN,SYN-01,1,1
7576,IPC_SYN,SYN-01,1,1
7577,SPECIAL_LAW_SYN,SYN-03,1,1
7578,IPC_SYN,SYN-01,1,1
7579,IPC_SYN,SYN-01,1,1
7580,IPC_SYN,SYN-01,1,1
7581,IPC_SYN,SYN-01,1,1
7582,SPECIAL_LAW_SYN,SYN-03,1,1
7583,IPC_SYN,SYN-01,1,1
7584,IPC_SYN,SYN-01,1,1
7585,SPECIAL_LAW_SYN,SYN-03,1,1
7586,IPC_SYN,SYN-01,1,1
7587,SPECIAL_LAW_SYN,SYN-03,1,1
7588,IPC_SYN,SYN-01,1,1
7589,IPC_SYN,SYN-01,1,1
7590,IPC_SYN,SYN-01,1,1
7591,IPC_SYN,SYN-01,1,1
7592,IT_ACT_SYN,SYN-02,1,1
7593,IPC_SYN,SYN-01,1,1
7594,IPC_SYN,SYN-01,1,1
7595,SPECIAL_LAW_SYN,SYN-03,1,1
7596,IPC_SYN,SYN-01,1,1
7597,IPC_SYN,SYN-01,1,1
7598,SPECIAL_LAW_SYN,SYN-03,1,1
7599,IPC_SYN,SYN-01,1,1
7600,IPC_SYN,SYN-01,1,1
7601,SPECIAL_LAW_SYN,SYN-03,1,1
7602,SPECIAL_LAW_SYN,SYN-03,1,1
7603,SPECIAL_LAW_SYN,SYN-03,1,1
7604,IPC_SYN,SYN-01,1,1
7605,IPC_SYN,SYN-01,1,1
7606,IT_ACT_SYN,SYN-02,1,1
7607,IPC_SYN,SYN-01,1,1
7608,IPC_SYN,SYN-01,1,1
7609,IPC_SYN,SYN-01,1,1
7610,IPC_SYN,SYN-01,1,1
7611,SPECIAL_LAW_SYN,SYN-03,1,1
7612,SPECIAL_LAW_SYN,SYN-03,1,1
7613,SPECIAL_LAW_SYN,SYN-03,1,1
7614,SPECIAL_LAW_SYN,SYN-03,1,1
7615,SPECIAL_LAW_SYN,SYN-03,1,1
7616,SPECIAL_LAW_SYN,SYN-03,1,1
7617,SPECIAL_LAW_SYN,SYN-03,1,1
7618,IPC_SYN,SYN-01,1,1
7619,IPC_SYN,SYN-01,1,1
7620,SPECIAL_LAW_SYN,SYN-03,1,1
7621,IPC_SYN,SYN-01,1,1
7622,IT_ACT_SYN,SYN-02,1,1
7623,IPC_SYN,SYN-01,1,1
7624,IPC_SYN,SYN-01,1,1
7625,IPC_SYN,SYN-01,1,1
7626,IPC_SYN,SYN-01,1,1
7627,IT_ACT_SYN,SYN-02,1,1
7628,IPC_SYN,SYN-01,1,1
7629,SPECIAL_LAW_SYN,SYN-03,1,1
7630,SPECIAL_LAW_SYN,SYN-03,1,1
7631,IPC_SYN,SYN-01,1,1
7632,SPECIAL_LAW_SYN,SYN-03,1,1
7633,IPC_SYN,SYN-01,1,1
7634,IPC_SYN,SYN-01,1,1
7635,IT_ACT_SYN,SYN-02,1,1
7636,IPC_SYN,SYN-01,1,1
7637,IPC_SYN,SYN-01,1,1
7638,SPECIAL_LAW_SYN,SYN-03,1,1
7639,IPC_SYN,SYN-01,1,1
7640,SPECIAL_LAW_SYN,SYN-03,1,1
7641,IT_ACT_SYN,SYN-02,1,1
7642,IT_ACT_SYN,SYN-02,1,1
7643,IPC_SYN,SYN-01,1,1
7644,IPC_SYN,SYN-01,1,1
7645,SPECIAL_LAW_SYN,SYN-03,1,1
7646,IPC_SYN,SYN-01,1,1
7647,IPC_SYN,SYN-01,1,1
7648,SPECIAL_LAW_SYN,SYN-03,1,1
7649,IT_ACT_SYN,SYN-02,1,1
7650,SPECIAL_LAW_SYN,SYN-03,1,1
7651,IPC_SYN,SYN-01,1,1
7652,IT_ACT_SYN,SYN-02,1,1
7653,SPECIAL_LAW_SYN,SYN-03,1,1
7654,SPECIAL_LAW_SYN,SYN-03,1,1
7655,IPC_SYN,SYN-01,1,1
7656,IPC_SYN,SYN-01,1,1
7657,IPC_SYN,SYN-01,1,1
7658,SPECIAL_LAW_SYN,SYN-03,1,1
7659,IPC_SYN,SYN-01,1,1
7660,IPC_SYN,SYN-01,1,1
7661,IPC_SYN,SYN-01,1,1
7662,SPECIAL_LAW_SYN,SYN-03,1,1
7663,IPC_SYN,SYN-01,1,1
7664,IPC_SYN,SYN-01,1,1
7665,IPC_SYN,SYN-01,1,1
7666,SPECIAL_LAW_SYN,SYN-03,1,1
7667,IPC_SYN,SYN-01,1,1
7668,IPC_SYN,SYN-01,1,1
7669,IPC_SYN,SYN-01,1,1
7670,SPECIAL_LAW_SYN,SYN-03,1,1
7671,IT_ACT_SYN,SYN-02,1,1
7672,IPC_SYN,SYN-01,1,1
7673,IPC_SYN,SYN-01,1,1
7674,IPC_SYN,SYN-01,1,1
7675,SPECIAL_LAW_SYN,SYN-03,1,1
7676,SPECIAL_LAW_SYN,SYN-03,1,1
7677,IPC_SYN,SYN-01,1,1
7678,SPECIAL_LAW_SYN,SYN-03,1,1
7679,SPECIAL_LAW_SYN,SYN-03,1,1
7680,SPECIAL_LAW_SYN,SYN-03,1,1
7681,IT_ACT_SYN,SYN-02,1,1
7682,IT_ACT_SYN,SYN-02,1,1
7683,IT_ACT_SYN,SYN-02,1,1
7684,IT_ACT_SYN,SYN-02,1,1
7685,SPECIAL_LAW_SYN,SYN-03,1,1
7686,SPECIAL_LAW_SYN,SYN-03,1,1
7687,SPECIAL_LAW_SYN,SYN-03,1,1
7688,SPECIAL_LAW_SYN,SYN-03,1,1
7689,IPC_SYN,SYN-01,1,1
7690,IPC_SYN,SYN-01,1,1
7691,IPC_SYN,SYN-01,1,1
7692,IPC_SYN,SYN-01,1,1
7693,IPC_SYN,SYN-01,1,1
7694,IPC_SYN,SYN-01,1,1
7695,IPC_SYN,SYN-01,1,1
7696,IPC_SYN,SYN-01,1,1
7697,SPECIAL_LAW_SYN,SYN-03,1,1
7698,IPC_SYN,SYN-01,1,1
7699,IPC_SYN,SYN-01,1,1
7700,IT_ACT_SYN,SYN-02,1,1
7701,IPC_SYN,SYN-01,1,1
7702,IPC_SYN,SYN-01,1,1
7703,IPC_SYN,SYN-01,1,1
7704,IPC_SYN,SYN-01,1,1
7705,IPC_SYN,SYN-01,1,1
7706,IPC_SYN,SYN-01,1,1
7707,IT_ACT_SYN,SYN-02,1,1
7708,IT_ACT_SYN,SYN-02,1,1
7709,IPC_SYN,SYN-01,1,1
7710,IT_ACT_SYN,SYN-02,1,1
7711,IPC_SYN,SYN-01,1,1
7712,IPC_SYN,SYN-01,1,1
7713,IPC_SYN,SYN-01,1,1
7714,SPECIAL_LAW_SYN,SYN-03,1,1
7715,IPC_SYN,SYN-01,1,1
7716,IPC_SYN,SYN-01,1,1
7717,IPC_SYN,SYN-01,1,1
7718,IPC_SYN,SYN-01,1,1
7719,SPECIAL_LAW_SYN,SYN-03,1,1
7720,IPC_SYN,SYN-01,1,1
7721,IPC_SYN,SYN-01,1,1
7722,SPECIAL_LAW_SYN,SYN-03,1,1
7723,SPECIAL_LAW_SYN,SYN-03,1,1
7724,IPC_SYN,SYN-01,1,1
7725,IPC_SYN,SYN-01,1,1
7726,IPC_SYN,SYN-01,1,1
7727,IPC_SYN,SYN-01,1,1
7728,IPC_SYN,SYN-01,1,1
7729,SPECIAL_LAW_SYN,SYN-03,1,1
7730,IPC_SYN,SYN-01,1,1
7731,IPC_SYN,SYN-01,1,1
7732,IPC_SYN,SYN-01,1,1
7733,IPC_SYN,SYN-01,1,1
7734,SPECIAL_LAW_SYN,SYN-03,1,1
7735,SPECIAL_LAW_SYN,SYN-03,1,1
7736,IPC_SYN,SYN-01,1,1
7737,SPECIAL_LAW_SYN,SYN-03,1,1
7738,SPECIAL_LAW_SYN,SYN-03,1,1
7739,IPC_SYN,SYN-01,1,1
7740,IPC_SYN,SYN-01,1,1
7741,IT_ACT_SYN,SYN-02,1,1
7742,SPECIAL_LAW_SYN,SYN-03,1,1
7743,IPC_SYN,SYN-01,1,1
7744,IT_ACT_SYN,SYN-02,1,1
7745,SPECIAL_LAW_SYN,SYN-03,1,1
7746,IPC_SYN,SYN-01,1,1
7747,IPC_SYN,SYN-01,1,1
7748,SPECIAL_LAW_SYN,SYN-03,1,1
7749,IPC_SYN,SYN-01,1,1
7750,IPC_SYN,SYN-01,1,1
7751,IPC_SYN,SYN-01,1,1
7752,IPC_SYN,SYN-01,1,1
7753,SPECIAL_LAW_SYN,SYN-03,1,1
7754,IPC_SYN,SYN-01,1,1
7755,IT_ACT_SYN,SYN-02,1,1
7756,IPC_SYN,SYN-01,1,1
7757,IPC_SYN,SYN-01,1,1
7758,IPC_SYN,SYN-01,1,1
7759,IT_ACT_SYN,SYN-02,1,1
7760,SPECIAL_LAW_SYN,SYN-03,1,1
7761,IPC_SYN,SYN-01,1,1
7762,SPECIAL_LAW_SYN,SYN-03,1,1
7763,SPECIAL_LAW_SYN,SYN-03,1,1
7764,IPC_SYN,SYN-01,1,1
7765,IPC_SYN,SYN-01,1,1
7766,IPC_SYN,SYN-01,1,1
7767,IPC_SYN,SYN-01,1,1
7768,SPECIAL_LAW_SYN,SYN-03,1,1
7769,IPC_SYN,SYN-01,1,1
7770,IPC_SYN,SYN-01,1,1
7771,IPC_SYN,SYN-01,1,1
7772,IPC_SYN,SYN-01,1,1
7773,SPECIAL_LAW_SYN,SYN-03,1,1
7774,SPECIAL_LAW_SYN,SYN-03,1,1
7775,IPC_SYN,SYN-01,1,1
7776,IPC_SYN,SYN-01,1,1
7777,SPECIAL_LAW_SYN,SYN-03,1,1
7778,IPC_SYN,SYN-01,1,1
7779,IPC_SYN,SYN-01,1,1
7780,IPC_SYN,SYN-01,1,1
7781,SPECIAL_LAW_SYN,SYN-03,1,1
7782,SPECIAL_LAW_SYN,SYN-03,1,1
7783,SPECIAL_LAW_SYN,SYN-03,1,1
7784,IT_ACT_SYN,SYN-02,1,1
7785,SPECIAL_LAW_SYN,SYN-03,1,1
7786,IPC_SYN,SYN-01,1,1
7787,IPC_SYN,SYN-01,1,1
7788,IPC_SYN,SYN-01,1,1
7789,IPC_SYN,SYN-01,1,1
7790,SPECIAL_LAW_SYN,SYN-03,1,1
7791,SPECIAL_LAW_SYN,SYN-03,1,1
7792,SPECIAL_LAW_SYN,SYN-03,1,1
7793,IPC_SYN,SYN-01,1,1
7794,IPC_SYN,SYN-01,1,1
7795,IPC_SYN,SYN-01,1,1
7796,IPC_SYN,SYN-01,1,1
7797,IPC_SYN,SYN-01,1,1
7798,IPC_SYN,SYN-01,1,1
7799,SPECIAL_LAW_SYN,SYN-03,1,1
7800,SPECIAL_LAW_SYN,SYN-03,1,1
7801,IPC_SYN,SYN-01,1,1
7802,IPC_SYN,SYN-01,1,1
7803,SPECIAL_LAW_SYN,SYN-03,1,1
7804,IPC_SYN,SYN-01,1,1
7805,SPECIAL_LAW_SYN,SYN-03,1,1
7806,SPECIAL_LAW_SYN,SYN-03,1,1
7807,IPC_SYN,SYN-01,1,1
7808,IPC_SYN,SYN-01,1,1
7809,IPC_SYN,SYN-01,1,1
7810,SPECIAL_LAW_SYN,SYN-03,1,1
7811,IPC_SYN,SYN-01,1,1
7812,IPC_SYN,SYN-01,1,1
7813,SPECIAL_LAW_SYN,SYN-03,1,1
7814,SPECIAL_LAW_SYN,SYN-03,1,1
7815,IPC_SYN,SYN-01,1,1
7816,IPC_SYN,SYN-01,1,1
7817,IPC_SYN,SYN-01,1,1
7818,IPC_SYN,SYN-01,1,1
7819,IPC_SYN,SYN-01,1,1
7820,IPC_SYN,SYN-01,1,1
7821,IPC_SYN,SYN-01,1,1
7822,SPECIAL_LAW_SYN,SYN-03,1,1
7823,SPECIAL_LAW_SYN,SYN-03,1,1
7824,IPC_SYN,SYN-01,1,1
7825,IT_ACT_SYN,SYN-02,1,1
7826,IPC_SYN,SYN-01,1,1
7827,IPC_SYN,SYN-01,1,1
7828,IPC_SYN,SYN-01,1,1
7829,IT_ACT_SYN,SYN-02,1,1
7830,IPC_SYN,SYN-01,1,1
7831,IPC_SYN,SYN-01,1,1
7832,SPECIAL_LAW_SYN,SYN-03,1,1
7833,IPC_SYN,SYN-01,1,1
7834,IPC_SYN,SYN-01,1,1
7835,SPECIAL_LAW_SYN,SYN-03,1,1
7836,IPC_SYN,SYN-01,1,1
7837,SPECIAL_LAW_SYN,SYN-03,1,1
7838,IPC_SYN,SYN-01,1,1
7839,IT_ACT_SYN,SYN-02,1,1
7840,IT_ACT_SYN,SYN-02,1,1
7841,IPC_SYN,SYN-01,1,1
7842,IPC_SYN,SYN-01,1,1
7843,IPC_SYN,SYN-01,1,1
7844,IPC_SYN,SYN-01,1,1
7845,SPECIAL_LAW_SYN,SYN-03,1,1
7846,IPC_SYN,SYN-01,1,1
7847,IPC_SYN,SYN-01,1,1
7848,IPC_SYN,SYN-01,1,1
7849,SPECIAL_LAW_SYN,SYN-03,1,1
7850,IPC_SYN,SYN-01,1,1
7851,IPC_SYN,SYN-01,1,1
7852,SPECIAL_LAW_SYN,SYN-03,1,1
7853,SPECIAL_LAW_SYN,SYN-03,1,1
7854,IPC_SYN,SYN-01,1,1
7855,SPECIAL_LAW_SYN,SYN-03,1,1
7856,IPC_SYN,SYN-01,1,1
7857,IPC_SYN,SYN-01,1,1
7858,IPC_SYN,SYN-01,1,1
7859,IT_ACT_SYN,SYN-02,1,1
7860,IPC_SYN,SYN-01,1,1
7861,IPC_SYN,SYN-01,1,1
7862,SPECIAL_LAW_SYN,SYN-03,1,1
7863,IPC_SYN,SYN-01,1,1
7864,SPECIAL_LAW_SYN,SYN-03,1,1
7865,SPECIAL_LAW_SYN,SYN-03,1,1
7866,IPC_SYN,SYN-01,1,1
7867,IPC_SYN,SYN-01,1,1
7868,IT_ACT_SYN,SYN-02,1,1
7869,SPECIAL_LAW_SYN,SYN-03,1,1
7870,SPECIAL_LAW_SYN,SYN-03,1,1
7871,SPECIAL_LAW_SYN,SYN-03,1,1
7872,SPECIAL_LAW_SYN,SYN-03,1,1
7873,IPC_SYN,SYN-01,1,1
7874,IPC_SYN,SYN-01,1,1
7875,SPECIAL_LAW_SYN,SYN-03,1,1
7876,IPC_SYN,SYN-01,1,1
7877,IT_ACT_SYN,SYN-02,1,1
7878,IPC_SYN,SYN-01,1,1
7879,IPC_SYN,SYN-01,1,1
7880,IPC_SYN,SYN-01,1,1
7881,IPC_SYN,SYN-01,1,1
7882,IPC_SYN,SYN-01,1,1
7883,SPECIAL_LAW_SYN,SYN-03,1,1
7884,SPECIAL_LAW_SYN,SYN-03,1,1
7885,IT_ACT_SYN,SYN-02,1,1
7886,SPECIAL_LAW_SYN,SYN-03,1,1
7887,IPC_SYN,SYN-01,1,1
7888,IPC_SYN,SYN-01,1,1
7889,IT_ACT_SYN,SYN-02,1,1
7890,SPECIAL_LAW_SYN,SYN-03,1,1
7891,IT_ACT_SYN,SYN-02,1,1
7892,IPC_SYN,SYN-01,1,1
7893,SPECIAL_LAW_SYN,SYN-03,1,1
7894,IPC_SYN,SYN-01,1,1
7895,IPC_SYN,SYN-01,1,1
7896,IT_ACT_SYN,SYN-02,1,1
7897,IPC_SYN,SYN-01,1,1
7898,IT_ACT_SYN,SYN-02,1,1
7899,SPECIAL_LAW_SYN,SYN-03,1,1
7900,IPC_SYN,SYN-01,1,1
7901,SPECIAL_LAW_SYN,SYN-03,1,1
7902,SPECIAL_LAW_SYN,SYN-03,1,1
7903,SPECIAL_LAW_SYN,SYN-03,1,1
7904,IT_ACT_SYN,SYN-02,1,1
7905,IPC_SYN,SYN-01,1,1
7906,IT_ACT_SYN,SYN-02,1,1
7907,SPECIAL_LAW_SYN,SYN-03,1,1
7908,IPC_SYN,SYN-01,1,1
7909,SPECIAL_LAW_SYN,SYN-03,1,1
7910,SPECIAL_LAW_SYN,SYN-03,1,1
7911,IPC_SYN,SYN-01,1,1
7912,IT_ACT_SYN,SYN-02,1,1
7913,IPC_SYN,SYN-01,1,1
7914,SPECIAL_LAW_SYN,SYN-03,1,1
7915,SPECIAL_LAW_SYN,SYN-03,1,1
7916,IPC_SYN,SYN-01,1,1
7917,IPC_SYN,SYN-01,1,1
7918,IT_ACT_SYN,SYN-02,1,1
7919,SPECIAL_LAW_SYN,SYN-03,1,1
7920,IPC_SYN,SYN-01,1,1
7921,IT_ACT_SYN,SYN-02,1,1
7922,IT_ACT_SYN,SYN-02,1,1
7923,IPC_SYN,SYN-01,1,1
7924,IPC_SYN,SYN-01,1,1
7925,SPECIAL_LAW_SYN,SYN-03,1,1
7926,SPECIAL_LAW_SYN,SYN-03,1,1
7927,IPC_SYN,SYN-01,1,1
7928,IPC_SYN,SYN-01,1,1
7929,IPC_SYN,SYN-01,1,1
7930,IPC_SYN,SYN-01,1,1
7931,IPC_SYN,SYN-01,1,1
7932,SPECIAL_LAW_SYN,SYN-03,1,1
7933,SPECIAL_LAW_SYN,SYN-03,1,1
7934,IPC_SYN,SYN-01,1,1
7935,IPC_SYN,SYN-01,1,1
7936,IPC_SYN,SYN-01,1,1
7937,SPECIAL_LAW_SYN,SYN-03,1,1
7938,SPECIAL_LAW_SYN,SYN-03,1,1
7939,IPC_SYN,SYN-01,1,1
7940,IT_ACT_SYN,SYN-02,1,1
7941,SPECIAL_LAW_SYN,SYN-03,1,1
7942,IPC_SYN,SYN-01,1,1
7943,SPECIAL_LAW_SYN,SYN-03,1,1
7944,SPECIAL_LAW_SYN,SYN-03,1,1
7945,IT_ACT_SYN,SYN-02,1,1
7946,IT_ACT_SYN,SYN-02,1,1
7947,IPC_SYN,SYN-01,1,1
7948,IPC_SYN,SYN-01,1,1
7949,SPECIAL_LAW_SYN,SYN-03,1,1
7950,SPECIAL_LAW_SYN,SYN-03,1,1
7951,SPECIAL_LAW_SYN,SYN-03,1,1
7952,IPC_SYN,SYN-01,1,1
7953,IPC_SYN,SYN-01,1,1
7954,IT_ACT_SYN,SYN-02,1,1
7955,IT_ACT_SYN,SYN-02,1,1
7956,SPECIAL_LAW_SYN,SYN-03,1,1
7957,IPC_SYN,SYN-01,1,1
7958,IPC_SYN,SYN-01,1,1
7959,IPC_SYN,SYN-01,1,1
7960,IPC_SYN,SYN-01,1,1
7961,IPC_SYN,SYN-01,1,1
7962,IPC_SYN,SYN-01,1,1
7963,IPC_SYN,SYN-01,1,1
7964,IT_ACT_SYN,SYN-02,1,1
7965,IPC_SYN,SYN-01,1,1
7966,IT_ACT_SYN,SYN-02,1,1
7967,IPC_SYN,SYN-01,1,1
7968,IPC_SYN,SYN-01,1,1
7969,IPC_SYN,SYN-01,1,1
7970,IPC_SYN,SYN-01,1,1
7971,IT_ACT_SYN,SYN-02,1,1
7972,IT_ACT_SYN,SYN-02,1,1
7973,IPC_SYN,SYN-01,1,1
7974,IPC_SYN,SYN-01,1,1
7975,SPECIAL_LAW_SYN,SYN-03,1,1
7976,IPC_SYN,SYN-01,1,1
7977,SPECIAL_LAW_SYN,SYN-03,1,1
7978,IPC_SYN,SYN-01,1,1
7979,IPC_SYN,SYN-01,1,1
7980,IPC_SYN,SYN-01,1,1
7981,IT_ACT_SYN,SYN-02,1,1
7982,SPECIAL_LAW_SYN,SYN-03,1,1
7983,IPC_SYN,SYN-01,1,1
7984,IPC_SYN,SYN-01,1,1
7985,IT_ACT_SYN,SYN-02,1,1
7986,IT_ACT_SYN,SYN-02,1,1
7987,IPC_SYN,SYN-01,1,1
7988,IPC_SYN,SYN-01,1,1
7989,SPECIAL_LAW_SYN,SYN-03,1,1
7990,IT_ACT_SYN,SYN-02,1,1
7991,IT_ACT_SYN,SYN-02,1,1
7992,IPC_SYN,SYN-01,1,1
7993,IT_ACT_SYN,SYN-02,1,1
7994,IPC_SYN,SYN-01,1,1
7995,IPC_SYN,SYN-01,1,1
7996,IPC_SYN,SYN-01,1,1
7997,IPC_SYN,SYN-01,1,1
7998,IT_ACT_SYN,SYN-02,1,1
7999,IPC_SYN,SYN-01,1,1
8000,IPC_SYN,SYN-01,1,1
8001,IT_ACT_SYN,SYN-02,1,1
8002,IPC_SYN,SYN-01,1,1
8003,SPECIAL_LAW_SYN,SYN-03,1,1
8004,IT_ACT_SYN,SYN-02,1,1
8005,IT_ACT_SYN,SYN-02,1,1
8006,IT_ACT_SYN,SYN-02,1,1
8007,IPC_SYN,SYN-01,1,1
8008,IPC_SYN,SYN-01,1,1
8009,IPC_SYN,SYN-01,1,1
8010,IPC_SYN,SYN-01,1,1
8011,IPC_SYN,SYN-01,1,1
8012,IPC_SYN,SYN-01,1,1
8013,IPC_SYN,SYN-01,1,1
8014,IPC_SYN,SYN-01,1,1
8015,IPC_SYN,SYN-01,1,1
8016,SPECIAL_LAW_SYN,SYN-03,1,1
8017,IPC_SYN,SYN-01,1,1
8018,IPC_SYN,SYN-01,1,1
8019,IT_ACT_SYN,SYN-02,1,1
8020,IPC_SYN,SYN-01,1,1
8021,IPC_SYN,SYN-01,1,1
8022,IPC_SYN,SYN-01,1,1
8023,IPC_SYN,SYN-01,1,1
8024,IT_ACT_SYN,SYN-02,1,1
8025,IPC_SYN,SYN-01,1,1
8026,SPECIAL_LAW_SYN,SYN-03,1,1
8027,SPECIAL_LAW_SYN,SYN-03,1,1
8028,IPC_SYN,SYN-01,1,1
8029,IPC_SYN,SYN-01,1,1
8030,IT_ACT_SYN,SYN-02,1,1
8031,IPC_SYN,SYN-01,1,1
8032,IPC_SYN,SYN-01,1,1
8033,IT_ACT_SYN,SYN-02,1,1
8034,IT_ACT_SYN,SYN-02,1,1
8035,IPC_SYN,SYN-01,1,1
8036,IT_ACT_SYN,SYN-02,1,1
8037,SPECIAL_LAW_SYN,SYN-03,1,1
8038,IPC_SYN,SYN-01,1,1
8039,IPC_SYN,SYN-01,1,1
8040,IPC_SYN,SYN-01,1,1
8041,SPECIAL_LAW_SYN,SYN-03,1,1
8042,IPC_SYN,SYN-01,1,1
8043,IPC_SYN,SYN-01,1,1
8044,SPECIAL_LAW_SYN,SYN-03,1,1
8045,IPC_SYN,SYN-01,1,1
8046,IT_ACT_SYN,SYN-02,1,1
8047,SPECIAL_LAW_SYN,SYN-03,1,1
8048,IPC_SYN,SYN-01,1,1
8049,IPC_SYN,SYN-01,1,1
8050,IPC_SYN,SYN-01,1,1
8051,SPECIAL_LAW_SYN,SYN-03,1,1
8052,SPECIAL_LAW_SYN,SYN-03,1,1
8053,IPC_SYN,SYN-01,1,1
8054,IPC_SYN,SYN-01,1,1
8055,SPECIAL_LAW_SYN,SYN-03,1,1
8056,SPECIAL_LAW_SYN,SYN-03,1,1
8057,IPC_SYN,SYN-01,1,1
8058,IPC_SYN,SYN-01,1,1
8059,SPECIAL_LAW_SYN,SYN-03,1,1
8060,SPECIAL_LAW_SYN,SYN-03,1,1
8061,SPECIAL_LAW_SYN,SYN-03,1,1
8062,IPC_SYN,SYN-01,1,1
8063,SPECIAL_LAW_SYN,SYN-03,1,1
8064,IPC_SYN,SYN-01,1,1
8065,IPC_SYN,SYN-01,1,1
8066,IPC_SYN,SYN-01,1,1
8067,IPC_SYN,SYN-01,1,1
8068,SPECIAL_LAW_SYN,SYN-03,1,1
8069,IPC_SYN,SYN-01,1,1
8070,IPC_SYN,SYN-01,1,1
8071,SPECIAL_LAW_SYN,SYN-03,1,1
8072,IT_ACT_SYN,SYN-02,1,1
8073,IPC_SYN,SYN-01,1,1
8074,SPECIAL_LAW_SYN,SYN-03,1,1
8075,IT_ACT_SYN,SYN-02,1,1
8076,SPECIAL_LAW_SYN,SYN-03,1,1
8077,SPECIAL_LAW_SYN,SYN-03,1,1
8078,IT_ACT_SYN,SYN-02,1,1
8079,IPC_SYN,SYN-01,1,1
8080,IPC_SYN,SYN-01,1,1
8081,SPECIAL_LAW_SYN,SYN-03,1,1
8082,IPC_SYN,SYN-01,1,1
8083,IT_ACT_SYN,SYN-02,1,1
8084,SPECIAL_LAW_SYN,SYN-03,1,1
8085,IT_ACT_SYN,SYN-02,1,1
8086,SPECIAL_LAW_SYN,SYN-03,1,1
8087,IPC_SYN,SYN-01,1,1
8088,SPECIAL_LAW_SYN,SYN-03,1,1
8089,IPC_SYN,SYN-01,1,1
8090,IPC_SYN,SYN-01,1,1
8091,IT_ACT_SYN,SYN-02,1,1
8092,IPC_SYN,SYN-01,1,1
8093,IPC_SYN,SYN-01,1,1
8094,IPC_SYN,SYN-01,1,1
8095,IPC_SYN,SYN-01,1,1
8096,SPECIAL_LAW_SYN,SYN-03,1,1
8097,IPC_SYN,SYN-01,1,1
8098,IPC_SYN,SYN-01,1,1
8099,IPC_SYN,SYN-01,1,1
8100,SPECIAL_LAW_SYN,SYN-03,1,1
8101,IPC_SYN,SYN-01,1,1
8102,IPC_SYN,SYN-01,1,1
8103,IPC_SYN,SYN-01,1,1
8104,IPC_SYN,SYN-01,1,1
8105,IPC_SYN,SYN-01,1,1
8106,IPC_SYN,SYN-01,1,1
8107,SPECIAL_LAW_SYN,SYN-03,1,1
8108,IPC_SYN,SYN-01,1,1
8109,SPECIAL_LAW_SYN,SYN-03,1,1
8110,SPECIAL_LAW_SYN,SYN-03,1,1
8111,IPC_SYN,SYN-01,1,1
8112,IT_ACT_SYN,SYN-02,1,1
8113,IPC_SYN,SYN-01,1,1
8114,SPECIAL_LAW_SYN,SYN-03,1,1
8115,IPC_SYN,SYN-01,1,1
8116,SPECIAL_LAW_SYN,SYN-03,1,1
8117,IT_ACT_SYN,SYN-02,1,1
8118,SPECIAL_LAW_SYN,SYN-03,1,1
8119,IPC_SYN,SYN-01,1,1
8120,SPECIAL_LAW_SYN,SYN-03,1,1
8121,SPECIAL_LAW_SYN,SYN-03,1,1
8122,IPC_SYN,SYN-01,1,1
8123,SPECIAL_LAW_SYN,SYN-03,1,1
8124,IPC_SYN,SYN-01,1,1
8125,IT_ACT_SYN,SYN-02,1,1
8126,IPC_SYN,SYN-01,1,1
8127,IPC_SYN,SYN-01,1,1
8128,IPC_SYN,SYN-01,1,1
8129,IPC_SYN,SYN-01,1,1
8130,IPC_SYN,SYN-01,1,1
8131,IPC_SYN,SYN-01,1,1
8132,IPC_SYN,SYN-01,1,1
8133,IPC_SYN,SYN-01,1,1
8134,IPC_SYN,SYN-01,1,1
8135,IPC_SYN,SYN-01,1,1
8136,IPC_SYN,SYN-01,1,1
8137,SPECIAL_LAW_SYN,SYN-03,1,1
8138,SPECIAL_LAW_SYN,SYN-03,1,1
8139,SPECIAL_LAW_SYN,SYN-03,1,1
8140,IPC_SYN,SYN-01,1,1
8141,IPC_SYN,SYN-01,1,1
8142,IT_ACT_SYN,SYN-02,1,1
8143,IPC_SYN,SYN-01,1,1
8144,IT_ACT_SYN,SYN-02,1,1
8145,IPC_SYN,SYN-01,1,1
8146,IPC_SYN,SYN-01,1,1
8147,SPECIAL_LAW_SYN,SYN-03,1,1
8148,SPECIAL_LAW_SYN,SYN-03,1,1
8149,IPC_SYN,SYN-01,1,1
8150,IPC_SYN,SYN-01,1,1
8151,IPC_SYN,SYN-01,1,1
8152,IT_ACT_SYN,SYN-02,1,1
8153,SPECIAL_LAW_SYN,SYN-03,1,1
8154,SPECIAL_LAW_SYN,SYN-03,1,1
8155,IT_ACT_SYN,SYN-02,1,1
8156,SPECIAL_LAW_SYN,SYN-03,1,1
8157,IPC_SYN,SYN-01,1,1
8158,SPECIAL_LAW_SYN,SYN-03,1,1
8159,IPC_SYN,SYN-01,1,1
8160,IPC_SYN,SYN-01,1,1
8161,SPECIAL_LAW_SYN,SYN-03,1,1
8162,IPC_SYN,SYN-01,1,1
8163,SPECIAL_LAW_SYN,SYN-03,1,1
8164,IPC_SYN,SYN-01,1,1
8165,SPECIAL_LAW_SYN,SYN-03,1,1
8166,SPECIAL_LAW_SYN,SYN-03,1,1
8167,SPECIAL_LAW_SYN,SYN-03,1,1
8168,IPC_SYN,SYN-01,1,1
8169,SPECIAL_LAW_SYN,SYN-03,1,1
8170,SPECIAL_LAW_SYN,SYN-03,1,1
8171,IPC_SYN,SYN-01,1,1
8172,IPC_SYN,SYN-01,1,1
8173,IPC_SYN,SYN-01,1,1
8174,IPC_SYN,SYN-01,1,1
8175,IPC_SYN,SYN-01,1,1
8176,IT_ACT_SYN,SYN-02,1,1
8177,IPC_SYN,SYN-01,1,1
8178,IPC_SYN,SYN-01,1,1
8179,IPC_SYN,SYN-01,1,1
8180,IPC_SYN,SYN-01,1,1
8181,IPC_SYN,SYN-01,1,1
8182,IPC_SYN,SYN-01,1,1
8183,IT_ACT_SYN,SYN-02,1,1
8184,IPC_SYN,SYN-01,1,1
8185,SPECIAL_LAW_SYN,SYN-03,1,1
8186,IPC_SYN,SYN-01,1,1
8187,SPECIAL_LAW_SYN,SYN-03,1,1
8188,IT_ACT_SYN,SYN-02,1,1
8189,IPC_SYN,SYN-01,1,1
8190,IPC_SYN,SYN-01,1,1
8191,SPECIAL_LAW_SYN,SYN-03,1,1
8192,SPECIAL_LAW_SYN,SYN-03,1,1
8193,IPC_SYN,SYN-01,1,1
8194,SPECIAL_LAW_SYN,SYN-03,1,1
8195,IPC_SYN,SYN-01,1,1
8196,IPC_SYN,SYN-01,1,1
8197,IPC_SYN,SYN-01,1,1
8198,IPC_SYN,SYN-01,1,1
8199,IT_ACT_SYN,SYN-02,1,1
8200,IPC_SYN,SYN-01,1,1
8201,SPECIAL_LAW_SYN,SYN-03,1,1
8202,IPC_SYN,SYN-01,1,1
8203,IPC_SYN,SYN-01,1,1
8204,SPECIAL_LAW_SYN,SYN-03,1,1
8205,SPECIAL_LAW_SYN,SYN-03,1,1
8206,IPC_SYN,SYN-01,1,1
8207,IPC_SYN,SYN-01,1,1
8208,IPC_SYN,SYN-01,1,1
8209,IPC_SYN,SYN-01,1,1
8210,SPECIAL_LAW_SYN,SYN-03,1,1
8211,SPECIAL_LAW_SYN,SYN-03,1,1
8212,SPECIAL_LAW_SYN,SYN-03,1,1
8213,IPC_SYN,SYN-01,1,1
8214,SPECIAL_LAW_SYN,SYN-03,1,1
8215,IPC_SYN,SYN-01,1,1
8216,IPC_SYN,SYN-01,1,1
8217,IT_ACT_SYN,SYN-02,1,1
8218,IPC_SYN,SYN-01,1,1
8219,IPC_SYN,SYN-01,1,1
8220,IPC_SYN,SYN-01,1,1
8221,IPC_SYN,SYN-01,1,1
8222,IPC_SYN,SYN-01,1,1
8223,IPC_SYN,SYN-01,1,1
8224,IT_ACT_SYN,SYN-02,1,1
8225,IPC_SYN,SYN-01,1,1
8226,IT_ACT_SYN,SYN-02,1,1
8227,SPECIAL_LAW_SYN,SYN-03,1,1
8228,IPC_SYN,SYN-01,1,1
8229,IPC_SYN,SYN-01,1,1
8230,IPC_SYN,SYN-01,1,1
8231,SPECIAL_LAW_SYN,SYN-03,1,1
8232,SPECIAL_LAW_SYN,SYN-03,1,1
8233,IPC_SYN,SYN-01,1,1
8234,IPC_SYN,SYN-01,1,1
8235,IPC_SYN,SYN-01,1,1
8236,IPC_SYN,SYN-01,1,1
8237,IT_ACT_SYN,SYN-02,1,1
8238,IPC_SYN,SYN-01,1,1
8239,SPECIAL_LAW_SYN,SYN-03,1,1
8240,IPC_SYN,SYN-01,1,1
8241,IT_ACT_SYN,SYN-02,1,1
8242,IPC_SYN,SYN-01,1,1
8243,IPC_SYN,SYN-01,1,1
8244,IPC_SYN,SYN-01,1,1
8245,SPECIAL_LAW_SYN,SYN-03,1,1
8246,IT_ACT_SYN,SYN-02,1,1
8247,IPC_SYN,SYN-01,1,1
8248,IPC_SYN,SYN-01,1,1
8249,IPC_SYN,SYN-01,1,1
8250,IPC_SYN,SYN-01,1,1
8251,SPECIAL_LAW_SYN,SYN-03,1,1
8252,IPC_SYN,SYN-01,1,1
8253,IPC_SYN,SYN-01,1,1
8254,IPC_SYN,SYN-01,1,1
8255,IPC_SYN,SYN-01,1,1
8256,SPECIAL_LAW_SYN,SYN-03,1,1
8257,IPC_SYN,SYN-01,1,1
8258,SPECIAL_LAW_SYN,SYN-03,1,1
8259,SPECIAL_LAW_SYN,SYN-03,1,1
8260,IPC_SYN,SYN-01,1,1
8261,IPC_SYN,SYN-01,1,1
8262,IPC_SYN,SYN-01,1,1
8263,IPC_SYN,SYN-01,1,1
8264,SPECIAL_LAW_SYN,SYN-03,1,1
8265,IPC_SYN,SYN-01,1,1
8266,IPC_SYN,SYN-01,1,1
8267,SPECIAL_LAW_SYN,SYN-03,1,1
8268,IPC_SYN,SYN-01,1,1
8269,IPC_SYN,SYN-01,1,1
8270,IPC_SYN,SYN-01,1,1
8271,IPC_SYN,SYN-01,1,1
8272,SPECIAL_LAW_SYN,SYN-03,1,1
8273,IPC_SYN,SYN-01,1,1
8274,IPC_SYN,SYN-01,1,1
8275,SPECIAL_LAW_SYN,SYN-03,1,1
8276,SPECIAL_LAW_SYN,SYN-03,1,1
8277,SPECIAL_LAW_SYN,SYN-03,1,1
8278,IPC_SYN,SYN-01,1,1
8279,SPECIAL_LAW_SYN,SYN-03,1,1
8280,IT_ACT_SYN,SYN-02,1,1
8281,SPECIAL_LAW_SYN,SYN-03,1,1
8282,IPC_SYN,SYN-01,1,1
8283,IPC_SYN,SYN-01,1,1
8284,IT_ACT_SYN,SYN-02,1,1
8285,SPECIAL_LAW_SYN,SYN-03,1,1
8286,IPC_SYN,SYN-01,1,1
8287,IPC_SYN,SYN-01,1,1
8288,IPC_SYN,SYN-01,1,1
8289,IPC_SYN,SYN-01,1,1
8290,IPC_SYN,SYN-01,1,1
8291,IPC_SYN,SYN-01,1,1
8292,IPC_SYN,SYN-01,1,1
8293,IPC_SYN,SYN-01,1,1
8294,IT_ACT_SYN,SYN-02,1,1
8295,IPC_SYN,SYN-01,1,1
8296,SPECIAL_LAW_SYN,SYN-03,1,1
8297,IT_ACT_SYN,SYN-02,1,1
8298,SPECIAL_LAW_SYN,SYN-03,1,1
8299,IPC_SYN,SYN-01,1,1
8300,IPC_SYN,SYN-01,1,1
8301,IPC_SYN,SYN-01,1,1
8302,SPECIAL_LAW_SYN,SYN-03,1,1
8303,IPC_SYN,SYN-01,1,1
8304,IPC_SYN,SYN-01,1,1
8305,SPECIAL_LAW_SYN,SYN-03,1,1
8306,IT_ACT_SYN,SYN-02,1,1
8307,IPC_SYN,SYN-01,1,1
8308,IPC_SYN,SYN-01,1,1
8309,IPC_SYN,SYN-01,1,1
8310,IPC_SYN,SYN-01,1,1
8311,SPECIAL_LAW_SYN,SYN-03,1,1
8312,IPC_SYN,SYN-01,1,1
8313,IPC_SYN,SYN-01,1,1
8314,IPC_SYN,SYN-01,1,1
8315,SPECIAL_LAW_SYN,SYN-03,1,1
8316,SPECIAL_LAW_SYN,SYN-03,1,1
8317,SPECIAL_LAW_SYN,SYN-03,1,1
8318,IPC_SYN,SYN-01,1,1
8319,IPC_SYN,SYN-01,1,1
8320,IPC_SYN,SYN-01,1,1
8321,SPECIAL_LAW_SYN,SYN-03,1,1
8322,SPECIAL_LAW_SYN,SYN-03,1,1
8323,IPC_SYN,SYN-01,1,1
8324,IPC_SYN,SYN-01,1,1
8325,IT_ACT_SYN,SYN-02,1,1
8326,SPECIAL_LAW_SYN,SYN-03,1,1
8327,IPC_SYN,SYN-01,1,1
8328,IPC_SYN,SYN-01,1,1
8329,SPECIAL_LAW_SYN,SYN-03,1,1
8330,SPECIAL_LAW_SYN,SYN-03,1,1
8331,IPC_SYN,SYN-01,1,1
8332,IPC_SYN,SYN-01,1,1
8333,SPECIAL_LAW_SYN,SYN-03,1,1
8334,SPECIAL_LAW_SYN,SYN-03,1,1
8335,IPC_SYN,SYN-01,1,1
8336,IPC_SYN,SYN-01,1,1
8337,IPC_SYN,SYN-01,1,1
8338,IPC_SYN,SYN-01,1,1
8339,SPECIAL_LAW_SYN,SYN-03,1,1
8340,IPC_SYN,SYN-01,1,1
8341,IPC_SYN,SYN-01,1,1
8342,IPC_SYN,SYN-01,1,1
8343,IPC_SYN,SYN-01,1,1
8344,IT_ACT_SYN,SYN-02,1,1
8345,SPECIAL_LAW_SYN,SYN-03,1,1
8346,IPC_SYN,SYN-01,1,1
8347,IPC_SYN,SYN-01,1,1
8348,IPC_SYN,SYN-01,1,1
8349,IT_ACT_SYN,SYN-02,1,1
8350,IPC_SYN,SYN-01,1,1
8351,SPECIAL_LAW_SYN,SYN-03,1,1
8352,IPC_SYN,SYN-01,1,1
8353,IPC_SYN,SYN-01,1,1
8354,SPECIAL_LAW_SYN,SYN-03,1,1
8355,IPC_SYN,SYN-01,1,1
8356,IPC_SYN,SYN-01,1,1
8357,SPECIAL_LAW_SYN,SYN-03,1,1
8358,IPC_SYN,SYN-01,1,1
8359,IT_ACT_SYN,SYN-02,1,1
8360,SPECIAL_LAW_SYN,SYN-03,1,1
8361,SPECIAL_LAW_SYN,SYN-03,1,1
8362,SPECIAL_LAW_SYN,SYN-03,1,1
8363,SPECIAL_LAW_SYN,SYN-03,1,1
8364,IPC_SYN,SYN-01,1,1
8365,IPC_SYN,SYN-01,1,1
8366,SPECIAL_LAW_SYN,SYN-03,1,1
8367,SPECIAL_LAW_SYN,SYN-03,1,1
8368,IPC_SYN,SYN-01,1,1
8369,IPC_SYN,SYN-01,1,1
8370,IPC_SYN,SYN-01,1,1
8371,IPC_SYN,SYN-01,1,1
8372,SPECIAL_LAW_SYN,SYN-03,1,1
8373,IT_ACT_SYN,SYN-02,1,1
8374,IT_ACT_SYN,SYN-02,1,1
8375,IPC_SYN,SYN-01,1,1
8376,SPECIAL_LAW_SYN,SYN-03,1,1
8377,IPC_SYN,SYN-01,1,1
8378,IPC_SYN,SYN-01,1,1
8379,IPC_SYN,SYN-01,1,1
8380,SPECIAL_LAW_SYN,SYN-03,1,1
8381,IPC_SYN,SYN-01,1,1
8382,IT_ACT_SYN,SYN-02,1,1
8383,SPECIAL_LAW_SYN,SYN-03,1,1
8384,IPC_SYN,SYN-01,1,1
8385,IPC_SYN,SYN-01,1,1
8386,SPECIAL_LAW_SYN,SYN-03,1,1
8387,SPECIAL_LAW_SYN,SYN-03,1,1
8388,IPC_SYN,SYN-01,1,1
8389,IT_ACT_SYN,SYN-02,1,1
8390,IPC_SYN,SYN-01,1,1
8391,SPECIAL_LAW_SYN,SYN-03,1,1
8392,IPC_SYN,SYN-01,1,1
8393,SPECIAL_LAW_SYN,SYN-03,1,1
8394,IPC_SYN,SYN-01,1,1
8395,IPC_SYN,SYN-01,1,1
8396,IPC_SYN,SYN-01,1,1
8397,IPC_SYN,SYN-01,1,1
8398,SPECIAL_LAW_SYN,SYN-03,1,1
8399,IT_ACT_SYN,SYN-02,1,1
8400,SPECIAL_LAW_SYN,SYN-03,1,1
8401,IPC_SYN,SYN-01,1,1
8402,IPC_SYN,SYN-01,1,1
8403,SPECIAL_LAW_SYN,SYN-03,1,1
8404,SPECIAL_LAW_SYN,SYN-03,1,1
8405,SPECIAL_LAW_SYN,SYN-03,1,1
8406,IPC_SYN,SYN-01,1,1
8407,IPC_SYN,SYN-01,1,1
8408,SPECIAL_LAW_SYN,SYN-03,1,1
8409,SPECIAL_LAW_SYN,SYN-03,1,1
8410,SPECIAL_LAW_SYN,SYN-03,1,1
8411,IPC_SYN,SYN-01,1,1
8412,IPC_SYN,SYN-01,1,1
8413,SPECIAL_LAW_SYN,SYN-03,1,1
8414,IPC_SYN,SYN-01,1,1
8415,SPECIAL_LAW_SYN,SYN-03,1,1
8416,SPECIAL_LAW_SYN,SYN-03,1,1
8417,IT_ACT_SYN,SYN-02,1,1
8418,SPECIAL_LAW_SYN,SYN-03,1,1
8419,IPC_SYN,SYN-01,1,1
8420,IPC_SYN,SYN-01,1,1
8421,IPC_SYN,SYN-01,1,1
8422,SPECIAL_LAW_SYN,SYN-03,1,1
8423,IPC_SYN,SYN-01,1,1
8424,IPC_SYN,SYN-01,1,1
8425,SPECIAL_LAW_SYN,SYN-03,1,1
8426,IPC_SYN,SYN-01,1,1
8427,SPECIAL_LAW_SYN,SYN-03,1,1
8428,IPC_SYN,SYN-01,1,1
8429,IT_ACT_SYN,SYN-02,1,1
8430,IPC_SYN,SYN-01,1,1
8431,SPECIAL_LAW_SYN,SYN-03,1,1
8432,SPECIAL_LAW_SYN,SYN-03,1,1
8433,IPC_SYN,SYN-01,1,1
8434,SPECIAL_LAW_SYN,SYN-03,1,1
8435,IPC_SYN,SYN-01,1,1
8436,IPC_SYN,SYN-01,1,1
8437,SPECIAL_LAW_SYN,SYN-03,1,1
8438,IPC_SYN,SYN-01,1,1
8439,IPC_SYN,SYN-01,1,1
8440,IT_ACT_SYN,SYN-02,1,1
8441,IPC_SYN,SYN-01,1,1
8442,SPECIAL_LAW_SYN,SYN-03,1,1
8443,SPECIAL_LAW_SYN,SYN-03,1,1
8444,SPECIAL_LAW_SYN,SYN-03,1,1
8445,IPC_SYN,SYN-01,1,1
8446,IPC_SYN,SYN-01,1,1
8447,IPC_SYN,SYN-01,1,1
8448,IPC_SYN,SYN-01,1,1
8449,IPC_SYN,SYN-01,1,1
8450,IPC_SYN,SYN-01,1,1
8451,IT_ACT_SYN,SYN-02,1,1
8452,SPECIAL_LAW_SYN,SYN-03,1,1
8453,IPC_SYN,SYN-01,1,1
8454,IPC_SYN,SYN-01,1,1
8455,IPC_SYN,SYN-01,1,1
8456,SPECIAL_LAW_SYN,SYN-03,1,1
8457,IPC_SYN,SYN-01,1,1
8458,IPC_SYN,SYN-01,1,1
8459,SPECIAL_LAW_SYN,SYN-03,1,1
8460,IPC_SYN,SYN-01,1,1
8461,IPC_SYN,SYN-01,1,1
8462,IPC_SYN,SYN-01,1,1
8463,IT_ACT_SYN,SYN-02,1,1
8464,IPC_SYN,SYN-01,1,1
8465,IPC_SYN,SYN-01,1,1
8466,IPC_SYN,SYN-01,1,1
8467,IPC_SYN,SYN-01,1,1
8468,SPECIAL_LAW_SYN,SYN-03,1,1
8469,SPECIAL_LAW_SYN,SYN-03,1,1
8470,IPC_SYN,SYN-01,1,1
8471,SPECIAL_LAW_SYN,SYN-03,1,1
8472,SPECIAL_LAW_SYN,SYN-03,1,1
8473,IT_ACT_SYN,SYN-02,1,1
8474,IT_ACT_SYN,SYN-02,1,1
8475,IT_ACT_SYN,SYN-02,1,1
8476,IPC_SYN,SYN-01,1,1
8477,SPECIAL_LAW_SYN,SYN-03,1,1
8478,IT_ACT_SYN,SYN-02,1,1
8479,IPC_SYN,SYN-01,1,1
8480,SPECIAL_LAW_SYN,SYN-03,1,1
8481,IPC_SYN,SYN-01,1,1
8482,IPC_SYN,SYN-01,1,1
8483,IPC_SYN,SYN-01,1,1
8484,SPECIAL_LAW_SYN,SYN-03,1,1
8485,SPECIAL_LAW_SYN,SYN-03,1,1
8486,IT_ACT_SYN,SYN-02,1,1
8487,SPECIAL_LAW_SYN,SYN-03,1,1
8488,IPC_SYN,SYN-01,1,1
8489,IPC_SYN,SYN-01,1,1
8490,IPC_SYN,SYN-01,1,1
8491,IPC_SYN,SYN-01,1,1
8492,IPC_SYN,SYN-01,1,1
8493,IT_ACT_SYN,SYN-02,1,1
8494,IPC_SYN,SYN-01,1,1
8495,IPC_SYN,SYN-01,1,1
8496,IPC_SYN,SYN-01,1,1
8497,IPC_SYN,SYN-01,1,1
8498,IPC_SYN,SYN-01,1,1
8499,IPC_SYN,SYN-01,1,1
8500,SPECIAL_LAW_SYN,SYN-03,1,1
8501,IPC_SYN,SYN-01,1,1
8502,SPECIAL_LAW_SYN,SYN-03,1,1
8503,IPC_SYN,SYN-01,1,1
8504,IPC_SYN,SYN-01,1,1
8505,SPECIAL_LAW_SYN,SYN-03,1,1
8506,IPC_SYN,SYN-01,1,1
8507,IPC_SYN,SYN-01,1,1
8508,IPC_SYN,SYN-01,1,1
8509,SPECIAL_LAW_SYN,SYN-03,1,1
8510,IPC_SYN,SYN-01,1,1
8511,IPC_SYN,SYN-01,1,1
8512,IPC_SYN,SYN-01,1,1
8513,SPECIAL_LAW_SYN,SYN-03,1,1
8514,IPC_SYN,SYN-01,1,1
8515,SPECIAL_LAW_SYN,SYN-03,1,1
8516,SPECIAL_LAW_SYN,SYN-03,1,1
8517,IPC_SYN,SYN-01,1,1
8518,IPC_SYN,SYN-01,1,1
8519,IT_ACT_SYN,SYN-02,1,1
8520,IPC_SYN,SYN-01,1,1
8521,SPECIAL_LAW_SYN,SYN-03,1,1
8522,IPC_SYN,SYN-01,1,1
8523,IPC_SYN,SYN-01,1,1
8524,SPECIAL_LAW_SYN,SYN-03,1,1
8525,SPECIAL_LAW_SYN,SYN-03,1,1
8526,IT_ACT_SYN,SYN-02,1,1
8527,IPC_SYN,SYN-01,1,1
8528,IPC_SYN,SYN-01,1,1
8529,IPC_SYN,SYN-01,1,1
8530,IPC_SYN,SYN-01,1,1
8531,IPC_SYN,SYN-01,1,1
8532,IPC_SYN,SYN-01,1,1
8533,SPECIAL_LAW_SYN,SYN-03,1,1
8534,IPC_SYN,SYN-01,1,1
8535,SPECIAL_LAW_SYN,SYN-03,1,1
8536,SPECIAL_LAW_SYN,SYN-03,1,1
8537,IPC_SYN,SYN-01,1,1
8538,IPC_SYN,SYN-01,1,1
8539,IPC_SYN,SYN-01,1,1
8540,IPC_SYN,SYN-01,1,1
8541,IPC_SYN,SYN-01,1,1
8542,SPECIAL_LAW_SYN,SYN-03,1,1
8543,IPC_SYN,SYN-01,1,1
8544,IPC_SYN,SYN-01,1,1
8545,IPC_SYN,SYN-01,1,1
8546,IT_ACT_SYN,SYN-02,1,1
8547,IPC_SYN,SYN-01,1,1
8548,IPC_SYN,SYN-01,1,1
8549,IPC_SYN,SYN-01,1,1
8550,IPC_SYN,SYN-01,1,1
8551,IPC_SYN,SYN-01,1,1
8552,SPECIAL_LAW_SYN,SYN-03,1,1
8553,IPC_SYN,SYN-01,1,1
8554,IPC_SYN,SYN-01,1,1
8555,IPC_SYN,SYN-01,1,1
8556,IPC_SYN,SYN-01,1,1
8557,IPC_SYN,SYN-01,1,1
8558,IPC_SYN,SYN-01,1,1
8559,IT_ACT_SYN,SYN-02,1,1
8560,SPECIAL_LAW_SYN,SYN-03,1,1
8561,IPC_SYN,SYN-01,1,1
8562,IPC_SYN,SYN-01,1,1
8563,SPECIAL_LAW_SYN,SYN-03,1,1
8564,IPC_SYN,SYN-01,1,1
8565,SPECIAL_LAW_SYN,SYN-03,1,1
8566,IPC_SYN,SYN-01,1,1
8567,SPECIAL_LAW_SYN,SYN-03,1,1
8568,SPECIAL_LAW_SYN,SYN-03,1,1
8569,IPC_SYN,SYN-01,1,1
8570,SPECIAL_LAW_SYN,SYN-03,1,1
8571,SPECIAL_LAW_SYN,SYN-03,1,1
8572,IPC_SYN,SYN-01,1,1
8573,IPC_SYN,SYN-01,1,1
8574,SPECIAL_LAW_SYN,SYN-03,1,1
8575,SPECIAL_LAW_SYN,SYN-03,1,1
8576,IPC_SYN,SYN-01,1,1
8577,IPC_SYN,SYN-01,1,1
8578,IPC_SYN,SYN-01,1,1
8579,IT_ACT_SYN,SYN-02,1,1
8580,SPECIAL_LAW_SYN,SYN-03,1,1
8581,IPC_SYN,SYN-01,1,1
8582,SPECIAL_LAW_SYN,SYN-03,1,1
8583,SPECIAL_LAW_SYN,SYN-03,1,1
8584,SPECIAL_LAW_SYN,SYN-03,1,1
8585,IPC_SYN,SYN-01,1,1
8586,IPC_SYN,SYN-01,1,1
8587,IPC_SYN,SYN-01,1,1
8588,SPECIAL_LAW_SYN,SYN-03,1,1
8589,IPC_SYN,SYN-01,1,1
8590,SPECIAL_LAW_SYN,SYN-03,1,1
8591,IPC_SYN,SYN-01,1,1
8592,IT_ACT_SYN,SYN-02,1,1
8593,SPECIAL_LAW_SYN,SYN-03,1,1
8594,IPC_SYN,SYN-01,1,1
8595,IT_ACT_SYN,SYN-02,1,1
8596,SPECIAL_LAW_SYN,SYN-03,1,1
8597,IT_ACT_SYN,SYN-02,1,1
8598,IPC_SYN,SYN-01,1,1
8599,SPECIAL_LAW_SYN,SYN-03,1,1
8600,IPC_SYN,SYN-01,1,1
8601,IPC_SYN,SYN-01,1,1
8602,SPECIAL_LAW_SYN,SYN-03,1,1
8603,IPC_SYN,SYN-01,1,1
8604,SPECIAL_LAW_SYN,SYN-03,1,1
8605,IT_ACT_SYN,SYN-02,1,1
8606,IT_ACT_SYN,SYN-02,1,1
8607,IPC_SYN,SYN-01,1,1
8608,IPC_SYN,SYN-01,1,1
8609,IPC_SYN,SYN-01,1,1
8610,SPECIAL_LAW_SYN,SYN-03,1,1
8611,SPECIAL_LAW_SYN,SYN-03,1,1
8612,IPC_SYN,SYN-01,1,1
8613,IPC_SYN,SYN-01,1,1
8614,IPC_SYN,SYN-01,1,1
8615,IPC_SYN,SYN-01,1,1
8616,IPC_SYN,SYN-01,1,1
8617,IPC_SYN,SYN-01,1,1
8618,SPECIAL_LAW_SYN,SYN-03,1,1
8619,IPC_SYN,SYN-01,1,1
8620,IPC_SYN,SYN-01,1,1
8621,SPECIAL_LAW_SYN,SYN-03,1,1
8622,IT_ACT_SYN,SYN-02,1,1
8623,IPC_SYN,SYN-01,1,1
8624,IPC_SYN,SYN-01,1,1
8625,SPECIAL_LAW_SYN,SYN-03,1,1
8626,IPC_SYN,SYN-01,1,1
8627,IPC_SYN,SYN-01,1,1
8628,SPECIAL_LAW_SYN,SYN-03,1,1
8629,IPC_SYN,SYN-01,1,1
8630,IPC_SYN,SYN-01,1,1
8631,IPC_SYN,SYN-01,1,1
8632,IPC_SYN,SYN-01,1,1
8633,IPC_SYN,SYN-01,1,1
8634,IPC_SYN,SYN-01,1,1
8635,SPECIAL_LAW_SYN,SYN-03,1,1
8636,IPC_SYN,SYN-01,1,1
8637,SPECIAL_LAW_SYN,SYN-03,1,1
8638,IPC_SYN,SYN-01,1,1
8639,SPECIAL_LAW_SYN,SYN-03,1,1
8640,IPC_SYN,SYN-01,1,1
8641,IPC_SYN,SYN-01,1,1
8642,IPC_SYN,SYN-01,1,1
8643,IT_ACT_SYN,SYN-02,1,1
8644,IPC_SYN,SYN-01,1,1
8645,IPC_SYN,SYN-01,1,1
8646,IPC_SYN,SYN-01,1,1
8647,IPC_SYN,SYN-01,1,1
8648,IPC_SYN,SYN-01,1,1
8649,IPC_SYN,SYN-01,1,1
8650,IPC_SYN,SYN-01,1,1
8651,IPC_SYN,SYN-01,1,1
8652,SPECIAL_LAW_SYN,SYN-03,1,1
8653,SPECIAL_LAW_SYN,SYN-03,1,1
8654,IT_ACT_SYN,SYN-02,1,1
8655,IT_ACT_SYN,SYN-02,1,1
8656,IPC_SYN,SYN-01,1,1
8657,SPECIAL_LAW_SYN,SYN-03,1,1
8658,IPC_SYN,SYN-01,1,1
8659,IT_ACT_SYN,SYN-02,1,1
8660,IT_ACT_SYN,SYN-02,1,1
8661,SPECIAL_LAW_SYN,SYN-03,1,1
8662,SPECIAL_LAW_SYN,SYN-03,1,1
8663,IPC_SYN,SYN-01,1,1
8664,IPC_SYN,SYN-01,1,1
8665,IT_ACT_SYN,SYN-02,1,1
8666,SPECIAL_LAW_SYN,SYN-03,1,1
8667,IPC_SYN,SYN-01,1,1
8668,IT_ACT_SYN,SYN-02,1,1
8669,IPC_SYN,SYN-01,1,1
8670,SPECIAL_LAW_SYN,SYN-03,1,1
8671,IT_ACT_SYN,SYN-02,1,1
8672,IPC_SYN,SYN-01,1,1
8673,IPC_SYN,SYN-01,1,1
8674,IPC_SYN,SYN-01,1,1
8675,SPECIAL_LAW_SYN,SYN-03,1,1
8676,IPC_SYN,SYN-01,1,1
8677,SPECIAL_LAW_SYN,SYN-03,1,1
8678,IPC_SYN,SYN-01,1,1
8679,IPC_SYN,SYN-01,1,1
8680,IT_ACT_SYN,SYN-02,1,1
8681,IPC_SYN,SYN-01,1,1
8682,IPC_SYN,SYN-01,1,1
8683,IPC_SYN,SYN-01,1,1
8684,IPC_SYN,SYN-01,1,1
8685,IPC_SYN,SYN-01,1,1
8686,IPC_SYN,SYN-01,1,1
8687,IPC_SYN,SYN-01,1,1
8688,IPC_SYN,SYN-01,1,1
8689,IPC_SYN,SYN-01,1,1
8690,SPECIAL_LAW_SYN,SYN-03,1,1
8691,IPC_SYN,SYN-01,1,1
8692,IPC_SYN,SYN-01,1,1
8693,SPECIAL_LAW_SYN,SYN-03,1,1
8694,IPC_SYN,SYN-01,1,1
8695,IPC_SYN,SYN-01,1,1
8696,SPECIAL_LAW_SYN,SYN-03,1,1
8697,SPECIAL_LAW_SYN,SYN-03,1,1
8698,IT_ACT_SYN,SYN-02,1,1
8699,IT_ACT_SYN,SYN-02,1,1
8700,IPC_SYN,SYN-01,1,1
8701,SPECIAL_LAW_SYN,SYN-03,1,1
8702,SPECIAL_LAW_SYN,SYN-03,1,1
8703,IPC_SYN,SYN-01,1,1
8704,IPC_SYN,SYN-01,1,1
8705,IPC_SYN,SYN-01,1,1
8706,IPC_SYN,SYN-01,1,1
8707,SPECIAL_LAW_SYN,SYN-03,1,1
8708,IPC_SYN,SYN-01,1,1
8709,SPECIAL_LAW_SYN,SYN-03,1,1
8710,IPC_SYN,SYN-01,1,1
8711,SPECIAL_LAW_SYN,SYN-03,1,1
8712,IPC_SYN,SYN-01,1,1
8713,SPECIAL_LAW_SYN,SYN-03,1,1
8714,IPC_SYN,SYN-01,1,1
8715,SPECIAL_LAW_SYN,SYN-03,1,1
8716,SPECIAL_LAW_SYN,SYN-03,1,1
8717,IPC_SYN,SYN-01,1,1
8718,IPC_SYN,SYN-01,1,1
8719,IT_ACT_SYN,SYN-02,1,1
8720,SPECIAL_LAW_SYN,SYN-03,1,1
8721,SPECIAL_LAW_SYN,SYN-03,1,1
8722,IPC_SYN,SYN-01,1,1
8723,SPECIAL_LAW_SYN,SYN-03,1,1
8724,SPECIAL_LAW_SYN,SYN-03,1,1
8725,IT_ACT_SYN,SYN-02,1,1
8726,IPC_SYN,SYN-01,1,1
8727,SPECIAL_LAW_SYN,SYN-03,1,1
8728,IPC_SYN,SYN-01,1,1
8729,IT_ACT_SYN,SYN-02,1,1
8730,IPC_SYN,SYN-01,1,1
8731,SPECIAL_LAW_SYN,SYN-03,1,1
8732,IT_ACT_SYN,SYN-02,1,1
8733,SPECIAL_LAW_SYN,SYN-03,1,1
8734,IT_ACT_SYN,SYN-02,1,1
8735,SPECIAL_LAW_SYN,SYN-03,1,1
8736,IPC_SYN,SYN-01,1,1
8737,IT_ACT_SYN,SYN-02,1,1
8738,SPECIAL_LAW_SYN,SYN-03,1,1
8739,IPC_SYN,SYN-01,1,1
8740,IPC_SYN,SYN-01,1,1
8741,IT_ACT_SYN,SYN-02,1,1
8742,IPC_SYN,SYN-01,1,1
8743,IPC_SYN,SYN-01,1,1
8744,IPC_SYN,SYN-01,1,1
8745,IPC_SYN,SYN-01,1,1
8746,IPC_SYN,SYN-01,1,1
8747,IPC_SYN,SYN-01,1,1
8748,SPECIAL_LAW_SYN,SYN-03,1,1
8749,IPC_SYN,SYN-01,1,1
8750,IT_ACT_SYN,SYN-02,1,1
8751,IPC_SYN,SYN-01,1,1
8752,IPC_SYN,SYN-01,1,1
8753,IPC_SYN,SYN-01,1,1
8754,IPC_SYN,SYN-01,1,1
8755,IT_ACT_SYN,SYN-02,1,1
8756,IPC_SYN,SYN-01,1,1
8757,IPC_SYN,SYN-01,1,1
8758,SPECIAL_LAW_SYN,SYN-03,1,1
8759,SPECIAL_LAW_SYN,SYN-03,1,1
8760,SPECIAL_LAW_SYN,SYN-03,1,1
8761,IPC_SYN,SYN-01,1,1
8762,SPECIAL_LAW_SYN,SYN-03,1,1
8763,SPECIAL_LAW_SYN,SYN-03,1,1
8764,SPECIAL_LAW_SYN,SYN-03,1,1
8765,IPC_SYN,SYN-01,1,1
8766,IPC_SYN,SYN-01,1,1
8767,IT_ACT_SYN,SYN-02,1,1
8768,SPECIAL_LAW_SYN,SYN-03,1,1
8769,IPC_SYN,SYN-01,1,1
8770,IT_ACT_SYN,SYN-02,1,1
8771,IPC_SYN,SYN-01,1,1
8772,IPC_SYN,SYN-01,1,1
8773,IPC_SYN,SYN-01,1,1
8774,IPC_SYN,SYN-01,1,1
8775,SPECIAL_LAW_SYN,SYN-03,1,1
8776,SPECIAL_LAW_SYN,SYN-03,1,1
8777,IPC_SYN,SYN-01,1,1
8778,SPECIAL_LAW_SYN,SYN-03,1,1
8779,SPECIAL_LAW_SYN,SYN-03,1,1
8780,SPECIAL_LAW_SYN,SYN-03,1,1
8781,IPC_SYN,SYN-01,1,1
8782,IT_ACT_SYN,SYN-02,1,1
8783,IPC_SYN,SYN-01,1,1
8784,IPC_SYN,SYN-01,1,1
8785,IPC_SYN,SYN-01,1,1
8786,SPECIAL_LAW_SYN,SYN-03,1,1
8787,IPC_SYN,SYN-01,1,1
8788,SPECIAL_LAW_SYN,SYN-03,1,1
8789,SPECIAL_LAW_SYN,SYN-03,1,1
8790,SPECIAL_LAW_SYN,SYN-03,1,1
8791,IPC_SYN,SYN-01,1,1
8792,IPC_SYN,SYN-01,1,1
8793,IPC_SYN,SYN-01,1,1
8794,IPC_SYN,SYN-01,1,1
8795,IPC_SYN,SYN-01,1,1
8796,SPECIAL_LAW_SYN,SYN-03,1,1
8797,IPC_SYN,SYN-01,1,1
8798,SPECIAL_LAW_SYN,SYN-03,1,1
8799,IPC_SYN,SYN-01,1,1
8800,IT_ACT_SYN,SYN-02,1,1
8801,IPC_SYN,SYN-01,1,1
8802,IPC_SYN,SYN-01,1,1
8803,IT_ACT_SYN,SYN-02,1,1
8804,IPC_SYN,SYN-01,1,1
8805,IPC_SYN,SYN-01,1,1
8806,IT_ACT_SYN,SYN-02,1,1
8807,IPC_SYN,SYN-01,1,1
8808,SPECIAL_LAW_SYN,SYN-03,1,1
8809,IPC_SYN,SYN-01,1,1
8810,SPECIAL_LAW_SYN,SYN-03,1,1
8811,IPC_SYN,SYN-01,1,1
8812,SPECIAL_LAW_SYN,SYN-03,1,1
8813,IPC_SYN,SYN-01,1,1
8814,IPC_SYN,SYN-01,1,1
8815,IPC_SYN,SYN-01,1,1
8816,IPC_SYN,SYN-01,1,1
8817,SPECIAL_LAW_SYN,SYN-03,1,1
8818,IPC_SYN,SYN-01,1,1
8819,SPECIAL_LAW_SYN,SYN-03,1,1
8820,IPC_SYN,SYN-01,1,1
8821,IPC_SYN,SYN-01,1,1
8822,SPECIAL_LAW_SYN,SYN-03,1,1
8823,IT_ACT_SYN,SYN-02,1,1
8824,IPC_SYN,SYN-01,1,1
8825,IPC_SYN,SYN-01,1,1
8826,IT_ACT_SYN,SYN-02,1,1
8827,IPC_SYN,SYN-01,1,1
8828,IT_ACT_SYN,SYN-02,1,1
8829,SPECIAL_LAW_SYN,SYN-03,1,1
8830,IT_ACT_SYN,SYN-02,1,1
8831,SPECIAL_LAW_SYN,SYN-03,1,1
8832,IT_ACT_SYN,SYN-02,1,1
8833,IPC_SYN,SYN-01,1,1
8834,IT_ACT_SYN,SYN-02,1,1
8835,IPC_SYN,SYN-01,1,1
8836,SPECIAL_LAW_SYN,SYN-03,1,1
8837,IT_ACT_SYN,SYN-02,1,1
8838,IPC_SYN,SYN-01,1,1
8839,IPC_SYN,SYN-01,1,1
8840,IT_ACT_SYN,SYN-02,1,1
8841,SPECIAL_LAW_SYN,SYN-03,1,1
8842,IPC_SYN,SYN-01,1,1
8843,SPECIAL_LAW_SYN,SYN-03,1,1
8844,IPC_SYN,SYN-01,1,1
8845,IPC_SYN,SYN-01,1,1
8846,IPC_SYN,SYN-01,1,1
8847,IPC_SYN,SYN-01,1,1
8848,SPECIAL_LAW_SYN,SYN-03,1,1
8849,IPC_SYN,SYN-01,1,1
8850,IT_ACT_SYN,SYN-02,1,1
8851,IPC_SYN,SYN-01,1,1
8852,IPC_SYN,SYN-01,1,1
8853,IPC_SYN,SYN-01,1,1
8854,SPECIAL_LAW_SYN,SYN-03,1,1
8855,IPC_SYN,SYN-01,1,1
8856,SPECIAL_LAW_SYN,SYN-03,1,1
8857,SPECIAL_LAW_SYN,SYN-03,1,1
8858,SPECIAL_LAW_SYN,SYN-03,1,1
8859,IPC_SYN,SYN-01,1,1
8860,IPC_SYN,SYN-01,1,1
8861,IPC_SYN,SYN-01,1,1
8862,IPC_SYN,SYN-01,1,1
8863,IPC_SYN,SYN-01,1,1
8864,SPECIAL_LAW_SYN,SYN-03,1,1
8865,IPC_SYN,SYN-01,1,1
8866,SPECIAL_LAW_SYN,SYN-03,1,1
8867,IPC_SYN,SYN-01,1,1
8868,IPC_SYN,SYN-01,1,1
8869,IPC_SYN,SYN-01,1,1
8870,IPC_SYN,SYN-01,1,1
8871,SPECIAL_LAW_SYN,SYN-03,1,1
8872,IPC_SYN,SYN-01,1,1
8873,SPECIAL_LAW_SYN,SYN-03,1,1
8874,IPC_SYN,SYN-01,1,1
8875,IT_ACT_SYN,SYN-02,1,1
8876,IPC_SYN,SYN-01,1,1
8877,IPC_SYN,SYN-01,1,1
8878,IPC_SYN,SYN-01,1,1
8879,IPC_SYN,SYN-01,1,1
8880,IPC_SYN,SYN-01,1,1
8881,IPC_SYN,SYN-01,1,1
8882,IPC_SYN,SYN-01,1,1
8883,IPC_SYN,SYN-01,1,1
8884,IPC_SYN,SYN-01,1,1
8885,IPC_SYN,SYN-01,1,1
8886,IT_ACT_SYN,SYN-02,1,1
8887,IPC_SYN,SYN-01,1,1
8888,IPC_SYN,SYN-01,1,1
8889,IPC_SYN,SYN-01,1,1
8890,IPC_SYN,SYN-01,1,1
8891,IPC_SYN,SYN-01,1,1
8892,IPC_SYN,SYN-01,1,1
8893,IPC_SYN,SYN-01,1,1
8894,IPC_SYN,SYN-01,1,1
8895,SPECIAL_LAW_SYN,SYN-03,1,1
8896,IPC_SYN,SYN-01,1,1
8897,IPC_SYN,SYN-01,1,1
8898,IPC_SYN,SYN-01,1,1
8899,IPC_SYN,SYN-01,1,1
8900,IPC_SYN,SYN-01,1,1
8901,IPC_SYN,SYN-01,1,1
8902,IPC_SYN,SYN-01,1,1
8903,SPECIAL_LAW_SYN,SYN-03,1,1
8904,IPC_SYN,SYN-01,1,1
8905,IPC_SYN,SYN-01,1,1
8906,IPC_SYN,SYN-01,1,1
8907,IPC_SYN,SYN-01,1,1
8908,IPC_SYN,SYN-01,1,1
8909,IPC_SYN,SYN-01,1,1
8910,SPECIAL_LAW_SYN,SYN-03,1,1
8911,IT_ACT_SYN,SYN-02,1,1
8912,IPC_SYN,SYN-01,1,1
8913,IPC_SYN,SYN-01,1,1
8914,IPC_SYN,SYN-01,1,1
8915,IPC_SYN,SYN-01,1,1
8916,IPC_SYN,SYN-01,1,1
8917,IPC_SYN,SYN-01,1,1
8918,SPECIAL_LAW_SYN,SYN-03,1,1
8919,IPC_SYN,SYN-01,1,1
8920,IPC_SYN,SYN-01,1,1
8921,IPC_SYN,SYN-01,1,1
8922,IPC_SYN,SYN-01,1,1
8923,IPC_SYN,SYN-01,1,1
8924,IPC_SYN,SYN-01,1,1
8925,IPC_SYN,SYN-01,1,1
8926,IPC_SYN,SYN-01,1,1
8927,IPC_SYN,SYN-01,1,1
8928,IPC_SYN,SYN-01,1,1
8929,SPECIAL_LAW_SYN,SYN-03,1,1
8930,IPC_SYN,SYN-01,1,1
8931,IPC_SYN,SYN-01,1,1
8932,IPC_SYN,SYN-01,1,1
8933,SPECIAL_LAW_SYN,SYN-03,1,1
8934,IPC_SYN,SYN-01,1,1
8935,SPECIAL_LAW_SYN,SYN-03,1,1
8936,IPC_SYN,SYN-01,1,1
8937,IPC_SYN,SYN-01,1,1
8938,IPC_SYN,SYN-01,1,1
8939,SPECIAL_LAW_SYN,SYN-03,1,1
8940,IPC_SYN,SYN-01,1,1
8941,IPC_SYN,SYN-01,1,1
8942,SPECIAL_LAW_SYN,SYN-03,1,1
8943,IPC_SYN,SYN-01,1,1
8944,IPC_SYN,SYN-01,1,1
8945,IPC_SYN,SYN-01,1,1
8946,IPC_SYN,SYN-01,1,1
8947,SPECIAL_LAW_SYN,SYN-03,1,1
8948,SPECIAL_LAW_SYN,SYN-03,1,1
8949,IT_ACT_SYN,SYN-02,1,1
8950,IPC_SYN,SYN-01,1,1
8951,SPECIAL_LAW_SYN,SYN-03,1,1
8952,IPC_SYN,SYN-01,1,1
8953,IPC_SYN,SYN-01,1,1
8954,SPECIAL_LAW_SYN,SYN-03,1,1
8955,IPC_SYN,SYN-01,1,1
8956,IPC_SYN,SYN-01,1,1
8957,IPC_SYN,SYN-01,1,1
8958,IPC_SYN,SYN-01,1,1
8959,IPC_SYN,SYN-01,1,1
8960,IPC_SYN,SYN-01,1,1
8961,SPECIAL_LAW_SYN,SYN-03,1,1
8962,IPC_SYN,SYN-01,1,1
8963,IPC_SYN,SYN-01,1,1
8964,SPECIAL_LAW_SYN,SYN-03,1,1
8965,IPC_SYN,SYN-01,1,1
8966,IPC_SYN,SYN-01,1,1
8967,IPC_SYN,SYN-01,1,1
8968,IPC_SYN,SYN-01,1,1
8969,IPC_SYN,SYN-01,1,1
8970,IPC_SYN,SYN-01,1,1
8971,IPC_SYN,SYN-01,1,1
8972,SPECIAL_LAW_SYN,SYN-03,1,1
8973,IPC_SYN,SYN-01,1,1
8974,SPECIAL_LAW_SYN,SYN-03,1,1
8975,IPC_SYN,SYN-01,1,1
8976,SPECIAL_LAW_SYN,SYN-03,1,1
8977,IT_ACT_SYN,SYN-02,1,1
8978,SPECIAL_LAW_SYN,SYN-03,1,1
8979,SPECIAL_LAW_SYN,SYN-03,1,1
8980,IPC_SYN,SYN-01,1,1
8981,IPC_SYN,SYN-01,1,1
8982,IPC_SYN,SYN-01,1,1
8983,SPECIAL_LAW_SYN,SYN-03,1,1
8984,IPC_SYN,SYN-01,1,1
8985,SPECIAL_LAW_SYN,SYN-03,1,1
8986,IPC_SYN,SYN-01,1,1
8987,IPC_SYN,SYN-01,1,1
8988,SPECIAL_LAW_SYN,SYN-03,1,1
8989,IT_ACT_SYN,SYN-02,1,1
8990,IPC_SYN,SYN-01,1,1
8991,SPECIAL_LAW_SYN,SYN-03,1,1
8992,IPC_SYN,SYN-01,1,1
8993,SPECIAL_LAW_SYN,SYN-03,1,1
8994,IPC_SYN,SYN-01,1,1
8995,IPC_SYN,SYN-01,1,1
8996,SPECIAL_LAW_SYN,SYN-03,1,1
8997,SPECIAL_LAW_SYN,SYN-03,1,1
8998,SPECIAL_LAW_SYN,SYN-03,1,1
8999,IPC_SYN,SYN-01,1,1
9000,IPC_SYN,SYN-01,1,1
9001,SPECIAL_LAW_SYN,SYN-03,1,1
9002,IPC_SYN,SYN-01,1,1
9003,SPECIAL_LAW_SYN,SYN-03,1,1
9004,IPC_SYN,SYN-01,1,1
9005,IPC_SYN,SYN-01,1,1
9006,IT_ACT_SYN,SYN-02,1,1
9007,IPC_SYN,SYN-01,1,1
9008,IPC_SYN,SYN-01,1,1
9009,IPC_SYN,SYN-01,1,1
9010,IPC_SYN,SYN-01,1,1
9011,IPC_SYN,SYN-01,1,1
9012,IT_ACT_SYN,SYN-02,1,1
9013,SPECIAL_LAW_SYN,SYN-03,1,1
9014,SPECIAL_LAW_SYN,SYN-03,1,1
9015,IPC_SYN,SYN-01,1,1
9016,IT_ACT_SYN,SYN-02,1,1
9017,SPECIAL_LAW_SYN,SYN-03,1,1
9018,IPC_SYN,SYN-01,1,1
9019,IPC_SYN,SYN-01,1,1
9020,IPC_SYN,SYN-01,1,1
9021,IPC_SYN,SYN-01,1,1
9022,IPC_SYN,SYN-01,1,1
9023,IPC_SYN,SYN-01,1,1
9024,IPC_SYN,SYN-01,1,1
9025,SPECIAL_LAW_SYN,SYN-03,1,1
9026,SPECIAL_LAW_SYN,SYN-03,1,1
9027,SPECIAL_LAW_SYN,SYN-03,1,1
9028,IT_ACT_SYN,SYN-02,1,1
9029,SPECIAL_LAW_SYN,SYN-03,1,1
9030,IPC_SYN,SYN-01,1,1
9031,IPC_SYN,SYN-01,1,1
9032,SPECIAL_LAW_SYN,SYN-03,1,1
9033,IPC_SYN,SYN-01,1,1
9034,IPC_SYN,SYN-01,1,1
9035,IPC_SYN,SYN-01,1,1
9036,SPECIAL_LAW_SYN,SYN-03,1,1
9037,IPC_SYN,SYN-01,1,1
9038,IPC_SYN,SYN-01,1,1
9039,SPECIAL_LAW_SYN,SYN-03,1,1
9040,IPC_SYN,SYN-01,1,1
9041,IPC_SYN,SYN-01,1,1
9042,IPC_SYN,SYN-01,1,1
9043,IPC_SYN,SYN-01,1,1
9044,IPC_SYN,SYN-01,1,1
9045,SPECIAL_LAW_SYN,SYN-03,1,1
9046,IPC_SYN,SYN-01,1,1
9047,IPC_SYN,SYN-01,1,1
9048,IPC_SYN,SYN-01,1,1
9049,IPC_SYN,SYN-01,1,1
9050,SPECIAL_LAW_SYN,SYN-03,1,1
9051,SPECIAL_LAW_SYN,SYN-03,1,1
9052,IPC_SYN,SYN-01,1,1
9053,IT_ACT_SYN,SYN-02,1,1
9054,IPC_SYN,SYN-01,1,1
9055,IPC_SYN,SYN-01,1,1
9056,IPC_SYN,SYN-01,1,1
9057,IT_ACT_SYN,SYN-02,1,1
9058,IT_ACT_SYN,SYN-02,1,1
9059,IPC_SYN,SYN-01,1,1
9060,IPC_SYN,SYN-01,1,1
9061,IPC_SYN,SYN-01,1,1
9062,IPC_SYN,SYN-01,1,1
9063,IPC_SYN,SYN-01,1,1
9064,IPC_SYN,SYN-01,1,1
9065,IPC_SYN,SYN-01,1,1
9066,IPC_SYN,SYN-01,1,1
9067,SPECIAL_LAW_SYN,SYN-03,1,1
9068,IPC_SYN,SYN-01,1,1
9069,IT_ACT_SYN,SYN-02,1,1
9070,SPECIAL_LAW_SYN,SYN-03,1,1
9071,IPC_SYN,SYN-01,1,1
9072,IPC_SYN,SYN-01,1,1
9073,IPC_SYN,SYN-01,1,1
9074,IPC_SYN,SYN-01,1,1
9075,IPC_SYN,SYN-01,1,1
9076,IPC_SYN,SYN-01,1,1
9077,SPECIAL_LAW_SYN,SYN-03,1,1
9078,IPC_SYN,SYN-01,1,1
9079,IPC_SYN,SYN-01,1,1
9080,SPECIAL_LAW_SYN,SYN-03,1,1
9081,IPC_SYN,SYN-01,1,1
9082,SPECIAL_LAW_SYN,SYN-03,1,1
9083,IPC_SYN,SYN-01,1,1
9084,IPC_SYN,SYN-01,1,1
9085,IPC_SYN,SYN-01,1,1
9086,SPECIAL_LAW_SYN,SYN-03,1,1
9087,IPC_SYN,SYN-01,1,1
9088,SPECIAL_LAW_SYN,SYN-03,1,1
9089,SPECIAL_LAW_SYN,SYN-03,1,1
9090,IPC_SYN,SYN-01,1,1
9091,SPECIAL_LAW_SYN,SYN-03,1,1
9092,SPECIAL_LAW_SYN,SYN-03,1,1
9093,IPC_SYN,SYN-01,1,1
9094,IT_ACT_SYN,SYN-02,1,1
9095,IT_ACT_SYN,SYN-02,1,1
9096,SPECIAL_LAW_SYN,SYN-03,1,1
9097,IPC_SYN,SYN-01,1,1
9098,IPC_SYN,SYN-01,1,1
9099,IPC_SYN,SYN-01,1,1
9100,IT_ACT_SYN,SYN-02,1,1
9101,IPC_SYN,SYN-01,1,1
9102,IPC_SYN,SYN-01,1,1
9103,IPC_SYN,SYN-01,1,1
9104,SPECIAL_LAW_SYN,SYN-03,1,1
9105,IPC_SYN,SYN-01,1,1
9106,IPC_SYN,SYN-01,1,1
9107,IPC_SYN,SYN-01,1,1
9108,IPC_SYN,SYN-01,1,1
9109,IPC_SYN,SYN-01,1,1
9110,SPECIAL_LAW_SYN,SYN-03,1,1
9111,IPC_SYN,SYN-01,1,1
9112,SPECIAL_LAW_SYN,SYN-03,1,1
9113,IT_ACT_SYN,SYN-02,1,1
9114,IPC_SYN,SYN-01,1,1
9115,IPC_SYN,SYN-01,1,1
9116,IPC_SYN,SYN-01,1,1
9117,SPECIAL_LAW_SYN,SYN-03,1,1
9118,IPC_SYN,SYN-01,1,1
9119,IPC_SYN,SYN-01,1,1
9120,IPC_SYN,SYN-01,1,1
9121,SPECIAL_LAW_SYN,SYN-03,1,1
9122,SPECIAL_LAW_SYN,SYN-03,1,1
9123,IT_ACT_SYN,SYN-02,1,1
9124,IPC_SYN,SYN-01,1,1
9125,IPC_SYN,SYN-01,1,1
9126,IPC_SYN,SYN-01,1,1
9127,IPC_SYN,SYN-01,1,1
9128,SPECIAL_LAW_SYN,SYN-03,1,1
9129,IPC_SYN,SYN-01,1,1
9130,SPECIAL_LAW_SYN,SYN-03,1,1
9131,SPECIAL_LAW_SYN,SYN-03,1,1
9132,IPC_SYN,SYN-01,1,1
9133,SPECIAL_LAW_SYN,SYN-03,1,1
9134,IPC_SYN,SYN-01,1,1
9135,IPC_SYN,SYN-01,1,1
9136,IPC_SYN,SYN-01,1,1
9137,SPECIAL_LAW_SYN,SYN-03,1,1
9138,IPC_SYN,SYN-01,1,1
9139,SPECIAL_LAW_SYN,SYN-03,1,1
9140,IPC_SYN,SYN-01,1,1
9141,SPECIAL_LAW_SYN,SYN-03,1,1
9142,IPC_SYN,SYN-01,1,1
9143,IPC_SYN,SYN-01,1,1
9144,SPECIAL_LAW_SYN,SYN-03,1,1
9145,IT_ACT_SYN,SYN-02,1,1
9146,IPC_SYN,SYN-01,1,1
9147,SPECIAL_LAW_SYN,SYN-03,1,1
9148,IPC_SYN,SYN-01,1,1
9149,IPC_SYN,SYN-01,1,1
9150,IT_ACT_SYN,SYN-02,1,1
9151,IT_ACT_SYN,SYN-02,1,1
9152,SPECIAL_LAW_SYN,SYN-03,1,1
9153,IPC_SYN,SYN-01,1,1
9154,IPC_SYN,SYN-01,1,1
9155,IT_ACT_SYN,SYN-02,1,1
9156,IPC_SYN,SYN-01,1,1
9157,IPC_SYN,SYN-01,1,1
9158,IPC_SYN,SYN-01,1,1
9159,IPC_SYN,SYN-01,1,1
9160,IPC_SYN,SYN-01,1,1
9161,IPC_SYN,SYN-01,1,1
9162,SPECIAL_LAW_SYN,SYN-03,1,1
9163,SPECIAL_LAW_SYN,SYN-03,1,1
9164,SPECIAL_LAW_SYN,SYN-03,1,1
9165,IPC_SYN,SYN-01,1,1
9166,SPECIAL_LAW_SYN,SYN-03,1,1
9167,IPC_SYN,SYN-01,1,1
9168,SPECIAL_LAW_SYN,SYN-03,1,1
9169,IPC_SYN,SYN-01,1,1
9170,SPECIAL_LAW_SYN,SYN-03,1,1
9171,IPC_SYN,SYN-01,1,1
9172,IPC_SYN,SYN-01,1,1
9173,IPC_SYN,SYN-01,1,1
9174,IPC_SYN,SYN-01,1,1
9175,IPC_SYN,SYN-01,1,1
9176,IPC_SYN,SYN-01,1,1
9177,IPC_SYN,SYN-01,1,1
9178,SPECIAL_LAW_SYN,SYN-03,1,1
9179,IPC_SYN,SYN-01,1,1
9180,IPC_SYN,SYN-01,1,1
9181,IPC_SYN,SYN-01,1,1
9182,IPC_SYN,SYN-01,1,1
9183,IPC_SYN,SYN-01,1,1
9184,IPC_SYN,SYN-01,1,1
9185,IPC_SYN,SYN-01,1,1
9186,IPC_SYN,SYN-01,1,1
9187,IPC_SYN,SYN-01,1,1
9188,IPC_SYN,SYN-01,1,1
9189,IPC_SYN,SYN-01,1,1
9190,IPC_SYN,SYN-01,1,1
9191,IPC_SYN,SYN-01,1,1
9192,IPC_SYN,SYN-01,1,1
9193,SPECIAL_LAW_SYN,SYN-03,1,1
9194,SPECIAL_LAW_SYN,SYN-03,1,1
9195,IPC_SYN,SYN-01,1,1
9196,IPC_SYN,SYN-01,1,1
9197,SPECIAL_LAW_SYN,SYN-03,1,1
9198,SPECIAL_LAW_SYN,SYN-03,1,1
9199,IPC_SYN,SYN-01,1,1
9200,IPC_SYN,SYN-01,1,1
9201,IT_ACT_SYN,SYN-02,1,1
9202,IT_ACT_SYN,SYN-02,1,1
9203,IPC_SYN,SYN-01,1,1
9204,IPC_SYN,SYN-01,1,1
9205,SPECIAL_LAW_SYN,SYN-03,1,1
9206,IPC_SYN,SYN-01,1,1
9207,SPECIAL_LAW_SYN,SYN-03,1,1
9208,SPECIAL_LAW_SYN,SYN-03,1,1
9209,IPC_SYN,SYN-01,1,1
9210,IPC_SYN,SYN-01,1,1
9211,IPC_SYN,SYN-01,1,1
9212,IPC_SYN,SYN-01,1,1
9213,IPC_SYN,SYN-01,1,1
9214,IPC_SYN,SYN-01,1,1
9215,IPC_SYN,SYN-01,1,1
9216,SPECIAL_LAW_SYN,SYN-03,1,1
9217,SPECIAL_LAW_SYN,SYN-03,1,1
9218,IPC_SYN,SYN-01,1,1
9219,IPC_SYN,SYN-01,1,1
9220,IPC_SYN,SYN-01,1,1
9221,SPECIAL_LAW_SYN,SYN-03,1,1
9222,IPC_SYN,SYN-01,1,1
9223,IT_ACT_SYN,SYN-02,1,1
9224,IPC_SYN,SYN-01,1,1
9225,IPC_SYN,SYN-01,1,1
9226,IPC_SYN,SYN-01,1,1
9227,SPECIAL_LAW_SYN,SYN-03,1,1
9228,IPC_SYN,SYN-01,1,1
9229,IPC_SYN,SYN-01,1,1
9230,IT_ACT_SYN,SYN-02,1,1
9231,SPECIAL_LAW_SYN,SYN-03,1,1
9232,SPECIAL_LAW_SYN,SYN-03,1,1
9233,IPC_SYN,SYN-01,1,1
9234,IPC_SYN,SYN-01,1,1
9235,IPC_SYN,SYN-01,1,1
9236,SPECIAL_LAW_SYN,SYN-03,1,1
9237,IPC_SYN,SYN-01,1,1
9238,SPECIAL_LAW_SYN,SYN-03,1,1
9239,IPC_SYN,SYN-01,1,1
9240,IPC_SYN,SYN-01,1,1
9241,SPECIAL_LAW_SYN,SYN-03,1,1
9242,IT_ACT_SYN,SYN-02,1,1
9243,IPC_SYN,SYN-01,1,1
9244,IPC_SYN,SYN-01,1,1
9245,IPC_SYN,SYN-01,1,1
9246,IPC_SYN,SYN-01,1,1
9247,IPC_SYN,SYN-01,1,1
9248,SPECIAL_LAW_SYN,SYN-03,1,1
9249,IPC_SYN,SYN-01,1,1
9250,IPC_SYN,SYN-01,1,1
9251,IPC_SYN,SYN-01,1,1
9252,IPC_SYN,SYN-01,1,1
9253,IPC_SYN,SYN-01,1,1
9254,IPC_SYN,SYN-01,1,1
9255,SPECIAL_LAW_SYN,SYN-03,1,1
9256,IPC_SYN,SYN-01,1,1
9257,IT_ACT_SYN,SYN-02,1,1
9258,IT_ACT_SYN,SYN-02,1,1
9259,IPC_SYN,SYN-01,1,1
9260,SPECIAL_LAW_SYN,SYN-03,1,1
9261,IPC_SYN,SYN-01,1,1
9262,IPC_SYN,SYN-01,1,1
9263,SPECIAL_LAW_SYN,SYN-03,1,1
9264,IPC_SYN,SYN-01,1,1
9265,IT_ACT_SYN,SYN-02,1,1
9266,IPC_SYN,SYN-01,1,1
9267,IPC_SYN,SYN-01,1,1
9268,SPECIAL_LAW_SYN,SYN-03,1,1
9269,IPC_SYN,SYN-01,1,1
9270,IPC_SYN,SYN-01,1,1
9271,IT_ACT_SYN,SYN-02,1,1
9272,IT_ACT_SYN,SYN-02,1,1
9273,IT_ACT_SYN,SYN-02,1,1
9274,IPC_SYN,SYN-01,1,1
9275,SPECIAL_LAW_SYN,SYN-03,1,1
9276,IPC_SYN,SYN-01,1,1
9277,SPECIAL_LAW_SYN,SYN-03,1,1
9278,IPC_SYN,SYN-01,1,1
9279,IPC_SYN,SYN-01,1,1
9280,SPECIAL_LAW_SYN,SYN-03,1,1
9281,IT_ACT_SYN,SYN-02,1,1
9282,IPC_SYN,SYN-01,1,1
9283,IPC_SYN,SYN-01,1,1
9284,IPC_SYN,SYN-01,1,1
9285,IPC_SYN,SYN-01,1,1
9286,IPC_SYN,SYN-01,1,1
9287,SPECIAL_LAW_SYN,SYN-03,1,1
9288,IPC_SYN,SYN-01,1,1
9289,SPECIAL_LAW_SYN,SYN-03,1,1
9290,SPECIAL_LAW_SYN,SYN-03,1,1
9291,IPC_SYN,SYN-01,1,1
9292,IPC_SYN,SYN-01,1,1
9293,IPC_SYN,SYN-01,1,1
9294,SPECIAL_LAW_SYN,SYN-03,1,1
9295,IPC_SYN,SYN-01,1,1
9296,IPC_SYN,SYN-01,1,1
9297,IPC_SYN,SYN-01,1,1
9298,IPC_SYN,SYN-01,1,1
9299,IPC_SYN,SYN-01,1,1
9300,IT_ACT_SYN,SYN-02,1,1
9301,IPC_SYN,SYN-01,1,1
9302,SPECIAL_LAW_SYN,SYN-03,1,1
9303,IPC_SYN,SYN-01,1,1
9304,IPC_SYN,SYN-01,1,1
9305,IPC_SYN,SYN-01,1,1
9306,SPECIAL_LAW_SYN,SYN-03,1,1
9307,IPC_SYN,SYN-01,1,1
9308,SPECIAL_LAW_SYN,SYN-03,1,1
9309,IT_ACT_SYN,SYN-02,1,1
9310,SPECIAL_LAW_SYN,SYN-03,1,1
9311,SPECIAL_LAW_SYN,SYN-03,1,1
9312,IPC_SYN,SYN-01,1,1
9313,IT_ACT_SYN,SYN-02,1,1
9314,SPECIAL_LAW_SYN,SYN-03,1,1
9315,IPC_SYN,SYN-01,1,1
9316,IPC_SYN,SYN-01,1,1
9317,IPC_SYN,SYN-01,1,1
9318,IPC_SYN,SYN-01,1,1
9319,SPECIAL_LAW_SYN,SYN-03,1,1
9320,IPC_SYN,SYN-01,1,1
9321,IPC_SYN,SYN-01,1,1
9322,IPC_SYN,SYN-01,1,1
9323,IPC_SYN,SYN-01,1,1
9324,IPC_SYN,SYN-01,1,1
9325,IPC_SYN,SYN-01,1,1
9326,SPECIAL_LAW_SYN,SYN-03,1,1
9327,IPC_SYN,SYN-01,1,1
9328,IPC_SYN,SYN-01,1,1
9329,IPC_SYN,SYN-01,1,1
9330,IPC_SYN,SYN-01,1,1
9331,IPC_SYN,SYN-01,1,1
9332,IT_ACT_SYN,SYN-02,1,1
9333,IT_ACT_SYN,SYN-02,1,1
9334,SPECIAL_LAW_SYN,SYN-03,1,1
9335,IPC_SYN,SYN-01,1,1
9336,SPECIAL_LAW_SYN,SYN-03,1,1
9337,SPECIAL_LAW_SYN,SYN-03,1,1
9338,IPC_SYN,SYN-01,1,1
9339,IPC_SYN,SYN-01,1,1
9340,SPECIAL_LAW_SYN,SYN-03,1,1
9341,IPC_SYN,SYN-01,1,1
9342,IPC_SYN,SYN-01,1,1
9343,SPECIAL_LAW_SYN,SYN-03,1,1
9344,IPC_SYN,SYN-01,1,1
9345,IPC_SYN,SYN-01,1,1
9346,SPECIAL_LAW_SYN,SYN-03,1,1
9347,SPECIAL_LAW_SYN,SYN-03,1,1
9348,IPC_SYN,SYN-01,1,1
9349,SPECIAL_LAW_SYN,SYN-03,1,1
9350,IT_ACT_SYN,SYN-02,1,1
9351,IPC_SYN,SYN-01,1,1
9352,IPC_SYN,SYN-01,1,1
9353,IPC_SYN,SYN-01,1,1
9354,IPC_SYN,SYN-01,1,1
9355,IPC_SYN,SYN-01,1,1
9356,IPC_SYN,SYN-01,1,1
9357,IT_ACT_SYN,SYN-02,1,1
9358,IPC_SYN,SYN-01,1,1
9359,IPC_SYN,SYN-01,1,1
9360,IT_ACT_SYN,SYN-02,1,1
9361,IT_ACT_SYN,SYN-02,1,1
9362,SPECIAL_LAW_SYN,SYN-03,1,1
9363,IPC_SYN,SYN-01,1,1
9364,IPC_SYN,SYN-01,1,1
9365,IPC_SYN,SYN-01,1,1
9366,IPC_SYN,SYN-01,1,1
9367,SPECIAL_LAW_SYN,SYN-03,1,1
9368,IPC_SYN,SYN-01,1,1
9369,SPECIAL_LAW_SYN,SYN-03,1,1
9370,IPC_SYN,SYN-01,1,1
9371,IPC_SYN,SYN-01,1,1
9372,IPC_SYN,SYN-01,1,1
9373,IT_ACT_SYN,SYN-02,1,1
9374,IPC_SYN,SYN-01,1,1
9375,IPC_SYN,SYN-01,1,1
9376,IPC_SYN,SYN-01,1,1
9377,IT_ACT_SYN,SYN-02,1,1
9378,IT_ACT_SYN,SYN-02,1,1
9379,IPC_SYN,SYN-01,1,1
9380,IPC_SYN,SYN-01,1,1
9381,IT_ACT_SYN,SYN-02,1,1
9382,IPC_SYN,SYN-01,1,1
9383,IPC_SYN,SYN-01,1,1
9384,IPC_SYN,SYN-01,1,1
9385,IPC_SYN,SYN-01,1,1
9386,IPC_SYN,SYN-01,1,1
9387,IPC_SYN,SYN-01,1,1
9388,IPC_SYN,SYN-01,1,1
9389,IPC_SYN,SYN-01,1,1
9390,IPC_SYN,SYN-01,1,1
9391,SPECIAL_LAW_SYN,SYN-03,1,1
9392,IPC_SYN,SYN-01,1,1
9393,IT_ACT_SYN,SYN-02,1,1
9394,IPC_SYN,SYN-01,1,1
9395,IT_ACT_SYN,SYN-02,1,1
9396,SPECIAL_LAW_SYN,SYN-03,1,1
9397,IPC_SYN,SYN-01,1,1
9398,IPC_SYN,SYN-01,1,1
9399,IPC_SYN,SYN-01,1,1
9400,IPC_SYN,SYN-01,1,1
9401,IPC_SYN,SYN-01,1,1
9402,SPECIAL_LAW_SYN,SYN-03,1,1
9403,IT_ACT_SYN,SYN-02,1,1
9404,SPECIAL_LAW_SYN,SYN-03,1,1
9405,IPC_SYN,SYN-01,1,1
9406,IPC_SYN,SYN-01,1,1
9407,SPECIAL_LAW_SYN,SYN-03,1,1
9408,IPC_SYN,SYN-01,1,1
9409,IPC_SYN,SYN-01,1,1
9410,IPC_SYN,SYN-01,1,1
9411,SPECIAL_LAW_SYN,SYN-03,1,1
9412,IT_ACT_SYN,SYN-02,1,1
9413,IT_ACT_SYN,SYN-02,1,1
9414,IPC_SYN,SYN-01,1,1
9415,IPC_SYN,SYN-01,1,1
9416,IPC_SYN,SYN-01,1,1
9417,IT_ACT_SYN,SYN-02,1,1
9418,IPC_SYN,SYN-01,1,1
9419,SPECIAL_LAW_SYN,SYN-03,1,1
9420,IT_ACT_SYN,SYN-02,1,1
9421,IPC_SYN,SYN-01,1,1
9422,SPECIAL_LAW_SYN,SYN-03,1,1
9423,IPC_SYN,SYN-01,1,1
9424,IT_ACT_SYN,SYN-02,1,1
9425,IPC_SYN,SYN-01,1,1
9426,SPECIAL_LAW_SYN,SYN-03,1,1
9427,SPECIAL_LAW_SYN,SYN-03,1,1
9428,SPECIAL_LAW_SYN,SYN-03,1,1
9429,IPC_SYN,SYN-01,1,1
9430,IPC_SYN,SYN-01,1,1
9431,IPC_SYN,SYN-01,1,1
9432,IPC_SYN,SYN-01,1,1
9433,IT_ACT_SYN,SYN-02,1,1
9434,SPECIAL_LAW_SYN,SYN-03,1,1
9435,IPC_SYN,SYN-01,1,1
9436,IPC_SYN,SYN-01,1,1
9437,IPC_SYN,SYN-01,1,1
9438,IPC_SYN,SYN-01,1,1
9439,IT_ACT_SYN,SYN-02,1,1
9440,IPC_SYN,SYN-01,1,1
9441,IPC_SYN,SYN-01,1,1
9442,IPC_SYN,SYN-01,1,1
9443,SPECIAL_LAW_SYN,SYN-03,1,1
9444,IPC_SYN,SYN-01,1,1
9445,IPC_SYN,SYN-01,1,1
9446,SPECIAL_LAW_SYN,SYN-03,1,1
9447,IPC_SYN,SYN-01,1,1
9448,IPC_SYN,SYN-01,1,1
9449,IPC_SYN,SYN-01,1,1
9450,IT_ACT_SYN,SYN-02,1,1
9451,IPC_SYN,SYN-01,1,1
9452,IPC_SYN,SYN-01,1,1
9453,IPC_SYN,SYN-01,1,1
9454,IT_ACT_SYN,SYN-02,1,1
9455,SPECIAL_LAW_SYN,SYN-03,1,1
9456,IT_ACT_SYN,SYN-02,1,1
9457,IPC_SYN,SYN-01,1,1
9458,IPC_SYN,SYN-01,1,1
9459,SPECIAL_LAW_SYN,SYN-03,1,1
9460,IPC_SYN,SYN-01,1,1
9461,IT_ACT_SYN,SYN-02,1,1
9462,SPECIAL_LAW_SYN,SYN-03,1,1
9463,SPECIAL_LAW_SYN,SYN-03,1,1
9464,IPC_SYN,SYN-01,1,1
9465,IPC_SYN,SYN-01,1,1
9466,IPC_SYN,SYN-01,1,1
9467,SPECIAL_LAW_SYN,SYN-03,1,1
9468,IPC_SYN,SYN-01,1,1
9469,SPECIAL_LAW_SYN,SYN-03,1,1
9470,IPC_SYN,SYN-01,1,1
9471,IPC_SYN,SYN-01,1,1
9472,SPECIAL_LAW_SYN,SYN-03,1,1
9473,IPC_SYN,SYN-01,1,1
9474,IPC_SYN,SYN-01,1,1
9475,IPC_SYN,SYN-01,1,1
9476,IT_ACT_SYN,SYN-02,1,1
9477,IPC_SYN,SYN-01,1,1
9478,IPC_SYN,SYN-01,1,1
9479,SPECIAL_LAW_SYN,SYN-03,1,1
9480,IPC_SYN,SYN-01,1,1
9481,IPC_SYN,SYN-01,1,1
9482,IPC_SYN,SYN-01,1,1
9483,IPC_SYN,SYN-01,1,1
9484,SPECIAL_LAW_SYN,SYN-03,1,1
9485,IPC_SYN,SYN-01,1,1
9486,SPECIAL_LAW_SYN,SYN-03,1,1
9487,IPC_SYN,SYN-01,1,1
9488,IPC_SYN,SYN-01,1,1
9489,SPECIAL_LAW_SYN,SYN-03,1,1
9490,SPECIAL_LAW_SYN,SYN-03,1,1
9491,IPC_SYN,SYN-01,1,1
9492,IPC_SYN,SYN-01,1,1
9493,IPC_SYN,SYN-01,1,1
9494,IPC_SYN,SYN-01,1,1
9495,IT_ACT_SYN,SYN-02,1,1
9496,IPC_SYN,SYN-01,1,1
9497,IPC_SYN,SYN-01,1,1
9498,IPC_SYN,SYN-01,1,1
9499,IPC_SYN,SYN-01,1,1
9500,SPECIAL_LAW_SYN,SYN-03,1,1
9501,IT_ACT_SYN,SYN-02,1,1
9502,IPC_SYN,SYN-01,1,1
9503,IT_ACT_SYN,SYN-02,1,1
9504,IT_ACT_SYN,SYN-02,1,1
9505,IPC_SYN,SYN-01,1,1
9506,SPECIAL_LAW_SYN,SYN-03,1,1
9507,IPC_SYN,SYN-01,1,1
9508,IPC_SYN,SYN-01,1,1
9509,SPECIAL_LAW_SYN,SYN-03,1,1
9510,IPC_SYN,SYN-01,1,1
9511,IT_ACT_SYN,SYN-02,1,1
9512,IPC_SYN,SYN-01,1,1
9513,IPC_SYN,SYN-01,1,1
9514,IPC_SYN,SYN-01,1,1
9515,IPC_SYN,SYN-01,1,1
9516,IT_ACT_SYN,SYN-02,1,1
9517,IPC_SYN,SYN-01,1,1
9518,IPC_SYN,SYN-01,1,1
9519,IPC_SYN,SYN-01,1,1
9520,IPC_SYN,SYN-01,1,1
9521,SPECIAL_LAW_SYN,SYN-03,1,1
9522,SPECIAL_LAW_SYN,SYN-03,1,1
9523,IPC_SYN,SYN-01,1,1
9524,IPC_SYN,SYN-01,1,1
9525,IPC_SYN,SYN-01,1,1
9526,IPC_SYN,SYN-01,1,1
9527,IPC_SYN,SYN-01,1,1
9528,IPC_SYN,SYN-01,1,1
9529,SPECIAL_LAW_SYN,SYN-03,1,1
9530,SPECIAL_LAW_SYN,SYN-03,1,1
9531,SPECIAL_LAW_SYN,SYN-03,1,1
9532,IPC_SYN,SYN-01,1,1
9533,SPECIAL_LAW_SYN,SYN-03,1,1
9534,IPC_SYN,SYN-01,1,1
9535,IT_ACT_SYN,SYN-02,1,1
9536,SPECIAL_LAW_SYN,SYN-03,1,1
9537,IPC_SYN,SYN-01,1,1
9538,IPC_SYN,SYN-01,1,1
9539,SPECIAL_LAW_SYN,SYN-03,1,1
9540,IPC_SYN,SYN-01,1,1
9541,IPC_SYN,SYN-01,1,1
9542,IPC_SYN,SYN-01,1,1
9543,SPECIAL_LAW_SYN,SYN-03,1,1
9544,SPECIAL_LAW_SYN,SYN-03,1,1
9545,SPECIAL_LAW_SYN,SYN-03,1,1
9546,IPC_SYN,SYN-01,1,1
9547,SPECIAL_LAW_SYN,SYN-03,1,1
9548,IPC_SYN,SYN-01,1,1
9549,IPC_SYN,SYN-01,1,1
9550,IPC_SYN,SYN-01,1,1
9551,SPECIAL_LAW_SYN,SYN-03,1,1
9552,SPECIAL_LAW_SYN,SYN-03,1,1
9553,IPC_SYN,SYN-01,1,1
9554,IT_ACT_SYN,SYN-02,1,1
9555,SPECIAL_LAW_SYN,SYN-03,1,1
9556,IPC_SYN,SYN-01,1,1
9557,IPC_SYN,SYN-01,1,1
9558,IPC_SYN,SYN-01,1,1
9559,IPC_SYN,SYN-01,1,1
9560,SPECIAL_LAW_SYN,SYN-03,1,1
9561,SPECIAL_LAW_SYN,SYN-03,1,1
9562,IPC_SYN,SYN-01,1,1
9563,IPC_SYN,SYN-01,1,1
9564,SPECIAL_LAW_SYN,SYN-03,1,1
9565,IPC_SYN,SYN-01,1,1
9566,IT_ACT_SYN,SYN-02,1,1
9567,IT_ACT_SYN,SYN-02,1,1
9568,IT_ACT_SYN,SYN-02,1,1
9569,IPC_SYN,SYN-01,1,1
9570,SPECIAL_LAW_SYN,SYN-03,1,1
9571,IPC_SYN,SYN-01,1,1
9572,IPC_SYN,SYN-01,1,1
9573,IPC_SYN,SYN-01,1,1
9574,IPC_SYN,SYN-01,1,1
9575,SPECIAL_LAW_SYN,SYN-03,1,1
9576,IT_ACT_SYN,SYN-02,1,1
9577,IT_ACT_SYN,SYN-02,1,1
9578,SPECIAL_LAW_SYN,SYN-03,1,1
9579,IPC_SYN,SYN-01,1,1
9580,IT_ACT_SYN,SYN-02,1,1
9581,IPC_SYN,SYN-01,1,1
9582,IPC_SYN,SYN-01,1,1
9583,IT_ACT_SYN,SYN-02,1,1
9584,IPC_SYN,SYN-01,1,1
9585,IPC_SYN,SYN-01,1,1
9586,SPECIAL_LAW_SYN,SYN-03,1,1
9587,IPC_SYN,SYN-01,1,1
9588,IPC_SYN,SYN-01,1,1
9589,SPECIAL_LAW_SYN,SYN-03,1,1
9590,SPECIAL_LAW_SYN,SYN-03,1,1
9591,SPECIAL_LAW_SYN,SYN-03,1,1
9592,IPC_SYN,SYN-01,1,1
9593,SPECIAL_LAW_SYN,SYN-03,1,1
9594,SPECIAL_LAW_SYN,SYN-03,1,1
9595,IPC_SYN,SYN-01,1,1
9596,IPC_SYN,SYN-01,1,1
9597,IPC_SYN,SYN-01,1,1
9598,SPECIAL_LAW_SYN,SYN-03,1,1
9599,SPECIAL_LAW_SYN,SYN-03,1,1
9600,IPC_SYN,SYN-01,1,1
9601,SPECIAL_LAW_SYN,SYN-03,1,1
9602,SPECIAL_LAW_SYN,SYN-03,1,1
9603,IPC_SYN,SYN-01,1,1
9604,IPC_SYN,SYN-01,1,1
9605,IT_ACT_SYN,SYN-02,1,1
9606,IPC_SYN,SYN-01,1,1
9607,IPC_SYN,SYN-01,1,1
9608,IPC_SYN,SYN-01,1,1
9609,IPC_SYN,SYN-01,1,1
9610,IPC_SYN,SYN-01,1,1
9611,IPC_SYN,SYN-01,1,1
9612,SPECIAL_LAW_SYN,SYN-03,1,1
9613,IPC_SYN,SYN-01,1,1
9614,IPC_SYN,SYN-01,1,1
9615,IPC_SYN,SYN-01,1,1
9616,SPECIAL_LAW_SYN,SYN-03,1,1
9617,IPC_SYN,SYN-01,1,1
9618,SPECIAL_LAW_SYN,SYN-03,1,1
9619,SPECIAL_LAW_SYN,SYN-03,1,1
9620,SPECIAL_LAW_SYN,SYN-03,1,1
9621,IPC_SYN,SYN-01,1,1
9622,IPC_SYN,SYN-01,1,1
9623,IT_ACT_SYN,SYN-02,1,1
9624,IPC_SYN,SYN-01,1,1
9625,IPC_SYN,SYN-01,1,1
9626,IPC_SYN,SYN-01,1,1
9627,SPECIAL_LAW_SYN,SYN-03,1,1
9628,IPC_SYN,SYN-01,1,1
9629,SPECIAL_LAW_SYN,SYN-03,1,1
9630,IPC_SYN,SYN-01,1,1
9631,IPC_SYN,SYN-01,1,1
9632,IPC_SYN,SYN-01,1,1
9633,SPECIAL_LAW_SYN,SYN-03,1,1
9634,IPC_SYN,SYN-01,1,1
9635,IPC_SYN,SYN-01,1,1
9636,SPECIAL_LAW_SYN,SYN-03,1,1
9637,IPC_SYN,SYN-01,1,1
9638,IPC_SYN,SYN-01,1,1
9639,IPC_SYN,SYN-01,1,1
9640,SPECIAL_LAW_SYN,SYN-03,1,1
9641,IPC_SYN,SYN-01,1,1
9642,IPC_SYN,SYN-01,1,1
9643,IT_ACT_SYN,SYN-02,1,1
9644,IPC_SYN,SYN-01,1,1
9645,SPECIAL_LAW_SYN,SYN-03,1,1
9646,SPECIAL_LAW_SYN,SYN-03,1,1
9647,IPC_SYN,SYN-01,1,1
9648,IPC_SYN,SYN-01,1,1
9649,IPC_SYN,SYN-01,1,1
9650,SPECIAL_LAW_SYN,SYN-03,1,1
9651,IPC_SYN,SYN-01,1,1
9652,IPC_SYN,SYN-01,1,1
9653,IPC_SYN,SYN-01,1,1
9654,IPC_SYN,SYN-01,1,1
9655,IT_ACT_SYN,SYN-02,1,1
9656,IPC_SYN,SYN-01,1,1
9657,IPC_SYN,SYN-01,1,1
9658,IT_ACT_SYN,SYN-02,1,1
9659,IT_ACT_SYN,SYN-02,1,1
9660,IPC_SYN,SYN-01,1,1
9661,IPC_SYN,SYN-01,1,1
9662,IPC_SYN,SYN-01,1,1
9663,SPECIAL_LAW_SYN,SYN-03,1,1
9664,SPECIAL_LAW_SYN,SYN-03,1,1
9665,IPC_SYN,SYN-01,1,1
9666,SPECIAL_LAW_SYN,SYN-03,1,1
9667,IPC_SYN,SYN-01,1,1
9668,SPECIAL_LAW_SYN,SYN-03,1,1
9669,IT_ACT_SYN,SYN-02,1,1
9670,IT_ACT_SYN,SYN-02,1,1
9671,IPC_SYN,SYN-01,1,1
9672,IPC_SYN,SYN-01,1,1
9673,IPC_SYN,SYN-01,1,1
9674,SPECIAL_LAW_SYN,SYN-03,1,1
9675,SPECIAL_LAW_SYN,SYN-03,1,1
9676,IPC_SYN,SYN-01,1,1
9677,SPECIAL_LAW_SYN,SYN-03,1,1
9678,IPC_SYN,SYN-01,1,1
9679,IT_ACT_SYN,SYN-02,1,1
9680,IPC_SYN,SYN-01,1,1
9681,IPC_SYN,SYN-01,1,1
9682,SPECIAL_LAW_SYN,SYN-03,1,1
9683,IPC_SYN,SYN-01,1,1
9684,SPECIAL_LAW_SYN,SYN-03,1,1
9685,SPECIAL_LAW_SYN,SYN-03,1,1
9686,IPC_SYN,SYN-01,1,1
9687,IPC_SYN,SYN-01,1,1
9688,IPC_SYN,SYN-01,1,1
9689,SPECIAL_LAW_SYN,SYN-03,1,1
9690,SPECIAL_LAW_SYN,SYN-03,1,1
9691,IT_ACT_SYN,SYN-02,1,1
9692,IPC_SYN,SYN-01,1,1
9693,SPECIAL_LAW_SYN,SYN-03,1,1
9694,IPC_SYN,SYN-01,1,1
9695,SPECIAL_LAW_SYN,SYN-03,1,1
9696,IT_ACT_SYN,SYN-02,1,1
9697,IPC_SYN,SYN-01,1,1
9698,IPC_SYN,SYN-01,1,1
9699,IT_ACT_SYN,SYN-02,1,1
9700,IPC_SYN,SYN-01,1,1
9701,SPECIAL_LAW_SYN,SYN-03,1,1
9702,IPC_SYN,SYN-01,1,1
9703,SPECIAL_LAW_SYN,SYN-03,1,1
9704,IPC_SYN,SYN-01,1,1
9705,IPC_SYN,SYN-01,1,1
9706,IPC_SYN,SYN-01,1,1
9707,SPECIAL_LAW_SYN,SYN-03,1,1
9708,IPC_SYN,SYN-01,1,1
9709,IPC_SYN,SYN-01,1,1
9710,IT_ACT_SYN,SYN-02,1,1
9711,IPC_SYN,SYN-01,1,1
9712,IPC_SYN,SYN-01,1,1
9713,IPC_SYN,SYN-01,1,1
9714,SPECIAL_LAW_SYN,SYN-03,1,1
9715,IPC_SYN,SYN-01,1,1
9716,IPC_SYN,SYN-01,1,1
9717,SPECIAL_LAW_SYN,SYN-03,1,1
9718,SPECIAL_LAW_SYN,SYN-03,1,1
9719,IPC_SYN,SYN-01,1,1
9720,IT_ACT_SYN,SYN-02,1,1
9721,SPECIAL_LAW_SYN,SYN-03,1,1
9722,SPECIAL_LAW_SYN,SYN-03,1,1
9723,IPC_SYN,SYN-01,1,1
9724,IT_ACT_SYN,SYN-02,1,1
9725,IPC_SYN,SYN-01,1,1
9726,IPC_SYN,SYN-01,1,1
9727,IPC_SYN,SYN-01,1,1
9728,IPC_SYN,SYN-01,1,1
9729,SPECIAL_LAW_SYN,SYN-03,1,1
9730,SPECIAL_LAW_SYN,SYN-03,1,1
9731,IT_ACT_SYN,SYN-02,1,1
9732,SPECIAL_LAW_SYN,SYN-03,1,1
9733,IT_ACT_SYN,SYN-02,1,1
9734,IPC_SYN,SYN-01,1,1
9735,IPC_SYN,SYN-01,1,1
9736,SPECIAL_LAW_SYN,SYN-03,1,1
9737,IPC_SYN,SYN-01,1,1
9738,SPECIAL_LAW_SYN,SYN-03,1,1
9739,IPC_SYN,SYN-01,1,1
9740,IPC_SYN,SYN-01,1,1
9741,IPC_SYN,SYN-01,1,1
9742,IPC_SYN,SYN-01,1,1
9743,SPECIAL_LAW_SYN,SYN-03,1,1
9744,SPECIAL_LAW_SYN,SYN-03,1,1
9745,IPC_SYN,SYN-01,1,1
9746,IPC_SYN,SYN-01,1,1
9747,IPC_SYN,SYN-01,1,1
9748,IT_ACT_SYN,SYN-02,1,1
9749,IT_ACT_SYN,SYN-02,1,1
9750,IPC_SYN,SYN-01,1,1
9751,IPC_SYN,SYN-01,1,1
9752,IT_ACT_SYN,SYN-02,1,1
9753,IPC_SYN,SYN-01,1,1
9754,IPC_SYN,SYN-01,1,1
9755,IPC_SYN,SYN-01,1,1
9756,IPC_SYN,SYN-01,1,1
9757,IPC_SYN,SYN-01,1,1
9758,IT_ACT_SYN,SYN-02,1,1
9759,SPECIAL_LAW_SYN,SYN-03,1,1
9760,IPC_SYN,SYN-01,1,1
9761,SPECIAL_LAW_SYN,SYN-03,1,1
9762,IT_ACT_SYN,SYN-02,1,1
9763,IPC_SYN,SYN-01,1,1
9764,IPC_SYN,SYN-01,1,1
9765,IPC_SYN,SYN-01,1,1
9766,IPC_SYN,SYN-01,1,1
9767,SPECIAL_LAW_SYN,SYN-03,1,1
9768,IPC_SYN,SYN-01,1,1
9769,IPC_SYN,SYN-01,1,1
9770,IPC_SYN,SYN-01,1,1
9771,SPECIAL_LAW_SYN,SYN-03,1,1
9772,IPC_SYN,SYN-01,1,1
9773,IPC_SYN,SYN-01,1,1
9774,IT_ACT_SYN,SYN-02,1,1
9775,IT_ACT_SYN,SYN-02,1,1
9776,IPC_SYN,SYN-01,1,1
9777,IT_ACT_SYN,SYN-02,1,1
9778,IPC_SYN,SYN-01,1,1
9779,IPC_SYN,SYN-01,1,1
9780,IT_ACT_SYN,SYN-02,1,1
9781,IPC_SYN,SYN-01,1,1
9782,SPECIAL_LAW_SYN,SYN-03,1,1
9783,SPECIAL_LAW_SYN,SYN-03,1,1
9784,SPECIAL_LAW_SYN,SYN-03,1,1
9785,SPECIAL_LAW_SYN,SYN-03,1,1
9786,SPECIAL_LAW_SYN,SYN-03,1,1
9787,SPECIAL_LAW_SYN,SYN-03,1,1
9788,IT_ACT_SYN,SYN-02,1,1
9789,SPECIAL_LAW_SYN,SYN-03,1,1
9790,SPECIAL_LAW_SYN,SYN-03,1,1
9791,IT_ACT_SYN,SYN-02,1,1
9792,IPC_SYN,SYN-01,1,1
9793,SPECIAL_LAW_SYN,SYN-03,1,1
9794,SPECIAL_LAW_SYN,SYN-03,1,1
9795,IPC_SYN,SYN-01,1,1
9796,IPC_SYN,SYN-01,1,1
9797,SPECIAL_LAW_SYN,SYN-03,1,1
9798,IPC_SYN,SYN-01,1,1
9799,IPC_SYN,SYN-01,1,1
9800,IPC_SYN,SYN-01,1,1
9801,SPECIAL_LAW_SYN,SYN-03,1,1
9802,SPECIAL_LAW_SYN,SYN-03,1,1
9803,IPC_SYN,SYN-01,1,1
9804,SPECIAL_LAW_SYN,SYN-03,1,1
9805,IPC_SYN,SYN-01,1,1
9806,SPECIAL_LAW_SYN,SYN-03,1,1
9807,IPC_SYN,SYN-01,1,1
9808,IPC_SYN,SYN-01,1,1
9809,IT_ACT_SYN,SYN-02,1,1
9810,SPECIAL_LAW_SYN,SYN-03,1,1
9811,IT_ACT_SYN,SYN-02,1,1
9812,IPC_SYN,SYN-01,1,1
9813,IPC_SYN,SYN-01,1,1
9814,SPECIAL_LAW_SYN,SYN-03,1,1
9815,IPC_SYN,SYN-01,1,1
9816,IPC_SYN,SYN-01,1,1
9817,IPC_SYN,SYN-01,1,1
9818,SPECIAL_LAW_SYN,SYN-03,1,1
9819,IPC_SYN,SYN-01,1,1
9820,IPC_SYN,SYN-01,1,1
9821,IT_ACT_SYN,SYN-02,1,1
9822,IPC_SYN,SYN-01,1,1
9823,IT_ACT_SYN,SYN-02,1,1
9824,IPC_SYN,SYN-01,1,1
9825,IPC_SYN,SYN-01,1,1
9826,IT_ACT_SYN,SYN-02,1,1
9827,IPC_SYN,SYN-01,1,1
9828,IPC_SYN,SYN-01,1,1
9829,IPC_SYN,SYN-01,1,1
9830,IPC_SYN,SYN-01,1,1
9831,SPECIAL_LAW_SYN,SYN-03,1,1
9832,IPC_SYN,SYN-01,1,1
9833,SPECIAL_LAW_SYN,SYN-03,1,1
9834,SPECIAL_LAW_SYN,SYN-03,1,1
9835,IPC_SYN,SYN-01,1,1
9836,IPC_SYN,SYN-01,1,1
9837,IT_ACT_SYN,SYN-02,1,1
9838,IPC_SYN,SYN-01,1,1
9839,IPC_SYN,SYN-01,1,1
9840,IPC_SYN,SYN-01,1,1
9841,IPC_SYN,SYN-01,1,1
9842,SPECIAL_LAW_SYN,SYN-03,1,1
9843,IPC_SYN,SYN-01,1,1
9844,IPC_SYN,SYN-01,1,1
9845,IT_ACT_SYN,SYN-02,1,1
9846,IPC_SYN,SYN-01,1,1
9847,IPC_SYN,SYN-01,1,1
9848,IPC_SYN,SYN-01,1,1
9849,IT_ACT_SYN,SYN-02,1,1
9850,IPC_SYN,SYN-01,1,1
9851,IPC_SYN,SYN-01,1,1
9852,IPC_SYN,SYN-01,1,1
9853,SPECIAL_LAW_SYN,SYN-03,1,1
9854,IPC_SYN,SYN-01,1,1
9855,SPECIAL_LAW_SYN,SYN-03,1,1
9856,IPC_SYN,SYN-01,1,1
9857,IPC_SYN,SYN-01,1,1
9858,SPECIAL_LAW_SYN,SYN-03,1,1
9859,IPC_SYN,SYN-01,1,1
9860,SPECIAL_LAW_SYN,SYN-03,1,1
9861,IPC_SYN,SYN-01,1,1
9862,IT_ACT_SYN,SYN-02,1,1
9863,IPC_SYN,SYN-01,1,1
9864,SPECIAL_LAW_SYN,SYN-03,1,1
9865,IPC_SYN,SYN-01,1,1
9866,IPC_SYN,SYN-01,1,1
9867,SPECIAL_LAW_SYN,SYN-03,1,1
9868,IPC_SYN,SYN-01,1,1
9869,SPECIAL_LAW_SYN,SYN-03,1,1
9870,SPECIAL_LAW_SYN,SYN-03,1,1
9871,IPC_SYN,SYN-01,1,1
9872,IPC_SYN,SYN-01,1,1
9873,SPECIAL_LAW_SYN,SYN-03,1,1
9874,IT_ACT_SYN,SYN-02,1,1
9875,IPC_SYN,SYN-01,1,1
9876,IPC_SYN,SYN-01,1,1
9877,IT_ACT_SYN,SYN-02,1,1
9878,SPECIAL_LAW_SYN,SYN-03,1,1
9879,SPECIAL_LAW_SYN,SYN-03,1,1
9880,SPECIAL_LAW_SYN,SYN-03,1,1
9881,IT_ACT_SYN,SYN-02,1,1
9882,IPC_SYN,SYN-01,1,1
9883,IT_ACT_SYN,SYN-02,1,1
9884,IPC_SYN,SYN-01,1,1
9885,SPECIAL_LAW_SYN,SYN-03,1,1
9886,IPC_SYN,SYN-01,1,1
9887,SPECIAL_LAW_SYN,SYN-03,1,1
9888,IPC_SYN,SYN-01,1,1
9889,SPECIAL_LAW_SYN,SYN-03,1,1
9890,IT_ACT_SYN,SYN-02,1,1
9891,IPC_SYN,SYN-01,1,1
9892,IT_ACT_SYN,SYN-02,1,1
9893,IPC_SYN,SYN-01,1,1
9894,IT_ACT_SYN,SYN-02,1,1
9895,SPECIAL_LAW_SYN,SYN-03,1,1
9896,IPC_SYN,SYN-01,1,1
9897,SPECIAL_LAW_SYN,SYN-03,1,1
9898,SPECIAL_LAW_SYN,SYN-03,1,1
9899,SPECIAL_LAW_SYN,SYN-03,1,1
9900,IPC_SYN,SYN-01,1,1
9901,SPECIAL_LAW_SYN,SYN-03,1,1
9902,SPECIAL_LAW_SYN,SYN-03,1,1
9903,IT_ACT_SYN,SYN-02,1,1
9904,SPECIAL_LAW_SYN,SYN-03,1,1
9905,SPECIAL_LAW_SYN,SYN-03,1,1
9906,IPC_SYN,SYN-01,1,1
9907,SPECIAL_LAW_SYN,SYN-03,1,1
9908,IT_ACT_SYN,SYN-02,1,1
9909,IPC_SYN,SYN-01,1,1
9910,SPECIAL_LAW_SYN,SYN-03,1,1
9911,IT_ACT_SYN,SYN-02,1,1
9912,SPECIAL_LAW_SYN,SYN-03,1,1
9913,SPECIAL_LAW_SYN,SYN-03,1,1
9914,SPECIAL_LAW_SYN,SYN-03,1,1
9915,IPC_SYN,SYN-01,1,1
9916,IT_ACT_SYN,SYN-02,1,1
9917,IPC_SYN,SYN-01,1,1
9918,IPC_SYN,SYN-01,1,1
9919,IPC_SYN,SYN-01,1,1
9920,IPC_SYN,SYN-01,1,1
9921,IPC_SYN,SYN-01,1,1
9922,IPC_SYN,SYN-01,1,1
9923,SPECIAL_LAW_SYN,SYN-03,1,1
9924,IPC_SYN,SYN-01,1,1
9925,IPC_SYN,SYN-01,1,1
9926,IPC_SYN,SYN-01,1,1
9927,IPC_SYN,SYN-01,1,1
9928,IPC_SYN,SYN-01,1,1
9929,SPECIAL_LAW_SYN,SYN-03,1,1
9930,SPECIAL_LAW_SYN,SYN-03,1,1
9931,IT_ACT_SYN,SYN-02,1,1
9932,IPC_SYN,SYN-01,1,1
9933,IT_ACT_SYN,SYN-02,1,1
9934,SPECIAL_LAW_SYN,SYN-03,1,1
9935,IPC_SYN,SYN-01,1,1
9936,IPC_SYN,SYN-01,1,1
9937,IPC_SYN,SYN-01,1,1
9938,IPC_SYN,SYN-01,1,1
9939,IPC_SYN,SYN-01,1,1
9940,IPC_SYN,SYN-01,1,1
9941,IPC_SYN,SYN-01,1,1
9942,IPC_SYN,SYN-01,1,1
9943,IPC_SYN,SYN-01,1,1
9944,IPC_SYN,SYN-01,1,1
9945,SPECIAL_LAW_SYN,SYN-03,1,1
9946,SPECIAL_LAW_SYN,SYN-03,1,1
9947,IT_ACT_SYN,SYN-02,1,1
9948,IPC_SYN,SYN-01,1,1
9949,SPECIAL_LAW_SYN,SYN-03,1,1
9950,IT_ACT_SYN,SYN-02,1,1
9951,IT_ACT_SYN,SYN-02,1,1
9952,SPECIAL_LAW_SYN,SYN-03,1,1
9953,SPECIAL_LAW_SYN,SYN-03,1,1
9954,IPC_SYN,SYN-01,1,1
9955,SPECIAL_LAW_SYN,SYN-03,1,1
9956,IPC_SYN,SYN-01,1,1
9957,IPC_SYN,SYN-01,1,1
9958,IPC_SYN,SYN-01,1,1
9959,IT_ACT_SYN,SYN-02,1,1
9960,SPECIAL_LAW_SYN,SYN-03,1,1
9961,SPECIAL_LAW_SYN,SYN-03,1,1
9962,IPC_SYN,SYN-01,1,1
9963,IT_ACT_SYN,SYN-02,1,1
9964,IT_ACT_SYN,SYN-02,1,1
9965,IPC_SYN,SYN-01,1,1
9966,IPC_SYN,SYN-01,1,1
9967,IPC_SYN,SYN-01,1,1
9968,IPC_SYN,SYN-01,1,1
9969,IPC_SYN,SYN-01,1,1
9970,SPECIAL_LAW_SYN,SYN-03,1,1
9971,IPC_SYN,SYN-01,1,1
9972,IPC_SYN,SYN-01,1,1
9973,IT_ACT_SYN,SYN-02,1,1
9974,IPC_SYN,SYN-01,1,1
9975,IT_ACT_SYN,SYN-02,1,1
9976,IPC_SYN,SYN-01,1,1
9977,IT_ACT_SYN,SYN-02,1,1
9978,IPC_SYN,SYN-01,1,1
9979,IPC_SYN,SYN-01,1,1
9980,SPECIAL_LAW_SYN,SYN-03,1,1
9981,SPECIAL_LAW_SYN,SYN-03,1,1
9982,IPC_SYN,SYN-01,1,1
9983,IPC_SYN,SYN-01,1,1
9984,IT_ACT_SYN,SYN-02,1,1
9985,SPECIAL_LAW_SYN,SYN-03,1,1
9986,SPECIAL_LAW_SYN,SYN-03,1,1
9987,SPECIAL_LAW_SYN,SYN-03,1,1
9988,IPC_SYN,SYN-01,1,1
9989,IPC_SYN,SYN-01,1,1
9990,IT_ACT_SYN,SYN-02,1,1
9991,IT_ACT_SYN,SYN-02,1,1
9992,SPECIAL_LAW_SYN,SYN-03,1,1
9993,IPC_SYN,SYN-01,1,1
9994,SPECIAL_LAW_SYN,SYN-03,1,1
9995,IPC_SYN,SYN-01,1,1
9996,IPC_SYN,SYN-01,1,1
9997,IPC_SYN,SYN-01,1,1
9998,IPC_SYN,SYN-01,1,1
9999,IPC_SYN,SYN-01,1,1
10000,IPC_SYN,SYN-01,1,1
10001,IPC_SYN,SYN-01,1,1
10002,IPC_SYN,SYN-01,1,1
10003,IT_ACT_SYN,SYN-02,1,1
10004,IPC_SYN,SYN-01,1,1
10005,IPC_SYN,SYN-01,1,1
10006,SPECIAL_LAW_SYN,SYN-03,1,1
10007,IPC_SYN,SYN-01,1,1
10008,IPC_SYN,SYN-01,1,1
10009,SPECIAL_LAW_SYN,SYN-03,1,1
10010,IPC_SYN,SYN-01,1,1
10011,IPC_SYN,SYN-01,1,1
10012,IPC_SYN,SYN-01,1,1
10013,SPECIAL_LAW_SYN,SYN-03,1,1
10014,SPECIAL_LAW_SYN,SYN-03,1,1
10015,IPC_SYN,SYN-01,1,1
10016,IT_ACT_SYN,SYN-02,1,1
10017,IPC_SYN,SYN-01,1,1
10018,IPC_SYN,SYN-01,1,1
10019,SPECIAL_LAW_SYN,SYN-03,1,1
10020,IT_ACT_SYN,SYN-02,1,1
10021,IPC_SYN,SYN-01,1,1
10022,SPECIAL_LAW_SYN,SYN-03,1,1
10023,IPC_SYN,SYN-01,1,1
10024,IPC_SYN,SYN-01,1,1
10025,IPC_SYN,SYN-01,1,1
10026,SPECIAL_LAW_SYN,SYN-03,1,1
10027,IPC_SYN,SYN-01,1,1
10028,IT_ACT_SYN,SYN-02,1,1
10029,IPC_SYN,SYN-01,1,1
10030,SPECIAL_LAW_SYN,SYN-03,1,1
10031,IPC_SYN,SYN-01,1,1
10032,IPC_SYN,SYN-01,1,1
10033,SPECIAL_LAW_SYN,SYN-03,1,1
10034,IPC_SYN,SYN-01,1,1
10035,IPC_SYN,SYN-01,1,1
10036,IT_ACT_SYN,SYN-02,1,1
10037,SPECIAL_LAW_SYN,SYN-03,1,1
10038,IPC_SYN,SYN-01,1,1
10039,IPC_SYN,SYN-01,1,1
10040,IPC_SYN,SYN-01,1,1
10041,IT_ACT_SYN,SYN-02,1,1
10042,IPC_SYN,SYN-01,1,1
10043,IPC_SYN,SYN-01,1,1
10044,SPECIAL_LAW_SYN,SYN-03,1,1
10045,IPC_SYN,SYN-01,1,1
10046,SPECIAL_LAW_SYN,SYN-03,1,1
10047,IPC_SYN,SYN-01,1,1
10048,IPC_SYN,SYN-01,1,1
10049,IPC_SYN,SYN-01,1,1
10050,IPC_SYN,SYN-01,1,1
10051,IPC_SYN,SYN-01,1,1
10052,IPC_SYN,SYN-01,1,1
10053,IPC_SYN,SYN-01,1,1
10054,IT_ACT_SYN,SYN-02,1,1
10055,IPC_SYN,SYN-01,1,1
10056,IPC_SYN,SYN-01,1,1
10057,IPC_SYN,SYN-01,1,1
10058,IPC_SYN,SYN-01,1,1
10059,IT_ACT_SYN,SYN-02,1,1
10060,SPECIAL_LAW_SYN,SYN-03,1,1
10061,IPC_SYN,SYN-01,1,1
10062,IPC_SYN,SYN-01,1,1
10063,IT_ACT_SYN,SYN-02,1,1
10064,IPC_SYN,SYN-01,1,1
10065,SPECIAL_LAW_SYN,SYN-03,1,1
10066,IPC_SYN,SYN-01,1,1
10067,SPECIAL_LAW_SYN,SYN-03,1,1
10068,IPC_SYN,SYN-01,1,1
10069,IT_ACT_SYN,SYN-02,1,1
10070,IPC_SYN,SYN-01,1,1
10071,IT_ACT_SYN,SYN-02,1,1
10072,SPECIAL_LAW_SYN,SYN-03,1,1
10073,IPC_SYN,SYN-01,1,1
10074,SPECIAL_LAW_SYN,SYN-03,1,1
10075,IPC_SYN,SYN-01,1,1
10076,SPECIAL_LAW_SYN,SYN-03,1,1
10077,SPECIAL_LAW_SYN,SYN-03,1,1
10078,SPECIAL_LAW_SYN,SYN-03,1,1
10079,IPC_SYN,SYN-01,1,1
10080,IPC_SYN,SYN-01,1,1
10081,IPC_SYN,SYN-01,1,1
10082,IPC_SYN,SYN-01,1,1
10083,SPECIAL_LAW_SYN,SYN-03,1,1
10084,IPC_SYN,SYN-01,1,1
10085,SPECIAL_LAW_SYN,SYN-03,1,1
10086,IPC_SYN,SYN-01,1,1
10087,IPC_SYN,SYN-01,1,1
10088,IPC_SYN,SYN-01,1,1
10089,IPC_SYN,SYN-01,1,1
10090,IPC_SYN,SYN-01,1,1
10091,IPC_SYN,SYN-01,1,1
10092,IPC_SYN,SYN-01,1,1
10093,IT_ACT_SYN,SYN-02,1,1
10094,SPECIAL_LAW_SYN,SYN-03,1,1
10095,SPECIAL_LAW_SYN,SYN-03,1,1
10096,SPECIAL_LAW_SYN,SYN-03,1,1
10097,IPC_SYN,SYN-01,1,1
10098,IPC_SYN,SYN-01,1,1
10099,IT_ACT_SYN,SYN-02,1,1
10100,SPECIAL_LAW_SYN,SYN-03,1,1
10101,SPECIAL_LAW_SYN,SYN-03,1,1
10102,SPECIAL_LAW_SYN,SYN-03,1,1
10103,SPECIAL_LAW_SYN,SYN-03,1,1
10104,IT_ACT_SYN,SYN-02,1,1
10105,SPECIAL_LAW_SYN,SYN-03,1,1
10106,IT_ACT_SYN,SYN-02,1,1
10107,IPC_SYN,SYN-01,1,1
10108,IPC_SYN,SYN-01,1,1
10109,SPECIAL_LAW_SYN,SYN-03,1,1
10110,IT_ACT_SYN,SYN-02,1,1
10111,IPC_SYN,SYN-01,1,1
10112,IT_ACT_SYN,SYN-02,1,1
10113,IPC_SYN,SYN-01,1,1
10114,IPC_SYN,SYN-01,1,1
10115,SPECIAL_LAW_SYN,SYN-03,1,1
10116,SPECIAL_LAW_SYN,SYN-03,1,1
10117,IPC_SYN,SYN-01,1,1
10118,IPC_SYN,SYN-01,1,1
10119,IPC_SYN,SYN-01,1,1
10120,IPC_SYN,SYN-01,1,1
10121,SPECIAL_LAW_SYN,SYN-03,1,1
10122,IPC_SYN,SYN-01,1,1
10123,IPC_SYN,SYN-01,1,1
10124,IT_ACT_SYN,SYN-02,1,1
10125,IPC_SYN,SYN-01,1,1
10126,IPC_SYN,SYN-01,1,1
10127,IPC_SYN,SYN-01,1,1
10128,IPC_SYN,SYN-01,1,1
10129,IPC_SYN,SYN-01,1,1
10130,IPC_SYN,SYN-01,1,1
10131,SPECIAL_LAW_SYN,SYN-03,1,1
10132,IPC_SYN,SYN-01,1,1
10133,IPC_SYN,SYN-01,1,1
10134,IPC_SYN,SYN-01,1,1
10135,IPC_SYN,SYN-01,1,1
10136,IPC_SYN,SYN-01,1,1
10137,IPC_SYN,SYN-01,1,1
10138,IPC_SYN,SYN-01,1,1
10139,IPC_SYN,SYN-01,1,1
10140,IT_ACT_SYN,SYN-02,1,1
10141,IPC_SYN,SYN-01,1,1
10142,IT_ACT_SYN,SYN-02,1,1
10143,IPC_SYN,SYN-01,1,1
10144,IPC_SYN,SYN-01,1,1
10145,IPC_SYN,SYN-01,1,1
10146,SPECIAL_LAW_SYN,SYN-03,1,1
10147,IPC_SYN,SYN-01,1,1
10148,IPC_SYN,SYN-01,1,1
10149,IPC_SYN,SYN-01,1,1
10150,IPC_SYN,SYN-01,1,1
10151,IPC_SYN,SYN-01,1,1
10152,IPC_SYN,SYN-01,1,1
10153,IPC_SYN,SYN-01,1,1
10154,IPC_SYN,SYN-01,1,1
10155,IT_ACT_SYN,SYN-02,1,1
10156,IPC_SYN,SYN-01,1,1
10157,SPECIAL_LAW_SYN,SYN-03,1,1
10158,IPC_SYN,SYN-01,1,1
10159,IPC_SYN,SYN-01,1,1
10160,IPC_SYN,SYN-01,1,1
10161,SPECIAL_LAW_SYN,SYN-03,1,1
10162,IT_ACT_SYN,SYN-02,1,1
10163,IPC_SYN,SYN-01,1,1
10164,SPECIAL_LAW_SYN,SYN-03,1,1
10165,IPC_SYN,SYN-01,1,1
10166,SPECIAL_LAW_SYN,SYN-03,1,1
10167,SPECIAL_LAW_SYN,SYN-03,1,1
10168,IPC_SYN,SYN-01,1,1
10169,SPECIAL_LAW_SYN,SYN-03,1,1
10170,IPC_SYN,SYN-01,1,1
10171,IT_ACT_SYN,SYN-02,1,1
10172,IPC_SYN,SYN-01,1,1
10173,IPC_SYN,SYN-01,1,1
10174,IPC_SYN,SYN-01,1,1
10175,SPECIAL_LAW_SYN,SYN-03,1,1
10176,IT_ACT_SYN,SYN-02,1,1
10177,SPECIAL_LAW_SYN,SYN-03,1,1
10178,IPC_SYN,SYN-01,1,1
10179,IPC_SYN,SYN-01,1,1
10180,IPC_SYN,SYN-01,1,1
10181,IPC_SYN,SYN-01,1,1
10182,SPECIAL_LAW_SYN,SYN-03,1,1
10183,IPC_SYN,SYN-01,1,1
10184,IT_ACT_SYN,SYN-02,1,1
10185,SPECIAL_LAW_SYN,SYN-03,1,1
10186,IPC_SYN,SYN-01,1,1
10187,IPC_SYN,SYN-01,1,1
10188,IPC_SYN,SYN-01,1,1
10189,SPECIAL_LAW_SYN,SYN-03,1,1
10190,IPC_SYN,SYN-01,1,1
10191,IPC_SYN,SYN-01,1,1
10192,IPC_SYN,SYN-01,1,1
10193,SPECIAL_LAW_SYN,SYN-03,1,1
10194,IPC_SYN,SYN-01,1,1
10195,IT_ACT_SYN,SYN-02,1,1
10196,SPECIAL_LAW_SYN,SYN-03,1,1
10197,IPC_SYN,SYN-01,1,1
10198,SPECIAL_LAW_SYN,SYN-03,1,1
10199,IPC_SYN,SYN-01,1,1
10200,IPC_SYN,SYN-01,1,1
10201,IPC_SYN,SYN-01,1,1
10202,SPECIAL_LAW_SYN,SYN-03,1,1
10203,IPC_SYN,SYN-01,1,1
10204,SPECIAL_LAW_SYN,SYN-03,1,1
10205,IPC_SYN,SYN-01,1,1
10206,SPECIAL_LAW_SYN,SYN-03,1,1
10207,IPC_SYN,SYN-01,1,1
10208,IT_ACT_SYN,SYN-02,1,1
10209,SPECIAL_LAW_SYN,SYN-03,1,1
10210,IT_ACT_SYN,SYN-02,1,1
10211,SPECIAL_LAW_SYN,SYN-03,1,1
10212,IPC_SYN,SYN-01,1,1
10213,IPC_SYN,SYN-01,1,1
10214,IPC_SYN,SYN-01,1,1
10215,IPC_SYN,SYN-01,1,1
10216,SPECIAL_LAW_SYN,SYN-03,1,1
10217,SPECIAL_LAW_SYN,SYN-03,1,1
10218,IT_ACT_SYN,SYN-02,1,1
10219,SPECIAL_LAW_SYN,SYN-03,1,1
10220,IPC_SYN,SYN-01,1,1
10221,IPC_SYN,SYN-01,1,1
10222,IPC_SYN,SYN-01,1,1
10223,IPC_SYN,SYN-01,1,1
10224,SPECIAL_LAW_SYN,SYN-03,1,1
10225,IPC_SYN,SYN-01,1,1
10226,IPC_SYN,SYN-01,1,1
10227,IPC_SYN,SYN-01,1,1
10228,SPECIAL_LAW_SYN,SYN-03,1,1
10229,IPC_SYN,SYN-01,1,1
10230,IPC_SYN,SYN-01,1,1
10231,SPECIAL_LAW_SYN,SYN-03,1,1
10232,IPC_SYN,SYN-01,1,1
10233,IPC_SYN,SYN-01,1,1
10234,IPC_SYN,SYN-01,1,1
10235,IT_ACT_SYN,SYN-02,1,1
10236,IPC_SYN,SYN-01,1,1
10237,IPC_SYN,SYN-01,1,1
10238,IPC_SYN,SYN-01,1,1
10239,IT_ACT_SYN,SYN-02,1,1
10240,IPC_SYN,SYN-01,1,1
10241,IPC_SYN,SYN-01,1,1
10242,IPC_SYN,SYN-01,1,1
10243,IPC_SYN,SYN-01,1,1
10244,IPC_SYN,SYN-01,1,1
10245,SPECIAL_LAW_SYN,SYN-03,1,1
10246,SPECIAL_LAW_SYN,SYN-03,1,1
10247,IPC_SYN,SYN-01,1,1
10248,IPC_SYN,SYN-01,1,1
10249,IPC_SYN,SYN-01,1,1
10250,IPC_SYN,SYN-01,1,1
10251,SPECIAL_LAW_SYN,SYN-03,1,1
10252,IPC_SYN,SYN-01,1,1
10253,IPC_SYN,SYN-01,1,1
10254,IT_ACT_SYN,SYN-02,1,1
10255,IT_ACT_SYN,SYN-02,1,1
10256,IPC_SYN,SYN-01,1,1
10257,IPC_SYN,SYN-01,1,1
10258,IPC_SYN,SYN-01,1,1
10259,IPC_SYN,SYN-01,1,1
10260,IPC_SYN,SYN-01,1,1
10261,SPECIAL_LAW_SYN,SYN-03,1,1
10262,SPECIAL_LAW_SYN,SYN-03,1,1
10263,IPC_SYN,SYN-01,1,1
10264,IPC_SYN,SYN-01,1,1
10265,IPC_SYN,SYN-01,1,1
10266,SPECIAL_LAW_SYN,SYN-03,1,1
10267,IPC_SYN,SYN-01,1,1
10268,IPC_SYN,SYN-01,1,1
10269,IPC_SYN,SYN-01,1,1
10270,IPC_SYN,SYN-01,1,1
10271,SPECIAL_LAW_SYN,SYN-03,1,1
10272,SPECIAL_LAW_SYN,SYN-03,1,1
10273,SPECIAL_LAW_SYN,SYN-03,1,1
10274,IPC_SYN,SYN-01,1,1
10275,SPECIAL_LAW_SYN,SYN-03,1,1
10276,IT_ACT_SYN,SYN-02,1,1
10277,SPECIAL_LAW_SYN,SYN-03,1,1
10278,IPC_SYN,SYN-01,1,1
10279,SPECIAL_LAW_SYN,SYN-03,1,1
10280,IPC_SYN,SYN-01,1,1
10281,IPC_SYN,SYN-01,1,1
10282,IPC_SYN,SYN-01,1,1
10283,IPC_SYN,SYN-01,1,1
10284,SPECIAL_LAW_SYN,SYN-03,1,1
10285,SPECIAL_LAW_SYN,SYN-03,1,1
10286,IPC_SYN,SYN-01,1,1
10287,IPC_SYN,SYN-01,1,1
10288,IPC_SYN,SYN-01,1,1
10289,IPC_SYN,SYN-01,1,1
10290,IPC_SYN,SYN-01,1,1
10291,IPC_SYN,SYN-01,1,1
10292,IPC_SYN,SYN-01,1,1
10293,IPC_SYN,SYN-01,1,1
10294,SPECIAL_LAW_SYN,SYN-03,1,1
10295,IPC_SYN,SYN-01,1,1
10296,SPECIAL_LAW_SYN,SYN-03,1,1
10297,IPC_SYN,SYN-01,1,1
10298,IPC_SYN,SYN-01,1,1
10299,IPC_SYN,SYN-01,1,1
10300,IT_ACT_SYN,SYN-02,1,1
10301,IT_ACT_SYN,SYN-02,1,1
10302,SPECIAL_LAW_SYN,SYN-03,1,1
10303,IPC_SYN,SYN-01,1,1
10304,IPC_SYN,SYN-01,1,1
10305,IPC_SYN,SYN-01,1,1
10306,IPC_SYN,SYN-01,1,1
10307,SPECIAL_LAW_SYN,SYN-03,1,1
10308,IPC_SYN,SYN-01,1,1
10309,IPC_SYN,SYN-01,1,1
10310,SPECIAL_LAW_SYN,SYN-03,1,1
10311,SPECIAL_LAW_SYN,SYN-03,1,1
10312,IPC_SYN,SYN-01,1,1
10313,IPC_SYN,SYN-01,1,1
10314,IPC_SYN,SYN-01,1,1
10315,SPECIAL_LAW_SYN,SYN-03,1,1
10316,SPECIAL_LAW_SYN,SYN-03,1,1
10317,IPC_SYN,SYN-01,1,1
10318,IPC_SYN,SYN-01,1,1
10319,IPC_SYN,SYN-01,1,1
10320,IPC_SYN,SYN-01,1,1
10321,IT_ACT_SYN,SYN-02,1,1
10322,IPC_SYN,SYN-01,1,1
10323,IPC_SYN,SYN-01,1,1
10324,IT_ACT_SYN,SYN-02,1,1
10325,IT_ACT_SYN,SYN-02,1,1
10326,IT_ACT_SYN,SYN-02,1,1
10327,IPC_SYN,SYN-01,1,1
10328,IPC_SYN,SYN-01,1,1
10329,SPECIAL_LAW_SYN,SYN-03,1,1
10330,SPECIAL_LAW_SYN,SYN-03,1,1
10331,IPC_SYN,SYN-01,1,1
10332,IPC_SYN,SYN-01,1,1
10333,IPC_SYN,SYN-01,1,1
10334,IPC_SYN,SYN-01,1,1
10335,IPC_SYN,SYN-01,1,1
10336,IPC_SYN,SYN-01,1,1
10337,IPC_SYN,SYN-01,1,1
10338,IPC_SYN,SYN-01,1,1
10339,IPC_SYN,SYN-01,1,1
10340,SPECIAL_LAW_SYN,SYN-03,1,1
10341,IPC_SYN,SYN-01,1,1
10342,IPC_SYN,SYN-01,1,1
10343,SPECIAL_LAW_SYN,SYN-03,1,1
10344,SPECIAL_LAW_SYN,SYN-03,1,1
10345,IPC_SYN,SYN-01,1,1
10346,IPC_SYN,SYN-01,1,1
10347,IPC_SYN,SYN-01,1,1
10348,IPC_SYN,SYN-01,1,1
10349,IPC_SYN,SYN-01,1,1
10350,IPC_SYN,SYN-01,1,1
10351,IPC_SYN,SYN-01,1,1
10352,IPC_SYN,SYN-01,1,1
10353,SPECIAL_LAW_SYN,SYN-03,1,1
10354,IPC_SYN,SYN-01,1,1
10355,IPC_SYN,SYN-01,1,1
10356,IPC_SYN,SYN-01,1,1
10357,SPECIAL_LAW_SYN,SYN-03,1,1
10358,IPC_SYN,SYN-01,1,1
10359,IPC_SYN,SYN-01,1,1
10360,IPC_SYN,SYN-01,1,1
10361,IPC_SYN,SYN-01,1,1
10362,IPC_SYN,SYN-01,1,1
10363,IPC_SYN,SYN-01,1,1
10364,IPC_SYN,SYN-01,1,1
10365,IPC_SYN,SYN-01,1,1
10366,IPC_SYN,SYN-01,1,1
10367,IPC_SYN,SYN-01,1,1
10368,IPC_SYN,SYN-01,1,1
10369,IPC_SYN,SYN-01,1,1
10370,IPC_SYN,SYN-01,1,1
10371,IPC_SYN,SYN-01,1,1
10372,IPC_SYN,SYN-01,1,1
10373,SPECIAL_LAW_SYN,SYN-03,1,1
10374,IPC_SYN,SYN-01,1,1
10375,IT_ACT_SYN,SYN-02,1,1
10376,IPC_SYN,SYN-01,1,1
10377,IPC_SYN,SYN-01,1,1
10378,IPC_SYN,SYN-01,1,1
10379,IPC_SYN,SYN-01,1,1
10380,IT_ACT_SYN,SYN-02,1,1
10381,IPC_SYN,SYN-01,1,1
10382,IPC_SYN,SYN-01,1,1
10383,IPC_SYN,SYN-01,1,1
10384,SPECIAL_LAW_SYN,SYN-03,1,1
10385,SPECIAL_LAW_SYN,SYN-03,1,1
10386,SPECIAL_LAW_SYN,SYN-03,1,1
10387,IPC_SYN,SYN-01,1,1
10388,SPECIAL_LAW_SYN,SYN-03,1,1
10389,IPC_SYN,SYN-01,1,1
10390,IT_ACT_SYN,SYN-02,1,1
10391,SPECIAL_LAW_SYN,SYN-03,1,1
10392,IPC_SYN,SYN-01,1,1
10393,IPC_SYN,SYN-01,1,1
10394,IPC_SYN,SYN-01,1,1
10395,SPECIAL_LAW_SYN,SYN-03,1,1
10396,IPC_SYN,SYN-01,1,1
10397,SPECIAL_LAW_SYN,SYN-03,1,1
10398,IPC_SYN,SYN-01,1,1
10399,IPC_SYN,SYN-01,1,1
10400,SPECIAL_LAW_SYN,SYN-03,1,1
10401,SPECIAL_LAW_SYN,SYN-03,1,1
10402,IPC_SYN,SYN-01,1,1
10403,IT_ACT_SYN,SYN-02,1,1
10404,IPC_SYN,SYN-01,1,1
10405,SPECIAL_LAW_SYN,SYN-03,1,1
10406,IPC_SYN,SYN-01,1,1
10407,IPC_SYN,SYN-01,1,1
10408,SPECIAL_LAW_SYN,SYN-03,1,1
10409,IPC_SYN,SYN-01,1,1
10410,IT_ACT_SYN,SYN-02,1,1
10411,IPC_SYN,SYN-01,1,1
10412,SPECIAL_LAW_SYN,SYN-03,1,1
10413,SPECIAL_LAW_SYN,SYN-03,1,1
10414,IPC_SYN,SYN-01,1,1
10415,IPC_SYN,SYN-01,1,1
10416,SPECIAL_LAW_SYN,SYN-03,1,1
10417,SPECIAL_LAW_SYN,SYN-03,1,1
10418,SPECIAL_LAW_SYN,SYN-03,1,1
10419,IPC_SYN,SYN-01,1,1
10420,SPECIAL_LAW_SYN,SYN-03,1,1
10421,SPECIAL_LAW_SYN,SYN-03,1,1
10422,IT_ACT_SYN,SYN-02,1,1
10423,IPC_SYN,SYN-01,1,1
10424,IPC_SYN,SYN-01,1,1
10425,IPC_SYN,SYN-01,1,1
10426,IPC_SYN,SYN-01,1,1
10427,IPC_SYN,SYN-01,1,1
10428,IPC_SYN,SYN-01,1,1
10429,IPC_SYN,SYN-01,1,1
10430,SPECIAL_LAW_SYN,SYN-03,1,1
10431,IPC_SYN,SYN-01,1,1
10432,IPC_SYN,SYN-01,1,1
10433,IPC_SYN,SYN-01,1,1
10434,IPC_SYN,SYN-01,1,1
10435,IPC_SYN,SYN-01,1,1
10436,IT_ACT_SYN,SYN-02,1,1
10437,IPC_SYN,SYN-01,1,1
10438,IPC_SYN,SYN-01,1,1
10439,SPECIAL_LAW_SYN,SYN-03,1,1
10440,IPC_SYN,SYN-01,1,1
10441,IPC_SYN,SYN-01,1,1
10442,IPC_SYN,SYN-01,1,1
10443,IPC_SYN,SYN-01,1,1
10444,IPC_SYN,SYN-01,1,1
10445,IPC_SYN,SYN-01,1,1
10446,IPC_SYN,SYN-01,1,1
10447,IPC_SYN,SYN-01,1,1
10448,IPC_SYN,SYN-01,1,1
10449,IPC_SYN,SYN-01,1,1
10450,SPECIAL_LAW_SYN,SYN-03,1,1
10451,IPC_SYN,SYN-01,1,1
10452,IPC_SYN,SYN-01,1,1
10453,IPC_SYN,SYN-01,1,1
10454,IPC_SYN,SYN-01,1,1
10455,IPC_SYN,SYN-01,1,1
10456,IPC_SYN,SYN-01,1,1
10457,SPECIAL_LAW_SYN,SYN-03,1,1
10458,SPECIAL_LAW_SYN,SYN-03,1,1
10459,SPECIAL_LAW_SYN,SYN-03,1,1
10460,IPC_SYN,SYN-01,1,1
10461,IPC_SYN,SYN-01,1,1
10462,IPC_SYN,SYN-01,1,1
10463,IPC_SYN,SYN-01,1,1
10464,IPC_SYN,SYN-01,1,1
10465,IPC_SYN,SYN-01,1,1
10466,IT_ACT_SYN,SYN-02,1,1
10467,SPECIAL_LAW_SYN,SYN-03,1,1
10468,IPC_SYN,SYN-01,1,1
10469,IPC_SYN,SYN-01,1,1
10470,IPC_SYN,SYN-01,1,1
10471,IPC_SYN,SYN-01,1,1
10472,IPC_SYN,SYN-01,1,1
10473,IPC_SYN,SYN-01,1,1
10474,SPECIAL_LAW_SYN,SYN-03,1,1
10475,SPECIAL_LAW_SYN,SYN-03,1,1
10476,IPC_SYN,SYN-01,1,1
10477,IT_ACT_SYN,SYN-02,1,1
10478,IPC_SYN,SYN-01,1,1
10479,IPC_SYN,SYN-01,1,1
10480,IPC_SYN,SYN-01,1,1
10481,IPC_SYN,SYN-01,1,1
10482,SPECIAL_LAW_SYN,SYN-03,1,1
10483,SPECIAL_LAW_SYN,SYN-03,1,1
10484,IPC_SYN,SYN-01,1,1
10485,IPC_SYN,SYN-01,1,1
10486,IPC_SYN,SYN-01,1,1
10487,SPECIAL_LAW_SYN,SYN-03,1,1
10488,SPECIAL_LAW_SYN,SYN-03,1,1
10489,SPECIAL_LAW_SYN,SYN-03,1,1
10490,IPC_SYN,SYN-01,1,1
10491,SPECIAL_LAW_SYN,SYN-03,1,1
10492,IT_ACT_SYN,SYN-02,1,1
10493,IPC_SYN,SYN-01,1,1
10494,IPC_SYN,SYN-01,1,1
10495,SPECIAL_LAW_SYN,SYN-03,1,1
10496,IPC_SYN,SYN-01,1,1
10497,IPC_SYN,SYN-01,1,1
10498,IPC_SYN,SYN-01,1,1
10499,IPC_SYN,SYN-01,1,1
10500,IT_ACT_SYN,SYN-02,1,1
10501,IPC_SYN,SYN-01,1,1
10502,IPC_SYN,SYN-01,1,1
10503,IPC_SYN,SYN-01,1,1
10504,IPC_SYN,SYN-01,1,1
10505,IPC_SYN,SYN-01,1,1
10506,IPC_SYN,SYN-01,1,1
10507,IPC_SYN,SYN-01,1,1
10508,SPECIAL_LAW_SYN,SYN-03,1,1
10509,IT_ACT_SYN,SYN-02,1,1
10510,SPECIAL_LAW_SYN,SYN-03,1,1
10511,IPC_SYN,SYN-01,1,1
10512,IPC_SYN,SYN-01,1,1
10513,IPC_SYN,SYN-01,1,1
10514,SPECIAL_LAW_SYN,SYN-03,1,1
10515,IPC_SYN,SYN-01,1,1
10516,SPECIAL_LAW_SYN,SYN-03,1,1
10517,IPC_SYN,SYN-01,1,1
10518,SPECIAL_LAW_SYN,SYN-03,1,1
10519,SPECIAL_LAW_SYN,SYN-03,1,1
10520,SPECIAL_LAW_SYN,SYN-03,1,1
10521,IPC_SYN,SYN-01,1,1
10522,SPECIAL_LAW_SYN,SYN-03,1,1
10523,IPC_SYN,SYN-01,1,1
10524,IPC_SYN,SYN-01,1,1
10525,IPC_SYN,SYN-01,1,1
10526,IPC_SYN,SYN-01,1,1
10527,SPECIAL_LAW_SYN,SYN-03,1,1
10528,IT_ACT_SYN,SYN-02,1,1
10529,IT_ACT_SYN,SYN-02,1,1
10530,IPC_SYN,SYN-01,1,1
10531,IPC_SYN,SYN-01,1,1
10532,IPC_SYN,SYN-01,1,1
10533,IT_ACT_SYN,SYN-02,1,1
10534,SPECIAL_LAW_SYN,SYN-03,1,1
10535,IPC_SYN,SYN-01,1,1
10536,IPC_SYN,SYN-01,1,1
10537,IPC_SYN,SYN-01,1,1
10538,SPECIAL_LAW_SYN,SYN-03,1,1
10539,SPECIAL_LAW_SYN,SYN-03,1,1
10540,IPC_SYN,SYN-01,1,1
10541,SPECIAL_LAW_SYN,SYN-03,1,1
10542,IPC_SYN,SYN-01,1,1
10543,IPC_SYN,SYN-01,1,1
10544,SPECIAL_LAW_SYN,SYN-03,1,1
10545,IPC_SYN,SYN-01,1,1
10546,IPC_SYN,SYN-01,1,1
10547,SPECIAL_LAW_SYN,SYN-03,1,1
10548,SPECIAL_LAW_SYN,SYN-03,1,1
10549,IPC_SYN,SYN-01,1,1
10550,SPECIAL_LAW_SYN,SYN-03,1,1
10551,SPECIAL_LAW_SYN,SYN-03,1,1
10552,IPC_SYN,SYN-01,1,1
10553,SPECIAL_LAW_SYN,SYN-03,1,1
10554,IPC_SYN,SYN-01,1,1
10555,SPECIAL_LAW_SYN,SYN-03,1,1
10556,SPECIAL_LAW_SYN,SYN-03,1,1
10557,IPC_SYN,SYN-01,1,1
10558,SPECIAL_LAW_SYN,SYN-03,1,1
10559,IPC_SYN,SYN-01,1,1
10560,IPC_SYN,SYN-01,1,1
10561,IPC_SYN,SYN-01,1,1
10562,IPC_SYN,SYN-01,1,1
10563,IPC_SYN,SYN-01,1,1
10564,IPC_SYN,SYN-01,1,1
10565,SPECIAL_LAW_SYN,SYN-03,1,1
10566,SPECIAL_LAW_SYN,SYN-03,1,1
10567,IPC_SYN,SYN-01,1,1
10568,IPC_SYN,SYN-01,1,1
10569,IPC_SYN,SYN-01,1,1
10570,SPECIAL_LAW_SYN,SYN-03,1,1
10571,IPC_SYN,SYN-01,1,1
10572,SPECIAL_LAW_SYN,SYN-03,1,1
10573,IPC_SYN,SYN-01,1,1
10574,IPC_SYN,SYN-01,1,1
10575,IT_ACT_SYN,SYN-02,1,1
10576,IPC_SYN,SYN-01,1,1
10577,SPECIAL_LAW_SYN,SYN-03,1,1
10578,IPC_SYN,SYN-01,1,1
10579,SPECIAL_LAW_SYN,SYN-03,1,1
10580,SPECIAL_LAW_SYN,SYN-03,1,1
10581,IT_ACT_SYN,SYN-02,1,1
10582,IPC_SYN,SYN-01,1,1
10583,SPECIAL_LAW_SYN,SYN-03,1,1
10584,IPC_SYN,SYN-01,1,1
10585,IPC_SYN,SYN-01,1,1
10586,SPECIAL_LAW_SYN,SYN-03,1,1
10587,IPC_SYN,SYN-01,1,1
10588,IPC_SYN,SYN-01,1,1
10589,SPECIAL_LAW_SYN,SYN-03,1,1
10590,IPC_SYN,SYN-01,1,1
10591,SPECIAL_LAW_SYN,SYN-03,1,1
10592,IPC_SYN,SYN-01,1,1
10593,SPECIAL_LAW_SYN,SYN-03,1,1
10594,IPC_SYN,SYN-01,1,1
10595,IPC_SYN,SYN-01,1,1
10596,IT_ACT_SYN,SYN-02,1,1
10597,SPECIAL_LAW_SYN,SYN-03,1,1
10598,IPC_SYN,SYN-01,1,1
10599,IPC_SYN,SYN-01,1,1
10600,SPECIAL_LAW_SYN,SYN-03,1,1
10601,SPECIAL_LAW_SYN,SYN-03,1,1
10602,IT_ACT_SYN,SYN-02,1,1
10603,IPC_SYN,SYN-01,1,1
10604,IPC_SYN,SYN-01,1,1
10605,SPECIAL_LAW_SYN,SYN-03,1,1
10606,IPC_SYN,SYN-01,1,1
10607,IPC_SYN,SYN-01,1,1
10608,SPECIAL_LAW_SYN,SYN-03,1,1
10609,IPC_SYN,SYN-01,1,1
10610,IT_ACT_SYN,SYN-02,1,1
10611,SPECIAL_LAW_SYN,SYN-03,1,1
10612,IPC_SYN,SYN-01,1,1
10613,IT_ACT_SYN,SYN-02,1,1
10614,SPECIAL_LAW_SYN,SYN-03,1,1
10615,IPC_SYN,SYN-01,1,1
10616,IT_ACT_SYN,SYN-02,1,1
10617,IPC_SYN,SYN-01,1,1
10618,IPC_SYN,SYN-01,1,1
10619,IPC_SYN,SYN-01,1,1
10620,SPECIAL_LAW_SYN,SYN-03,1,1
10621,IT_ACT_SYN,SYN-02,1,1
10622,SPECIAL_LAW_SYN,SYN-03,1,1
10623,SPECIAL_LAW_SYN,SYN-03,1,1
10624,IPC_SYN,SYN-01,1,1
10625,IPC_SYN,SYN-01,1,1
10626,IPC_SYN,SYN-01,1,1
10627,IPC_SYN,SYN-01,1,1
10628,IPC_SYN,SYN-01,1,1
10629,IT_ACT_SYN,SYN-02,1,1
10630,IPC_SYN,SYN-01,1,1
10631,IPC_SYN,SYN-01,1,1
10632,SPECIAL_LAW_SYN,SYN-03,1,1
10633,IPC_SYN,SYN-01,1,1
10634,SPECIAL_LAW_SYN,SYN-03,1,1
10635,IPC_SYN,SYN-01,1,1
10636,IPC_SYN,SYN-01,1,1
10637,IPC_SYN,SYN-01,1,1
10638,SPECIAL_LAW_SYN,SYN-03,1,1
10639,IPC_SYN,SYN-01,1,1
10640,IPC_SYN,SYN-01,1,1
10641,SPECIAL_LAW_SYN,SYN-03,1,1
10642,IT_ACT_SYN,SYN-02,1,1
10643,IPC_SYN,SYN-01,1,1
10644,IPC_SYN,SYN-01,1,1
10645,IT_ACT_SYN,SYN-02,1,1
10646,IT_ACT_SYN,SYN-02,1,1
10647,IT_ACT_SYN,SYN-02,1,1
10648,IPC_SYN,SYN-01,1,1
10649,IPC_SYN,SYN-01,1,1
10650,IPC_SYN,SYN-01,1,1
10651,IPC_SYN,SYN-01,1,1
10652,IPC_SYN,SYN-01,1,1
10653,IPC_SYN,SYN-01,1,1
10654,SPECIAL_LAW_SYN,SYN-03,1,1
10655,IPC_SYN,SYN-01,1,1
10656,IPC_SYN,SYN-01,1,1
10657,IT_ACT_SYN,SYN-02,1,1
10658,IPC_SYN,SYN-01,1,1
10659,SPECIAL_LAW_SYN,SYN-03,1,1
10660,IPC_SYN,SYN-01,1,1
10661,IT_ACT_SYN,SYN-02,1,1
10662,SPECIAL_LAW_SYN,SYN-03,1,1
10663,IPC_SYN,SYN-01,1,1
10664,IPC_SYN,SYN-01,1,1
10665,IT_ACT_SYN,SYN-02,1,1
10666,IPC_SYN,SYN-01,1,1
10667,IPC_SYN,SYN-01,1,1
10668,SPECIAL_LAW_SYN,SYN-03,1,1
10669,IPC_SYN,SYN-01,1,1
10670,SPECIAL_LAW_SYN,SYN-03,1,1
10671,IPC_SYN,SYN-01,1,1
10672,IPC_SYN,SYN-01,1,1
10673,IPC_SYN,SYN-01,1,1
10674,IPC_SYN,SYN-01,1,1
10675,IPC_SYN,SYN-01,1,1
10676,SPECIAL_LAW_SYN,SYN-03,1,1
10677,SPECIAL_LAW_SYN,SYN-03,1,1
10678,IT_ACT_SYN,SYN-02,1,1
10679,SPECIAL_LAW_SYN,SYN-03,1,1
10680,IT_ACT_SYN,SYN-02,1,1
10681,IPC_SYN,SYN-01,1,1
10682,IT_ACT_SYN,SYN-02,1,1
10683,IT_ACT_SYN,SYN-02,1,1
10684,IPC_SYN,SYN-01,1,1
10685,IPC_SYN,SYN-01,1,1
10686,IPC_SYN,SYN-01,1,1
10687,IT_ACT_SYN,SYN-02,1,1
10688,IPC_SYN,SYN-01,1,1
10689,IPC_SYN,SYN-01,1,1
10690,IPC_SYN,SYN-01,1,1
10691,IPC_SYN,SYN-01,1,1
10692,IPC_SYN,SYN-01,1,1
10693,SPECIAL_LAW_SYN,SYN-03,1,1
10694,IT_ACT_SYN,SYN-02,1,1
10695,SPECIAL_LAW_SYN,SYN-03,1,1
10696,IPC_SYN,SYN-01,1,1
10697,IPC_SYN,SYN-01,1,1
10698,IPC_SYN,SYN-01,1,1
10699,IT_ACT_SYN,SYN-02,1,1
10700,IPC_SYN,SYN-01,1,1
10701,SPECIAL_LAW_SYN,SYN-03,1,1
10702,SPECIAL_LAW_SYN,SYN-03,1,1
10703,IPC_SYN,SYN-01,1,1
10704,IPC_SYN,SYN-01,1,1
10705,IPC_SYN,SYN-01,1,1
10706,IT_ACT_SYN,SYN-02,1,1
10707,IPC_SYN,SYN-01,1,1
10708,IPC_SYN,SYN-01,1,1
10709,IT_ACT_SYN,SYN-02,1,1
10710,IPC_SYN,SYN-01,1,1
10711,SPECIAL_LAW_SYN,SYN-03,1,1
10712,IPC_SYN,SYN-01,1,1
10713,SPECIAL_LAW_SYN,SYN-03,1,1
10714,IPC_SYN,SYN-01,1,1
10715,IPC_SYN,SYN-01,1,1
10716,SPECIAL_LAW_SYN,SYN-03,1,1
10717,IPC_SYN,SYN-01,1,1
10718,SPECIAL_LAW_SYN,SYN-03,1,1
10719,IT_ACT_SYN,SYN-02,1,1
10720,IPC_SYN,SYN-01,1,1
10721,IPC_SYN,SYN-01,1,1
10722,IPC_SYN,SYN-01,1,1
10723,IPC_SYN,SYN-01,1,1
10724,IPC_SYN,SYN-01,1,1
10725,IPC_SYN,SYN-01,1,1
10726,IPC_SYN,SYN-01,1,1
10727,IPC_SYN,SYN-01,1,1
10728,SPECIAL_LAW_SYN,SYN-03,1,1
10729,SPECIAL_LAW_SYN,SYN-03,1,1
10730,IPC_SYN,SYN-01,1,1
10731,IPC_SYN,SYN-01,1,1
10732,IPC_SYN,SYN-01,1,1
10733,IPC_SYN,SYN-01,1,1
10734,IPC_SYN,SYN-01,1,1
10735,IPC_SYN,SYN-01,1,1
10736,IPC_SYN,SYN-01,1,1
10737,IPC_SYN,SYN-01,1,1
10738,SPECIAL_LAW_SYN,SYN-03,1,1
10739,IPC_SYN,SYN-01,1,1
10740,IT_ACT_SYN,SYN-02,1,1
10741,IPC_SYN,SYN-01,1,1
10742,SPECIAL_LAW_SYN,SYN-03,1,1
10743,SPECIAL_LAW_SYN,SYN-03,1,1
10744,IPC_SYN,SYN-01,1,1
10745,IPC_SYN,SYN-01,1,1
10746,IPC_SYN,SYN-01,1,1
10747,IPC_SYN,SYN-01,1,1
10748,IT_ACT_SYN,SYN-02,1,1
10749,IPC_SYN,SYN-01,1,1
10750,IT_ACT_SYN,SYN-02,1,1
10751,IPC_SYN,SYN-01,1,1
10752,SPECIAL_LAW_SYN,SYN-03,1,1
10753,IPC_SYN,SYN-01,1,1
10754,IPC_SYN,SYN-01,1,1
10755,IPC_SYN,SYN-01,1,1
10756,IPC_SYN,SYN-01,1,1
10757,IPC_SYN,SYN-01,1,1
10758,SPECIAL_LAW_SYN,SYN-03,1,1
10759,IPC_SYN,SYN-01,1,1
10760,IPC_SYN,SYN-01,1,1
10761,SPECIAL_LAW_SYN,SYN-03,1,1
10762,IT_ACT_SYN,SYN-02,1,1
10763,IPC_SYN,SYN-01,1,1
10764,IPC_SYN,SYN-01,1,1
10765,SPECIAL_LAW_SYN,SYN-03,1,1
10766,IPC_SYN,SYN-01,1,1
10767,IPC_SYN,SYN-01,1,1
10768,IPC_SYN,SYN-01,1,1
10769,IPC_SYN,SYN-01,1,1
10770,SPECIAL_LAW_SYN,SYN-03,1,1
10771,SPECIAL_LAW_SYN,SYN-03,1,1
10772,IPC_SYN,SYN-01,1,1
10773,SPECIAL_LAW_SYN,SYN-03,1,1
10774,IPC_SYN,SYN-01,1,1
10775,IPC_SYN,SYN-01,1,1
10776,IPC_SYN,SYN-01,1,1
10777,SPECIAL_LAW_SYN,SYN-03,1,1
10778,IPC_SYN,SYN-01,1,1
10779,SPECIAL_LAW_SYN,SYN-03,1,1
10780,IPC_SYN,SYN-01,1,1
10781,SPECIAL_LAW_SYN,SYN-03,1,1
10782,IPC_SYN,SYN-01,1,1
10783,SPECIAL_LAW_SYN,SYN-03,1,1
10784,IPC_SYN,SYN-01,1,1
10785,SPECIAL_LAW_SYN,SYN-03,1,1
10786,IPC_SYN,SYN-01,1,1
10787,IT_ACT_SYN,SYN-02,1,1
10788,IPC_SYN,SYN-01,1,1
10789,IPC_SYN,SYN-01,1,1
10790,IPC_SYN,SYN-01,1,1
10791,IPC_SYN,SYN-01,1,1
10792,IT_ACT_SYN,SYN-02,1,1
10793,IPC_SYN,SYN-01,1,1
10794,IT_ACT_SYN,SYN-02,1,1
10795,IPC_SYN,SYN-01,1,1
10796,SPECIAL_LAW_SYN,SYN-03,1,1
10797,SPECIAL_LAW_SYN,SYN-03,1,1
10798,IPC_SYN,SYN-01,1,1
10799,IT_ACT_SYN,SYN-02,1,1
10800,IPC_SYN,SYN-01,1,1
10801,IPC_SYN,SYN-01,1,1
10802,IPC_SYN,SYN-01,1,1
10803,IT_ACT_SYN,SYN-02,1,1
10804,SPECIAL_LAW_SYN,SYN-03,1,1
10805,IPC_SYN,SYN-01,1,1
10806,IPC_SYN,SYN-01,1,1
10807,SPECIAL_LAW_SYN,SYN-03,1,1
10808,IPC_SYN,SYN-01,1,1
10809,IPC_SYN,SYN-01,1,1
10810,IPC_SYN,SYN-01,1,1
10811,IPC_SYN,SYN-01,1,1
10812,IPC_SYN,SYN-01,1,1
10813,IT_ACT_SYN,SYN-02,1,1
10814,SPECIAL_LAW_SYN,SYN-03,1,1
10815,IT_ACT_SYN,SYN-02,1,1
10816,SPECIAL_LAW_SYN,SYN-03,1,1
10817,IPC_SYN,SYN-01,1,1
10818,IPC_SYN,SYN-01,1,1
10819,IPC_SYN,SYN-01,1,1
10820,IPC_SYN,SYN-01,1,1
10821,IPC_SYN,SYN-01,1,1
10822,SPECIAL_LAW_SYN,SYN-03,1,1
10823,IPC_SYN,SYN-01,1,1
10824,SPECIAL_LAW_SYN,SYN-03,1,1
10825,IPC_SYN,SYN-01,1,1
10826,IPC_SYN,SYN-01,1,1
10827,IPC_SYN,SYN-01,1,1
10828,IPC_SYN,SYN-01,1,1
10829,IPC_SYN,SYN-01,1,1
10830,IPC_SYN,SYN-01,1,1
10831,IPC_SYN,SYN-01,1,1
10832,IPC_SYN,SYN-01,1,1
10833,SPECIAL_LAW_SYN,SYN-03,1,1
10834,IPC_SYN,SYN-01,1,1
10835,IPC_SYN,SYN-01,1,1
10836,IPC_SYN,SYN-01,1,1
10837,IPC_SYN,SYN-01,1,1
10838,SPECIAL_LAW_SYN,SYN-03,1,1
10839,SPECIAL_LAW_SYN,SYN-03,1,1
10840,SPECIAL_LAW_SYN,SYN-03,1,1
10841,SPECIAL_LAW_SYN,SYN-03,1,1
10842,IT_ACT_SYN,SYN-02,1,1
10843,SPECIAL_LAW_SYN,SYN-03,1,1
10844,IPC_SYN,SYN-01,1,1
10845,IPC_SYN,SYN-01,1,1
10846,IPC_SYN,SYN-01,1,1
10847,IPC_SYN,SYN-01,1,1
10848,IPC_SYN,SYN-01,1,1
10849,IPC_SYN,SYN-01,1,1
10850,IT_ACT_SYN,SYN-02,1,1
10851,IPC_SYN,SYN-01,1,1
10852,IPC_SYN,SYN-01,1,1
10853,SPECIAL_LAW_SYN,SYN-03,1,1
10854,IPC_SYN,SYN-01,1,1
10855,IPC_SYN,SYN-01,1,1
10856,IPC_SYN,SYN-01,1,1
10857,SPECIAL_LAW_SYN,SYN-03,1,1
10858,IT_ACT_SYN,SYN-02,1,1
10859,SPECIAL_LAW_SYN,SYN-03,1,1
10860,IPC_SYN,SYN-01,1,1
10861,IPC_SYN,SYN-01,1,1
10862,IPC_SYN,SYN-01,1,1
10863,IPC_SYN,SYN-01,1,1
10864,IPC_SYN,SYN-01,1,1
10865,IPC_SYN,SYN-01,1,1
10866,IPC_SYN,SYN-01,1,1
10867,SPECIAL_LAW_SYN,SYN-03,1,1
10868,IPC_SYN,SYN-01,1,1
10869,IPC_SYN,SYN-01,1,1
10870,IPC_SYN,SYN-01,1,1
10871,IPC_SYN,SYN-01,1,1
10872,SPECIAL_LAW_SYN,SYN-03,1,1
10873,SPECIAL_LAW_SYN,SYN-03,1,1
10874,IPC_SYN,SYN-01,1,1
10875,IPC_SYN,SYN-01,1,1
10876,IPC_SYN,SYN-01,1,1
10877,IPC_SYN,SYN-01,1,1
10878,IPC_SYN,SYN-01,1,1
10879,IPC_SYN,SYN-01,1,1
10880,IT_ACT_SYN,SYN-02,1,1
10881,IPC_SYN,SYN-01,1,1
10882,IPC_SYN,SYN-01,1,1
10883,IPC_SYN,SYN-01,1,1
10884,IPC_SYN,SYN-01,1,1
10885,IPC_SYN,SYN-01,1,1
10886,IPC_SYN,SYN-01,1,1
10887,IPC_SYN,SYN-01,1,1
10888,SPECIAL_LAW_SYN,SYN-03,1,1
10889,SPECIAL_LAW_SYN,SYN-03,1,1
10890,IPC_SYN,SYN-01,1,1
10891,IPC_SYN,SYN-01,1,1
10892,IT_ACT_SYN,SYN-02,1,1
10893,IPC_SYN,SYN-01,1,1
10894,SPECIAL_LAW_SYN,SYN-03,1,1
10895,SPECIAL_LAW_SYN,SYN-03,1,1
10896,IPC_SYN,SYN-01,1,1
10897,IPC_SYN,SYN-01,1,1
10898,IPC_SYN,SYN-01,1,1
10899,IPC_SYN,SYN-01,1,1
10900,IPC_SYN,SYN-01,1,1
10901,IPC_SYN,SYN-01,1,1
10902,IT_ACT_SYN,SYN-02,1,1
10903,IPC_SYN,SYN-01,1,1
10904,IPC_SYN,SYN-01,1,1
10905,IPC_SYN,SYN-01,1,1
10906,SPECIAL_LAW_SYN,SYN-03,1,1
10907,IT_ACT_SYN,SYN-02,1,1
10908,IPC_SYN,SYN-01,1,1
10909,IT_ACT_SYN,SYN-02,1,1
10910,IT_ACT_SYN,SYN-02,1,1
10911,IPC_SYN,SYN-01,1,1
10912,IPC_SYN,SYN-01,1,1
10913,IT_ACT_SYN,SYN-02,1,1
10914,SPECIAL_LAW_SYN,SYN-03,1,1
10915,IT_ACT_SYN,SYN-02,1,1
10916,IT_ACT_SYN,SYN-02,1,1
10917,IPC_SYN,SYN-01,1,1
10918,IPC_SYN,SYN-01,1,1
10919,SPECIAL_LAW_SYN,SYN-03,1,1
10920,IPC_SYN,SYN-01,1,1
10921,SPECIAL_LAW_SYN,SYN-03,1,1
10922,SPECIAL_LAW_SYN,SYN-03,1,1
10923,IPC_SYN,SYN-01,1,1
10924,IT_ACT_SYN,SYN-02,1,1
10925,SPECIAL_LAW_SYN,SYN-03,1,1
10926,IPC_SYN,SYN-01,1,1
10927,IPC_SYN,SYN-01,1,1
10928,IPC_SYN,SYN-01,1,1
10929,IPC_SYN,SYN-01,1,1
10930,IPC_SYN,SYN-01,1,1
10931,IPC_SYN,SYN-01,1,1
10932,IT_ACT_SYN,SYN-02,1,1
10933,IPC_SYN,SYN-01,1,1
10934,SPECIAL_LAW_SYN,SYN-03,1,1
10935,IT_ACT_SYN,SYN-02,1,1
10936,IPC_SYN,SYN-01,1,1
10937,IPC_SYN,SYN-01,1,1
10938,IT_ACT_SYN,SYN-02,1,1
10939,IT_ACT_SYN,SYN-02,1,1
10940,SPECIAL_LAW_SYN,SYN-03,1,1
10941,IPC_SYN,SYN-01,1,1
10942,SPECIAL_LAW_SYN,SYN-03,1,1
10943,IPC_SYN,SYN-01,1,1
10944,IPC_SYN,SYN-01,1,1
10945,IT_ACT_SYN,SYN-02,1,1
10946,IPC_SYN,SYN-01,1,1
10947,IT_ACT_SYN,SYN-02,1,1
10948,SPECIAL_LAW_SYN,SYN-03,1,1
10949,IPC_SYN,SYN-01,1,1
10950,IT_ACT_SYN,SYN-02,1,1
10951,IPC_SYN,SYN-01,1,1
10952,IPC_SYN,SYN-01,1,1
10953,IPC_SYN,SYN-01,1,1
10954,SPECIAL_LAW_SYN,SYN-03,1,1
10955,SPECIAL_LAW_SYN,SYN-03,1,1
10956,SPECIAL_LAW_SYN,SYN-03,1,1
10957,IPC_SYN,SYN-01,1,1
10958,IPC_SYN,SYN-01,1,1
10959,IT_ACT_SYN,SYN-02,1,1
10960,IPC_SYN,SYN-01,1,1
10961,IPC_SYN,SYN-01,1,1
10962,IPC_SYN,SYN-01,1,1
10963,SPECIAL_LAW_SYN,SYN-03,1,1
10964,IPC_SYN,SYN-01,1,1
10965,IPC_SYN,SYN-01,1,1
10966,IPC_SYN,SYN-01,1,1
10967,IPC_SYN,SYN-01,1,1
10968,IPC_SYN,SYN-01,1,1
10969,IPC_SYN,SYN-01,1,1
10970,IPC_SYN,SYN-01,1,1
10971,SPECIAL_LAW_SYN,SYN-03,1,1
10972,IPC_SYN,SYN-01,1,1
10973,SPECIAL_LAW_SYN,SYN-03,1,1
10974,IPC_SYN,SYN-01,1,1
10975,IPC_SYN,SYN-01,1,1
10976,IT_ACT_SYN,SYN-02,1,1
10977,IT_ACT_SYN,SYN-02,1,1
10978,IPC_SYN,SYN-01,1,1
10979,IT_ACT_SYN,SYN-02,1,1
10980,IPC_SYN,SYN-01,1,1
10981,IT_ACT_SYN,SYN-02,1,1
10982,IT_ACT_SYN,SYN-02,1,1
10983,SPECIAL_LAW_SYN,SYN-03,1,1
10984,IPC_SYN,SYN-01,1,1
10985,SPECIAL_LAW_SYN,SYN-03,1,1
10986,IPC_SYN,SYN-01,1,1
10987,IPC_SYN,SYN-01,1,1
10988,SPECIAL_LAW_SYN,SYN-03,1,1
10989,IPC_SYN,SYN-01,1,1
10990,SPECIAL_LAW_SYN,SYN-03,1,1
10991,IPC_SYN,SYN-01,1,1
10992,IPC_SYN,SYN-01,1,1
10993,IPC_SYN,SYN-01,1,1
10994,IPC_SYN,SYN-01,1,1
10995,IT_ACT_SYN,SYN-02,1,1
10996,IPC_SYN,SYN-01,1,1
10997,IPC_SYN,SYN-01,1,1
10998,IPC_SYN,SYN-01,1,1
10999,SPECIAL_LAW_SYN,SYN-03,1,1
11000,IT_ACT_SYN,SYN-02,1,1
11001,SPECIAL_LAW_SYN,SYN-03,1,1
11002,IPC_SYN,SYN-01,1,1
11003,IPC_SYN,SYN-01,1,1
11004,SPECIAL_LAW_SYN,SYN-03,1,1
11005,SPECIAL_LAW_SYN,SYN-03,1,1
11006,SPECIAL_LAW_SYN,SYN-03,1,1
11007,IPC_SYN,SYN-01,1,1
11008,SPECIAL_LAW_SYN,SYN-03,1,1
11009,IPC_SYN,SYN-01,1,1
11010,IPC_SYN,SYN-01,1,1
11011,SPECIAL_LAW_SYN,SYN-03,1,1
11012,IT_ACT_SYN,SYN-02,1,1
11013,IT_ACT_SYN,SYN-02,1,1
11014,IPC_SYN,SYN-01,1,1
11015,IPC_SYN,SYN-01,1,1
11016,IPC_SYN,SYN-01,1,1
11017,IPC_SYN,SYN-01,1,1
11018,IPC_SYN,SYN-01,1,1
11019,IPC_SYN,SYN-01,1,1
11020,SPECIAL_LAW_SYN,SYN-03,1,1
11021,SPECIAL_LAW_SYN,SYN-03,1,1
11022,IPC_SYN,SYN-01,1,1
11023,IPC_SYN,SYN-01,1,1
11024,IPC_SYN,SYN-01,1,1
11025,IPC_SYN,SYN-01,1,1
11026,IPC_SYN,SYN-01,1,1
11027,IPC_SYN,SYN-01,1,1
11028,IPC_SYN,SYN-01,1,1
11029,IPC_SYN,SYN-01,1,1
11030,IPC_SYN,SYN-01,1,1
11031,IPC_SYN,SYN-01,1,1
11032,IPC_SYN,SYN-01,1,1
11033,IPC_SYN,SYN-01,1,1
11034,IPC_SYN,SYN-01,1,1
11035,IPC_SYN,SYN-01,1,1
11036,SPECIAL_LAW_SYN,SYN-03,1,1
11037,IPC_SYN,SYN-01,1,1
11038,IPC_SYN,SYN-01,1,1
11039,IPC_SYN,SYN-01,1,1
11040,IPC_SYN,SYN-01,1,1
11041,SPECIAL_LAW_SYN,SYN-03,1,1
11042,SPECIAL_LAW_SYN,SYN-03,1,1
11043,IPC_SYN,SYN-01,1,1
11044,SPECIAL_LAW_SYN,SYN-03,1,1
11045,IT_ACT_SYN,SYN-02,1,1
11046,SPECIAL_LAW_SYN,SYN-03,1,1
11047,IPC_SYN,SYN-01,1,1
11048,IPC_SYN,SYN-01,1,1
11049,IPC_SYN,SYN-01,1,1
11050,IT_ACT_SYN,SYN-02,1,1
11051,SPECIAL_LAW_SYN,SYN-03,1,1
11052,IPC_SYN,SYN-01,1,1
11053,SPECIAL_LAW_SYN,SYN-03,1,1
11054,IPC_SYN,SYN-01,1,1
11055,SPECIAL_LAW_SYN,SYN-03,1,1
11056,IPC_SYN,SYN-01,1,1
11057,IPC_SYN,SYN-01,1,1
11058,SPECIAL_LAW_SYN,SYN-03,1,1
11059,IPC_SYN,SYN-01,1,1
11060,IPC_SYN,SYN-01,1,1
11061,SPECIAL_LAW_SYN,SYN-03,1,1
11062,IT_ACT_SYN,SYN-02,1,1
11063,IT_ACT_SYN,SYN-02,1,1
11064,IPC_SYN,SYN-01,1,1
11065,IT_ACT_SYN,SYN-02,1,1
11066,IPC_SYN,SYN-01,1,1
11067,SPECIAL_LAW_SYN,SYN-03,1,1
11068,IPC_SYN,SYN-01,1,1
11069,IPC_SYN,SYN-01,1,1
11070,IPC_SYN,SYN-01,1,1
11071,SPECIAL_LAW_SYN,SYN-03,1,1
11072,SPECIAL_LAW_SYN,SYN-03,1,1
11073,IPC_SYN,SYN-01,1,1
11074,IPC_SYN,SYN-01,1,1
11075,IPC_SYN,SYN-01,1,1
11076,IPC_SYN,SYN-01,1,1
11077,IT_ACT_SYN,SYN-02,1,1
11078,IPC_SYN,SYN-01,1,1
11079,IPC_SYN,SYN-01,1,1
11080,IPC_SYN,SYN-01,1,1
11081,IPC_SYN,SYN-01,1,1
11082,SPECIAL_LAW_SYN,SYN-03,1,1
11083,IPC_SYN,SYN-01,1,1
11084,IPC_SYN,SYN-01,1,1
11085,IPC_SYN,SYN-01,1,1
11086,IPC_SYN,SYN-01,1,1
11087,IPC_SYN,SYN-01,1,1
11088,SPECIAL_LAW_SYN,SYN-03,1,1
11089,IPC_SYN,SYN-01,1,1
11090,IPC_SYN,SYN-01,1,1
11091,IPC_SYN,SYN-01,1,1
11092,IPC_SYN,SYN-01,1,1
11093,IPC_SYN,SYN-01,1,1
11094,SPECIAL_LAW_SYN,SYN-03,1,1
11095,IPC_SYN,SYN-01,1,1
11096,IPC_SYN,SYN-01,1,1
11097,SPECIAL_LAW_SYN,SYN-03,1,1
11098,IPC_SYN,SYN-01,1,1
11099,SPECIAL_LAW_SYN,SYN-03,1,1
11100,IPC_SYN,SYN-01,1,1
11101,SPECIAL_LAW_SYN,SYN-03,1,1
11102,SPECIAL_LAW_SYN,SYN-03,1,1
11103,IPC_SYN,SYN-01,1,1
11104,IPC_SYN,SYN-01,1,1
11105,SPECIAL_LAW_SYN,SYN-03,1,1
11106,SPECIAL_LAW_SYN,SYN-03,1,1
11107,IPC_SYN,SYN-01,1,1
11108,IPC_SYN,SYN-01,1,1
11109,IPC_SYN,SYN-01,1,1
11110,IT_ACT_SYN,SYN-02,1,1
11111,SPECIAL_LAW_SYN,SYN-03,1,1
11112,IPC_SYN,SYN-01,1,1
11113,SPECIAL_LAW_SYN,SYN-03,1,1
11114,IPC_SYN,SYN-01,1,1
11115,IPC_SYN,SYN-01,1,1
11116,IPC_SYN,SYN-01,1,1
11117,IPC_SYN,SYN-01,1,1
11118,SPECIAL_LAW_SYN,SYN-03,1,1
11119,SPECIAL_LAW_SYN,SYN-03,1,1
11120,IPC_SYN,SYN-01,1,1
11121,IPC_SYN,SYN-01,1,1
11122,IPC_SYN,SYN-01,1,1
11123,IPC_SYN,SYN-01,1,1
11124,IPC_SYN,SYN-01,1,1
11125,IPC_SYN,SYN-01,1,1
11126,SPECIAL_LAW_SYN,SYN-03,1,1
11127,IPC_SYN,SYN-01,1,1
11128,IPC_SYN,SYN-01,1,1
11129,SPECIAL_LAW_SYN,SYN-03,1,1
11130,IPC_SYN,SYN-01,1,1
11131,SPECIAL_LAW_SYN,SYN-03,1,1
11132,SPECIAL_LAW_SYN,SYN-03,1,1
11133,IPC_SYN,SYN-01,1,1
11134,SPECIAL_LAW_SYN,SYN-03,1,1
11135,IPC_SYN,SYN-01,1,1
11136,SPECIAL_LAW_SYN,SYN-03,1,1
11137,IPC_SYN,SYN-01,1,1
11138,IT_ACT_SYN,SYN-02,1,1
11139,IPC_SYN,SYN-01,1,1
11140,IPC_SYN,SYN-01,1,1
11141,IPC_SYN,SYN-01,1,1
11142,IT_ACT_SYN,SYN-02,1,1
11143,IPC_SYN,SYN-01,1,1
11144,SPECIAL_LAW_SYN,SYN-03,1,1
11145,SPECIAL_LAW_SYN,SYN-03,1,1
11146,IPC_SYN,SYN-01,1,1
11147,IPC_SYN,SYN-01,1,1
11148,IPC_SYN,SYN-01,1,1
11149,IPC_SYN,SYN-01,1,1
11150,IPC_SYN,SYN-01,1,1
11151,IT_ACT_SYN,SYN-02,1,1
11152,IPC_SYN,SYN-01,1,1
11153,SPECIAL_LAW_SYN,SYN-03,1,1
11154,SPECIAL_LAW_SYN,SYN-03,1,1
11155,IT_ACT_SYN,SYN-02,1,1
11156,IT_ACT_SYN,SYN-02,1,1
11157,IPC_SYN,SYN-01,1,1
11158,IPC_SYN,SYN-01,1,1
11159,IPC_SYN,SYN-01,1,1
11160,IPC_SYN,SYN-01,1,1
11161,IPC_SYN,SYN-01,1,1
11162,IPC_SYN,SYN-01,1,1
11163,SPECIAL_LAW_SYN,SYN-03,1,1
11164,IPC_SYN,SYN-01,1,1
11165,IT_ACT_SYN,SYN-02,1,1
11166,IPC_SYN,SYN-01,1,1
11167,SPECIAL_LAW_SYN,SYN-03,1,1
11168,SPECIAL_LAW_SYN,SYN-03,1,1
11169,IPC_SYN,SYN-01,1,1
11170,SPECIAL_LAW_SYN,SYN-03,1,1
11171,SPECIAL_LAW_SYN,SYN-03,1,1
11172,SPECIAL_LAW_SYN,SYN-03,1,1
11173,IPC_SYN,SYN-01,1,1
11174,IPC_SYN,SYN-01,1,1
11175,SPECIAL_LAW_SYN,SYN-03,1,1
11176,SPECIAL_LAW_SYN,SYN-03,1,1
11177,IPC_SYN,SYN-01,1,1
11178,IPC_SYN,SYN-01,1,1
11179,SPECIAL_LAW_SYN,SYN-03,1,1
11180,SPECIAL_LAW_SYN,SYN-03,1,1
11181,SPECIAL_LAW_SYN,SYN-03,1,1
11182,SPECIAL_LAW_SYN,SYN-03,1,1
11183,IPC_SYN,SYN-01,1,1
11184,IPC_SYN,SYN-01,1,1
11185,IPC_SYN,SYN-01,1,1
11186,IPC_SYN,SYN-01,1,1
11187,SPECIAL_LAW_SYN,SYN-03,1,1
11188,SPECIAL_LAW_SYN,SYN-03,1,1
11189,IPC_SYN,SYN-01,1,1
11190,IPC_SYN,SYN-01,1,1
11191,IT_ACT_SYN,SYN-02,1,1
11192,IPC_SYN,SYN-01,1,1
11193,SPECIAL_LAW_SYN,SYN-03,1,1
11194,IPC_SYN,SYN-01,1,1
11195,IT_ACT_SYN,SYN-02,1,1
11196,IPC_SYN,SYN-01,1,1
11197,IPC_SYN,SYN-01,1,1
11198,IPC_SYN,SYN-01,1,1
11199,IPC_SYN,SYN-01,1,1
11200,IPC_SYN,SYN-01,1,1
11201,IPC_SYN,SYN-01,1,1
11202,IPC_SYN,SYN-01,1,1
11203,IPC_SYN,SYN-01,1,1
11204,IPC_SYN,SYN-01,1,1
11205,SPECIAL_LAW_SYN,SYN-03,1,1
11206,SPECIAL_LAW_SYN,SYN-03,1,1
11207,SPECIAL_LAW_SYN,SYN-03,1,1
11208,SPECIAL_LAW_SYN,SYN-03,1,1
11209,SPECIAL_LAW_SYN,SYN-03,1,1
11210,IPC_SYN,SYN-01,1,1
11211,IPC_SYN,SYN-01,1,1
11212,IT_ACT_SYN,SYN-02,1,1
11213,IPC_SYN,SYN-01,1,1
11214,IPC_SYN,SYN-01,1,1
11215,IPC_SYN,SYN-01,1,1
11216,IPC_SYN,SYN-01,1,1
11217,IPC_SYN,SYN-01,1,1
11218,IPC_SYN,SYN-01,1,1
11219,IPC_SYN,SYN-01,1,1
11220,IPC_SYN,SYN-01,1,1
11221,SPECIAL_LAW_SYN,SYN-03,1,1
11222,IPC_SYN,SYN-01,1,1
11223,IPC_SYN,SYN-01,1,1
11224,IPC_SYN,SYN-01,1,1
11225,IT_ACT_SYN,SYN-02,1,1
11226,IPC_SYN,SYN-01,1,1
11227,IPC_SYN,SYN-01,1,1
11228,SPECIAL_LAW_SYN,SYN-03,1,1
11229,IPC_SYN,SYN-01,1,1
11230,IPC_SYN,SYN-01,1,1
11231,IPC_SYN,SYN-01,1,1
11232,IPC_SYN,SYN-01,1,1
11233,IPC_SYN,SYN-01,1,1
11234,IPC_SYN,SYN-01,1,1
11235,IPC_SYN,SYN-01,1,1
11236,IPC_SYN,SYN-01,1,1
11237,IPC_SYN,SYN-01,1,1
11238,SPECIAL_LAW_SYN,SYN-03,1,1
11239,IPC_SYN,SYN-01,1,1
11240,IPC_SYN,SYN-01,1,1
11241,IPC_SYN,SYN-01,1,1
11242,IT_ACT_SYN,SYN-02,1,1
11243,SPECIAL_LAW_SYN,SYN-03,1,1
11244,IPC_SYN,SYN-01,1,1
11245,IPC_SYN,SYN-01,1,1
11246,IPC_SYN,SYN-01,1,1
11247,IPC_SYN,SYN-01,1,1
11248,SPECIAL_LAW_SYN,SYN-03,1,1
11249,IPC_SYN,SYN-01,1,1
11250,SPECIAL_LAW_SYN,SYN-03,1,1
11251,IT_ACT_SYN,SYN-02,1,1
11252,IPC_SYN,SYN-01,1,1
11253,IPC_SYN,SYN-01,1,1
11254,IPC_SYN,SYN-01,1,1
11255,SPECIAL_LAW_SYN,SYN-03,1,1
11256,IT_ACT_SYN,SYN-02,1,1
11257,SPECIAL_LAW_SYN,SYN-03,1,1
11258,IPC_SYN,SYN-01,1,1
11259,IPC_SYN,SYN-01,1,1
11260,IPC_SYN,SYN-01,1,1
11261,IT_ACT_SYN,SYN-02,1,1
11262,IPC_SYN,SYN-01,1,1
11263,SPECIAL_LAW_SYN,SYN-03,1,1
11264,IPC_SYN,SYN-01,1,1
11265,SPECIAL_LAW_SYN,SYN-03,1,1
11266,IT_ACT_SYN,SYN-02,1,1
11267,IPC_SYN,SYN-01,1,1
11268,IPC_SYN,SYN-01,1,1
11269,IPC_SYN,SYN-01,1,1
11270,IPC_SYN,SYN-01,1,1
11271,IPC_SYN,SYN-01,1,1
11272,IPC_SYN,SYN-01,1,1
11273,SPECIAL_LAW_SYN,SYN-03,1,1
11274,SPECIAL_LAW_SYN,SYN-03,1,1
11275,IPC_SYN,SYN-01,1,1
11276,IPC_SYN,SYN-01,1,1
11277,IPC_SYN,SYN-01,1,1
11278,IPC_SYN,SYN-01,1,1
11279,IPC_SYN,SYN-01,1,1
11280,SPECIAL_LAW_SYN,SYN-03,1,1
11281,IPC_SYN,SYN-01,1,1
11282,IT_ACT_SYN,SYN-02,1,1
11283,IPC_SYN,SYN-01,1,1
11284,IPC_SYN,SYN-01,1,1
11285,IPC_SYN,SYN-01,1,1
11286,IPC_SYN,SYN-01,1,1
11287,IPC_SYN,SYN-01,1,1
11288,IPC_SYN,SYN-01,1,1
11289,IPC_SYN,SYN-01,1,1
11290,IT_ACT_SYN,SYN-02,1,1
11291,IPC_SYN,SYN-01,1,1
11292,IT_ACT_SYN,SYN-02,1,1
11293,SPECIAL_LAW_SYN,SYN-03,1,1
11294,SPECIAL_LAW_SYN,SYN-03,1,1
11295,SPECIAL_LAW_SYN,SYN-03,1,1
11296,IT_ACT_SYN,SYN-02,1,1
11297,IT_ACT_SYN,SYN-02,1,1
11298,IPC_SYN,SYN-01,1,1
11299,IPC_SYN,SYN-01,1,1
11300,IPC_SYN,SYN-01,1,1
11301,IPC_SYN,SYN-01,1,1
11302,SPECIAL_LAW_SYN,SYN-03,1,1
11303,SPECIAL_LAW_SYN,SYN-03,1,1
11304,IPC_SYN,SYN-01,1,1
11305,SPECIAL_LAW_SYN,SYN-03,1,1
11306,IPC_SYN,SYN-01,1,1
11307,IPC_SYN,SYN-01,1,1
11308,IPC_SYN,SYN-01,1,1
11309,IPC_SYN,SYN-01,1,1
11310,IPC_SYN,SYN-01,1,1
11311,SPECIAL_LAW_SYN,SYN-03,1,1
11312,IPC_SYN,SYN-01,1,1
11313,IPC_SYN,SYN-01,1,1
11314,IPC_SYN,SYN-01,1,1
11315,IT_ACT_SYN,SYN-02,1,1
11316,IPC_SYN,SYN-01,1,1
11317,SPECIAL_LAW_SYN,SYN-03,1,1
11318,SPECIAL_LAW_SYN,SYN-03,1,1
11319,IPC_SYN,SYN-01,1,1
11320,IT_ACT_SYN,SYN-02,1,1
11321,IPC_SYN,SYN-01,1,1
11322,IPC_SYN,SYN-01,1,1
11323,IPC_SYN,SYN-01,1,1
11324,SPECIAL_LAW_SYN,SYN-03,1,1
11325,IPC_SYN,SYN-01,1,1
11326,SPECIAL_LAW_SYN,SYN-03,1,1
11327,SPECIAL_LAW_SYN,SYN-03,1,1
11328,IPC_SYN,SYN-01,1,1
11329,IPC_SYN,SYN-01,1,1
11330,SPECIAL_LAW_SYN,SYN-03,1,1
11331,IT_ACT_SYN,SYN-02,1,1
11332,IPC_SYN,SYN-01,1,1
11333,IT_ACT_SYN,SYN-02,1,1
11334,IPC_SYN,SYN-01,1,1
11335,SPECIAL_LAW_SYN,SYN-03,1,1
11336,IPC_SYN,SYN-01,1,1
11337,SPECIAL_LAW_SYN,SYN-03,1,1
11338,IPC_SYN,SYN-01,1,1
11339,SPECIAL_LAW_SYN,SYN-03,1,1
11340,IPC_SYN,SYN-01,1,1
11341,IT_ACT_SYN,SYN-02,1,1
11342,IPC_SYN,SYN-01,1,1
11343,SPECIAL_LAW_SYN,SYN-03,1,1
11344,SPECIAL_LAW_SYN,SYN-03,1,1
11345,IPC_SYN,SYN-01,1,1
11346,IPC_SYN,SYN-01,1,1
11347,IPC_SYN,SYN-01,1,1
11348,IPC_SYN,SYN-01,1,1
11349,IT_ACT_SYN,SYN-02,1,1
11350,IPC_SYN,SYN-01,1,1
11351,IPC_SYN,SYN-01,1,1
11352,IPC_SYN,SYN-01,1,1
11353,IPC_SYN,SYN-01,1,1
11354,SPECIAL_LAW_SYN,SYN-03,1,1
11355,IT_ACT_SYN,SYN-02,1,1
11356,IPC_SYN,SYN-01,1,1
11357,IT_ACT_SYN,SYN-02,1,1
11358,SPECIAL_LAW_SYN,SYN-03,1,1
11359,IPC_SYN,SYN-01,1,1
11360,IPC_SYN,SYN-01,1,1
11361,IPC_SYN,SYN-01,1,1
11362,IPC_SYN,SYN-01,1,1
11363,SPECIAL_LAW_SYN,SYN-03,1,1
11364,IPC_SYN,SYN-01,1,1
11365,SPECIAL_LAW_SYN,SYN-03,1,1
11366,IPC_SYN,SYN-01,1,1
11367,IPC_SYN,SYN-01,1,1
11368,IPC_SYN,SYN-01,1,1
11369,IPC_SYN,SYN-01,1,1
11370,IPC_SYN,SYN-01,1,1
11371,IPC_SYN,SYN-01,1,1
11372,SPECIAL_LAW_SYN,SYN-03,1,1
11373,IPC_SYN,SYN-01,1,1
11374,IPC_SYN,SYN-01,1,1
11375,IPC_SYN,SYN-01,1,1
11376,IPC_SYN,SYN-01,1,1
11377,IPC_SYN,SYN-01,1,1
11378,IPC_SYN,SYN-01,1,1
11379,SPECIAL_LAW_SYN,SYN-03,1,1
11380,SPECIAL_LAW_SYN,SYN-03,1,1
11381,IPC_SYN,SYN-01,1,1
11382,SPECIAL_LAW_SYN,SYN-03,1,1
11383,IPC_SYN,SYN-01,1,1
11384,SPECIAL_LAW_SYN,SYN-03,1,1
11385,IPC_SYN,SYN-01,1,1
11386,IPC_SYN,SYN-01,1,1
11387,IPC_SYN,SYN-01,1,1
11388,IPC_SYN,SYN-01,1,1
11389,IT_ACT_SYN,SYN-02,1,1
11390,IPC_SYN,SYN-01,1,1
11391,IPC_SYN,SYN-01,1,1
11392,IPC_SYN,SYN-01,1,1
11393,IPC_SYN,SYN-01,1,1
11394,SPECIAL_LAW_SYN,SYN-03,1,1
11395,IPC_SYN,SYN-01,1,1
11396,IPC_SYN,SYN-01,1,1
11397,IPC_SYN,SYN-01,1,1
11398,SPECIAL_LAW_SYN,SYN-03,1,1
11399,SPECIAL_LAW_SYN,SYN-03,1,1
11400,SPECIAL_LAW_SYN,SYN-03,1,1
11401,IPC_SYN,SYN-01,1,1
11402,SPECIAL_LAW_SYN,SYN-03,1,1
11403,SPECIAL_LAW_SYN,SYN-03,1,1
11404,IPC_SYN,SYN-01,1,1
11405,SPECIAL_LAW_SYN,SYN-03,1,1
11406,IPC_SYN,SYN-01,1,1
11407,SPECIAL_LAW_SYN,SYN-03,1,1
11408,IT_ACT_SYN,SYN-02,1,1
11409,SPECIAL_LAW_SYN,SYN-03,1,1
11410,IPC_SYN,SYN-01,1,1
11411,IPC_SYN,SYN-01,1,1
11412,IPC_SYN,SYN-01,1,1
11413,IPC_SYN,SYN-01,1,1
11414,IPC_SYN,SYN-01,1,1
11415,IPC_SYN,SYN-01,1,1
11416,IPC_SYN,SYN-01,1,1
11417,SPECIAL_LAW_SYN,SYN-03,1,1
11418,IPC_SYN,SYN-01,1,1
11419,IPC_SYN,SYN-01,1,1
11420,IPC_SYN,SYN-01,1,1
11421,IT_ACT_SYN,SYN-02,1,1
11422,IPC_SYN,SYN-01,1,1
11423,IPC_SYN,SYN-01,1,1
11424,IPC_SYN,SYN-01,1,1
11425,IT_ACT_SYN,SYN-02,1,1
11426,IPC_SYN,SYN-01,1,1
11427,SPECIAL_LAW_SYN,SYN-03,1,1
11428,SPECIAL_LAW_SYN,SYN-03,1,1
11429,IPC_SYN,SYN-01,1,1
11430,IPC_SYN,SYN-01,1,1
11431,IPC_SYN,SYN-01,1,1
11432,IPC_SYN,SYN-01,1,1
11433,SPECIAL_LAW_SYN,SYN-03,1,1
11434,IPC_SYN,SYN-01,1,1
11435,IT_ACT_SYN,SYN-02,1,1
11436,SPECIAL_LAW_SYN,SYN-03,1,1
11437,SPECIAL_LAW_SYN,SYN-03,1,1
11438,IPC_SYN,SYN-01,1,1
11439,IPC_SYN,SYN-01,1,1
11440,IT_ACT_SYN,SYN-02,1,1
11441,SPECIAL_LAW_SYN,SYN-03,1,1
11442,IPC_SYN,SYN-01,1,1
11443,SPECIAL_LAW_SYN,SYN-03,1,1
11444,SPECIAL_LAW_SYN,SYN-03,1,1
11445,IPC_SYN,SYN-01,1,1
11446,IPC_SYN,SYN-01,1,1
11447,IPC_SYN,SYN-01,1,1
11448,IPC_SYN,SYN-01,1,1
11449,IPC_SYN,SYN-01,1,1
11450,SPECIAL_LAW_SYN,SYN-03,1,1
11451,IPC_SYN,SYN-01,1,1
11452,SPECIAL_LAW_SYN,SYN-03,1,1
11453,IPC_SYN,SYN-01,1,1
11454,SPECIAL_LAW_SYN,SYN-03,1,1
11455,IPC_SYN,SYN-01,1,1
11456,IT_ACT_SYN,SYN-02,1,1
11457,SPECIAL_LAW_SYN,SYN-03,1,1
11458,IPC_SYN,SYN-01,1,1
11459,IPC_SYN,SYN-01,1,1
11460,IPC_SYN,SYN-01,1,1
11461,IPC_SYN,SYN-01,1,1
11462,SPECIAL_LAW_SYN,SYN-03,1,1
11463,IPC_SYN,SYN-01,1,1
11464,IPC_SYN,SYN-01,1,1
11465,IPC_SYN,SYN-01,1,1
11466,IPC_SYN,SYN-01,1,1
11467,IPC_SYN,SYN-01,1,1
11468,IPC_SYN,SYN-01,1,1
11469,IT_ACT_SYN,SYN-02,1,1
11470,IPC_SYN,SYN-01,1,1
11471,SPECIAL_LAW_SYN,SYN-03,1,1
11472,IT_ACT_SYN,SYN-02,1,1
11473,IPC_SYN,SYN-01,1,1
11474,IPC_SYN,SYN-01,1,1
11475,SPECIAL_LAW_SYN,SYN-03,1,1
11476,IPC_SYN,SYN-01,1,1
11477,IPC_SYN,SYN-01,1,1
11478,SPECIAL_LAW_SYN,SYN-03,1,1
11479,IPC_SYN,SYN-01,1,1
11480,SPECIAL_LAW_SYN,SYN-03,1,1
11481,SPECIAL_LAW_SYN,SYN-03,1,1
11482,SPECIAL_LAW_SYN,SYN-03,1,1
11483,IPC_SYN,SYN-01,1,1
11484,IPC_SYN,SYN-01,1,1
11485,IPC_SYN,SYN-01,1,1
11486,IPC_SYN,SYN-01,1,1
11487,IPC_SYN,SYN-01,1,1
11488,SPECIAL_LAW_SYN,SYN-03,1,1
11489,IPC_SYN,SYN-01,1,1
11490,SPECIAL_LAW_SYN,SYN-03,1,1
11491,IPC_SYN,SYN-01,1,1
11492,IPC_SYN,SYN-01,1,1
11493,IT_ACT_SYN,SYN-02,1,1
11494,IPC_SYN,SYN-01,1,1
11495,IPC_SYN,SYN-01,1,1
11496,IPC_SYN,SYN-01,1,1
11497,SPECIAL_LAW_SYN,SYN-03,1,1
11498,SPECIAL_LAW_SYN,SYN-03,1,1
11499,IPC_SYN,SYN-01,1,1
11500,IPC_SYN,SYN-01,1,1
11501,SPECIAL_LAW_SYN,SYN-03,1,1
11502,IPC_SYN,SYN-01,1,1
11503,SPECIAL_LAW_SYN,SYN-03,1,1
11504,IPC_SYN,SYN-01,1,1
11505,IPC_SYN,SYN-01,1,1
11506,IPC_SYN,SYN-01,1,1
11507,IT_ACT_SYN,SYN-02,1,1
11508,SPECIAL_LAW_SYN,SYN-03,1,1
11509,IPC_SYN,SYN-01,1,1
11510,SPECIAL_LAW_SYN,SYN-03,1,1
11511,SPECIAL_LAW_SYN,SYN-03,1,1
11512,IPC_SYN,SYN-01,1,1
11513,SPECIAL_LAW_SYN,SYN-03,1,1
11514,IPC_SYN,SYN-01,1,1
11515,IPC_SYN,SYN-01,1,1
11516,IT_ACT_SYN,SYN-02,1,1
11517,IPC_SYN,SYN-01,1,1
11518,IPC_SYN,SYN-01,1,1
11519,SPECIAL_LAW_SYN,SYN-03,1,1
11520,SPECIAL_LAW_SYN,SYN-03,1,1
11521,SPECIAL_LAW_SYN,SYN-03,1,1
11522,IT_ACT_SYN,SYN-02,1,1
11523,IT_ACT_SYN,SYN-02,1,1
11524,SPECIAL_LAW_SYN,SYN-03,1,1
11525,IPC_SYN,SYN-01,1,1
11526,IPC_SYN,SYN-01,1,1
11527,IT_ACT_SYN,SYN-02,1,1
11528,IPC_SYN,SYN-01,1,1
11529,IPC_SYN,SYN-01,1,1
11530,IPC_SYN,SYN-01,1,1
11531,IPC_SYN,SYN-01,1,1
11532,IPC_SYN,SYN-01,1,1
11533,SPECIAL_LAW_SYN,SYN-03,1,1
11534,SPECIAL_LAW_SYN,SYN-03,1,1
11535,IPC_SYN,SYN-01,1,1
11536,IT_ACT_SYN,SYN-02,1,1
11537,IPC_SYN,SYN-01,1,1
11538,IPC_SYN,SYN-01,1,1
11539,SPECIAL_LAW_SYN,SYN-03,1,1
11540,IT_ACT_SYN,SYN-02,1,1
11541,IPC_SYN,SYN-01,1,1
11542,SPECIAL_LAW_SYN,SYN-03,1,1
11543,SPECIAL_LAW_SYN,SYN-03,1,1
11544,IPC_SYN,SYN-01,1,1
11545,SPECIAL_LAW_SYN,SYN-03,1,1
11546,IPC_SYN,SYN-01,1,1
11547,SPECIAL_LAW_SYN,SYN-03,1,1
11548,IT_ACT_SYN,SYN-02,1,1
11549,SPECIAL_LAW_SYN,SYN-03,1,1
11550,IPC_SYN,SYN-01,1,1
11551,IPC_SYN,SYN-01,1,1
11552,IPC_SYN,SYN-01,1,1
11553,IPC_SYN,SYN-01,1,1
11554,IT_ACT_SYN,SYN-02,1,1
11555,IPC_SYN,SYN-01,1,1
11556,IT_ACT_SYN,SYN-02,1,1
11557,IT_ACT_SYN,SYN-02,1,1
11558,IPC_SYN,SYN-01,1,1
11559,IPC_SYN,SYN-01,1,1
11560,IPC_SYN,SYN-01,1,1
11561,IPC_SYN,SYN-01,1,1
11562,IPC_SYN,SYN-01,1,1
11563,IPC_SYN,SYN-01,1,1
11564,IPC_SYN,SYN-01,1,1
11565,SPECIAL_LAW_SYN,SYN-03,1,1
11566,IPC_SYN,SYN-01,1,1
11567,IPC_SYN,SYN-01,1,1
11568,IPC_SYN,SYN-01,1,1
11569,IT_ACT_SYN,SYN-02,1,1
11570,IPC_SYN,SYN-01,1,1
11571,IPC_SYN,SYN-01,1,1
11572,IPC_SYN,SYN-01,1,1
11573,IPC_SYN,SYN-01,1,1
11574,IPC_SYN,SYN-01,1,1
11575,SPECIAL_LAW_SYN,SYN-03,1,1
11576,IPC_SYN,SYN-01,1,1
11577,SPECIAL_LAW_SYN,SYN-03,1,1
11578,IPC_SYN,SYN-01,1,1
11579,IPC_SYN,SYN-01,1,1
11580,IT_ACT_SYN,SYN-02,1,1
11581,SPECIAL_LAW_SYN,SYN-03,1,1
11582,IPC_SYN,SYN-01,1,1
11583,SPECIAL_LAW_SYN,SYN-03,1,1
11584,SPECIAL_LAW_SYN,SYN-03,1,1
11585,SPECIAL_LAW_SYN,SYN-03,1,1
11586,SPECIAL_LAW_SYN,SYN-03,1,1
11587,IT_ACT_SYN,SYN-02,1,1
11588,IPC_SYN,SYN-01,1,1
11589,SPECIAL_LAW_SYN,SYN-03,1,1
11590,SPECIAL_LAW_SYN,SYN-03,1,1
11591,IPC_SYN,SYN-01,1,1
11592,IPC_SYN,SYN-01,1,1
11593,IPC_SYN,SYN-01,1,1
11594,IPC_SYN,SYN-01,1,1
11595,IPC_SYN,SYN-01,1,1
11596,IPC_SYN,SYN-01,1,1
11597,IPC_SYN,SYN-01,1,1
11598,IPC_SYN,SYN-01,1,1
11599,IPC_SYN,SYN-01,1,1
11600,IPC_SYN,SYN-01,1,1
11601,SPECIAL_LAW_SYN,SYN-03,1,1
11602,IT_ACT_SYN,SYN-02,1,1
11603,IPC_SYN,SYN-01,1,1
11604,IPC_SYN,SYN-01,1,1
11605,IPC_SYN,SYN-01,1,1
11606,IPC_SYN,SYN-01,1,1
11607,SPECIAL_LAW_SYN,SYN-03,1,1
11608,IPC_SYN,SYN-01,1,1
11609,IPC_SYN,SYN-01,1,1
11610,SPECIAL_LAW_SYN,SYN-03,1,1
11611,SPECIAL_LAW_SYN,SYN-03,1,1
11612,IT_ACT_SYN,SYN-02,1,1
11613,SPECIAL_LAW_SYN,SYN-03,1,1
11614,IPC_SYN,SYN-01,1,1
11615,IPC_SYN,SYN-01,1,1
11616,IPC_SYN,SYN-01,1,1
11617,SPECIAL_LAW_SYN,SYN-03,1,1
11618,IPC_SYN,SYN-01,1,1
11619,IPC_SYN,SYN-01,1,1
11620,SPECIAL_LAW_SYN,SYN-03,1,1
11621,SPECIAL_LAW_SYN,SYN-03,1,1
11622,IPC_SYN,SYN-01,1,1
11623,IPC_SYN,SYN-01,1,1
11624,IPC_SYN,SYN-01,1,1
11625,SPECIAL_LAW_SYN,SYN-03,1,1
11626,IPC_SYN,SYN-01,1,1
11627,IPC_SYN,SYN-01,1,1
11628,IPC_SYN,SYN-01,1,1
11629,IPC_SYN,SYN-01,1,1
11630,IT_ACT_SYN,SYN-02,1,1
11631,IPC_SYN,SYN-01,1,1
11632,IPC_SYN,SYN-01,1,1
11633,IPC_SYN,SYN-01,1,1
11634,IT_ACT_SYN,SYN-02,1,1
11635,IPC_SYN,SYN-01,1,1
11636,SPECIAL_LAW_SYN,SYN-03,1,1
11637,SPECIAL_LAW_SYN,SYN-03,1,1
11638,IPC_SYN,SYN-01,1,1
11639,IT_ACT_SYN,SYN-02,1,1
11640,IPC_SYN,SYN-01,1,1
11641,SPECIAL_LAW_SYN,SYN-03,1,1
11642,IPC_SYN,SYN-01,1,1
11643,IT_ACT_SYN,SYN-02,1,1
11644,SPECIAL_LAW_SYN,SYN-03,1,1
11645,SPECIAL_LAW_SYN,SYN-03,1,1
11646,SPECIAL_LAW_SYN,SYN-03,1,1
11647,IPC_SYN,SYN-01,1,1
11648,SPECIAL_LAW_SYN,SYN-03,1,1
11649,SPECIAL_LAW_SYN,SYN-03,1,1
11650,IPC_SYN,SYN-01,1,1
11651,IPC_SYN,SYN-01,1,1
11652,IPC_SYN,SYN-01,1,1
11653,SPECIAL_LAW_SYN,SYN-03,1,1
11654,IPC_SYN,SYN-01,1,1
11655,IPC_SYN,SYN-01,1,1
11656,IPC_SYN,SYN-01,1,1
11657,IPC_SYN,SYN-01,1,1
11658,SPECIAL_LAW_SYN,SYN-03,1,1
11659,IPC_SYN,SYN-01,1,1
11660,IPC_SYN,SYN-01,1,1
11661,IPC_SYN,SYN-01,1,1
11662,SPECIAL_LAW_SYN,SYN-03,1,1
11663,IT_ACT_SYN,SYN-02,1,1
11664,IPC_SYN,SYN-01,1,1
11665,IPC_SYN,SYN-01,1,1
11666,IPC_SYN,SYN-01,1,1
11667,IPC_SYN,SYN-01,1,1
11668,IPC_SYN,SYN-01,1,1
11669,IPC_SYN,SYN-01,1,1
11670,IT_ACT_SYN,SYN-02,1,1
11671,IPC_SYN,SYN-01,1,1
11672,SPECIAL_LAW_SYN,SYN-03,1,1
11673,SPECIAL_LAW_SYN,SYN-03,1,1
11674,IT_ACT_SYN,SYN-02,1,1
11675,IPC_SYN,SYN-01,1,1
11676,IPC_SYN,SYN-01,1,1
11677,SPECIAL_LAW_SYN,SYN-03,1,1
11678,IPC_SYN,SYN-01,1,1
11679,IPC_SYN,SYN-01,1,1
11680,IPC_SYN,SYN-01,1,1
11681,IT_ACT_SYN,SYN-02,1,1
11682,IPC_SYN,SYN-01,1,1
11683,IPC_SYN,SYN-01,1,1
11684,IPC_SYN,SYN-01,1,1
11685,SPECIAL_LAW_SYN,SYN-03,1,1
11686,IPC_SYN,SYN-01,1,1
11687,IPC_SYN,SYN-01,1,1
11688,SPECIAL_LAW_SYN,SYN-03,1,1
11689,IPC_SYN,SYN-01,1,1
11690,IPC_SYN,SYN-01,1,1
11691,IPC_SYN,SYN-01,1,1
11692,IPC_SYN,SYN-01,1,1
11693,SPECIAL_LAW_SYN,SYN-03,1,1
11694,IPC_SYN,SYN-01,1,1
11695,IPC_SYN,SYN-01,1,1
11696,IPC_SYN,SYN-01,1,1
11697,IPC_SYN,SYN-01,1,1
11698,IPC_SYN,SYN-01,1,1
11699,IPC_SYN,SYN-01,1,1
11700,IPC_SYN,SYN-01,1,1
11701,SPECIAL_LAW_SYN,SYN-03,1,1
11702,IPC_SYN,SYN-01,1,1
11703,IPC_SYN,SYN-01,1,1
11704,IT_ACT_SYN,SYN-02,1,1
11705,IT_ACT_SYN,SYN-02,1,1
11706,IPC_SYN,SYN-01,1,1
11707,IPC_SYN,SYN-01,1,1
11708,IPC_SYN,SYN-01,1,1
11709,IPC_SYN,SYN-01,1,1
11710,IPC_SYN,SYN-01,1,1
11711,IPC_SYN,SYN-01,1,1
11712,IPC_SYN,SYN-01,1,1
11713,IPC_SYN,SYN-01,1,1
11714,IPC_SYN,SYN-01,1,1
11715,IPC_SYN,SYN-01,1,1
11716,IPC_SYN,SYN-01,1,1
11717,IPC_SYN,SYN-01,1,1
11718,IPC_SYN,SYN-01,1,1
11719,IPC_SYN,SYN-01,1,1
11720,IPC_SYN,SYN-01,1,1
11721,IT_ACT_SYN,SYN-02,1,1
11722,IPC_SYN,SYN-01,1,1
11723,IPC_SYN,SYN-01,1,1
11724,IT_ACT_SYN,SYN-02,1,1
11725,IPC_SYN,SYN-01,1,1
11726,IT_ACT_SYN,SYN-02,1,1
11727,IPC_SYN,SYN-01,1,1
11728,SPECIAL_LAW_SYN,SYN-03,1,1
11729,IT_ACT_SYN,SYN-02,1,1
11730,IPC_SYN,SYN-01,1,1
11731,SPECIAL_LAW_SYN,SYN-03,1,1
11732,IPC_SYN,SYN-01,1,1
11733,IPC_SYN,SYN-01,1,1
11734,IPC_SYN,SYN-01,1,1
11735,SPECIAL_LAW_SYN,SYN-03,1,1
11736,IPC_SYN,SYN-01,1,1
11737,SPECIAL_LAW_SYN,SYN-03,1,1
11738,SPECIAL_LAW_SYN,SYN-03,1,1
11739,SPECIAL_LAW_SYN,SYN-03,1,1
11740,IPC_SYN,SYN-01,1,1
11741,IPC_SYN,SYN-01,1,1
11742,IPC_SYN,SYN-01,1,1
11743,SPECIAL_LAW_SYN,SYN-03,1,1
11744,IPC_SYN,SYN-01,1,1
11745,SPECIAL_LAW_SYN,SYN-03,1,1
11746,SPECIAL_LAW_SYN,SYN-03,1,1
11747,SPECIAL_LAW_SYN,SYN-03,1,1
11748,SPECIAL_LAW_SYN,SYN-03,1,1
11749,IPC_SYN,SYN-01,1,1
11750,IPC_SYN,SYN-01,1,1
11751,SPECIAL_LAW_SYN,SYN-03,1,1
11752,SPECIAL_LAW_SYN,SYN-03,1,1
11753,SPECIAL_LAW_SYN,SYN-03,1,1
11754,IPC_SYN,SYN-01,1,1
11755,IPC_SYN,SYN-01,1,1
11756,IPC_SYN,SYN-01,1,1
11757,IPC_SYN,SYN-01,1,1
11758,IT_ACT_SYN,SYN-02,1,1
11759,SPECIAL_LAW_SYN,SYN-03,1,1
11760,SPECIAL_LAW_SYN,SYN-03,1,1
11761,IPC_SYN,SYN-01,1,1
11762,IPC_SYN,SYN-01,1,1
11763,IT_ACT_SYN,SYN-02,1,1
11764,IPC_SYN,SYN-01,1,1
11765,IT_ACT_SYN,SYN-02,1,1
11766,IPC_SYN,SYN-01,1,1
11767,SPECIAL_LAW_SYN,SYN-03,1,1
11768,SPECIAL_LAW_SYN,SYN-03,1,1
11769,IT_ACT_SYN,SYN-02,1,1
11770,IPC_SYN,SYN-01,1,1
11771,IPC_SYN,SYN-01,1,1
11772,IPC_SYN,SYN-01,1,1
11773,SPECIAL_LAW_SYN,SYN-03,1,1
11774,SPECIAL_LAW_SYN,SYN-03,1,1
11775,IPC_SYN,SYN-01,1,1
11776,IPC_SYN,SYN-01,1,1
11777,IPC_SYN,SYN-01,1,1
11778,IT_ACT_SYN,SYN-02,1,1
11779,SPECIAL_LAW_SYN,SYN-03,1,1
11780,IPC_SYN,SYN-01,1,1
11781,IT_ACT_SYN,SYN-02,1,1
11782,SPECIAL_LAW_SYN,SYN-03,1,1
11783,SPECIAL_LAW_SYN,SYN-03,1,1
11784,IPC_SYN,SYN-01,1,1
11785,IPC_SYN,SYN-01,1,1
11786,IPC_SYN,SYN-01,1,1
11787,IPC_SYN,SYN-01,1,1
11788,SPECIAL_LAW_SYN,SYN-03,1,1
11789,IPC_SYN,SYN-01,1,1
11790,IPC_SYN,SYN-01,1,1
11791,IPC_SYN,SYN-01,1,1
11792,SPECIAL_LAW_SYN,SYN-03,1,1
11793,SPECIAL_LAW_SYN,SYN-03,1,1
11794,SPECIAL_LAW_SYN,SYN-03,1,1
11795,IPC_SYN,SYN-01,1,1
11796,IPC_SYN,SYN-01,1,1
11797,IPC_SYN,SYN-01,1,1
11798,IPC_SYN,SYN-01,1,1
11799,IPC_SYN,SYN-01,1,1
11800,SPECIAL_LAW_SYN,SYN-03,1,1
11801,IPC_SYN,SYN-01,1,1
11802,IPC_SYN,SYN-01,1,1
11803,IPC_SYN,SYN-01,1,1
11804,IPC_SYN,SYN-01,1,1
11805,SPECIAL_LAW_SYN,SYN-03,1,1
11806,IPC_SYN,SYN-01,1,1
11807,IPC_SYN,SYN-01,1,1
11808,IPC_SYN,SYN-01,1,1
11809,IPC_SYN,SYN-01,1,1
11810,SPECIAL_LAW_SYN,SYN-03,1,1
11811,IPC_SYN,SYN-01,1,1
11812,IT_ACT_SYN,SYN-02,1,1
11813,IT_ACT_SYN,SYN-02,1,1
11814,IPC_SYN,SYN-01,1,1
11815,SPECIAL_LAW_SYN,SYN-03,1,1
11816,IPC_SYN,SYN-01,1,1
11817,IPC_SYN,SYN-01,1,1
11818,IPC_SYN,SYN-01,1,1
11819,IT_ACT_SYN,SYN-02,1,1
11820,IPC_SYN,SYN-01,1,1
11821,IPC_SYN,SYN-01,1,1
11822,IPC_SYN,SYN-01,1,1
11823,IPC_SYN,SYN-01,1,1
11824,SPECIAL_LAW_SYN,SYN-03,1,1
11825,IT_ACT_SYN,SYN-02,1,1
11826,IPC_SYN,SYN-01,1,1
11827,IPC_SYN,SYN-01,1,1
11828,IPC_SYN,SYN-01,1,1
11829,IPC_SYN,SYN-01,1,1
11830,SPECIAL_LAW_SYN,SYN-03,1,1
11831,IPC_SYN,SYN-01,1,1
11832,SPECIAL_LAW_SYN,SYN-03,1,1
11833,IPC_SYN,SYN-01,1,1
11834,IPC_SYN,SYN-01,1,1
11835,IPC_SYN,SYN-01,1,1
11836,IPC_SYN,SYN-01,1,1
11837,SPECIAL_LAW_SYN,SYN-03,1,1
11838,IPC_SYN,SYN-01,1,1
11839,IT_ACT_SYN,SYN-02,1,1
11840,IPC_SYN,SYN-01,1,1
11841,SPECIAL_LAW_SYN,SYN-03,1,1
11842,IPC_SYN,SYN-01,1,1
11843,IPC_SYN,SYN-01,1,1
11844,SPECIAL_LAW_SYN,SYN-03,1,1
11845,SPECIAL_LAW_SYN,SYN-03,1,1
11846,IPC_SYN,SYN-01,1,1
11847,IPC_SYN,SYN-01,1,1
11848,IPC_SYN,SYN-01,1,1
11849,IPC_SYN,SYN-01,1,1
11850,SPECIAL_LAW_SYN,SYN-03,1,1
11851,IPC_SYN,SYN-01,1,1
11852,IT_ACT_SYN,SYN-02,1,1
11853,IPC_SYN,SYN-01,1,1
11854,IPC_SYN,SYN-01,1,1
11855,IPC_SYN,SYN-01,1,1
11856,SPECIAL_LAW_SYN,SYN-03,1,1
11857,IPC_SYN,SYN-01,1,1
11858,IPC_SYN,SYN-01,1,1
11859,SPECIAL_LAW_SYN,SYN-03,1,1
11860,SPECIAL_LAW_SYN,SYN-03,1,1
11861,IT_ACT_SYN,SYN-02,1,1
11862,IT_ACT_SYN,SYN-02,1,1
11863,IT_ACT_SYN,SYN-02,1,1
11864,SPECIAL_LAW_SYN,SYN-03,1,1
11865,IPC_SYN,SYN-01,1,1
11866,IPC_SYN,SYN-01,1,1
11867,IT_ACT_SYN,SYN-02,1,1
11868,IPC_SYN,SYN-01,1,1
11869,IPC_SYN,SYN-01,1,1
11870,SPECIAL_LAW_SYN,SYN-03,1,1
11871,IPC_SYN,SYN-01,1,1
11872,IPC_SYN,SYN-01,1,1
11873,IPC_SYN,SYN-01,1,1
11874,SPECIAL_LAW_SYN,SYN-03,1,1
11875,IPC_SYN,SYN-01,1,1
11876,SPECIAL_LAW_SYN,SYN-03,1,1
11877,IPC_SYN,SYN-01,1,1
11878,IPC_SYN,SYN-01,1,1
11879,IPC_SYN,SYN-01,1,1
11880,SPECIAL_LAW_SYN,SYN-03,1,1
11881,IT_ACT_SYN,SYN-02,1,1
11882,IPC_SYN,SYN-01,1,1
11883,IPC_SYN,SYN-01,1,1
11884,IPC_SYN,SYN-01,1,1
11885,SPECIAL_LAW_SYN,SYN-03,1,1
11886,IT_ACT_SYN,SYN-02,1,1
11887,IPC_SYN,SYN-01,1,1
11888,SPECIAL_LAW_SYN,SYN-03,1,1
11889,IPC_SYN,SYN-01,1,1
11890,IPC_SYN,SYN-01,1,1
11891,IPC_SYN,SYN-01,1,1
11892,SPECIAL_LAW_SYN,SYN-03,1,1
11893,IPC_SYN,SYN-01,1,1
11894,IT_ACT_SYN,SYN-02,1,1
11895,SPECIAL_LAW_SYN,SYN-03,1,1
11896,IPC_SYN,SYN-01,1,1
11897,IPC_SYN,SYN-01,1,1
11898,SPECIAL_LAW_SYN,SYN-03,1,1
11899,IPC_SYN,SYN-01,1,1
11900,IPC_SYN,SYN-01,1,1
11901,SPECIAL_LAW_SYN,SYN-03,1,1
11902,IPC_SYN,SYN-01,1,1
11903,IPC_SYN,SYN-01,1,1
11904,IPC_SYN,SYN-01,1,1
11905,IPC_SYN,SYN-01,1,1
11906,IPC_SYN,SYN-01,1,1
11907,SPECIAL_LAW_SYN,SYN-03,1,1
11908,IPC_SYN,SYN-01,1,1
11909,IPC_SYN,SYN-01,1,1
11910,IPC_SYN,SYN-01,1,1
11911,IPC_SYN,SYN-01,1,1
11912,SPECIAL_LAW_SYN,SYN-03,1,1
11913,IPC_SYN,SYN-01,1,1
11914,IPC_SYN,SYN-01,1,1
11915,IPC_SYN,SYN-01,1,1
11916,IT_ACT_SYN,SYN-02,1,1
11917,IPC_SYN,SYN-01,1,1
11918,IPC_SYN,SYN-01,1,1
11919,IPC_SYN,SYN-01,1,1
11920,SPECIAL_LAW_SYN,SYN-03,1,1
11921,SPECIAL_LAW_SYN,SYN-03,1,1
11922,SPECIAL_LAW_SYN,SYN-03,1,1
11923,SPECIAL_LAW_SYN,SYN-03,1,1
11924,SPECIAL_LAW_SYN,SYN-03,1,1
11925,IPC_SYN,SYN-01,1,1
11926,SPECIAL_LAW_SYN,SYN-03,1,1
11927,SPECIAL_LAW_SYN,SYN-03,1,1
11928,IT_ACT_SYN,SYN-02,1,1
11929,IPC_SYN,SYN-01,1,1
11930,IPC_SYN,SYN-01,1,1
11931,IPC_SYN,SYN-01,1,1
11932,SPECIAL_LAW_SYN,SYN-03,1,1
11933,SPECIAL_LAW_SYN,SYN-03,1,1
11934,IPC_SYN,SYN-01,1,1
11935,IPC_SYN,SYN-01,1,1
11936,SPECIAL_LAW_SYN,SYN-03,1,1
11937,IPC_SYN,SYN-01,1,1
11938,SPECIAL_LAW_SYN,SYN-03,1,1
11939,IPC_SYN,SYN-01,1,1
11940,IPC_SYN,SYN-01,1,1
11941,IPC_SYN,SYN-01,1,1
11942,SPECIAL_LAW_SYN,SYN-03,1,1
11943,IPC_SYN,SYN-01,1,1
11944,IPC_SYN,SYN-01,1,1
11945,SPECIAL_LAW_SYN,SYN-03,1,1
11946,SPECIAL_LAW_SYN,SYN-03,1,1
11947,SPECIAL_LAW_SYN,SYN-03,1,1
11948,IPC_SYN,SYN-01,1,1
11949,SPECIAL_LAW_SYN,SYN-03,1,1
11950,SPECIAL_LAW_SYN,SYN-03,1,1
11951,SPECIAL_LAW_SYN,SYN-03,1,1
11952,IPC_SYN,SYN-01,1,1
11953,IPC_SYN,SYN-01,1,1
11954,SPECIAL_LAW_SYN,SYN-03,1,1
11955,IPC_SYN,SYN-01,1,1
11956,IPC_SYN,SYN-01,1,1
11957,IPC_SYN,SYN-01,1,1
11958,IT_ACT_SYN,SYN-02,1,1
11959,SPECIAL_LAW_SYN,SYN-03,1,1
11960,IPC_SYN,SYN-01,1,1
11961,IT_ACT_SYN,SYN-02,1,1
11962,IPC_SYN,SYN-01,1,1
11963,IPC_SYN,SYN-01,1,1
11964,SPECIAL_LAW_SYN,SYN-03,1,1
11965,IPC_SYN,SYN-01,1,1
11966,IPC_SYN,SYN-01,1,1
11967,IPC_SYN,SYN-01,1,1
11968,IPC_SYN,SYN-01,1,1
11969,IPC_SYN,SYN-01,1,1
11970,IT_ACT_SYN,SYN-02,1,1
11971,IPC_SYN,SYN-01,1,1
11972,SPECIAL_LAW_SYN,SYN-03,1,1
11973,IPC_SYN,SYN-01,1,1
11974,SPECIAL_LAW_SYN,SYN-03,1,1
11975,IPC_SYN,SYN-01,1,1
11976,IPC_SYN,SYN-01,1,1
11977,SPECIAL_LAW_SYN,SYN-03,1,1
11978,IPC_SYN,SYN-01,1,1
11979,IT_ACT_SYN,SYN-02,1,1
11980,IPC_SYN,SYN-01,1,1
11981,IPC_SYN,SYN-01,1,1
11982,SPECIAL_LAW_SYN,SYN-03,1,1
11983,IPC_SYN,SYN-01,1,1
11984,IPC_SYN,SYN-01,1,1
11985,IPC_SYN,SYN-01,1,1
11986,SPECIAL_LAW_SYN,SYN-03,1,1
11987,SPECIAL_LAW_SYN,SYN-03,1,1
11988,IT_ACT_SYN,SYN-02,1,1
11989,IT_ACT_SYN,SYN-02,1,1
11990,SPECIAL_LAW_SYN,SYN-03,1,1
11991,IT_ACT_SYN,SYN-02,1,1
11992,SPECIAL_LAW_SYN,SYN-03,1,1
11993,IPC_SYN,SYN-01,1,1
11994,IPC_SYN,SYN-01,1,1
11995,IPC_SYN,SYN-01,1,1
11996,IPC_SYN,SYN-01,1,1
11997,IPC_SYN,SYN-01,1,1
11998,IT_ACT_SYN,SYN-02,1,1
11999,SPECIAL_LAW_SYN,SYN-03,1,1
12000,SPECIAL_LAW_SYN,SYN-03,1,1
12001,IPC_SYN,SYN-01,1,1
12002,SPECIAL_LAW_SYN,SYN-03,1,1
12003,IPC_SYN,SYN-01,1,1
12004,SPECIAL_LAW_SYN,SYN-03,1,1
12005,IPC_SYN,SYN-01,1,1
12006,IPC_SYN,SYN-01,1,1
12007,IPC_SYN,SYN-01,1,1
12008,IPC_SYN,SYN-01,1,1
12009,IPC_SYN,SYN-01,1,1
12010,IT_ACT_SYN,SYN-02,1,1
12011,IT_ACT_SYN,SYN-02,1,1
12012,SPECIAL_LAW_SYN,SYN-03,1,1
12013,SPECIAL_LAW_SYN,SYN-03,1,1
12014,IPC_SYN,SYN-01,1,1
12015,SPECIAL_LAW_SYN,SYN-03,1,1
12016,IPC_SYN,SYN-01,1,1
12017,IPC_SYN,SYN-01,1,1
12018,SPECIAL_LAW_SYN,SYN-03,1,1
12019,SPECIAL_LAW_SYN,SYN-03,1,1
12020,IPC_SYN,SYN-01,1,1
12021,IPC_SYN,SYN-01,1,1
12022,IPC_SYN,SYN-01,1,1
12023,SPECIAL_LAW_SYN,SYN-03,1,1
12024,IPC_SYN,SYN-01,1,1
12025,IPC_SYN,SYN-01,1,1
12026,SPECIAL_LAW_SYN,SYN-03,1,1
12027,SPECIAL_LAW_SYN,SYN-03,1,1
12028,IT_ACT_SYN,SYN-02,1,1
12029,IPC_SYN,SYN-01,1,1
12030,IPC_SYN,SYN-01,1,1
12031,SPECIAL_LAW_SYN,SYN-03,1,1
12032,SPECIAL_LAW_SYN,SYN-03,1,1
12033,IPC_SYN,SYN-01,1,1
12034,IT_ACT_SYN,SYN-02,1,1
12035,IPC_SYN,SYN-01,1,1
12036,IPC_SYN,SYN-01,1,1
12037,SPECIAL_LAW_SYN,SYN-03,1,1
12038,IPC_SYN,SYN-01,1,1
12039,IPC_SYN,SYN-01,1,1
12040,IPC_SYN,SYN-01,1,1
12041,SPECIAL_LAW_SYN,SYN-03,1,1
12042,IT_ACT_SYN,SYN-02,1,1
12043,SPECIAL_LAW_SYN,SYN-03,1,1
12044,IPC_SYN,SYN-01,1,1
12045,IPC_SYN,SYN-01,1,1
12046,SPECIAL_LAW_SYN,SYN-03,1,1
12047,SPECIAL_LAW_SYN,SYN-03,1,1
12048,IPC_SYN,SYN-01,1,1
12049,SPECIAL_LAW_SYN,SYN-03,1,1
12050,SPECIAL_LAW_SYN,SYN-03,1,1
12051,SPECIAL_LAW_SYN,SYN-03,1,1
12052,IT_ACT_SYN,SYN-02,1,1
12053,IPC_SYN,SYN-01,1,1
12054,IPC_SYN,SYN-01,1,1
12055,IPC_SYN,SYN-01,1,1
12056,SPECIAL_LAW_SYN,SYN-03,1,1
12057,SPECIAL_LAW_SYN,SYN-03,1,1
12058,IPC_SYN,SYN-01,1,1
12059,SPECIAL_LAW_SYN,SYN-03,1,1
12060,SPECIAL_LAW_SYN,SYN-03,1,1
12061,IPC_SYN,SYN-01,1,1
12062,IPC_SYN,SYN-01,1,1
12063,IPC_SYN,SYN-01,1,1
12064,SPECIAL_LAW_SYN,SYN-03,1,1
12065,IPC_SYN,SYN-01,1,1
12066,IPC_SYN,SYN-01,1,1
12067,SPECIAL_LAW_SYN,SYN-03,1,1
12068,IPC_SYN,SYN-01,1,1
12069,IPC_SYN,SYN-01,1,1
12070,IPC_SYN,SYN-01,1,1
12071,IT_ACT_SYN,SYN-02,1,1
12072,IPC_SYN,SYN-01,1,1
12073,IPC_SYN,SYN-01,1,1
12074,IPC_SYN,SYN-01,1,1
12075,IPC_SYN,SYN-01,1,1
12076,IPC_SYN,SYN-01,1,1
12077,IPC_SYN,SYN-01,1,1
12078,IPC_SYN,SYN-01,1,1
12079,IPC_SYN,SYN-01,1,1
12080,SPECIAL_LAW_SYN,SYN-03,1,1
12081,IPC_SYN,SYN-01,1,1
12082,IT_ACT_SYN,SYN-02,1,1
12083,IPC_SYN,SYN-01,1,1
12084,IT_ACT_SYN,SYN-02,1,1
12085,IPC_SYN,SYN-01,1,1
12086,IPC_SYN,SYN-01,1,1
12087,IT_ACT_SYN,SYN-02,1,1
12088,SPECIAL_LAW_SYN,SYN-03,1,1
12089,IPC_SYN,SYN-01,1,1
12090,IPC_SYN,SYN-01,1,1
12091,IPC_SYN,SYN-01,1,1
12092,IPC_SYN,SYN-01,1,1
12093,IPC_SYN,SYN-01,1,1
12094,IPC_SYN,SYN-01,1,1
12095,IPC_SYN,SYN-01,1,1
12096,IT_ACT_SYN,SYN-02,1,1
12097,IPC_SYN,SYN-01,1,1
12098,IPC_SYN,SYN-01,1,1
12099,SPECIAL_LAW_SYN,SYN-03,1,1
12100,IPC_SYN,SYN-01,1,1
12101,SPECIAL_LAW_SYN,SYN-03,1,1
12102,IPC_SYN,SYN-01,1,1
12103,IPC_SYN,SYN-01,1,1
12104,SPECIAL_LAW_SYN,SYN-03,1,1
12105,IT_ACT_SYN,SYN-02,1,1
12106,IPC_SYN,SYN-01,1,1
12107,IPC_SYN,SYN-01,1,1
12108,IPC_SYN,SYN-01,1,1
12109,SPECIAL_LAW_SYN,SYN-03,1,1
12110,IPC_SYN,SYN-01,1,1
12111,IPC_SYN,SYN-01,1,1
12112,SPECIAL_LAW_SYN,SYN-03,1,1
12113,IT_ACT_SYN,SYN-02,1,1
12114,IT_ACT_SYN,SYN-02,1,1
12115,IPC_SYN,SYN-01,1,1
12116,IPC_SYN,SYN-01,1,1
12117,IPC_SYN,SYN-01,1,1
12118,IPC_SYN,SYN-01,1,1
12119,IPC_SYN,SYN-01,1,1
12120,IT_ACT_SYN,SYN-02,1,1
12121,IPC_SYN,SYN-01,1,1
12122,IPC_SYN,SYN-01,1,1
12123,IT_ACT_SYN,SYN-02,1,1
12124,SPECIAL_LAW_SYN,SYN-03,1,1
12125,SPECIAL_LAW_SYN,SYN-03,1,1
12126,IPC_SYN,SYN-01,1,1
12127,IPC_SYN,SYN-01,1,1
12128,IPC_SYN,SYN-01,1,1
12129,SPECIAL_LAW_SYN,SYN-03,1,1
12130,IPC_SYN,SYN-01,1,1
12131,IPC_SYN,SYN-01,1,1
12132,IPC_SYN,SYN-01,1,1
12133,IT_ACT_SYN,SYN-02,1,1
12134,IPC_SYN,SYN-01,1,1
12135,SPECIAL_LAW_SYN,SYN-03,1,1
12136,IPC_SYN,SYN-01,1,1
12137,SPECIAL_LAW_SYN,SYN-03,1,1
12138,IPC_SYN,SYN-01,1,1
12139,SPECIAL_LAW_SYN,SYN-03,1,1
12140,IT_ACT_SYN,SYN-02,1,1
12141,IPC_SYN,SYN-01,1,1
12142,IPC_SYN,SYN-01,1,1
12143,IPC_SYN,SYN-01,1,1
12144,SPECIAL_LAW_SYN,SYN-03,1,1
12145,IPC_SYN,SYN-01,1,1
12146,IPC_SYN,SYN-01,1,1
12147,IPC_SYN,SYN-01,1,1
12148,IPC_SYN,SYN-01,1,1
12149,SPECIAL_LAW_SYN,SYN-03,1,1
12150,SPECIAL_LAW_SYN,SYN-03,1,1
12151,IPC_SYN,SYN-01,1,1
12152,IPC_SYN,SYN-01,1,1
12153,IT_ACT_SYN,SYN-02,1,1
12154,SPECIAL_LAW_SYN,SYN-03,1,1
12155,IPC_SYN,SYN-01,1,1
12156,IT_ACT_SYN,SYN-02,1,1
12157,IPC_SYN,SYN-01,1,1
12158,SPECIAL_LAW_SYN,SYN-03,1,1
12159,IPC_SYN,SYN-01,1,1
12160,IPC_SYN,SYN-01,1,1
12161,SPECIAL_LAW_SYN,SYN-03,1,1
12162,SPECIAL_LAW_SYN,SYN-03,1,1
12163,IPC_SYN,SYN-01,1,1
12164,IPC_SYN,SYN-01,1,1
12165,IPC_SYN,SYN-01,1,1
12166,IT_ACT_SYN,SYN-02,1,1
12167,IPC_SYN,SYN-01,1,1
12168,IT_ACT_SYN,SYN-02,1,1
12169,IPC_SYN,SYN-01,1,1
12170,IPC_SYN,SYN-01,1,1
12171,IPC_SYN,SYN-01,1,1
12172,IPC_SYN,SYN-01,1,1
12173,IPC_SYN,SYN-01,1,1
12174,IPC_SYN,SYN-01,1,1
12175,IPC_SYN,SYN-01,1,1
12176,IPC_SYN,SYN-01,1,1
12177,IPC_SYN,SYN-01,1,1
12178,SPECIAL_LAW_SYN,SYN-03,1,1
12179,IPC_SYN,SYN-01,1,1
12180,IPC_SYN,SYN-01,1,1
12181,IPC_SYN,SYN-01,1,1
12182,IT_ACT_SYN,SYN-02,1,1
12183,IPC_SYN,SYN-01,1,1
12184,IPC_SYN,SYN-01,1,1
12185,SPECIAL_LAW_SYN,SYN-03,1,1
12186,IPC_SYN,SYN-01,1,1
12187,SPECIAL_LAW_SYN,SYN-03,1,1
12188,SPECIAL_LAW_SYN,SYN-03,1,1
12189,IT_ACT_SYN,SYN-02,1,1
12190,IPC_SYN,SYN-01,1,1
12191,IPC_SYN,SYN-01,1,1
12192,IPC_SYN,SYN-01,1,1
12193,IPC_SYN,SYN-01,1,1
12194,SPECIAL_LAW_SYN,SYN-03,1,1
12195,IPC_SYN,SYN-01,1,1
12196,IT_ACT_SYN,SYN-02,1,1
12197,SPECIAL_LAW_SYN,SYN-03,1,1
12198,IPC_SYN,SYN-01,1,1
12199,SPECIAL_LAW_SYN,SYN-03,1,1
12200,IPC_SYN,SYN-01,1,1
12201,SPECIAL_LAW_SYN,SYN-03,1,1
12202,SPECIAL_LAW_SYN,SYN-03,1,1
12203,IPC_SYN,SYN-01,1,1
12204,IPC_SYN,SYN-01,1,1
12205,SPECIAL_LAW_SYN,SYN-03,1,1
12206,IT_ACT_SYN,SYN-02,1,1
12207,IPC_SYN,SYN-01,1,1
12208,IT_ACT_SYN,SYN-02,1,1
12209,IPC_SYN,SYN-01,1,1
12210,IPC_SYN,SYN-01,1,1
12211,IPC_SYN,SYN-01,1,1
12212,IPC_SYN,SYN-01,1,1
12213,IPC_SYN,SYN-01,1,1
12214,IPC_SYN,SYN-01,1,1
12215,SPECIAL_LAW_SYN,SYN-03,1,1
12216,SPECIAL_LAW_SYN,SYN-03,1,1
12217,SPECIAL_LAW_SYN,SYN-03,1,1
12218,SPECIAL_LAW_SYN,SYN-03,1,1
12219,IT_ACT_SYN,SYN-02,1,1
12220,SPECIAL_LAW_SYN,SYN-03,1,1
12221,IPC_SYN,SYN-01,1,1
12222,IPC_SYN,SYN-01,1,1
12223,IPC_SYN,SYN-01,1,1
12224,IPC_SYN,SYN-01,1,1
12225,IPC_SYN,SYN-01,1,1
12226,IPC_SYN,SYN-01,1,1
12227,IPC_SYN,SYN-01,1,1
12228,IPC_SYN,SYN-01,1,1
12229,SPECIAL_LAW_SYN,SYN-03,1,1
12230,IT_ACT_SYN,SYN-02,1,1
12231,IT_ACT_SYN,SYN-02,1,1
12232,IPC_SYN,SYN-01,1,1
12233,IPC_SYN,SYN-01,1,1
12234,IPC_SYN,SYN-01,1,1
12235,IPC_SYN,SYN-01,1,1
12236,IPC_SYN,SYN-01,1,1
12237,IPC_SYN,SYN-01,1,1
12238,SPECIAL_LAW_SYN,SYN-03,1,1
12239,SPECIAL_LAW_SYN,SYN-03,1,1
12240,IPC_SYN,SYN-01,1,1
12241,SPECIAL_LAW_SYN,SYN-03,1,1
12242,SPECIAL_LAW_SYN,SYN-03,1,1
12243,IT_ACT_SYN,SYN-02,1,1
12244,IPC_SYN,SYN-01,1,1
12245,SPECIAL_LAW_SYN,SYN-03,1,1
12246,IPC_SYN,SYN-01,1,1
12247,IPC_SYN,SYN-01,1,1
12248,IT_ACT_SYN,SYN-02,1,1
12249,IPC_SYN,SYN-01,1,1
12250,IPC_SYN,SYN-01,1,1
12251,IPC_SYN,SYN-01,1,1
12252,IT_ACT_SYN,SYN-02,1,1
12253,IT_ACT_SYN,SYN-02,1,1
12254,IPC_SYN,SYN-01,1,1
12255,SPECIAL_LAW_SYN,SYN-03,1,1
12256,IPC_SYN,SYN-01,1,1
12257,SPECIAL_LAW_SYN,SYN-03,1,1
12258,SPECIAL_LAW_SYN,SYN-03,1,1
12259,SPECIAL_LAW_SYN,SYN-03,1,1
12260,IPC_SYN,SYN-01,1,1
12261,IPC_SYN,SYN-01,1,1
12262,IT_ACT_SYN,SYN-02,1,1
12263,IPC_SYN,SYN-01,1,1
12264,SPECIAL_LAW_SYN,SYN-03,1,1
12265,IPC_SYN,SYN-01,1,1
12266,SPECIAL_LAW_SYN,SYN-03,1,1
12267,IPC_SYN,SYN-01,1,1
12268,IPC_SYN,SYN-01,1,1
12269,IPC_SYN,SYN-01,1,1
12270,IPC_SYN,SYN-01,1,1
12271,IPC_SYN,SYN-01,1,1
12272,IPC_SYN,SYN-01,1,1
12273,SPECIAL_LAW_SYN,SYN-03,1,1
12274,IPC_SYN,SYN-01,1,1
12275,IPC_SYN,SYN-01,1,1
12276,IPC_SYN,SYN-01,1,1
12277,IPC_SYN,SYN-01,1,1
12278,IPC_SYN,SYN-01,1,1
12279,IPC_SYN,SYN-01,1,1
12280,IPC_SYN,SYN-01,1,1
12281,IPC_SYN,SYN-01,1,1
12282,IPC_SYN,SYN-01,1,1
12283,IPC_SYN,SYN-01,1,1
12284,SPECIAL_LAW_SYN,SYN-03,1,1
12285,IPC_SYN,SYN-01,1,1
12286,SPECIAL_LAW_SYN,SYN-03,1,1
12287,SPECIAL_LAW_SYN,SYN-03,1,1
12288,IPC_SYN,SYN-01,1,1
12289,IPC_SYN,SYN-01,1,1
12290,IPC_SYN,SYN-01,1,1
12291,IPC_SYN,SYN-01,1,1
12292,IPC_SYN,SYN-01,1,1
12293,IT_ACT_SYN,SYN-02,1,1
12294,IPC_SYN,SYN-01,1,1
12295,IT_ACT_SYN,SYN-02,1,1
12296,IT_ACT_SYN,SYN-02,1,1
12297,IPC_SYN,SYN-01,1,1
12298,IPC_SYN,SYN-01,1,1
12299,IT_ACT_SYN,SYN-02,1,1
12300,SPECIAL_LAW_SYN,SYN-03,1,1
12301,IPC_SYN,SYN-01,1,1
12302,IT_ACT_SYN,SYN-02,1,1
12303,IPC_SYN,SYN-01,1,1
12304,SPECIAL_LAW_SYN,SYN-03,1,1
12305,IPC_SYN,SYN-01,1,1
12306,IT_ACT_SYN,SYN-02,1,1
12307,SPECIAL_LAW_SYN,SYN-03,1,1
12308,SPECIAL_LAW_SYN,SYN-03,1,1
12309,SPECIAL_LAW_SYN,SYN-03,1,1
12310,SPECIAL_LAW_SYN,SYN-03,1,1
12311,SPECIAL_LAW_SYN,SYN-03,1,1
12312,SPECIAL_LAW_SYN,SYN-03,1,1
12313,IPC_SYN,SYN-01,1,1
12314,SPECIAL_LAW_SYN,SYN-03,1,1
12315,SPECIAL_LAW_SYN,SYN-03,1,1
12316,SPECIAL_LAW_SYN,SYN-03,1,1
12317,IPC_SYN,SYN-01,1,1
12318,IT_ACT_SYN,SYN-02,1,1
12319,SPECIAL_LAW_SYN,SYN-03,1,1
12320,IPC_SYN,SYN-01,1,1
12321,IPC_SYN,SYN-01,1,1
12322,IPC_SYN,SYN-01,1,1
12323,IPC_SYN,SYN-01,1,1
12324,SPECIAL_LAW_SYN,SYN-03,1,1
12325,IPC_SYN,SYN-01,1,1
12326,IPC_SYN,SYN-01,1,1
12327,SPECIAL_LAW_SYN,SYN-03,1,1
12328,IPC_SYN,SYN-01,1,1
12329,IPC_SYN,SYN-01,1,1
12330,IPC_SYN,SYN-01,1,1
12331,IPC_SYN,SYN-01,1,1
12332,IPC_SYN,SYN-01,1,1
12333,SPECIAL_LAW_SYN,SYN-03,1,1
12334,IPC_SYN,SYN-01,1,1
12335,SPECIAL_LAW_SYN,SYN-03,1,1
12336,IPC_SYN,SYN-01,1,1
12337,SPECIAL_LAW_SYN,SYN-03,1,1
12338,SPECIAL_LAW_SYN,SYN-03,1,1
12339,IPC_SYN,SYN-01,1,1
12340,IPC_SYN,SYN-01,1,1
12341,IPC_SYN,SYN-01,1,1
12342,SPECIAL_LAW_SYN,SYN-03,1,1
12343,IPC_SYN,SYN-01,1,1
12344,IPC_SYN,SYN-01,1,1
12345,IT_ACT_SYN,SYN-02,1,1
12346,IT_ACT_SYN,SYN-02,1,1
12347,IT_ACT_SYN,SYN-02,1,1
12348,SPECIAL_LAW_SYN,SYN-03,1,1
12349,SPECIAL_LAW_SYN,SYN-03,1,1
12350,IPC_SYN,SYN-01,1,1
12351,IPC_SYN,SYN-01,1,1
12352,IPC_SYN,SYN-01,1,1
12353,IPC_SYN,SYN-01,1,1
12354,SPECIAL_LAW_SYN,SYN-03,1,1
12355,IPC_SYN,SYN-01,1,1
12356,SPECIAL_LAW_SYN,SYN-03,1,1
12357,IPC_SYN,SYN-01,1,1
12358,IPC_SYN,SYN-01,1,1
12359,SPECIAL_LAW_SYN,SYN-03,1,1
12360,IPC_SYN,SYN-01,1,1
12361,IPC_SYN,SYN-01,1,1
12362,IPC_SYN,SYN-01,1,1
12363,SPECIAL_LAW_SYN,SYN-03,1,1
12364,IPC_SYN,SYN-01,1,1
12365,IT_ACT_SYN,SYN-02,1,1
12366,IPC_SYN,SYN-01,1,1
12367,IPC_SYN,SYN-01,1,1
12368,SPECIAL_LAW_SYN,SYN-03,1,1
12369,IPC_SYN,SYN-01,1,1
12370,IT_ACT_SYN,SYN-02,1,1
12371,IPC_SYN,SYN-01,1,1
12372,IPC_SYN,SYN-01,1,1
12373,SPECIAL_LAW_SYN,SYN-03,1,1
12374,IT_ACT_SYN,SYN-02,1,1
12375,SPECIAL_LAW_SYN,SYN-03,1,1
12376,SPECIAL_LAW_SYN,SYN-03,1,1
12377,IPC_SYN,SYN-01,1,1
12378,SPECIAL_LAW_SYN,SYN-03,1,1
12379,SPECIAL_LAW_SYN,SYN-03,1,1
12380,IPC_SYN,SYN-01,1,1
12381,IPC_SYN,SYN-01,1,1
12382,SPECIAL_LAW_SYN,SYN-03,1,1
12383,IPC_SYN,SYN-01,1,1
12384,SPECIAL_LAW_SYN,SYN-03,1,1
12385,IPC_SYN,SYN-01,1,1
12386,IT_ACT_SYN,SYN-02,1,1
12387,IT_ACT_SYN,SYN-02,1,1
12388,IT_ACT_SYN,SYN-02,1,1
12389,IPC_SYN,SYN-01,1,1
12390,SPECIAL_LAW_SYN,SYN-03,1,1
12391,IPC_SYN,SYN-01,1,1
12392,IPC_SYN,SYN-01,1,1
12393,IPC_SYN,SYN-01,1,1
12394,SPECIAL_LAW_SYN,SYN-03,1,1
12395,IPC_SYN,SYN-01,1,1
12396,IPC_SYN,SYN-01,1,1
12397,IPC_SYN,SYN-01,1,1
12398,SPECIAL_LAW_SYN,SYN-03,1,1
12399,IPC_SYN,SYN-01,1,1
12400,SPECIAL_LAW_SYN,SYN-03,1,1
12401,SPECIAL_LAW_SYN,SYN-03,1,1
12402,IPC_SYN,SYN-01,1,1
12403,IPC_SYN,SYN-01,1,1
12404,SPECIAL_LAW_SYN,SYN-03,1,1
12405,IPC_SYN,SYN-01,1,1
12406,IPC_SYN,SYN-01,1,1
12407,SPECIAL_LAW_SYN,SYN-03,1,1
12408,SPECIAL_LAW_SYN,SYN-03,1,1
12409,IPC_SYN,SYN-01,1,1
12410,SPECIAL_LAW_SYN,SYN-03,1,1
12411,IPC_SYN,SYN-01,1,1
12412,IT_ACT_SYN,SYN-02,1,1
12413,SPECIAL_LAW_SYN,SYN-03,1,1
12414,IPC_SYN,SYN-01,1,1
12415,SPECIAL_LAW_SYN,SYN-03,1,1
12416,SPECIAL_LAW_SYN,SYN-03,1,1
12417,IPC_SYN,SYN-01,1,1
12418,IT_ACT_SYN,SYN-02,1,1
12419,IPC_SYN,SYN-01,1,1
12420,IPC_SYN,SYN-01,1,1
12421,IPC_SYN,SYN-01,1,1
12422,SPECIAL_LAW_SYN,SYN-03,1,1
12423,IPC_SYN,SYN-01,1,1
12424,SPECIAL_LAW_SYN,SYN-03,1,1
12425,SPECIAL_LAW_SYN,SYN-03,1,1
12426,SPECIAL_LAW_SYN,SYN-03,1,1
12427,IPC_SYN,SYN-01,1,1
12428,IPC_SYN,SYN-01,1,1
12429,IPC_SYN,SYN-01,1,1
12430,SPECIAL_LAW_SYN,SYN-03,1,1
12431,IPC_SYN,SYN-01,1,1
12432,SPECIAL_LAW_SYN,SYN-03,1,1
12433,IPC_SYN,SYN-01,1,1
12434,IPC_SYN,SYN-01,1,1
12435,SPECIAL_LAW_SYN,SYN-03,1,1
12436,IPC_SYN,SYN-01,1,1
12437,SPECIAL_LAW_SYN,SYN-03,1,1
12438,IPC_SYN,SYN-01,1,1
12439,IPC_SYN,SYN-01,1,1
12440,SPECIAL_LAW_SYN,SYN-03,1,1
12441,IPC_SYN,SYN-01,1,1
12442,IPC_SYN,SYN-01,1,1
12443,IPC_SYN,SYN-01,1,1
12444,IPC_SYN,SYN-01,1,1
12445,IPC_SYN,SYN-01,1,1
12446,IPC_SYN,SYN-01,1,1
12447,IPC_SYN,SYN-01,1,1
12448,IPC_SYN,SYN-01,1,1
12449,IPC_SYN,SYN-01,1,1
12450,SPECIAL_LAW_SYN,SYN-03,1,1
12451,SPECIAL_LAW_SYN,SYN-03,1,1
12452,IPC_SYN,SYN-01,1,1
12453,IPC_SYN,SYN-01,1,1
12454,IPC_SYN,SYN-01,1,1
12455,SPECIAL_LAW_SYN,SYN-03,1,1
12456,IPC_SYN,SYN-01,1,1
12457,IPC_SYN,SYN-01,1,1
12458,IPC_SYN,SYN-01,1,1
12459,IPC_SYN,SYN-01,1,1
12460,SPECIAL_LAW_SYN,SYN-03,1,1
12461,IPC_SYN,SYN-01,1,1
12462,IPC_SYN,SYN-01,1,1
12463,IPC_SYN,SYN-01,1,1
12464,IPC_SYN,SYN-01,1,1
12465,IPC_SYN,SYN-01,1,1
12466,SPECIAL_LAW_SYN,SYN-03,1,1
12467,SPECIAL_LAW_SYN,SYN-03,1,1
12468,IPC_SYN,SYN-01,1,1
12469,IPC_SYN,SYN-01,1,1
12470,IT_ACT_SYN,SYN-02,1,1
12471,IPC_SYN,SYN-01,1,1
12472,IPC_SYN,SYN-01,1,1
12473,IPC_SYN,SYN-01,1,1
12474,SPECIAL_LAW_SYN,SYN-03,1,1
12475,SPECIAL_LAW_SYN,SYN-03,1,1
12476,IT_ACT_SYN,SYN-02,1,1
12477,SPECIAL_LAW_SYN,SYN-03,1,1
12478,IPC_SYN,SYN-01,1,1
12479,SPECIAL_LAW_SYN,SYN-03,1,1
12480,SPECIAL_LAW_SYN,SYN-03,1,1
12481,IPC_SYN,SYN-01,1,1
12482,IPC_SYN,SYN-01,1,1
12483,SPECIAL_LAW_SYN,SYN-03,1,1
12484,IPC_SYN,SYN-01,1,1
12485,SPECIAL_LAW_SYN,SYN-03,1,1
12486,IT_ACT_SYN,SYN-02,1,1
12487,IPC_SYN,SYN-01,1,1
12488,IPC_SYN,SYN-01,1,1
12489,SPECIAL_LAW_SYN,SYN-03,1,1
12490,IPC_SYN,SYN-01,1,1
12491,IPC_SYN,SYN-01,1,1
12492,IPC_SYN,SYN-01,1,1
12493,SPECIAL_LAW_SYN,SYN-03,1,1
12494,IPC_SYN,SYN-01,1,1
12495,IPC_SYN,SYN-01,1,1
12496,SPECIAL_LAW_SYN,SYN-03,1,1
12497,IPC_SYN,SYN-01,1,1
12498,IPC_SYN,SYN-01,1,1
12499,IPC_SYN,SYN-01,1,1
12500,SPECIAL_LAW_SYN,SYN-03,1,1
12501,IPC_SYN,SYN-01,1,1
12502,SPECIAL_LAW_SYN,SYN-03,1,1
12503,IPC_SYN,SYN-01,1,1
12504,SPECIAL_LAW_SYN,SYN-03,1,1
12505,IPC_SYN,SYN-01,1,1
12506,IPC_SYN,SYN-01,1,1
12507,IPC_SYN,SYN-01,1,1
12508,IPC_SYN,SYN-01,1,1
12509,IPC_SYN,SYN-01,1,1
12510,IPC_SYN,SYN-01,1,1
12511,IPC_SYN,SYN-01,1,1
12512,IPC_SYN,SYN-01,1,1
12513,IPC_SYN,SYN-01,1,1
12514,IPC_SYN,SYN-01,1,1
12515,SPECIAL_LAW_SYN,SYN-03,1,1
12516,IPC_SYN,SYN-01,1,1
12517,SPECIAL_LAW_SYN,SYN-03,1,1
12518,IPC_SYN,SYN-01,1,1
12519,IPC_SYN,SYN-01,1,1
12520,IPC_SYN,SYN-01,1,1
12521,SPECIAL_LAW_SYN,SYN-03,1,1
12522,SPECIAL_LAW_SYN,SYN-03,1,1
12523,IPC_SYN,SYN-01,1,1
12524,IT_ACT_SYN,SYN-02,1,1
12525,SPECIAL_LAW_SYN,SYN-03,1,1
12526,SPECIAL_LAW_SYN,SYN-03,1,1
12527,IPC_SYN,SYN-01,1,1
12528,IPC_SYN,SYN-01,1,1
12529,SPECIAL_LAW_SYN,SYN-03,1,1
12530,IPC_SYN,SYN-01,1,1
12531,IPC_SYN,SYN-01,1,1
12532,SPECIAL_LAW_SYN,SYN-03,1,1
12533,IPC_SYN,SYN-01,1,1
12534,IT_ACT_SYN,SYN-02,1,1
12535,SPECIAL_LAW_SYN,SYN-03,1,1
12536,IPC_SYN,SYN-01,1,1
12537,IPC_SYN,SYN-01,1,1
12538,SPECIAL_LAW_SYN,SYN-03,1,1
12539,IPC_SYN,SYN-01,1,1
12540,IPC_SYN,SYN-01,1,1
12541,SPECIAL_LAW_SYN,SYN-03,1,1
12542,IPC_SYN,SYN-01,1,1
12543,SPECIAL_LAW_SYN,SYN-03,1,1
12544,IPC_SYN,SYN-01,1,1
12545,SPECIAL_LAW_SYN,SYN-03,1,1
12546,SPECIAL_LAW_SYN,SYN-03,1,1
12547,SPECIAL_LAW_SYN,SYN-03,1,1
12548,IPC_SYN,SYN-01,1,1
12549,SPECIAL_LAW_SYN,SYN-03,1,1
12550,IPC_SYN,SYN-01,1,1
12551,SPECIAL_LAW_SYN,SYN-03,1,1
12552,IPC_SYN,SYN-01,1,1
12553,SPECIAL_LAW_SYN,SYN-03,1,1
12554,IT_ACT_SYN,SYN-02,1,1
12555,IPC_SYN,SYN-01,1,1
12556,IPC_SYN,SYN-01,1,1
12557,SPECIAL_LAW_SYN,SYN-03,1,1
12558,IT_ACT_SYN,SYN-02,1,1
12559,SPECIAL_LAW_SYN,SYN-03,1,1
12560,IPC_SYN,SYN-01,1,1
12561,IPC_SYN,SYN-01,1,1
12562,IPC_SYN,SYN-01,1,1
12563,IPC_SYN,SYN-01,1,1
12564,IPC_SYN,SYN-01,1,1
12565,SPECIAL_LAW_SYN,SYN-03,1,1
12566,SPECIAL_LAW_SYN,SYN-03,1,1
12567,IT_ACT_SYN,SYN-02,1,1
12568,IPC_SYN,SYN-01,1,1
12569,SPECIAL_LAW_SYN,SYN-03,1,1
12570,IPC_SYN,SYN-01,1,1
12571,IPC_SYN,SYN-01,1,1
12572,SPECIAL_LAW_SYN,SYN-03,1,1
12573,IPC_SYN,SYN-01,1,1
12574,IPC_SYN,SYN-01,1,1
12575,IPC_SYN,SYN-01,1,1
12576,IPC_SYN,SYN-01,1,1
12577,IPC_SYN,SYN-01,1,1
12578,SPECIAL_LAW_SYN,SYN-03,1,1
12579,IPC_SYN,SYN-01,1,1
12580,SPECIAL_LAW_SYN,SYN-03,1,1
12581,IPC_SYN,SYN-01,1,1
12582,IPC_SYN,SYN-01,1,1
12583,IT_ACT_SYN,SYN-02,1,1
12584,IT_ACT_SYN,SYN-02,1,1
12585,SPECIAL_LAW_SYN,SYN-03,1,1
12586,IPC_SYN,SYN-01,1,1
12587,SPECIAL_LAW_SYN,SYN-03,1,1
12588,IPC_SYN,SYN-01,1,1
12589,IPC_SYN,SYN-01,1,1
12590,SPECIAL_LAW_SYN,SYN-03,1,1
12591,IPC_SYN,SYN-01,1,1
12592,SPECIAL_LAW_SYN,SYN-03,1,1
12593,IPC_SYN,SYN-01,1,1
12594,IPC_SYN,SYN-01,1,1
12595,IPC_SYN,SYN-01,1,1
12596,IT_ACT_SYN,SYN-02,1,1
12597,IPC_SYN,SYN-01,1,1
12598,SPECIAL_LAW_SYN,SYN-03,1,1
12599,SPECIAL_LAW_SYN,SYN-03,1,1
12600,SPECIAL_LAW_SYN,SYN-03,1,1
12601,IPC_SYN,SYN-01,1,1
12602,IPC_SYN,SYN-01,1,1
12603,IPC_SYN,SYN-01,1,1
12604,IPC_SYN,SYN-01,1,1
12605,IPC_SYN,SYN-01,1,1
12606,IPC_SYN,SYN-01,1,1
12607,SPECIAL_LAW_SYN,SYN-03,1,1
12608,IT_ACT_SYN,SYN-02,1,1
12609,IPC_SYN,SYN-01,1,1
12610,IPC_SYN,SYN-01,1,1
12611,IPC_SYN,SYN-01,1,1
12612,SPECIAL_LAW_SYN,SYN-03,1,1
12613,SPECIAL_LAW_SYN,SYN-03,1,1
12614,IPC_SYN,SYN-01,1,1
12615,IPC_SYN,SYN-01,1,1
12616,SPECIAL_LAW_SYN,SYN-03,1,1
12617,IPC_SYN,SYN-01,1,1
12618,SPECIAL_LAW_SYN,SYN-03,1,1
12619,IT_ACT_SYN,SYN-02,1,1
12620,IPC_SYN,SYN-01,1,1
12621,IPC_SYN,SYN-01,1,1
12622,SPECIAL_LAW_SYN,SYN-03,1,1
12623,SPECIAL_LAW_SYN,SYN-03,1,1
12624,IPC_SYN,SYN-01,1,1
12625,IPC_SYN,SYN-01,1,1
12626,IPC_SYN,SYN-01,1,1
12627,IPC_SYN,SYN-01,1,1
12628,IPC_SYN,SYN-01,1,1
12629,IPC_SYN,SYN-01,1,1
12630,SPECIAL_LAW_SYN,SYN-03,1,1
12631,IPC_SYN,SYN-01,1,1
12632,IPC_SYN,SYN-01,1,1
12633,IPC_SYN,SYN-01,1,1
12634,IT_ACT_SYN,SYN-02,1,1
12635,IPC_SYN,SYN-01,1,1
12636,IPC_SYN,SYN-01,1,1
12637,SPECIAL_LAW_SYN,SYN-03,1,1
12638,IPC_SYN,SYN-01,1,1
12639,IPC_SYN,SYN-01,1,1
12640,IT_ACT_SYN,SYN-02,1,1
12641,IPC_SYN,SYN-01,1,1
12642,IT_ACT_SYN,SYN-02,1,1
12643,SPECIAL_LAW_SYN,SYN-03,1,1
12644,SPECIAL_LAW_SYN,SYN-03,1,1
12645,SPECIAL_LAW_SYN,SYN-03,1,1
12646,SPECIAL_LAW_SYN,SYN-03,1,1
12647,IPC_SYN,SYN-01,1,1
12648,IPC_SYN,SYN-01,1,1
12649,IPC_SYN,SYN-01,1,1
12650,IPC_SYN,SYN-01,1,1
12651,IPC_SYN,SYN-01,1,1
12652,IPC_SYN,SYN-01,1,1
12653,IPC_SYN,SYN-01,1,1
12654,SPECIAL_LAW_SYN,SYN-03,1,1
12655,SPECIAL_LAW_SYN,SYN-03,1,1
12656,SPECIAL_LAW_SYN,SYN-03,1,1
12657,IPC_SYN,SYN-01,1,1
12658,IPC_SYN,SYN-01,1,1
12659,IPC_SYN,SYN-01,1,1
12660,IPC_SYN,SYN-01,1,1
12661,IPC_SYN,SYN-01,1,1
12662,IPC_SYN,SYN-01,1,1
12663,IT_ACT_SYN,SYN-02,1,1
12664,IPC_SYN,SYN-01,1,1
12665,IPC_SYN,SYN-01,1,1
12666,IT_ACT_SYN,SYN-02,1,1
12667,IPC_SYN,SYN-01,1,1
12668,SPECIAL_LAW_SYN,SYN-03,1,1
12669,SPECIAL_LAW_SYN,SYN-03,1,1
12670,IT_ACT_SYN,SYN-02,1,1
12671,IT_ACT_SYN,SYN-02,1,1
12672,SPECIAL_LAW_SYN,SYN-03,1,1
12673,IPC_SYN,SYN-01,1,1
12674,SPECIAL_LAW_SYN,SYN-03,1,1
12675,IPC_SYN,SYN-01,1,1
12676,IT_ACT_SYN,SYN-02,1,1
12677,IPC_SYN,SYN-01,1,1
12678,IPC_SYN,SYN-01,1,1
12679,IPC_SYN,SYN-01,1,1
12680,IT_ACT_SYN,SYN-02,1,1
12681,IPC_SYN,SYN-01,1,1
12682,IPC_SYN,SYN-01,1,1
12683,IPC_SYN,SYN-01,1,1
12684,IT_ACT_SYN,SYN-02,1,1
12685,IPC_SYN,SYN-01,1,1
12686,IPC_SYN,SYN-01,1,1
12687,IPC_SYN,SYN-01,1,1
12688,IT_ACT_SYN,SYN-02,1,1
12689,IPC_SYN,SYN-01,1,1
12690,IPC_SYN,SYN-01,1,1
12691,IT_ACT_SYN,SYN-02,1,1
12692,IPC_SYN,SYN-01,1,1
12693,IT_ACT_SYN,SYN-02,1,1
12694,SPECIAL_LAW_SYN,SYN-03,1,1
12695,SPECIAL_LAW_SYN,SYN-03,1,1
12696,IPC_SYN,SYN-01,1,1
12697,IPC_SYN,SYN-01,1,1
12698,SPECIAL_LAW_SYN,SYN-03,1,1
12699,IPC_SYN,SYN-01,1,1
12700,SPECIAL_LAW_SYN,SYN-03,1,1
12701,IPC_SYN,SYN-01,1,1
12702,IPC_SYN,SYN-01,1,1
12703,IPC_SYN,SYN-01,1,1
12704,SPECIAL_LAW_SYN,SYN-03,1,1
12705,IPC_SYN,SYN-01,1,1
12706,IPC_SYN,SYN-01,1,1
12707,IPC_SYN,SYN-01,1,1
12708,IPC_SYN,SYN-01,1,1
12709,IPC_SYN,SYN-01,1,1
12710,IT_ACT_SYN,SYN-02,1,1
12711,IPC_SYN,SYN-01,1,1
12712,IPC_SYN,SYN-01,1,1
12713,IPC_SYN,SYN-01,1,1
12714,IPC_SYN,SYN-01,1,1
12715,SPECIAL_LAW_SYN,SYN-03,1,1
12716,IPC_SYN,SYN-01,1,1
12717,IPC_SYN,SYN-01,1,1
12718,IPC_SYN,SYN-01,1,1
12719,IPC_SYN,SYN-01,1,1
12720,SPECIAL_LAW_SYN,SYN-03,1,1
12721,IPC_SYN,SYN-01,1,1
12722,IPC_SYN,SYN-01,1,1
12723,IT_ACT_SYN,SYN-02,1,1
12724,IT_ACT_SYN,SYN-02,1,1
12725,IPC_SYN,SYN-01,1,1
12726,IT_ACT_SYN,SYN-02,1,1
12727,IPC_SYN,SYN-01,1,1
12728,SPECIAL_LAW_SYN,SYN-03,1,1
12729,IPC_SYN,SYN-01,1,1
12730,IPC_SYN,SYN-01,1,1
12731,SPECIAL_LAW_SYN,SYN-03,1,1
12732,SPECIAL_LAW_SYN,SYN-03,1,1
12733,IT_ACT_SYN,SYN-02,1,1
12734,SPECIAL_LAW_SYN,SYN-03,1,1
12735,SPECIAL_LAW_SYN,SYN-03,1,1
12736,IPC_SYN,SYN-01,1,1
12737,SPECIAL_LAW_SYN,SYN-03,1,1
12738,IPC_SYN,SYN-01,1,1
12739,IPC_SYN,SYN-01,1,1
12740,IT_ACT_SYN,SYN-02,1,1
12741,SPECIAL_LAW_SYN,SYN-03,1,1
12742,IT_ACT_SYN,SYN-02,1,1
12743,IPC_SYN,SYN-01,1,1
12744,SPECIAL_LAW_SYN,SYN-03,1,1
12745,IPC_SYN,SYN-01,1,1
12746,IPC_SYN,SYN-01,1,1
12747,SPECIAL_LAW_SYN,SYN-03,1,1
12748,IPC_SYN,SYN-01,1,1
12749,IPC_SYN,SYN-01,1,1
12750,IPC_SYN,SYN-01,1,1
12751,IPC_SYN,SYN-01,1,1
12752,IPC_SYN,SYN-01,1,1
12753,SPECIAL_LAW_SYN,SYN-03,1,1
12754,IPC_SYN,SYN-01,1,1
12755,IPC_SYN,SYN-01,1,1
12756,IT_ACT_SYN,SYN-02,1,1
12757,SPECIAL_LAW_SYN,SYN-03,1,1
12758,IPC_SYN,SYN-01,1,1
12759,IPC_SYN,SYN-01,1,1
12760,SPECIAL_LAW_SYN,SYN-03,1,1
12761,IPC_SYN,SYN-01,1,1
12762,IPC_SYN,SYN-01,1,1
12763,IPC_SYN,SYN-01,1,1
12764,IT_ACT_SYN,SYN-02,1,1
12765,IPC_SYN,SYN-01,1,1
12766,SPECIAL_LAW_SYN,SYN-03,1,1
12767,IPC_SYN,SYN-01,1,1
12768,IPC_SYN,SYN-01,1,1
12769,IPC_SYN,SYN-01,1,1
12770,IPC_SYN,SYN-01,1,1
12771,IPC_SYN,SYN-01,1,1
12772,SPECIAL_LAW_SYN,SYN-03,1,1
12773,IPC_SYN,SYN-01,1,1
12774,IT_ACT_SYN,SYN-02,1,1
12775,SPECIAL_LAW_SYN,SYN-03,1,1
12776,SPECIAL_LAW_SYN,SYN-03,1,1
12777,IPC_SYN,SYN-01,1,1
12778,IPC_SYN,SYN-01,1,1
12779,IPC_SYN,SYN-01,1,1
12780,IPC_SYN,SYN-01,1,1
12781,IPC_SYN,SYN-01,1,1
12782,IPC_SYN,SYN-01,1,1
12783,IPC_SYN,SYN-01,1,1
12784,IPC_SYN,SYN-01,1,1
12785,SPECIAL_LAW_SYN,SYN-03,1,1
12786,IPC_SYN,SYN-01,1,1
12787,IPC_SYN,SYN-01,1,1
12788,SPECIAL_LAW_SYN,SYN-03,1,1
12789,IPC_SYN,SYN-01,1,1
12790,IPC_SYN,SYN-01,1,1
12791,SPECIAL_LAW_SYN,SYN-03,1,1
12792,IPC_SYN,SYN-01,1,1
12793,SPECIAL_LAW_SYN,SYN-03,1,1
12794,IT_ACT_SYN,SYN-02,1,1
12795,IPC_SYN,SYN-01,1,1
12796,IPC_SYN,SYN-01,1,1
12797,IT_ACT_SYN,SYN-02,1,1
12798,SPECIAL_LAW_SYN,SYN-03,1,1
12799,IPC_SYN,SYN-01,1,1
12800,IPC_SYN,SYN-01,1,1
12801,IPC_SYN,SYN-01,1,1
12802,IPC_SYN,SYN-01,1,1
12803,IPC_SYN,SYN-01,1,1
12804,SPECIAL_LAW_SYN,SYN-03,1,1
12805,IT_ACT_SYN,SYN-02,1,1
12806,IPC_SYN,SYN-01,1,1
12807,IT_ACT_SYN,SYN-02,1,1
12808,IPC_SYN,SYN-01,1,1
12809,IPC_SYN,SYN-01,1,1
12810,SPECIAL_LAW_SYN,SYN-03,1,1
12811,SPECIAL_LAW_SYN,SYN-03,1,1
12812,IPC_SYN,SYN-01,1,1
12813,IPC_SYN,SYN-01,1,1
12814,IPC_SYN,SYN-01,1,1
12815,IPC_SYN,SYN-01,1,1
12816,IPC_SYN,SYN-01,1,1
12817,IT_ACT_SYN,SYN-02,1,1
12818,SPECIAL_LAW_SYN,SYN-03,1,1
12819,IPC_SYN,SYN-01,1,1
12820,IPC_SYN,SYN-01,1,1
12821,IPC_SYN,SYN-01,1,1
12822,IPC_SYN,SYN-01,1,1
12823,IPC_SYN,SYN-01,1,1
12824,SPECIAL_LAW_SYN,SYN-03,1,1
12825,SPECIAL_LAW_SYN,SYN-03,1,1
12826,SPECIAL_LAW_SYN,SYN-03,1,1
12827,IPC_SYN,SYN-01,1,1
12828,IPC_SYN,SYN-01,1,1
12829,IPC_SYN,SYN-01,1,1
12830,IPC_SYN,SYN-01,1,1
12831,SPECIAL_LAW_SYN,SYN-03,1,1
12832,SPECIAL_LAW_SYN,SYN-03,1,1
12833,IT_ACT_SYN,SYN-02,1,1
12834,IPC_SYN,SYN-01,1,1
12835,SPECIAL_LAW_SYN,SYN-03,1,1
12836,SPECIAL_LAW_SYN,SYN-03,1,1
12837,IPC_SYN,SYN-01,1,1
12838,IPC_SYN,SYN-01,1,1
12839,SPECIAL_LAW_SYN,SYN-03,1,1
12840,IPC_SYN,SYN-01,1,1
12841,SPECIAL_LAW_SYN,SYN-03,1,1
12842,IT_ACT_SYN,SYN-02,1,1
12843,IT_ACT_SYN,SYN-02,1,1
12844,IPC_SYN,SYN-01,1,1
12845,IPC_SYN,SYN-01,1,1
12846,IPC_SYN,SYN-01,1,1
12847,IPC_SYN,SYN-01,1,1
12848,IPC_SYN,SYN-01,1,1
12849,IPC_SYN,SYN-01,1,1
12850,SPECIAL_LAW_SYN,SYN-03,1,1
12851,SPECIAL_LAW_SYN,SYN-03,1,1
12852,IPC_SYN,SYN-01,1,1
12853,SPECIAL_LAW_SYN,SYN-03,1,1
12854,IPC_SYN,SYN-01,1,1
12855,IPC_SYN,SYN-01,1,1
12856,SPECIAL_LAW_SYN,SYN-03,1,1
12857,IPC_SYN,SYN-01,1,1
12858,SPECIAL_LAW_SYN,SYN-03,1,1
12859,SPECIAL_LAW_SYN,SYN-03,1,1
12860,IPC_SYN,SYN-01,1,1
12861,IPC_SYN,SYN-01,1,1
12862,SPECIAL_LAW_SYN,SYN-03,1,1
12863,IPC_SYN,SYN-01,1,1
12864,SPECIAL_LAW_SYN,SYN-03,1,1
12865,SPECIAL_LAW_SYN,SYN-03,1,1
12866,IPC_SYN,SYN-01,1,1
12867,SPECIAL_LAW_SYN,SYN-03,1,1
12868,SPECIAL_LAW_SYN,SYN-03,1,1
12869,IT_ACT_SYN,SYN-02,1,1
12870,IPC_SYN,SYN-01,1,1
12871,SPECIAL_LAW_SYN,SYN-03,1,1
12872,IPC_SYN,SYN-01,1,1
12873,IPC_SYN,SYN-01,1,1
12874,IPC_SYN,SYN-01,1,1
12875,SPECIAL_LAW_SYN,SYN-03,1,1
12876,IT_ACT_SYN,SYN-02,1,1
12877,SPECIAL_LAW_SYN,SYN-03,1,1
12878,IPC_SYN,SYN-01,1,1
12879,IPC_SYN,SYN-01,1,1
12880,IT_ACT_SYN,SYN-02,1,1
12881,SPECIAL_LAW_SYN,SYN-03,1,1
12882,IPC_SYN,SYN-01,1,1
12883,SPECIAL_LAW_SYN,SYN-03,1,1
12884,IPC_SYN,SYN-01,1,1
12885,IPC_SYN,SYN-01,1,1
12886,IPC_SYN,SYN-01,1,1
12887,IT_ACT_SYN,SYN-02,1,1
12888,IPC_SYN,SYN-01,1,1
12889,IPC_SYN,SYN-01,1,1
12890,IPC_SYN,SYN-01,1,1
12891,IPC_SYN,SYN-01,1,1
12892,IPC_SYN,SYN-01,1,1
12893,IPC_SYN,SYN-01,1,1
12894,IPC_SYN,SYN-01,1,1
12895,IPC_SYN,SYN-01,1,1
12896,IPC_SYN,SYN-01,1,1
12897,SPECIAL_LAW_SYN,SYN-03,1,1
12898,IPC_SYN,SYN-01,1,1
12899,IT_ACT_SYN,SYN-02,1,1
12900,SPECIAL_LAW_SYN,SYN-03,1,1
12901,IPC_SYN,SYN-01,1,1
12902,SPECIAL_LAW_SYN,SYN-03,1,1
12903,IT_ACT_SYN,SYN-02,1,1
12904,IT_ACT_SYN,SYN-02,1,1
12905,SPECIAL_LAW_SYN,SYN-03,1,1
12906,IT_ACT_SYN,SYN-02,1,1
12907,SPECIAL_LAW_SYN,SYN-03,1,1
12908,IPC_SYN,SYN-01,1,1
12909,SPECIAL_LAW_SYN,SYN-03,1,1
12910,IPC_SYN,SYN-01,1,1
12911,IPC_SYN,SYN-01,1,1
12912,IPC_SYN,SYN-01,1,1
12913,SPECIAL_LAW_SYN,SYN-03,1,1
12914,IPC_SYN,SYN-01,1,1
12915,SPECIAL_LAW_SYN,SYN-03,1,1
12916,IPC_SYN,SYN-01,1,1
12917,IPC_SYN,SYN-01,1,1
12918,IPC_SYN,SYN-01,1,1
12919,SPECIAL_LAW_SYN,SYN-03,1,1
12920,IPC_SYN,SYN-01,1,1
12921,IPC_SYN,SYN-01,1,1
12922,IT_ACT_SYN,SYN-02,1,1
12923,IPC_SYN,SYN-01,1,1
12924,IPC_SYN,SYN-01,1,1
12925,IPC_SYN,SYN-01,1,1
12926,SPECIAL_LAW_SYN,SYN-03,1,1
12927,IPC_SYN,SYN-01,1,1
12928,IPC_SYN,SYN-01,1,1
12929,SPECIAL_LAW_SYN,SYN-03,1,1
12930,IPC_SYN,SYN-01,1,1
12931,SPECIAL_LAW_SYN,SYN-03,1,1
12932,IPC_SYN,SYN-01,1,1
12933,SPECIAL_LAW_SYN,SYN-03,1,1
12934,IPC_SYN,SYN-01,1,1
12935,IPC_SYN,SYN-01,1,1
12936,IPC_SYN,SYN-01,1,1
12937,IT_ACT_SYN,SYN-02,1,1
12938,SPECIAL_LAW_SYN,SYN-03,1,1
12939,SPECIAL_LAW_SYN,SYN-03,1,1
12940,IPC_SYN,SYN-01,1,1
12941,IPC_SYN,SYN-01,1,1
12942,SPECIAL_LAW_SYN,SYN-03,1,1
12943,IPC_SYN,SYN-01,1,1
12944,SPECIAL_LAW_SYN,SYN-03,1,1
12945,IT_ACT_SYN,SYN-02,1,1
12946,SPECIAL_LAW_SYN,SYN-03,1,1
12947,SPECIAL_LAW_SYN,SYN-03,1,1
12948,IPC_SYN,SYN-01,1,1
12949,SPECIAL_LAW_SYN,SYN-03,1,1
12950,IPC_SYN,SYN-01,1,1
12951,SPECIAL_LAW_SYN,SYN-03,1,1
12952,SPECIAL_LAW_SYN,SYN-03,1,1
12953,IPC_SYN,SYN-01,1,1
12954,IPC_SYN,SYN-01,1,1
12955,SPECIAL_LAW_SYN,SYN-03,1,1
12956,IPC_SYN,SYN-01,1,1
12957,IT_ACT_SYN,SYN-02,1,1
12958,SPECIAL_LAW_SYN,SYN-03,1,1
12959,IPC_SYN,SYN-01,1,1
12960,IPC_SYN,SYN-01,1,1
12961,SPECIAL_LAW_SYN,SYN-03,1,1
12962,SPECIAL_LAW_SYN,SYN-03,1,1
12963,SPECIAL_LAW_SYN,SYN-03,1,1
12964,IPC_SYN,SYN-01,1,1
12965,IPC_SYN,SYN-01,1,1
12966,IPC_SYN,SYN-01,1,1
12967,IPC_SYN,SYN-01,1,1
12968,IPC_SYN,SYN-01,1,1
12969,IT_ACT_SYN,SYN-02,1,1
12970,SPECIAL_LAW_SYN,SYN-03,1,1
12971,IPC_SYN,SYN-01,1,1
12972,IT_ACT_SYN,SYN-02,1,1
12973,SPECIAL_LAW_SYN,SYN-03,1,1
12974,IPC_SYN,SYN-01,1,1
12975,IPC_SYN,SYN-01,1,1
12976,IPC_SYN,SYN-01,1,1
12977,SPECIAL_LAW_SYN,SYN-03,1,1
12978,IPC_SYN,SYN-01,1,1
12979,IPC_SYN,SYN-01,1,1
12980,IPC_SYN,SYN-01,1,1
12981,IPC_SYN,SYN-01,1,1
12982,IPC_SYN,SYN-01,1,1
12983,SPECIAL_LAW_SYN,SYN-03,1,1
12984,SPECIAL_LAW_SYN,SYN-03,1,1
12985,IT_ACT_SYN,SYN-02,1,1
12986,SPECIAL_LAW_SYN,SYN-03,1,1
12987,IPC_SYN,SYN-01,1,1
12988,IPC_SYN,SYN-01,1,1
12989,IPC_SYN,SYN-01,1,1
12990,IPC_SYN,SYN-01,1,1
12991,SPECIAL_LAW_SYN,SYN-03,1,1
12992,SPECIAL_LAW_SYN,SYN-03,1,1
12993,IPC_SYN,SYN-01,1,1
12994,SPECIAL_LAW_SYN,SYN-03,1,1
12995,IPC_SYN,SYN-01,1,1
12996,IPC_SYN,SYN-01,1,1
12997,IPC_SYN,SYN-01,1,1
12998,IPC_SYN,SYN-01,1,1
12999,SPECIAL_LAW_SYN,SYN-03,1,1
13000,SPECIAL_LAW_SYN,SYN-03,1,1
13001,IPC_SYN,SYN-01,1,1
13002,IPC_SYN,SYN-01,1,1
13003,IPC_SYN,SYN-01,1,1
13004,IPC_SYN,SYN-01,1,1
13005,IPC_SYN,SYN-01,1,1
13006,IPC_SYN,SYN-01,1,1
13007,IT_ACT_SYN,SYN-02,1,1
13008,IPC_SYN,SYN-01,1,1
13009,SPECIAL_LAW_SYN,SYN-03,1,1
13010,SPECIAL_LAW_SYN,SYN-03,1,1
13011,IPC_SYN,SYN-01,1,1
13012,IT_ACT_SYN,SYN-02,1,1
13013,IPC_SYN,SYN-01,1,1
13014,IPC_SYN,SYN-01,1,1
13015,IPC_SYN,SYN-01,1,1
13016,IPC_SYN,SYN-01,1,1
13017,IPC_SYN,SYN-01,1,1
13018,IPC_SYN,SYN-01,1,1
13019,IPC_SYN,SYN-01,1,1
13020,IPC_SYN,SYN-01,1,1
13021,IPC_SYN,SYN-01,1,1
13022,SPECIAL_LAW_SYN,SYN-03,1,1
13023,IT_ACT_SYN,SYN-02,1,1
13024,IPC_SYN,SYN-01,1,1
13025,SPECIAL_LAW_SYN,SYN-03,1,1
13026,SPECIAL_LAW_SYN,SYN-03,1,1
13027,IPC_SYN,SYN-01,1,1
13028,SPECIAL_LAW_SYN,SYN-03,1,1
13029,IPC_SYN,SYN-01,1,1
13030,SPECIAL_LAW_SYN,SYN-03,1,1
13031,IPC_SYN,SYN-01,1,1
13032,SPECIAL_LAW_SYN,SYN-03,1,1
13033,IPC_SYN,SYN-01,1,1
13034,SPECIAL_LAW_SYN,SYN-03,1,1
13035,IPC_SYN,SYN-01,1,1
13036,IPC_SYN,SYN-01,1,1
13037,IT_ACT_SYN,SYN-02,1,1
13038,IPC_SYN,SYN-01,1,1
13039,IPC_SYN,SYN-01,1,1
13040,IT_ACT_SYN,SYN-02,1,1
13041,IT_ACT_SYN,SYN-02,1,1
13042,IPC_SYN,SYN-01,1,1
13043,IPC_SYN,SYN-01,1,1
13044,IT_ACT_SYN,SYN-02,1,1
13045,IPC_SYN,SYN-01,1,1
13046,IPC_SYN,SYN-01,1,1
13047,SPECIAL_LAW_SYN,SYN-03,1,1
13048,IPC_SYN,SYN-01,1,1
13049,IPC_SYN,SYN-01,1,1
13050,IPC_SYN,SYN-01,1,1
13051,SPECIAL_LAW_SYN,SYN-03,1,1
13052,SPECIAL_LAW_SYN,SYN-03,1,1
13053,IPC_SYN,SYN-01,1,1
13054,SPECIAL_LAW_SYN,SYN-03,1,1
13055,IPC_SYN,SYN-01,1,1
13056,IPC_SYN,SYN-01,1,1
13057,SPECIAL_LAW_SYN,SYN-03,1,1
13058,IPC_SYN,SYN-01,1,1
13059,IPC_SYN,SYN-01,1,1
13060,SPECIAL_LAW_SYN,SYN-03,1,1
13061,IPC_SYN,SYN-01,1,1
13062,IPC_SYN,SYN-01,1,1
13063,IT_ACT_SYN,SYN-02,1,1
13064,IPC_SYN,SYN-01,1,1
13065,IPC_SYN,SYN-01,1,1
13066,SPECIAL_LAW_SYN,SYN-03,1,1
13067,SPECIAL_LAW_SYN,SYN-03,1,1
13068,IPC_SYN,SYN-01,1,1
13069,SPECIAL_LAW_SYN,SYN-03,1,1
13070,SPECIAL_LAW_SYN,SYN-03,1,1
13071,IPC_SYN,SYN-01,1,1
13072,IPC_SYN,SYN-01,1,1
13073,IPC_SYN,SYN-01,1,1
13074,IPC_SYN,SYN-01,1,1
13075,SPECIAL_LAW_SYN,SYN-03,1,1
13076,IPC_SYN,SYN-01,1,1
13077,SPECIAL_LAW_SYN,SYN-03,1,1
13078,IPC_SYN,SYN-01,1,1
13079,IPC_SYN,SYN-01,1,1
13080,IPC_SYN,SYN-01,1,1
13081,IPC_SYN,SYN-01,1,1
13082,IPC_SYN,SYN-01,1,1
13083,IPC_SYN,SYN-01,1,1
13084,IPC_SYN,SYN-01,1,1
13085,IPC_SYN,SYN-01,1,1
13086,IPC_SYN,SYN-01,1,1
13087,IT_ACT_SYN,SYN-02,1,1
13088,SPECIAL_LAW_SYN,SYN-03,1,1
13089,IPC_SYN,SYN-01,1,1
13090,IPC_SYN,SYN-01,1,1
13091,IT_ACT_SYN,SYN-02,1,1
13092,IPC_SYN,SYN-01,1,1
13093,IPC_SYN,SYN-01,1,1
13094,IT_ACT_SYN,SYN-02,1,1
13095,IPC_SYN,SYN-01,1,1
13096,IPC_SYN,SYN-01,1,1
13097,SPECIAL_LAW_SYN,SYN-03,1,1
13098,SPECIAL_LAW_SYN,SYN-03,1,1
13099,IPC_SYN,SYN-01,1,1
13100,IPC_SYN,SYN-01,1,1
13101,IPC_SYN,SYN-01,1,1
13102,IPC_SYN,SYN-01,1,1
13103,IPC_SYN,SYN-01,1,1
13104,IPC_SYN,SYN-01,1,1
13105,IPC_SYN,SYN-01,1,1
13106,IPC_SYN,SYN-01,1,1
13107,IPC_SYN,SYN-01,1,1
13108,IPC_SYN,SYN-01,1,1
13109,IPC_SYN,SYN-01,1,1
13110,IPC_SYN,SYN-01,1,1
13111,IPC_SYN,SYN-01,1,1
13112,SPECIAL_LAW_SYN,SYN-03,1,1
13113,SPECIAL_LAW_SYN,SYN-03,1,1
13114,SPECIAL_LAW_SYN,SYN-03,1,1
13115,SPECIAL_LAW_SYN,SYN-03,1,1
13116,SPECIAL_LAW_SYN,SYN-03,1,1
13117,IT_ACT_SYN,SYN-02,1,1
13118,SPECIAL_LAW_SYN,SYN-03,1,1
13119,IPC_SYN,SYN-01,1,1
13120,IPC_SYN,SYN-01,1,1
13121,SPECIAL_LAW_SYN,SYN-03,1,1
13122,IPC_SYN,SYN-01,1,1
13123,IPC_SYN,SYN-01,1,1
13124,SPECIAL_LAW_SYN,SYN-03,1,1
13125,IPC_SYN,SYN-01,1,1
13126,IPC_SYN,SYN-01,1,1
13127,IPC_SYN,SYN-01,1,1
13128,IPC_SYN,SYN-01,1,1
13129,SPECIAL_LAW_SYN,SYN-03,1,1
13130,SPECIAL_LAW_SYN,SYN-03,1,1
13131,IPC_SYN,SYN-01,1,1
13132,IPC_SYN,SYN-01,1,1
13133,IPC_SYN,SYN-01,1,1
13134,SPECIAL_LAW_SYN,SYN-03,1,1
13135,IPC_SYN,SYN-01,1,1
13136,IPC_SYN,SYN-01,1,1
13137,SPECIAL_LAW_SYN,SYN-03,1,1
13138,IPC_SYN,SYN-01,1,1
13139,IPC_SYN,SYN-01,1,1
13140,IPC_SYN,SYN-01,1,1
13141,IPC_SYN,SYN-01,1,1
13142,IPC_SYN,SYN-01,1,1
13143,IPC_SYN,SYN-01,1,1
13144,SPECIAL_LAW_SYN,SYN-03,1,1
13145,SPECIAL_LAW_SYN,SYN-03,1,1
13146,SPECIAL_LAW_SYN,SYN-03,1,1
13147,SPECIAL_LAW_SYN,SYN-03,1,1
13148,IPC_SYN,SYN-01,1,1
13149,IPC_SYN,SYN-01,1,1
13150,IPC_SYN,SYN-01,1,1
13151,IPC_SYN,SYN-01,1,1
13152,SPECIAL_LAW_SYN,SYN-03,1,1
13153,SPECIAL_LAW_SYN,SYN-03,1,1
13154,IPC_SYN,SYN-01,1,1
13155,IT_ACT_SYN,SYN-02,1,1
13156,IPC_SYN,SYN-01,1,1
13157,IPC_SYN,SYN-01,1,1
13158,IPC_SYN,SYN-01,1,1
13159,SPECIAL_LAW_SYN,SYN-03,1,1
13160,IT_ACT_SYN,SYN-02,1,1
13161,IPC_SYN,SYN-01,1,1
13162,IPC_SYN,SYN-01,1,1
13163,IPC_SYN,SYN-01,1,1
13164,SPECIAL_LAW_SYN,SYN-03,1,1
13165,IPC_SYN,SYN-01,1,1
13166,IPC_SYN,SYN-01,1,1
13167,SPECIAL_LAW_SYN,SYN-03,1,1
13168,SPECIAL_LAW_SYN,SYN-03,1,1
13169,SPECIAL_LAW_SYN,SYN-03,1,1
13170,IPC_SYN,SYN-01,1,1
13171,IPC_SYN,SYN-01,1,1
13172,IPC_SYN,SYN-01,1,1
13173,IPC_SYN,SYN-01,1,1
13174,IPC_SYN,SYN-01,1,1
13175,IPC_SYN,SYN-01,1,1
13176,SPECIAL_LAW_SYN,SYN-03,1,1
13177,SPECIAL_LAW_SYN,SYN-03,1,1
13178,IPC_SYN,SYN-01,1,1
13179,IPC_SYN,SYN-01,1,1
13180,SPECIAL_LAW_SYN,SYN-03,1,1
13181,SPECIAL_LAW_SYN,SYN-03,1,1
13182,IPC_SYN,SYN-01,1,1
13183,IPC_SYN,SYN-01,1,1
13184,SPECIAL_LAW_SYN,SYN-03,1,1
13185,SPECIAL_LAW_SYN,SYN-03,1,1
13186,SPECIAL_LAW_SYN,SYN-03,1,1
13187,SPECIAL_LAW_SYN,SYN-03,1,1
13188,IPC_SYN,SYN-01,1,1
13189,IPC_SYN,SYN-01,1,1
13190,SPECIAL_LAW_SYN,SYN-03,1,1
13191,IT_ACT_SYN,SYN-02,1,1
13192,IPC_SYN,SYN-01,1,1
13193,SPECIAL_LAW_SYN,SYN-03,1,1
13194,IPC_SYN,SYN-01,1,1
13195,IPC_SYN,SYN-01,1,1
13196,IPC_SYN,SYN-01,1,1
13197,IPC_SYN,SYN-01,1,1
13198,SPECIAL_LAW_SYN,SYN-03,1,1
13199,IPC_SYN,SYN-01,1,1
13200,SPECIAL_LAW_SYN,SYN-03,1,1
13201,IPC_SYN,SYN-01,1,1
13202,IPC_SYN,SYN-01,1,1
13203,IT_ACT_SYN,SYN-02,1,1
13204,IPC_SYN,SYN-01,1,1
13205,IPC_SYN,SYN-01,1,1
13206,IPC_SYN,SYN-01,1,1
13207,SPECIAL_LAW_SYN,SYN-03,1,1
13208,IPC_SYN,SYN-01,1,1
13209,SPECIAL_LAW_SYN,SYN-03,1,1
13210,IT_ACT_SYN,SYN-02,1,1
13211,SPECIAL_LAW_SYN,SYN-03,1,1
13212,IPC_SYN,SYN-01,1,1
13213,SPECIAL_LAW_SYN,SYN-03,1,1
13214,SPECIAL_LAW_SYN,SYN-03,1,1
13215,SPECIAL_LAW_SYN,SYN-03,1,1
13216,IPC_SYN,SYN-01,1,1
13217,IPC_SYN,SYN-01,1,1
13218,IPC_SYN,SYN-01,1,1
13219,IPC_SYN,SYN-01,1,1
13220,IPC_SYN,SYN-01,1,1
13221,IPC_SYN,SYN-01,1,1
13222,SPECIAL_LAW_SYN,SYN-03,1,1
13223,IPC_SYN,SYN-01,1,1
13224,IT_ACT_SYN,SYN-02,1,1
13225,IPC_SYN,SYN-01,1,1
13226,SPECIAL_LAW_SYN,SYN-03,1,1
13227,SPECIAL_LAW_SYN,SYN-03,1,1
13228,IT_ACT_SYN,SYN-02,1,1
13229,IPC_SYN,SYN-01,1,1
13230,SPECIAL_LAW_SYN,SYN-03,1,1
13231,IPC_SYN,SYN-01,1,1
13232,SPECIAL_LAW_SYN,SYN-03,1,1
13233,IPC_SYN,SYN-01,1,1
13234,IPC_SYN,SYN-01,1,1
13235,IPC_SYN,SYN-01,1,1
13236,IPC_SYN,SYN-01,1,1
13237,IT_ACT_SYN,SYN-02,1,1
13238,SPECIAL_LAW_SYN,SYN-03,1,1
13239,IPC_SYN,SYN-01,1,1
13240,IPC_SYN,SYN-01,1,1
13241,SPECIAL_LAW_SYN,SYN-03,1,1
13242,SPECIAL_LAW_SYN,SYN-03,1,1
13243,IPC_SYN,SYN-01,1,1
13244,IPC_SYN,SYN-01,1,1
13245,IPC_SYN,SYN-01,1,1
13246,SPECIAL_LAW_SYN,SYN-03,1,1
13247,IPC_SYN,SYN-01,1,1
13248,IPC_SYN,SYN-01,1,1
13249,IPC_SYN,SYN-01,1,1
13250,SPECIAL_LAW_SYN,SYN-03,1,1
13251,IPC_SYN,SYN-01,1,1
13252,SPECIAL_LAW_SYN,SYN-03,1,1
13253,IPC_SYN,SYN-01,1,1
13254,IPC_SYN,SYN-01,1,1
13255,IT_ACT_SYN,SYN-02,1,1
13256,IPC_SYN,SYN-01,1,1
13257,IPC_SYN,SYN-01,1,1
13258,IPC_SYN,SYN-01,1,1
13259,SPECIAL_LAW_SYN,SYN-03,1,1
13260,SPECIAL_LAW_SYN,SYN-03,1,1
13261,IPC_SYN,SYN-01,1,1
13262,IPC_SYN,SYN-01,1,1
13263,IPC_SYN,SYN-01,1,1
13264,SPECIAL_LAW_SYN,SYN-03,1,1
13265,IPC_SYN,SYN-01,1,1
13266,IPC_SYN,SYN-01,1,1
13267,SPECIAL_LAW_SYN,SYN-03,1,1
13268,IT_ACT_SYN,SYN-02,1,1
13269,SPECIAL_LAW_SYN,SYN-03,1,1
13270,IPC_SYN,SYN-01,1,1
13271,IPC_SYN,SYN-01,1,1
13272,IPC_SYN,SYN-01,1,1
13273,SPECIAL_LAW_SYN,SYN-03,1,1
13274,IPC_SYN,SYN-01,1,1
13275,IPC_SYN,SYN-01,1,1
13276,SPECIAL_LAW_SYN,SYN-03,1,1
13277,IPC_SYN,SYN-01,1,1
13278,SPECIAL_LAW_SYN,SYN-03,1,1
13279,IPC_SYN,SYN-01,1,1
13280,SPECIAL_LAW_SYN,SYN-03,1,1
13281,IPC_SYN,SYN-01,1,1
13282,IPC_SYN,SYN-01,1,1
13283,IPC_SYN,SYN-01,1,1
13284,SPECIAL_LAW_SYN,SYN-03,1,1
13285,IT_ACT_SYN,SYN-02,1,1
13286,SPECIAL_LAW_SYN,SYN-03,1,1
13287,SPECIAL_LAW_SYN,SYN-03,1,1
13288,IPC_SYN,SYN-01,1,1
13289,IPC_SYN,SYN-01,1,1
13290,IPC_SYN,SYN-01,1,1
13291,IPC_SYN,SYN-01,1,1
13292,IPC_SYN,SYN-01,1,1
13293,IPC_SYN,SYN-01,1,1
13294,SPECIAL_LAW_SYN,SYN-03,1,1
13295,IPC_SYN,SYN-01,1,1
13296,IPC_SYN,SYN-01,1,1
13297,IT_ACT_SYN,SYN-02,1,1
13298,IT_ACT_SYN,SYN-02,1,1
13299,IPC_SYN,SYN-01,1,1
13300,SPECIAL_LAW_SYN,SYN-03,1,1
13301,IT_ACT_SYN,SYN-02,1,1
13302,IPC_SYN,SYN-01,1,1
13303,IPC_SYN,SYN-01,1,1
13304,SPECIAL_LAW_SYN,SYN-03,1,1
13305,SPECIAL_LAW_SYN,SYN-03,1,1
13306,IPC_SYN,SYN-01,1,1
13307,IPC_SYN,SYN-01,1,1
13308,IPC_SYN,SYN-01,1,1
13309,IPC_SYN,SYN-01,1,1
13310,IT_ACT_SYN,SYN-02,1,1
13311,IPC_SYN,SYN-01,1,1
13312,IPC_SYN,SYN-01,1,1
13313,SPECIAL_LAW_SYN,SYN-03,1,1
13314,IPC_SYN,SYN-01,1,1
13315,IPC_SYN,SYN-01,1,1
13316,IT_ACT_SYN,SYN-02,1,1
13317,IPC_SYN,SYN-01,1,1
13318,IPC_SYN,SYN-01,1,1
13319,SPECIAL_LAW_SYN,SYN-03,1,1
13320,SPECIAL_LAW_SYN,SYN-03,1,1
13321,IPC_SYN,SYN-01,1,1
13322,IPC_SYN,SYN-01,1,1
13323,IPC_SYN,SYN-01,1,1
13324,IPC_SYN,SYN-01,1,1
13325,SPECIAL_LAW_SYN,SYN-03,1,1
13326,IPC_SYN,SYN-01,1,1
13327,IPC_SYN,SYN-01,1,1
13328,IPC_SYN,SYN-01,1,1
13329,SPECIAL_LAW_SYN,SYN-03,1,1
13330,IT_ACT_SYN,SYN-02,1,1
13331,SPECIAL_LAW_SYN,SYN-03,1,1
13332,IPC_SYN,SYN-01,1,1
13333,IPC_SYN,SYN-01,1,1
13334,IPC_SYN,SYN-01,1,1
13335,SPECIAL_LAW_SYN,SYN-03,1,1
13336,SPECIAL_LAW_SYN,SYN-03,1,1
13337,IPC_SYN,SYN-01,1,1
13338,IT_ACT_SYN,SYN-02,1,1
13339,SPECIAL_LAW_SYN,SYN-03,1,1
13340,IT_ACT_SYN,SYN-02,1,1
13341,SPECIAL_LAW_SYN,SYN-03,1,1
13342,IPC_SYN,SYN-01,1,1
13343,IPC_SYN,SYN-01,1,1
13344,IPC_SYN,SYN-01,1,1
13345,IPC_SYN,SYN-01,1,1
13346,IPC_SYN,SYN-01,1,1
13347,IPC_SYN,SYN-01,1,1
13348,IT_ACT_SYN,SYN-02,1,1
13349,SPECIAL_LAW_SYN,SYN-03,1,1
13350,IPC_SYN,SYN-01,1,1
13351,IPC_SYN,SYN-01,1,1
13352,SPECIAL_LAW_SYN,SYN-03,1,1
13353,IPC_SYN,SYN-01,1,1
13354,IPC_SYN,SYN-01,1,1
13355,IPC_SYN,SYN-01,1,1
13356,IPC_SYN,SYN-01,1,1
13357,IPC_SYN,SYN-01,1,1
13358,IT_ACT_SYN,SYN-02,1,1
13359,IPC_SYN,SYN-01,1,1
13360,SPECIAL_LAW_SYN,SYN-03,1,1
13361,SPECIAL_LAW_SYN,SYN-03,1,1
13362,SPECIAL_LAW_SYN,SYN-03,1,1
13363,IPC_SYN,SYN-01,1,1
13364,SPECIAL_LAW_SYN,SYN-03,1,1
13365,IPC_SYN,SYN-01,1,1
13366,IPC_SYN,SYN-01,1,1
13367,IPC_SYN,SYN-01,1,1
13368,IPC_SYN,SYN-01,1,1
13369,IPC_SYN,SYN-01,1,1
13370,IPC_SYN,SYN-01,1,1
13371,IT_ACT_SYN,SYN-02,1,1
13372,IPC_SYN,SYN-01,1,1
13373,SPECIAL_LAW_SYN,SYN-03,1,1
13374,IPC_SYN,SYN-01,1,1
13375,IPC_SYN,SYN-01,1,1
13376,SPECIAL_LAW_SYN,SYN-03,1,1
13377,IPC_SYN,SYN-01,1,1
13378,IPC_SYN,SYN-01,1,1
13379,IPC_SYN,SYN-01,1,1
13380,IPC_SYN,SYN-01,1,1
13381,IPC_SYN,SYN-01,1,1
13382,IT_ACT_SYN,SYN-02,1,1
13383,IPC_SYN,SYN-01,1,1
13384,IPC_SYN,SYN-01,1,1
13385,IPC_SYN,SYN-01,1,1
13386,IPC_SYN,SYN-01,1,1
13387,IPC_SYN,SYN-01,1,1
13388,IPC_SYN,SYN-01,1,1
13389,SPECIAL_LAW_SYN,SYN-03,1,1
13390,IT_ACT_SYN,SYN-02,1,1
13391,IPC_SYN,SYN-01,1,1
13392,IPC_SYN,SYN-01,1,1
13393,IPC_SYN,SYN-01,1,1
13394,IT_ACT_SYN,SYN-02,1,1
13395,SPECIAL_LAW_SYN,SYN-03,1,1
13396,IPC_SYN,SYN-01,1,1
13397,IPC_SYN,SYN-01,1,1
13398,IPC_SYN,SYN-01,1,1
13399,IPC_SYN,SYN-01,1,1
13400,IT_ACT_SYN,SYN-02,1,1
13401,SPECIAL_LAW_SYN,SYN-03,1,1
13402,SPECIAL_LAW_SYN,SYN-03,1,1
13403,IT_ACT_SYN,SYN-02,1,1
13404,SPECIAL_LAW_SYN,SYN-03,1,1
13405,SPECIAL_LAW_SYN,SYN-03,1,1
13406,SPECIAL_LAW_SYN,SYN-03,1,1
13407,IPC_SYN,SYN-01,1,1
13408,SPECIAL_LAW_SYN,SYN-03,1,1
13409,SPECIAL_LAW_SYN,SYN-03,1,1
13410,IPC_SYN,SYN-01,1,1
13411,IPC_SYN,SYN-01,1,1
13412,SPECIAL_LAW_SYN,SYN-03,1,1
13413,SPECIAL_LAW_SYN,SYN-03,1,1
13414,IPC_SYN,SYN-01,1,1
13415,IPC_SYN,SYN-01,1,1
13416,IPC_SYN,SYN-01,1,1
13417,IPC_SYN,SYN-01,1,1
13418,IPC_SYN,SYN-01,1,1
13419,SPECIAL_LAW_SYN,SYN-03,1,1
13420,IPC_SYN,SYN-01,1,1
13421,IPC_SYN,SYN-01,1,1
13422,SPECIAL_LAW_SYN,SYN-03,1,1
13423,IPC_SYN,SYN-01,1,1
13424,SPECIAL_LAW_SYN,SYN-03,1,1
13425,IPC_SYN,SYN-01,1,1
13426,IPC_SYN,SYN-01,1,1
13427,IPC_SYN,SYN-01,1,1
13428,IPC_SYN,SYN-01,1,1
13429,IPC_SYN,SYN-01,1,1
13430,SPECIAL_LAW_SYN,SYN-03,1,1
13431,IPC_SYN,SYN-01,1,1
13432,SPECIAL_LAW_SYN,SYN-03,1,1
13433,IPC_SYN,SYN-01,1,1
13434,IPC_SYN,SYN-01,1,1
13435,IPC_SYN,SYN-01,1,1
13436,SPECIAL_LAW_SYN,SYN-03,1,1
13437,IPC_SYN,SYN-01,1,1
13438,IT_ACT_SYN,SYN-02,1,1
13439,IPC_SYN,SYN-01,1,1
13440,IPC_SYN,SYN-01,1,1
13441,IPC_SYN,SYN-01,1,1
13442,IPC_SYN,SYN-01,1,1
13443,IPC_SYN,SYN-01,1,1
13444,IPC_SYN,SYN-01,1,1
13445,IPC_SYN,SYN-01,1,1
13446,IT_ACT_SYN,SYN-02,1,1
13447,SPECIAL_LAW_SYN,SYN-03,1,1
13448,SPECIAL_LAW_SYN,SYN-03,1,1
13449,IPC_SYN,SYN-01,1,1
13450,IPC_SYN,SYN-01,1,1
13451,IPC_SYN,SYN-01,1,1
13452,IPC_SYN,SYN-01,1,1
13453,IPC_SYN,SYN-01,1,1
13454,IPC_SYN,SYN-01,1,1
13455,SPECIAL_LAW_SYN,SYN-03,1,1
13456,IPC_SYN,SYN-01,1,1
13457,IPC_SYN,SYN-01,1,1
13458,IPC_SYN,SYN-01,1,1
13459,SPECIAL_LAW_SYN,SYN-03,1,1
13460,IPC_SYN,SYN-01,1,1
13461,IPC_SYN,SYN-01,1,1
13462,SPECIAL_LAW_SYN,SYN-03,1,1
13463,IPC_SYN,SYN-01,1,1
13464,IPC_SYN,SYN-01,1,1
13465,SPECIAL_LAW_SYN,SYN-03,1,1
13466,IPC_SYN,SYN-01,1,1
13467,SPECIAL_LAW_SYN,SYN-03,1,1
13468,SPECIAL_LAW_SYN,SYN-03,1,1
13469,IT_ACT_SYN,SYN-02,1,1
13470,SPECIAL_LAW_SYN,SYN-03,1,1
13471,IPC_SYN,SYN-01,1,1
13472,IPC_SYN,SYN-01,1,1
13473,IPC_SYN,SYN-01,1,1
13474,IPC_SYN,SYN-01,1,1
13475,SPECIAL_LAW_SYN,SYN-03,1,1
13476,SPECIAL_LAW_SYN,SYN-03,1,1
13477,IT_ACT_SYN,SYN-02,1,1
13478,IPC_SYN,SYN-01,1,1
13479,IPC_SYN,SYN-01,1,1
13480,IPC_SYN,SYN-01,1,1
13481,IPC_SYN,SYN-01,1,1
13482,SPECIAL_LAW_SYN,SYN-03,1,1
13483,SPECIAL_LAW_SYN,SYN-03,1,1
13484,IPC_SYN,SYN-01,1,1
13485,IT_ACT_SYN,SYN-02,1,1
13486,IPC_SYN,SYN-01,1,1
13487,IPC_SYN,SYN-01,1,1
13488,SPECIAL_LAW_SYN,SYN-03,1,1
13489,SPECIAL_LAW_SYN,SYN-03,1,1
13490,IPC_SYN,SYN-01,1,1
13491,SPECIAL_LAW_SYN,SYN-03,1,1
13492,IPC_SYN,SYN-01,1,1
13493,SPECIAL_LAW_SYN,SYN-03,1,1
13494,SPECIAL_LAW_SYN,SYN-03,1,1
13495,IPC_SYN,SYN-01,1,1
13496,IPC_SYN,SYN-01,1,1
13497,IPC_SYN,SYN-01,1,1
13498,IPC_SYN,SYN-01,1,1
13499,IPC_SYN,SYN-01,1,1
13500,SPECIAL_LAW_SYN,SYN-03,1,1
13501,IPC_SYN,SYN-01,1,1
13502,IPC_SYN,SYN-01,1,1
13503,IPC_SYN,SYN-01,1,1
13504,IT_ACT_SYN,SYN-02,1,1
13505,IT_ACT_SYN,SYN-02,1,1
13506,IPC_SYN,SYN-01,1,1
13507,IPC_SYN,SYN-01,1,1
13508,IPC_SYN,SYN-01,1,1
13509,IPC_SYN,SYN-01,1,1
13510,IPC_SYN,SYN-01,1,1
13511,IPC_SYN,SYN-01,1,1
13512,SPECIAL_LAW_SYN,SYN-03,1,1
13513,IPC_SYN,SYN-01,1,1
13514,IPC_SYN,SYN-01,1,1
13515,IPC_SYN,SYN-01,1,1
13516,SPECIAL_LAW_SYN,SYN-03,1,1
13517,SPECIAL_LAW_SYN,SYN-03,1,1
13518,SPECIAL_LAW_SYN,SYN-03,1,1
13519,IPC_SYN,SYN-01,1,1
13520,IPC_SYN,SYN-01,1,1
13521,SPECIAL_LAW_SYN,SYN-03,1,1
13522,SPECIAL_LAW_SYN,SYN-03,1,1
13523,IPC_SYN,SYN-01,1,1
13524,SPECIAL_LAW_SYN,SYN-03,1,1
13525,IPC_SYN,SYN-01,1,1
13526,IT_ACT_SYN,SYN-02,1,1
13527,IPC_SYN,SYN-01,1,1
13528,IPC_SYN,SYN-01,1,1
13529,IPC_SYN,SYN-01,1,1
13530,IPC_SYN,SYN-01,1,1
13531,IPC_SYN,SYN-01,1,1
13532,IT_ACT_SYN,SYN-02,1,1
13533,IT_ACT_SYN,SYN-02,1,1
13534,IT_ACT_SYN,SYN-02,1,1
13535,IPC_SYN,SYN-01,1,1
13536,IPC_SYN,SYN-01,1,1
13537,IPC_SYN,SYN-01,1,1
13538,IPC_SYN,SYN-01,1,1
13539,SPECIAL_LAW_SYN,SYN-03,1,1
13540,SPECIAL_LAW_SYN,SYN-03,1,1
13541,IPC_SYN,SYN-01,1,1
13542,IT_ACT_SYN,SYN-02,1,1
13543,IPC_SYN,SYN-01,1,1
13544,IPC_SYN,SYN-01,1,1
13545,SPECIAL_LAW_SYN,SYN-03,1,1
13546,IPC_SYN,SYN-01,1,1
13547,IPC_SYN,SYN-01,1,1
13548,SPECIAL_LAW_SYN,SYN-03,1,1
13549,IPC_SYN,SYN-01,1,1
13550,IT_ACT_SYN,SYN-02,1,1
13551,SPECIAL_LAW_SYN,SYN-03,1,1
13552,SPECIAL_LAW_SYN,SYN-03,1,1
13553,IPC_SYN,SYN-01,1,1
13554,IPC_SYN,SYN-01,1,1
13555,IPC_SYN,SYN-01,1,1
13556,SPECIAL_LAW_SYN,SYN-03,1,1
13557,SPECIAL_LAW_SYN,SYN-03,1,1
13558,IPC_SYN,SYN-01,1,1
13559,IPC_SYN,SYN-01,1,1
13560,IPC_SYN,SYN-01,1,1
13561,IPC_SYN,SYN-01,1,1
13562,IPC_SYN,SYN-01,1,1
13563,SPECIAL_LAW_SYN,SYN-03,1,1
13564,IPC_SYN,SYN-01,1,1
13565,IPC_SYN,SYN-01,1,1
13566,IPC_SYN,SYN-01,1,1
13567,SPECIAL_LAW_SYN,SYN-03,1,1
13568,SPECIAL_LAW_SYN,SYN-03,1,1
13569,IPC_SYN,SYN-01,1,1
13570,IPC_SYN,SYN-01,1,1
13571,SPECIAL_LAW_SYN,SYN-03,1,1
13572,IPC_SYN,SYN-01,1,1
13573,SPECIAL_LAW_SYN,SYN-03,1,1
13574,SPECIAL_LAW_SYN,SYN-03,1,1
13575,IPC_SYN,SYN-01,1,1
13576,IPC_SYN,SYN-01,1,1
13577,IT_ACT_SYN,SYN-02,1,1
13578,SPECIAL_LAW_SYN,SYN-03,1,1
13579,SPECIAL_LAW_SYN,SYN-03,1,1
13580,IPC_SYN,SYN-01,1,1
13581,SPECIAL_LAW_SYN,SYN-03,1,1
13582,SPECIAL_LAW_SYN,SYN-03,1,1
13583,IPC_SYN,SYN-01,1,1
13584,SPECIAL_LAW_SYN,SYN-03,1,1
13585,SPECIAL_LAW_SYN,SYN-03,1,1
13586,IT_ACT_SYN,SYN-02,1,1
13587,IT_ACT_SYN,SYN-02,1,1
13588,IPC_SYN,SYN-01,1,1
13589,IPC_SYN,SYN-01,1,1
13590,IPC_SYN,SYN-01,1,1
13591,IPC_SYN,SYN-01,1,1
13592,SPECIAL_LAW_SYN,SYN-03,1,1
13593,IPC_SYN,SYN-01,1,1
13594,IPC_SYN,SYN-01,1,1
13595,IPC_SYN,SYN-01,1,1
13596,SPECIAL_LAW_SYN,SYN-03,1,1
13597,SPECIAL_LAW_SYN,SYN-03,1,1
13598,IPC_SYN,SYN-01,1,1
13599,IT_ACT_SYN,SYN-02,1,1
13600,IPC_SYN,SYN-01,1,1
13601,IPC_SYN,SYN-01,1,1
13602,IPC_SYN,SYN-01,1,1
13603,IT_ACT_SYN,SYN-02,1,1
13604,IPC_SYN,SYN-01,1,1
13605,IPC_SYN,SYN-01,1,1
13606,IPC_SYN,SYN-01,1,1
13607,IPC_SYN,SYN-01,1,1
13608,IPC_SYN,SYN-01,1,1
13609,IPC_SYN,SYN-01,1,1
13610,IPC_SYN,SYN-01,1,1
13611,IPC_SYN,SYN-01,1,1
13612,IPC_SYN,SYN-01,1,1
13613,IPC_SYN,SYN-01,1,1
13614,IPC_SYN,SYN-01,1,1
13615,IPC_SYN,SYN-01,1,1
13616,SPECIAL_LAW_SYN,SYN-03,1,1
13617,SPECIAL_LAW_SYN,SYN-03,1,1
13618,IPC_SYN,SYN-01,1,1
13619,IT_ACT_SYN,SYN-02,1,1
13620,SPECIAL_LAW_SYN,SYN-03,1,1
13621,IPC_SYN,SYN-01,1,1
13622,IPC_SYN,SYN-01,1,1
13623,IPC_SYN,SYN-01,1,1
13624,IPC_SYN,SYN-01,1,1
13625,IPC_SYN,SYN-01,1,1
13626,SPECIAL_LAW_SYN,SYN-03,1,1
13627,IPC_SYN,SYN-01,1,1
13628,IPC_SYN,SYN-01,1,1
13629,IPC_SYN,SYN-01,1,1
13630,IPC_SYN,SYN-01,1,1
13631,IPC_SYN,SYN-01,1,1
13632,IPC_SYN,SYN-01,1,1
13633,IPC_SYN,SYN-01,1,1
13634,IT_ACT_SYN,SYN-02,1,1
13635,IT_ACT_SYN,SYN-02,1,1
13636,SPECIAL_LAW_SYN,SYN-03,1,1
13637,SPECIAL_LAW_SYN,SYN-03,1,1
13638,SPECIAL_LAW_SYN,SYN-03,1,1
13639,SPECIAL_LAW_SYN,SYN-03,1,1
13640,IT_ACT_SYN,SYN-02,1,1
13641,IPC_SYN,SYN-01,1,1
13642,IPC_SYN,SYN-01,1,1
13643,IPC_SYN,SYN-01,1,1
13644,IPC_SYN,SYN-01,1,1
13645,IT_ACT_SYN,SYN-02,1,1
13646,SPECIAL_LAW_SYN,SYN-03,1,1
13647,IPC_SYN,SYN-01,1,1
13648,IT_ACT_SYN,SYN-02,1,1
13649,SPECIAL_LAW_SYN,SYN-03,1,1
13650,IPC_SYN,SYN-01,1,1
13651,IPC_SYN,SYN-01,1,1
13652,IPC_SYN,SYN-01,1,1
13653,IPC_SYN,SYN-01,1,1
13654,IT_ACT_SYN,SYN-02,1,1
13655,IPC_SYN,SYN-01,1,1
13656,IPC_SYN,SYN-01,1,1
13657,SPECIAL_LAW_SYN,SYN-03,1,1
13658,IPC_SYN,SYN-01,1,1
13659,IPC_SYN,SYN-01,1,1
13660,IPC_SYN,SYN-01,1,1
13661,IPC_SYN,SYN-01,1,1
13662,IPC_SYN,SYN-01,1,1
13663,SPECIAL_LAW_SYN,SYN-03,1,1
13664,IT_ACT_SYN,SYN-02,1,1
13665,IPC_SYN,SYN-01,1,1
13666,IPC_SYN,SYN-01,1,1
13667,SPECIAL_LAW_SYN,SYN-03,1,1
13668,IPC_SYN,SYN-01,1,1
13669,SPECIAL_LAW_SYN,SYN-03,1,1
13670,IT_ACT_SYN,SYN-02,1,1
13671,IPC_SYN,SYN-01,1,1
13672,IPC_SYN,SYN-01,1,1
13673,SPECIAL_LAW_SYN,SYN-03,1,1
13674,SPECIAL_LAW_SYN,SYN-03,1,1
13675,IPC_SYN,SYN-01,1,1
13676,IPC_SYN,SYN-01,1,1
13677,IPC_SYN,SYN-01,1,1
13678,IPC_SYN,SYN-01,1,1
13679,IPC_SYN,SYN-01,1,1
13680,IPC_SYN,SYN-01,1,1
13681,IPC_SYN,SYN-01,1,1
13682,IPC_SYN,SYN-01,1,1
13683,IPC_SYN,SYN-01,1,1
13684,IPC_SYN,SYN-01,1,1
13685,IPC_SYN,SYN-01,1,1
13686,SPECIAL_LAW_SYN,SYN-03,1,1
13687,IPC_SYN,SYN-01,1,1
13688,IPC_SYN,SYN-01,1,1
13689,IPC_SYN,SYN-01,1,1
13690,IPC_SYN,SYN-01,1,1
13691,IPC_SYN,SYN-01,1,1
13692,IT_ACT_SYN,SYN-02,1,1
13693,IPC_SYN,SYN-01,1,1
13694,IPC_SYN,SYN-01,1,1
13695,IPC_SYN,SYN-01,1,1
13696,IT_ACT_SYN,SYN-02,1,1
13697,IPC_SYN,SYN-01,1,1
13698,SPECIAL_LAW_SYN,SYN-03,1,1
13699,SPECIAL_LAW_SYN,SYN-03,1,1
13700,IPC_SYN,SYN-01,1,1
13701,SPECIAL_LAW_SYN,SYN-03,1,1
13702,IT_ACT_SYN,SYN-02,1,1
13703,IPC_SYN,SYN-01,1,1
13704,SPECIAL_LAW_SYN,SYN-03,1,1
13705,IPC_SYN,SYN-01,1,1
13706,IT_ACT_SYN,SYN-02,1,1
13707,SPECIAL_LAW_SYN,SYN-03,1,1
13708,SPECIAL_LAW_SYN,SYN-03,1,1
13709,IPC_SYN,SYN-01,1,1
13710,IPC_SYN,SYN-01,1,1
13711,IPC_SYN,SYN-01,1,1
13712,IPC_SYN,SYN-01,1,1
13713,IT_ACT_SYN,SYN-02,1,1
13714,IPC_SYN,SYN-01,1,1
13715,SPECIAL_LAW_SYN,SYN-03,1,1
13716,IPC_SYN,SYN-01,1,1
13717,IT_ACT_SYN,SYN-02,1,1
13718,SPECIAL_LAW_SYN,SYN-03,1,1
13719,SPECIAL_LAW_SYN,SYN-03,1,1
13720,SPECIAL_LAW_SYN,SYN-03,1,1
13721,SPECIAL_LAW_SYN,SYN-03,1,1
13722,IPC_SYN,SYN-01,1,1
13723,IPC_SYN,SYN-01,1,1
13724,IPC_SYN,SYN-01,1,1
13725,IPC_SYN,SYN-01,1,1
13726,IPC_SYN,SYN-01,1,1
13727,IPC_SYN,SYN-01,1,1
13728,IPC_SYN,SYN-01,1,1
13729,IT_ACT_SYN,SYN-02,1,1
13730,IPC_SYN,SYN-01,1,1
13731,IPC_SYN,SYN-01,1,1
13732,IPC_SYN,SYN-01,1,1
13733,SPECIAL_LAW_SYN,SYN-03,1,1
13734,IPC_SYN,SYN-01,1,1
13735,IT_ACT_SYN,SYN-02,1,1
13736,IPC_SYN,SYN-01,1,1
13737,IT_ACT_SYN,SYN-02,1,1
13738,IPC_SYN,SYN-01,1,1
13739,IPC_SYN,SYN-01,1,1
13740,IT_ACT_SYN,SYN-02,1,1
13741,SPECIAL_LAW_SYN,SYN-03,1,1
13742,IPC_SYN,SYN-01,1,1
13743,SPECIAL_LAW_SYN,SYN-03,1,1
13744,SPECIAL_LAW_SYN,SYN-03,1,1
13745,SPECIAL_LAW_SYN,SYN-03,1,1
13746,SPECIAL_LAW_SYN,SYN-03,1,1
13747,IPC_SYN,SYN-01,1,1
13748,IPC_SYN,SYN-01,1,1
13749,IPC_SYN,SYN-01,1,1
13750,IPC_SYN,SYN-01,1,1
13751,IPC_SYN,SYN-01,1,1
13752,IPC_SYN,SYN-01,1,1
13753,IPC_SYN,SYN-01,1,1
13754,IPC_SYN,SYN-01,1,1
13755,IPC_SYN,SYN-01,1,1
13756,IPC_SYN,SYN-01,1,1
13757,IPC_SYN,SYN-01,1,1
13758,IPC_SYN,SYN-01,1,1
13759,IPC_SYN,SYN-01,1,1
13760,IPC_SYN,SYN-01,1,1
13761,IPC_SYN,SYN-01,1,1
13762,IPC_SYN,SYN-01,1,1
13763,IPC_SYN,SYN-01,1,1
13764,SPECIAL_LAW_SYN,SYN-03,1,1
13765,IPC_SYN,SYN-01,1,1
13766,IPC_SYN,SYN-01,1,1
13767,IPC_SYN,SYN-01,1,1
13768,IPC_SYN,SYN-01,1,1
13769,IPC_SYN,SYN-01,1,1
13770,IPC_SYN,SYN-01,1,1
13771,IPC_SYN,SYN-01,1,1
13772,IPC_SYN,SYN-01,1,1
13773,IPC_SYN,SYN-01,1,1
13774,IPC_SYN,SYN-01,1,1
13775,SPECIAL_LAW_SYN,SYN-03,1,1
13776,IPC_SYN,SYN-01,1,1
13777,IPC_SYN,SYN-01,1,1
13778,IPC_SYN,SYN-01,1,1
13779,SPECIAL_LAW_SYN,SYN-03,1,1
13780,IPC_SYN,SYN-01,1,1
13781,IT_ACT_SYN,SYN-02,1,1
13782,IPC_SYN,SYN-01,1,1
13783,IPC_SYN,SYN-01,1,1
13784,SPECIAL_LAW_SYN,SYN-03,1,1
13785,SPECIAL_LAW_SYN,SYN-03,1,1
13786,IT_ACT_SYN,SYN-02,1,1
13787,IPC_SYN,SYN-01,1,1
13788,IPC_SYN,SYN-01,1,1
13789,IT_ACT_SYN,SYN-02,1,1
13790,IPC_SYN,SYN-01,1,1
13791,IPC_SYN,SYN-01,1,1
13792,IT_ACT_SYN,SYN-02,1,1
13793,IPC_SYN,SYN-01,1,1
13794,IPC_SYN,SYN-01,1,1
13795,IPC_SYN,SYN-01,1,1
13796,IPC_SYN,SYN-01,1,1
13797,IPC_SYN,SYN-01,1,1
13798,IPC_SYN,SYN-01,1,1
13799,IPC_SYN,SYN-01,1,1
13800,IPC_SYN,SYN-01,1,1
13801,IPC_SYN,SYN-01,1,1
13802,IPC_SYN,SYN-01,1,1
13803,IPC_SYN,SYN-01,1,1
13804,IPC_SYN,SYN-01,1,1
13805,IT_ACT_SYN,SYN-02,1,1
13806,IPC_SYN,SYN-01,1,1
13807,IT_ACT_SYN,SYN-02,1,1
13808,IPC_SYN,SYN-01,1,1
13809,IPC_SYN,SYN-01,1,1
13810,SPECIAL_LAW_SYN,SYN-03,1,1
13811,IPC_SYN,SYN-01,1,1
13812,IPC_SYN,SYN-01,1,1
13813,SPECIAL_LAW_SYN,SYN-03,1,1
13814,SPECIAL_LAW_SYN,SYN-03,1,1
13815,IPC_SYN,SYN-01,1,1
13816,IPC_SYN,SYN-01,1,1
13817,SPECIAL_LAW_SYN,SYN-03,1,1
13818,IPC_SYN,SYN-01,1,1
13819,IT_ACT_SYN,SYN-02,1,1
13820,IPC_SYN,SYN-01,1,1
13821,SPECIAL_LAW_SYN,SYN-03,1,1
13822,IPC_SYN,SYN-01,1,1
13823,IPC_SYN,SYN-01,1,1
13824,IPC_SYN,SYN-01,1,1
13825,IT_ACT_SYN,SYN-02,1,1
13826,IT_ACT_SYN,SYN-02,1,1
13827,IPC_SYN,SYN-01,1,1
13828,IPC_SYN,SYN-01,1,1
13829,IPC_SYN,SYN-01,1,1
13830,IPC_SYN,SYN-01,1,1
13831,SPECIAL_LAW_SYN,SYN-03,1,1
13832,IPC_SYN,SYN-01,1,1
13833,IPC_SYN,SYN-01,1,1
13834,IPC_SYN,SYN-01,1,1
13835,IPC_SYN,SYN-01,1,1
13836,IPC_SYN,SYN-01,1,1
13837,SPECIAL_LAW_SYN,SYN-03,1,1
13838,IPC_SYN,SYN-01,1,1
13839,SPECIAL_LAW_SYN,SYN-03,1,1
13840,SPECIAL_LAW_SYN,SYN-03,1,1
13841,SPECIAL_LAW_SYN,SYN-03,1,1
13842,IPC_SYN,SYN-01,1,1
13843,SPECIAL_LAW_SYN,SYN-03,1,1
13844,IPC_SYN,SYN-01,1,1
13845,SPECIAL_LAW_SYN,SYN-03,1,1
13846,IPC_SYN,SYN-01,1,1
13847,IPC_SYN,SYN-01,1,1
13848,SPECIAL_LAW_SYN,SYN-03,1,1
13849,IPC_SYN,SYN-01,1,1
13850,IPC_SYN,SYN-01,1,1
13851,SPECIAL_LAW_SYN,SYN-03,1,1
13852,IPC_SYN,SYN-01,1,1
13853,IT_ACT_SYN,SYN-02,1,1
13854,IPC_SYN,SYN-01,1,1
13855,IPC_SYN,SYN-01,1,1
13856,IPC_SYN,SYN-01,1,1
13857,IPC_SYN,SYN-01,1,1
13858,IT_ACT_SYN,SYN-02,1,1
13859,IPC_SYN,SYN-01,1,1
13860,IPC_SYN,SYN-01,1,1
13861,IPC_SYN,SYN-01,1,1
13862,IPC_SYN,SYN-01,1,1
13863,SPECIAL_LAW_SYN,SYN-03,1,1
13864,SPECIAL_LAW_SYN,SYN-03,1,1
13865,IPC_SYN,SYN-01,1,1
13866,IT_ACT_SYN,SYN-02,1,1
13867,IPC_SYN,SYN-01,1,1
13868,IPC_SYN,SYN-01,1,1
13869,IT_ACT_SYN,SYN-02,1,1
13870,IPC_SYN,SYN-01,1,1
13871,SPECIAL_LAW_SYN,SYN-03,1,1
13872,IPC_SYN,SYN-01,1,1
13873,IPC_SYN,SYN-01,1,1
13874,SPECIAL_LAW_SYN,SYN-03,1,1
13875,IPC_SYN,SYN-01,1,1
13876,IT_ACT_SYN,SYN-02,1,1
13877,IPC_SYN,SYN-01,1,1
13878,IPC_SYN,SYN-01,1,1
13879,IPC_SYN,SYN-01,1,1
13880,SPECIAL_LAW_SYN,SYN-03,1,1
13881,IPC_SYN,SYN-01,1,1
13882,IT_ACT_SYN,SYN-02,1,1
13883,IT_ACT_SYN,SYN-02,1,1
13884,IPC_SYN,SYN-01,1,1
13885,IPC_SYN,SYN-01,1,1
13886,SPECIAL_LAW_SYN,SYN-03,1,1
13887,IPC_SYN,SYN-01,1,1
13888,IPC_SYN,SYN-01,1,1
13889,IPC_SYN,SYN-01,1,1
13890,SPECIAL_LAW_SYN,SYN-03,1,1
13891,IPC_SYN,SYN-01,1,1
13892,SPECIAL_LAW_SYN,SYN-03,1,1
13893,IPC_SYN,SYN-01,1,1
13894,IPC_SYN,SYN-01,1,1
13895,SPECIAL_LAW_SYN,SYN-03,1,1
13896,IPC_SYN,SYN-01,1,1
13897,IPC_SYN,SYN-01,1,1
13898,SPECIAL_LAW_SYN,SYN-03,1,1
13899,IT_ACT_SYN,SYN-02,1,1
13900,IPC_SYN,SYN-01,1,1
13901,IPC_SYN,SYN-01,1,1
13902,IPC_SYN,SYN-01,1,1
13903,IT_ACT_SYN,SYN-02,1,1
13904,SPECIAL_LAW_SYN,SYN-03,1,1
13905,SPECIAL_LAW_SYN,SYN-03,1,1
13906,SPECIAL_LAW_SYN,SYN-03,1,1
13907,IPC_SYN,SYN-01,1,1
13908,IPC_SYN,SYN-01,1,1
13909,IPC_SYN,SYN-01,1,1
13910,SPECIAL_LAW_SYN,SYN-03,1,1
13911,IT_ACT_SYN,SYN-02,1,1
13912,IPC_SYN,SYN-01,1,1
13913,SPECIAL_LAW_SYN,SYN-03,1,1
13914,IPC_SYN,SYN-01,1,1
13915,SPECIAL_LAW_SYN,SYN-03,1,1
13916,IPC_SYN,SYN-01,1,1
13917,IT_ACT_SYN,SYN-02,1,1
13918,IT_ACT_SYN,SYN-02,1,1
13919,SPECIAL_LAW_SYN,SYN-03,1,1
13920,IPC_SYN,SYN-01,1,1
13921,IPC_SYN,SYN-01,1,1
13922,IPC_SYN,SYN-01,1,1
13923,IPC_SYN,SYN-01,1,1
13924,IPC_SYN,SYN-01,1,1
13925,IPC_SYN,SYN-01,1,1
13926,SPECIAL_LAW_SYN,SYN-03,1,1
13927,IPC_SYN,SYN-01,1,1
13928,IPC_SYN,SYN-01,1,1
13929,IPC_SYN,SYN-01,1,1
13930,IPC_SYN,SYN-01,1,1
13931,IPC_SYN,SYN-01,1,1
13932,SPECIAL_LAW_SYN,SYN-03,1,1
13933,SPECIAL_LAW_SYN,SYN-03,1,1
13934,IPC_SYN,SYN-01,1,1
13935,IT_ACT_SYN,SYN-02,1,1
13936,IPC_SYN,SYN-01,1,1
13937,IPC_SYN,SYN-01,1,1
13938,IT_ACT_SYN,SYN-02,1,1
13939,IPC_SYN,SYN-01,1,1
13940,IPC_SYN,SYN-01,1,1
13941,IPC_SYN,SYN-01,1,1
13942,IPC_SYN,SYN-01,1,1
13943,IPC_SYN,SYN-01,1,1
13944,IPC_SYN,SYN-01,1,1
13945,SPECIAL_LAW_SYN,SYN-03,1,1
13946,IPC_SYN,SYN-01,1,1
13947,IPC_SYN,SYN-01,1,1
13948,SPECIAL_LAW_SYN,SYN-03,1,1
13949,SPECIAL_LAW_SYN,SYN-03,1,1
13950,IT_ACT_SYN,SYN-02,1,1
13951,SPECIAL_LAW_SYN,SYN-03,1,1
13952,SPECIAL_LAW_SYN,SYN-03,1,1
13953,SPECIAL_LAW_SYN,SYN-03,1,1
13954,IPC_SYN,SYN-01,1,1
13955,IPC_SYN,SYN-01,1,1
13956,IPC_SYN,SYN-01,1,1
13957,IPC_SYN,SYN-01,1,1
13958,IT_ACT_SYN,SYN-02,1,1
13959,IPC_SYN,SYN-01,1,1
13960,IT_ACT_SYN,SYN-02,1,1
13961,SPECIAL_LAW_SYN,SYN-03,1,1
13962,IPC_SYN,SYN-01,1,1
13963,SPECIAL_LAW_SYN,SYN-03,1,1
13964,SPECIAL_LAW_SYN,SYN-03,1,1
13965,SPECIAL_LAW_SYN,SYN-03,1,1
13966,SPECIAL_LAW_SYN,SYN-03,1,1
13967,SPECIAL_LAW_SYN,SYN-03,1,1
13968,IPC_SYN,SYN-01,1,1
13969,IPC_SYN,SYN-01,1,1
13970,SPECIAL_LAW_SYN,SYN-03,1,1
13971,IPC_SYN,SYN-01,1,1
13972,IT_ACT_SYN,SYN-02,1,1
13973,IPC_SYN,SYN-01,1,1
13974,IPC_SYN,SYN-01,1,1
13975,IPC_SYN,SYN-01,1,1
13976,IPC_SYN,SYN-01,1,1
13977,SPECIAL_LAW_SYN,SYN-03,1,1
13978,SPECIAL_LAW_SYN,SYN-03,1,1
13979,IPC_SYN,SYN-01,1,1
13980,IT_ACT_SYN,SYN-02,1,1
13981,SPECIAL_LAW_SYN,SYN-03,1,1
13982,SPECIAL_LAW_SYN,SYN-03,1,1
13983,IPC_SYN,SYN-01,1,1
13984,IPC_SYN,SYN-01,1,1
13985,IPC_SYN,SYN-01,1,1
13986,IPC_SYN,SYN-01,1,1
13987,IPC_SYN,SYN-01,1,1
13988,IPC_SYN,SYN-01,1,1
13989,IT_ACT_SYN,SYN-02,1,1
13990,SPECIAL_LAW_SYN,SYN-03,1,1
13991,IT_ACT_SYN,SYN-02,1,1
13992,SPECIAL_LAW_SYN,SYN-03,1,1
13993,SPECIAL_LAW_SYN,SYN-03,1,1
13994,IT_ACT_SYN,SYN-02,1,1
13995,IPC_SYN,SYN-01,1,1
13996,IPC_SYN,SYN-01,1,1
13997,IPC_SYN,SYN-01,1,1
13998,SPECIAL_LAW_SYN,SYN-03,1,1
13999,IT_ACT_SYN,SYN-02,1,1
14000,SPECIAL_LAW_SYN,SYN-03,1,1
14001,SPECIAL_LAW_SYN,SYN-03,1,1
14002,IPC_SYN,SYN-01,1,1
14003,IPC_SYN,SYN-01,1,1
14004,SPECIAL_LAW_SYN,SYN-03,1,1
14005,SPECIAL_LAW_SYN,SYN-03,1,1
14006,SPECIAL_LAW_SYN,SYN-03,1,1
14007,IPC_SYN,SYN-01,1,1
14008,IT_ACT_SYN,SYN-02,1,1
14009,IT_ACT_SYN,SYN-02,1,1
14010,IPC_SYN,SYN-01,1,1
14011,IPC_SYN,SYN-01,1,1
14012,IPC_SYN,SYN-01,1,1
14013,SPECIAL_LAW_SYN,SYN-03,1,1
14014,IPC_SYN,SYN-01,1,1
14015,IPC_SYN,SYN-01,1,1
14016,IPC_SYN,SYN-01,1,1
14017,IPC_SYN,SYN-01,1,1
14018,IPC_SYN,SYN-01,1,1
14019,SPECIAL_LAW_SYN,SYN-03,1,1
14020,SPECIAL_LAW_SYN,SYN-03,1,1
14021,SPECIAL_LAW_SYN,SYN-03,1,1
14022,IPC_SYN,SYN-01,1,1
14023,SPECIAL_LAW_SYN,SYN-03,1,1
14024,IT_ACT_SYN,SYN-02,1,1
14025,IPC_SYN,SYN-01,1,1
14026,IPC_SYN,SYN-01,1,1
14027,IPC_SYN,SYN-01,1,1
14028,IPC_SYN,SYN-01,1,1
14029,IPC_SYN,SYN-01,1,1
14030,IPC_SYN,SYN-01,1,1
14031,IPC_SYN,SYN-01,1,1
14032,IPC_SYN,SYN-01,1,1
14033,IPC_SYN,SYN-01,1,1
14034,SPECIAL_LAW_SYN,SYN-03,1,1
14035,SPECIAL_LAW_SYN,SYN-03,1,1
14036,SPECIAL_LAW_SYN,SYN-03,1,1
14037,SPECIAL_LAW_SYN,SYN-03,1,1
14038,IPC_SYN,SYN-01,1,1
14039,IPC_SYN,SYN-01,1,1
14040,SPECIAL_LAW_SYN,SYN-03,1,1
14041,IPC_SYN,SYN-01,1,1
14042,SPECIAL_LAW_SYN,SYN-03,1,1
14043,IT_ACT_SYN,SYN-02,1,1
14044,IPC_SYN,SYN-01,1,1
14045,IPC_SYN,SYN-01,1,1
14046,IT_ACT_SYN,SYN-02,1,1
14047,SPECIAL_LAW_SYN,SYN-03,1,1
14048,IPC_SYN,SYN-01,1,1
14049,IT_ACT_SYN,SYN-02,1,1
14050,SPECIAL_LAW_SYN,SYN-03,1,1
14051,IPC_SYN,SYN-01,1,1
14052,IT_ACT_SYN,SYN-02,1,1
14053,SPECIAL_LAW_SYN,SYN-03,1,1
14054,IPC_SYN,SYN-01,1,1
14055,IT_ACT_SYN,SYN-02,1,1
14056,IPC_SYN,SYN-01,1,1
14057,IPC_SYN,SYN-01,1,1
14058,IPC_SYN,SYN-01,1,1
14059,IPC_SYN,SYN-01,1,1
14060,IPC_SYN,SYN-01,1,1
14061,IPC_SYN,SYN-01,1,1
14062,IPC_SYN,SYN-01,1,1
14063,IPC_SYN,SYN-01,1,1
14064,IPC_SYN,SYN-01,1,1
14065,IT_ACT_SYN,SYN-02,1,1
14066,IPC_SYN,SYN-01,1,1
14067,IPC_SYN,SYN-01,1,1
14068,SPECIAL_LAW_SYN,SYN-03,1,1
14069,IPC_SYN,SYN-01,1,1
14070,IPC_SYN,SYN-01,1,1
14071,IPC_SYN,SYN-01,1,1
14072,SPECIAL_LAW_SYN,SYN-03,1,1
14073,SPECIAL_LAW_SYN,SYN-03,1,1
14074,IPC_SYN,SYN-01,1,1
14075,IPC_SYN,SYN-01,1,1
14076,IPC_SYN,SYN-01,1,1
14077,IPC_SYN,SYN-01,1,1
14078,IPC_SYN,SYN-01,1,1
14079,IT_ACT_SYN,SYN-02,1,1
14080,IPC_SYN,SYN-01,1,1
14081,IPC_SYN,SYN-01,1,1
14082,IPC_SYN,SYN-01,1,1
14083,IPC_SYN,SYN-01,1,1
14084,IPC_SYN,SYN-01,1,1
14085,IPC_SYN,SYN-01,1,1
14086,IT_ACT_SYN,SYN-02,1,1
14087,SPECIAL_LAW_SYN,SYN-03,1,1
14088,IT_ACT_SYN,SYN-02,1,1
14089,SPECIAL_LAW_SYN,SYN-03,1,1
14090,IPC_SYN,SYN-01,1,1
14091,IPC_SYN,SYN-01,1,1
14092,IPC_SYN,SYN-01,1,1
14093,IPC_SYN,SYN-01,1,1
14094,IPC_SYN,SYN-01,1,1
14095,IPC_SYN,SYN-01,1,1
14096,IPC_SYN,SYN-01,1,1
14097,IPC_SYN,SYN-01,1,1
14098,IPC_SYN,SYN-01,1,1
14099,SPECIAL_LAW_SYN,SYN-03,1,1
14100,IPC_SYN,SYN-01,1,1
14101,IPC_SYN,SYN-01,1,1
14102,IPC_SYN,SYN-01,1,1
14103,IPC_SYN,SYN-01,1,1
14104,IPC_SYN,SYN-01,1,1
14105,SPECIAL_LAW_SYN,SYN-03,1,1
14106,SPECIAL_LAW_SYN,SYN-03,1,1
14107,IPC_SYN,SYN-01,1,1
14108,SPECIAL_LAW_SYN,SYN-03,1,1
14109,SPECIAL_LAW_SYN,SYN-03,1,1
14110,IPC_SYN,SYN-01,1,1
14111,SPECIAL_LAW_SYN,SYN-03,1,1
14112,IPC_SYN,SYN-01,1,1
14113,IPC_SYN,SYN-01,1,1
14114,IT_ACT_SYN,SYN-02,1,1
14115,IPC_SYN,SYN-01,1,1
14116,SPECIAL_LAW_SYN,SYN-03,1,1
14117,SPECIAL_LAW_SYN,SYN-03,1,1
14118,IPC_SYN,SYN-01,1,1
14119,IPC_SYN,SYN-01,1,1
14120,IPC_SYN,SYN-01,1,1
14121,SPECIAL_LAW_SYN,SYN-03,1,1
14122,IPC_SYN,SYN-01,1,1
14123,IPC_SYN,SYN-01,1,1
14124,IPC_SYN,SYN-01,1,1
14125,IPC_SYN,SYN-01,1,1
14126,IT_ACT_SYN,SYN-02,1,1
14127,IPC_SYN,SYN-01,1,1
14128,IPC_SYN,SYN-01,1,1
14129,IPC_SYN,SYN-01,1,1
14130,SPECIAL_LAW_SYN,SYN-03,1,1
14131,SPECIAL_LAW_SYN,SYN-03,1,1
14132,SPECIAL_LAW_SYN,SYN-03,1,1
14133,IT_ACT_SYN,SYN-02,1,1
14134,IT_ACT_SYN,SYN-02,1,1
14135,IPC_SYN,SYN-01,1,1
14136,IPC_SYN,SYN-01,1,1
14137,IPC_SYN,SYN-01,1,1
14138,IPC_SYN,SYN-01,1,1
14139,IPC_SYN,SYN-01,1,1
14140,IT_ACT_SYN,SYN-02,1,1
14141,SPECIAL_LAW_SYN,SYN-03,1,1
14142,IPC_SYN,SYN-01,1,1
14143,IPC_SYN,SYN-01,1,1
14144,SPECIAL_LAW_SYN,SYN-03,1,1
14145,IPC_SYN,SYN-01,1,1
14146,IPC_SYN,SYN-01,1,1
14147,IT_ACT_SYN,SYN-02,1,1
14148,IPC_SYN,SYN-01,1,1
14149,SPECIAL_LAW_SYN,SYN-03,1,1
14150,IPC_SYN,SYN-01,1,1
14151,IT_ACT_SYN,SYN-02,1,1
14152,IT_ACT_SYN,SYN-02,1,1
14153,IPC_SYN,SYN-01,1,1
14154,IPC_SYN,SYN-01,1,1
14155,SPECIAL_LAW_SYN,SYN-03,1,1
14156,SPECIAL_LAW_SYN,SYN-03,1,1
14157,IT_ACT_SYN,SYN-02,1,1
14158,SPECIAL_LAW_SYN,SYN-03,1,1
14159,SPECIAL_LAW_SYN,SYN-03,1,1
14160,IPC_SYN,SYN-01,1,1
14161,SPECIAL_LAW_SYN,SYN-03,1,1
14162,IPC_SYN,SYN-01,1,1
14163,SPECIAL_LAW_SYN,SYN-03,1,1
14164,IPC_SYN,SYN-01,1,1
14165,IT_ACT_SYN,SYN-02,1,1
14166,IPC_SYN,SYN-01,1,1
14167,IPC_SYN,SYN-01,1,1
14168,IPC_SYN,SYN-01,1,1
14169,IT_ACT_SYN,SYN-02,1,1
14170,IPC_SYN,SYN-01,1,1
14171,IPC_SYN,SYN-01,1,1
14172,SPECIAL_LAW_SYN,SYN-03,1,1
14173,SPECIAL_LAW_SYN,SYN-03,1,1
14174,IPC_SYN,SYN-01,1,1
14175,IPC_SYN,SYN-01,1,1
14176,SPECIAL_LAW_SYN,SYN-03,1,1
14177,SPECIAL_LAW_SYN,SYN-03,1,1
14178,SPECIAL_LAW_SYN,SYN-03,1,1
14179,IPC_SYN,SYN-01,1,1
14180,IPC_SYN,SYN-01,1,1
14181,IPC_SYN,SYN-01,1,1
14182,IT_ACT_SYN,SYN-02,1,1
14183,IT_ACT_SYN,SYN-02,1,1
14184,IT_ACT_SYN,SYN-02,1,1
14185,SPECIAL_LAW_SYN,SYN-03,1,1
14186,IPC_SYN,SYN-01,1,1
14187,IT_ACT_SYN,SYN-02,1,1
14188,IPC_SYN,SYN-01,1,1
14189,IPC_SYN,SYN-01,1,1
14190,SPECIAL_LAW_SYN,SYN-03,1,1
14191,IPC_SYN,SYN-01,1,1
14192,SPECIAL_LAW_SYN,SYN-03,1,1
14193,SPECIAL_LAW_SYN,SYN-03,1,1
14194,IPC_SYN,SYN-01,1,1
14195,IPC_SYN,SYN-01,1,1
14196,IPC_SYN,SYN-01,1,1
14197,SPECIAL_LAW_SYN,SYN-03,1,1
14198,IPC_SYN,SYN-01,1,1
14199,IPC_SYN,SYN-01,1,1
14200,SPECIAL_LAW_SYN,SYN-03,1,1
14201,IPC_SYN,SYN-01,1,1
14202,SPECIAL_LAW_SYN,SYN-03,1,1
14203,IPC_SYN,SYN-01,1,1
14204,SPECIAL_LAW_SYN,SYN-03,1,1
14205,IPC_SYN,SYN-01,1,1
14206,IPC_SYN,SYN-01,1,1
14207,IPC_SYN,SYN-01,1,1
14208,IPC_SYN,SYN-01,1,1
14209,IPC_SYN,SYN-01,1,1
14210,IPC_SYN,SYN-01,1,1
14211,IPC_SYN,SYN-01,1,1
14212,SPECIAL_LAW_SYN,SYN-03,1,1
14213,SPECIAL_LAW_SYN,SYN-03,1,1
14214,IT_ACT_SYN,SYN-02,1,1
14215,IPC_SYN,SYN-01,1,1
14216,SPECIAL_LAW_SYN,SYN-03,1,1
14217,SPECIAL_LAW_SYN,SYN-03,1,1
14218,SPECIAL_LAW_SYN,SYN-03,1,1
14219,IPC_SYN,SYN-01,1,1
14220,IPC_SYN,SYN-01,1,1
14221,IPC_SYN,SYN-01,1,1
14222,IPC_SYN,SYN-01,1,1
14223,IPC_SYN,SYN-01,1,1
14224,SPECIAL_LAW_SYN,SYN-03,1,1
14225,SPECIAL_LAW_SYN,SYN-03,1,1
14226,IPC_SYN,SYN-01,1,1
14227,IT_ACT_SYN,SYN-02,1,1
14228,SPECIAL_LAW_SYN,SYN-03,1,1
14229,IPC_SYN,SYN-01,1,1
14230,IT_ACT_SYN,SYN-02,1,1
14231,SPECIAL_LAW_SYN,SYN-03,1,1
14232,SPECIAL_LAW_SYN,SYN-03,1,1
14233,IPC_SYN,SYN-01,1,1
14234,IPC_SYN,SYN-01,1,1
14235,IPC_SYN,SYN-01,1,1
14236,IPC_SYN,SYN-01,1,1
14237,SPECIAL_LAW_SYN,SYN-03,1,1
14238,IPC_SYN,SYN-01,1,1
14239,IT_ACT_SYN,SYN-02,1,1
14240,IPC_SYN,SYN-01,1,1
14241,IPC_SYN,SYN-01,1,1
14242,SPECIAL_LAW_SYN,SYN-03,1,1
14243,IPC_SYN,SYN-01,1,1
14244,IPC_SYN,SYN-01,1,1
14245,SPECIAL_LAW_SYN,SYN-03,1,1
14246,IPC_SYN,SYN-01,1,1
14247,IPC_SYN,SYN-01,1,1
14248,IT_ACT_SYN,SYN-02,1,1
14249,IPC_SYN,SYN-01,1,1
14250,SPECIAL_LAW_SYN,SYN-03,1,1
14251,IPC_SYN,SYN-01,1,1
14252,IPC_SYN,SYN-01,1,1
14253,IPC_SYN,SYN-01,1,1
14254,IPC_SYN,SYN-01,1,1
14255,IT_ACT_SYN,SYN-02,1,1
14256,SPECIAL_LAW_SYN,SYN-03,1,1
14257,SPECIAL_LAW_SYN,SYN-03,1,1
14258,SPECIAL_LAW_SYN,SYN-03,1,1
14259,IPC_SYN,SYN-01,1,1
14260,IPC_SYN,SYN-01,1,1
14261,IPC_SYN,SYN-01,1,1
14262,SPECIAL_LAW_SYN,SYN-03,1,1
14263,IT_ACT_SYN,SYN-02,1,1
14264,IPC_SYN,SYN-01,1,1
14265,SPECIAL_LAW_SYN,SYN-03,1,1
14266,IPC_SYN,SYN-01,1,1
14267,IPC_SYN,SYN-01,1,1
14268,IPC_SYN,SYN-01,1,1
14269,SPECIAL_LAW_SYN,SYN-03,1,1
14270,IPC_SYN,SYN-01,1,1
14271,IPC_SYN,SYN-01,1,1
14272,SPECIAL_LAW_SYN,SYN-03,1,1
14273,IPC_SYN,SYN-01,1,1
14274,SPECIAL_LAW_SYN,SYN-03,1,1
14275,IPC_SYN,SYN-01,1,1
14276,IT_ACT_SYN,SYN-02,1,1
14277,IPC_SYN,SYN-01,1,1
14278,IPC_SYN,SYN-01,1,1
14279,SPECIAL_LAW_SYN,SYN-03,1,1
14280,IPC_SYN,SYN-01,1,1
14281,IPC_SYN,SYN-01,1,1
14282,IPC_SYN,SYN-01,1,1
14283,IPC_SYN,SYN-01,1,1
14284,IPC_SYN,SYN-01,1,1
14285,IPC_SYN,SYN-01,1,1
14286,IPC_SYN,SYN-01,1,1
14287,IPC_SYN,SYN-01,1,1
14288,IPC_SYN,SYN-01,1,1
14289,IPC_SYN,SYN-01,1,1
14290,IPC_SYN,SYN-01,1,1
14291,IPC_SYN,SYN-01,1,1
14292,IPC_SYN,SYN-01,1,1
14293,SPECIAL_LAW_SYN,SYN-03,1,1
14294,IPC_SYN,SYN-01,1,1
14295,SPECIAL_LAW_SYN,SYN-03,1,1
14296,IPC_SYN,SYN-01,1,1
14297,IPC_SYN,SYN-01,1,1
14298,IPC_SYN,SYN-01,1,1
14299,SPECIAL_LAW_SYN,SYN-03,1,1
14300,IPC_SYN,SYN-01,1,1
14301,IPC_SYN,SYN-01,1,1
14302,SPECIAL_LAW_SYN,SYN-03,1,1
14303,SPECIAL_LAW_SYN,SYN-03,1,1
14304,IPC_SYN,SYN-01,1,1
14305,IT_ACT_SYN,SYN-02,1,1
14306,IPC_SYN,SYN-01,1,1
14307,IPC_SYN,SYN-01,1,1
14308,IPC_SYN,SYN-01,1,1
14309,IPC_SYN,SYN-01,1,1
14310,IPC_SYN,SYN-01,1,1
14311,IPC_SYN,SYN-01,1,1
14312,SPECIAL_LAW_SYN,SYN-03,1,1
14313,IPC_SYN,SYN-01,1,1
14314,IPC_SYN,SYN-01,1,1
14315,IPC_SYN,SYN-01,1,1
14316,IPC_SYN,SYN-01,1,1
14317,SPECIAL_LAW_SYN,SYN-03,1,1
14318,IPC_SYN,SYN-01,1,1
14319,SPECIAL_LAW_SYN,SYN-03,1,1
14320,SPECIAL_LAW_SYN,SYN-03,1,1
14321,IPC_SYN,SYN-01,1,1
14322,IPC_SYN,SYN-01,1,1
14323,IPC_SYN,SYN-01,1,1
14324,IPC_SYN,SYN-01,1,1
14325,IPC_SYN,SYN-01,1,1
14326,IPC_SYN,SYN-01,1,1
14327,IPC_SYN,SYN-01,1,1
14328,IPC_SYN,SYN-01,1,1
14329,IT_ACT_SYN,SYN-02,1,1
14330,IPC_SYN,SYN-01,1,1
14331,IPC_SYN,SYN-01,1,1
14332,IPC_SYN,SYN-01,1,1
14333,IPC_SYN,SYN-01,1,1
14334,SPECIAL_LAW_SYN,SYN-03,1,1
14335,IT_ACT_SYN,SYN-02,1,1
14336,IT_ACT_SYN,SYN-02,1,1
14337,IT_ACT_SYN,SYN-02,1,1
14338,IPC_SYN,SYN-01,1,1
14339,SPECIAL_LAW_SYN,SYN-03,1,1
14340,IT_ACT_SYN,SYN-02,1,1
14341,IPC_SYN,SYN-01,1,1
14342,IPC_SYN,SYN-01,1,1
14343,IPC_SYN,SYN-01,1,1
14344,IPC_SYN,SYN-01,1,1
14345,IT_ACT_SYN,SYN-02,1,1
14346,IPC_SYN,SYN-01,1,1
14347,IPC_SYN,SYN-01,1,1
14348,IPC_SYN,SYN-01,1,1
14349,IT_ACT_SYN,SYN-02,1,1
14350,IPC_SYN,SYN-01,1,1
14351,IT_ACT_SYN,SYN-02,1,1
14352,SPECIAL_LAW_SYN,SYN-03,1,1
14353,IPC_SYN,SYN-01,1,1
14354,SPECIAL_LAW_SYN,SYN-03,1,1
14355,IPC_SYN,SYN-01,1,1
14356,IPC_SYN,SYN-01,1,1
14357,IPC_SYN,SYN-01,1,1
14358,IPC_SYN,SYN-01,1,1
14359,IPC_SYN,SYN-01,1,1
14360,IPC_SYN,SYN-01,1,1
14361,SPECIAL_LAW_SYN,SYN-03,1,1
14362,SPECIAL_LAW_SYN,SYN-03,1,1
14363,IPC_SYN,SYN-01,1,1
14364,IT_ACT_SYN,SYN-02,1,1
14365,IPC_SYN,SYN-01,1,1
14366,IPC_SYN,SYN-01,1,1
14367,IPC_SYN,SYN-01,1,1
14368,SPECIAL_LAW_SYN,SYN-03,1,1
14369,IPC_SYN,SYN-01,1,1
14370,SPECIAL_LAW_SYN,SYN-03,1,1
14371,IT_ACT_SYN,SYN-02,1,1
14372,IPC_SYN,SYN-01,1,1
14373,IPC_SYN,SYN-01,1,1
14374,SPECIAL_LAW_SYN,SYN-03,1,1
14375,SPECIAL_LAW_SYN,SYN-03,1,1
14376,IPC_SYN,SYN-01,1,1
14377,IPC_SYN,SYN-01,1,1
14378,IPC_SYN,SYN-01,1,1
14379,SPECIAL_LAW_SYN,SYN-03,1,1
14380,IPC_SYN,SYN-01,1,1
14381,SPECIAL_LAW_SYN,SYN-03,1,1
14382,IPC_SYN,SYN-01,1,1
14383,IPC_SYN,SYN-01,1,1
14384,IT_ACT_SYN,SYN-02,1,1
14385,IPC_SYN,SYN-01,1,1
14386,SPECIAL_LAW_SYN,SYN-03,1,1
14387,SPECIAL_LAW_SYN,SYN-03,1,1
14388,SPECIAL_LAW_SYN,SYN-03,1,1
14389,IPC_SYN,SYN-01,1,1
14390,IPC_SYN,SYN-01,1,1
14391,IPC_SYN,SYN-01,1,1
14392,IPC_SYN,SYN-01,1,1
14393,IPC_SYN,SYN-01,1,1
14394,IPC_SYN,SYN-01,1,1
14395,IT_ACT_SYN,SYN-02,1,1
14396,IPC_SYN,SYN-01,1,1
14397,SPECIAL_LAW_SYN,SYN-03,1,1
14398,IT_ACT_SYN,SYN-02,1,1
14399,IT_ACT_SYN,SYN-02,1,1
14400,IPC_SYN,SYN-01,1,1
14401,IPC_SYN,SYN-01,1,1
14402,IPC_SYN,SYN-01,1,1
14403,IPC_SYN,SYN-01,1,1
14404,SPECIAL_LAW_SYN,SYN-03,1,1
14405,IPC_SYN,SYN-01,1,1
14406,IT_ACT_SYN,SYN-02,1,1
14407,IPC_SYN,SYN-01,1,1
14408,IPC_SYN,SYN-01,1,1
14409,IPC_SYN,SYN-01,1,1
14410,SPECIAL_LAW_SYN,SYN-03,1,1
14411,IPC_SYN,SYN-01,1,1
14412,IPC_SYN,SYN-01,1,1
14413,IPC_SYN,SYN-01,1,1
14414,IPC_SYN,SYN-01,1,1
14415,SPECIAL_LAW_SYN,SYN-03,1,1
14416,IPC_SYN,SYN-01,1,1
14417,IPC_SYN,SYN-01,1,1
14418,SPECIAL_LAW_SYN,SYN-03,1,1
14419,IPC_SYN,SYN-01,1,1
14420,SPECIAL_LAW_SYN,SYN-03,1,1
14421,IT_ACT_SYN,SYN-02,1,1
14422,IPC_SYN,SYN-01,1,1
14423,IPC_SYN,SYN-01,1,1
14424,SPECIAL_LAW_SYN,SYN-03,1,1
14425,SPECIAL_LAW_SYN,SYN-03,1,1
14426,SPECIAL_LAW_SYN,SYN-03,1,1
14427,IPC_SYN,SYN-01,1,1
14428,IPC_SYN,SYN-01,1,1
14429,IPC_SYN,SYN-01,1,1
14430,IPC_SYN,SYN-01,1,1
14431,SPECIAL_LAW_SYN,SYN-03,1,1
14432,IPC_SYN,SYN-01,1,1
14433,SPECIAL_LAW_SYN,SYN-03,1,1
14434,SPECIAL_LAW_SYN,SYN-03,1,1
14435,IPC_SYN,SYN-01,1,1
14436,IPC_SYN,SYN-01,1,1
14437,IPC_SYN,SYN-01,1,1
14438,IPC_SYN,SYN-01,1,1
14439,IT_ACT_SYN,SYN-02,1,1
14440,IPC_SYN,SYN-01,1,1
14441,IT_ACT_SYN,SYN-02,1,1
14442,SPECIAL_LAW_SYN,SYN-03,1,1
14443,SPECIAL_LAW_SYN,SYN-03,1,1
14444,SPECIAL_LAW_SYN,SYN-03,1,1
14445,IPC_SYN,SYN-01,1,1
14446,IT_ACT_SYN,SYN-02,1,1
14447,IPC_SYN,SYN-01,1,1
14448,SPECIAL_LAW_SYN,SYN-03,1,1
14449,IPC_SYN,SYN-01,1,1
14450,IPC_SYN,SYN-01,1,1
14451,IPC_SYN,SYN-01,1,1
14452,IPC_SYN,SYN-01,1,1
14453,IPC_SYN,SYN-01,1,1
14454,SPECIAL_LAW_SYN,SYN-03,1,1
14455,SPECIAL_LAW_SYN,SYN-03,1,1
14456,IPC_SYN,SYN-01,1,1
14457,IPC_SYN,SYN-01,1,1
14458,IPC_SYN,SYN-01,1,1
14459,IPC_SYN,SYN-01,1,1
14460,SPECIAL_LAW_SYN,SYN-03,1,1
14461,SPECIAL_LAW_SYN,SYN-03,1,1
14462,SPECIAL_LAW_SYN,SYN-03,1,1
14463,SPECIAL_LAW_SYN,SYN-03,1,1
14464,IPC_SYN,SYN-01,1,1
14465,IPC_SYN,SYN-01,1,1
14466,IPC_SYN,SYN-01,1,1
14467,IPC_SYN,SYN-01,1,1
14468,IPC_SYN,SYN-01,1,1
14469,SPECIAL_LAW_SYN,SYN-03,1,1
14470,SPECIAL_LAW_SYN,SYN-03,1,1
14471,IPC_SYN,SYN-01,1,1
14472,IPC_SYN,SYN-01,1,1
14473,IPC_SYN,SYN-01,1,1
14474,IT_ACT_SYN,SYN-02,1,1
14475,IPC_SYN,SYN-01,1,1
14476,SPECIAL_LAW_SYN,SYN-03,1,1
14477,IPC_SYN,SYN-01,1,1
14478,IPC_SYN,SYN-01,1,1
14479,IPC_SYN,SYN-01,1,1
14480,SPECIAL_LAW_SYN,SYN-03,1,1
14481,IPC_SYN,SYN-01,1,1
14482,SPECIAL_LAW_SYN,SYN-03,1,1
14483,IPC_SYN,SYN-01,1,1
14484,IPC_SYN,SYN-01,1,1
14485,IPC_SYN,SYN-01,1,1
14486,SPECIAL_LAW_SYN,SYN-03,1,1
14487,IPC_SYN,SYN-01,1,1
14488,IT_ACT_SYN,SYN-02,1,1
14489,SPECIAL_LAW_SYN,SYN-03,1,1
14490,SPECIAL_LAW_SYN,SYN-03,1,1
14491,IPC_SYN,SYN-01,1,1
14492,IT_ACT_SYN,SYN-02,1,1
14493,IPC_SYN,SYN-01,1,1
14494,IT_ACT_SYN,SYN-02,1,1
14495,IPC_SYN,SYN-01,1,1
14496,IT_ACT_SYN,SYN-02,1,1
14497,IT_ACT_SYN,SYN-02,1,1
14498,IT_ACT_SYN,SYN-02,1,1
14499,IPC_SYN,SYN-01,1,1
14500,SPECIAL_LAW_SYN,SYN-03,1,1
14501,IPC_SYN,SYN-01,1,1
14502,SPECIAL_LAW_SYN,SYN-03,1,1
14503,IPC_SYN,SYN-01,1,1
14504,IPC_SYN,SYN-01,1,1
14505,IPC_SYN,SYN-01,1,1
14506,IPC_SYN,SYN-01,1,1
14507,IPC_SYN,SYN-01,1,1
14508,IPC_SYN,SYN-01,1,1
14509,IPC_SYN,SYN-01,1,1
14510,SPECIAL_LAW_SYN,SYN-03,1,1
14511,IT_ACT_SYN,SYN-02,1,1
14512,SPECIAL_LAW_SYN,SYN-03,1,1
14513,SPECIAL_LAW_SYN,SYN-03,1,1
14514,IPC_SYN,SYN-01,1,1
14515,IT_ACT_SYN,SYN-02,1,1
14516,SPECIAL_LAW_SYN,SYN-03,1,1
14517,IT_ACT_SYN,SYN-02,1,1
14518,IT_ACT_SYN,SYN-02,1,1
14519,SPECIAL_LAW_SYN,SYN-03,1,1
14520,IT_ACT_SYN,SYN-02,1,1
14521,IPC_SYN,SYN-01,1,1
14522,IPC_SYN,SYN-01,1,1
14523,SPECIAL_LAW_SYN,SYN-03,1,1
14524,IPC_SYN,SYN-01,1,1
14525,IT_ACT_SYN,SYN-02,1,1
14526,IPC_SYN,SYN-01,1,1
14527,IPC_SYN,SYN-01,1,1
14528,SPECIAL_LAW_SYN,SYN-03,1,1
14529,IPC_SYN,SYN-01,1,1
14530,SPECIAL_LAW_SYN,SYN-03,1,1
14531,IPC_SYN,SYN-01,1,1
14532,SPECIAL_LAW_SYN,SYN-03,1,1
14533,IPC_SYN,SYN-01,1,1
14534,SPECIAL_LAW_SYN,SYN-03,1,1
14535,IPC_SYN,SYN-01,1,1
14536,IPC_SYN,SYN-01,1,1
14537,IPC_SYN,SYN-01,1,1
14538,SPECIAL_LAW_SYN,SYN-03,1,1
14539,SPECIAL_LAW_SYN,SYN-03,1,1
14540,IPC_SYN,SYN-01,1,1
14541,SPECIAL_LAW_SYN,SYN-03,1,1
14542,IT_ACT_SYN,SYN-02,1,1
14543,IPC_SYN,SYN-01,1,1
14544,SPECIAL_LAW_SYN,SYN-03,1,1
14545,SPECIAL_LAW_SYN,SYN-03,1,1
14546,SPECIAL_LAW_SYN,SYN-03,1,1
14547,SPECIAL_LAW_SYN,SYN-03,1,1
14548,IPC_SYN,SYN-01,1,1
14549,IPC_SYN,SYN-01,1,1
14550,IPC_SYN,SYN-01,1,1
14551,IPC_SYN,SYN-01,1,1
14552,IPC_SYN,SYN-01,1,1
14553,IPC_SYN,SYN-01,1,1
14554,IT_ACT_SYN,SYN-02,1,1
14555,IPC_SYN,SYN-01,1,1
14556,IPC_SYN,SYN-01,1,1
14557,IT_ACT_SYN,SYN-02,1,1
14558,SPECIAL_LAW_SYN,SYN-03,1,1
14559,IPC_SYN,SYN-01,1,1
14560,SPECIAL_LAW_SYN,SYN-03,1,1
14561,SPECIAL_LAW_SYN,SYN-03,1,1
14562,IPC_SYN,SYN-01,1,1
14563,SPECIAL_LAW_SYN,SYN-03,1,1
14564,IPC_SYN,SYN-01,1,1
14565,IPC_SYN,SYN-01,1,1
14566,IPC_SYN,SYN-01,1,1
14567,IPC_SYN,SYN-01,1,1
14568,IPC_SYN,SYN-01,1,1
14569,IT_ACT_SYN,SYN-02,1,1
14570,IPC_SYN,SYN-01,1,1
14571,SPECIAL_LAW_SYN,SYN-03,1,1
14572,SPECIAL_LAW_SYN,SYN-03,1,1
14573,SPECIAL_LAW_SYN,SYN-03,1,1
14574,IPC_SYN,SYN-01,1,1
14575,SPECIAL_LAW_SYN,SYN-03,1,1
14576,IPC_SYN,SYN-01,1,1
14577,SPECIAL_LAW_SYN,SYN-03,1,1
14578,IPC_SYN,SYN-01,1,1
14579,SPECIAL_LAW_SYN,SYN-03,1,1
14580,SPECIAL_LAW_SYN,SYN-03,1,1
14581,IPC_SYN,SYN-01,1,1
14582,IPC_SYN,SYN-01,1,1
14583,IPC_SYN,SYN-01,1,1
14584,IPC_SYN,SYN-01,1,1
14585,IPC_SYN,SYN-01,1,1
14586,IPC_SYN,SYN-01,1,1
14587,IPC_SYN,SYN-01,1,1
14588,IPC_SYN,SYN-01,1,1
14589,SPECIAL_LAW_SYN,SYN-03,1,1
14590,IT_ACT_SYN,SYN-02,1,1
14591,IPC_SYN,SYN-01,1,1
14592,SPECIAL_LAW_SYN,SYN-03,1,1
14593,IPC_SYN,SYN-01,1,1
14594,IPC_SYN,SYN-01,1,1
14595,IPC_SYN,SYN-01,1,1
14596,IPC_SYN,SYN-01,1,1
14597,IPC_SYN,SYN-01,1,1
14598,SPECIAL_LAW_SYN,SYN-03,1,1
14599,IPC_SYN,SYN-01,1,1
14600,IPC_SYN,SYN-01,1,1
14601,SPECIAL_LAW_SYN,SYN-03,1,1
14602,SPECIAL_LAW_SYN,SYN-03,1,1
14603,SPECIAL_LAW_SYN,SYN-03,1,1
14604,IPC_SYN,SYN-01,1,1
14605,SPECIAL_LAW_SYN,SYN-03,1,1
14606,IPC_SYN,SYN-01,1,1
14607,SPECIAL_LAW_SYN,SYN-03,1,1
14608,IPC_SYN,SYN-01,1,1
14609,SPECIAL_LAW_SYN,SYN-03,1,1
14610,SPECIAL_LAW_SYN,SYN-03,1,1
14611,IPC_SYN,SYN-01,1,1
14612,IT_ACT_SYN,SYN-02,1,1
14613,IPC_SYN,SYN-01,1,1
14614,IPC_SYN,SYN-01,1,1
14615,IPC_SYN,SYN-01,1,1
14616,IT_ACT_SYN,SYN-02,1,1
14617,IPC_SYN,SYN-01,1,1
14618,IPC_SYN,SYN-01,1,1
14619,IPC_SYN,SYN-01,1,1
14620,IPC_SYN,SYN-01,1,1
14621,IPC_SYN,SYN-01,1,1
14622,IT_ACT_SYN,SYN-02,1,1
14623,IPC_SYN,SYN-01,1,1
14624,IPC_SYN,SYN-01,1,1
14625,SPECIAL_LAW_SYN,SYN-03,1,1
14626,IPC_SYN,SYN-01,1,1
14627,IT_ACT_SYN,SYN-02,1,1
14628,IPC_SYN,SYN-01,1,1
14629,IPC_SYN,SYN-01,1,1
14630,IPC_SYN,SYN-01,1,1
14631,SPECIAL_LAW_SYN,SYN-03,1,1
14632,IPC_SYN,SYN-01,1,1
14633,SPECIAL_LAW_SYN,SYN-03,1,1
14634,IPC_SYN,SYN-01,1,1
14635,IPC_SYN,SYN-01,1,1
14636,SPECIAL_LAW_SYN,SYN-03,1,1
14637,SPECIAL_LAW_SYN,SYN-03,1,1
14638,IT_ACT_SYN,SYN-02,1,1
14639,SPECIAL_LAW_SYN,SYN-03,1,1
14640,SPECIAL_LAW_SYN,SYN-03,1,1
14641,IPC_SYN,SYN-01,1,1
14642,SPECIAL_LAW_SYN,SYN-03,1,1
14643,IPC_SYN,SYN-01,1,1
14644,IPC_SYN,SYN-01,1,1
14645,IPC_SYN,SYN-01,1,1
14646,IPC_SYN,SYN-01,1,1
14647,IPC_SYN,SYN-01,1,1
14648,IT_ACT_SYN,SYN-02,1,1
14649,IPC_SYN,SYN-01,1,1
14650,SPECIAL_LAW_SYN,SYN-03,1,1
14651,IPC_SYN,SYN-01,1,1
14652,SPECIAL_LAW_SYN,SYN-03,1,1
14653,IPC_SYN,SYN-01,1,1
14654,IPC_SYN,SYN-01,1,1
14655,IPC_SYN,SYN-01,1,1
14656,SPECIAL_LAW_SYN,SYN-03,1,1
14657,SPECIAL_LAW_SYN,SYN-03,1,1
14658,SPECIAL_LAW_SYN,SYN-03,1,1
14659,SPECIAL_LAW_SYN,SYN-03,1,1
14660,IPC_SYN,SYN-01,1,1
14661,IPC_SYN,SYN-01,1,1
14662,IPC_SYN,SYN-01,1,1
14663,IPC_SYN,SYN-01,1,1
14664,SPECIAL_LAW_SYN,SYN-03,1,1
14665,IPC_SYN,SYN-01,1,1
14666,SPECIAL_LAW_SYN,SYN-03,1,1
14667,IPC_SYN,SYN-01,1,1
14668,IPC_SYN,SYN-01,1,1
14669,SPECIAL_LAW_SYN,SYN-03,1,1
14670,IPC_SYN,SYN-01,1,1
14671,IPC_SYN,SYN-01,1,1
14672,IT_ACT_SYN,SYN-02,1,1
14673,IT_ACT_SYN,SYN-02,1,1
14674,IPC_SYN,SYN-01,1,1
14675,IPC_SYN,SYN-01,1,1
14676,IPC_SYN,SYN-01,1,1
14677,IPC_SYN,SYN-01,1,1
14678,IPC_SYN,SYN-01,1,1
14679,IPC_SYN,SYN-01,1,1
14680,SPECIAL_LAW_SYN,SYN-03,1,1
14681,IPC_SYN,SYN-01,1,1
14682,SPECIAL_LAW_SYN,SYN-03,1,1
14683,SPECIAL_LAW_SYN,SYN-03,1,1
14684,IPC_SYN,SYN-01,1,1
14685,IPC_SYN,SYN-01,1,1
14686,IPC_SYN,SYN-01,1,1
14687,SPECIAL_LAW_SYN,SYN-03,1,1
14688,IPC_SYN,SYN-01,1,1
14689,IPC_SYN,SYN-01,1,1
14690,IPC_SYN,SYN-01,1,1
14691,IPC_SYN,SYN-01,1,1
14692,IPC_SYN,SYN-01,1,1
14693,IT_ACT_SYN,SYN-02,1,1
14694,IPC_SYN,SYN-01,1,1
14695,IPC_SYN,SYN-01,1,1
14696,IPC_SYN,SYN-01,1,1
14697,SPECIAL_LAW_SYN,SYN-03,1,1
14698,IPC_SYN,SYN-01,1,1
14699,SPECIAL_LAW_SYN,SYN-03,1,1
14700,IPC_SYN,SYN-01,1,1
14701,SPECIAL_LAW_SYN,SYN-03,1,1
14702,IPC_SYN,SYN-01,1,1
14703,IPC_SYN,SYN-01,1,1
14704,IPC_SYN,SYN-01,1,1
14705,IPC_SYN,SYN-01,1,1
14706,SPECIAL_LAW_SYN,SYN-03,1,1
14707,SPECIAL_LAW_SYN,SYN-03,1,1
14708,IPC_SYN,SYN-01,1,1
14709,IPC_SYN,SYN-01,1,1
14710,IPC_SYN,SYN-01,1,1
14711,IT_ACT_SYN,SYN-02,1,1
14712,IT_ACT_SYN,SYN-02,1,1
14713,IPC_SYN,SYN-01,1,1
14714,IPC_SYN,SYN-01,1,1
14715,IT_ACT_SYN,SYN-02,1,1
14716,IPC_SYN,SYN-01,1,1
14717,SPECIAL_LAW_SYN,SYN-03,1,1
14718,IPC_SYN,SYN-01,1,1
14719,SPECIAL_LAW_SYN,SYN-03,1,1
14720,IPC_SYN,SYN-01,1,1
14721,SPECIAL_LAW_SYN,SYN-03,1,1
14722,SPECIAL_LAW_SYN,SYN-03,1,1
14723,IPC_SYN,SYN-01,1,1
14724,IPC_SYN,SYN-01,1,1
14725,SPECIAL_LAW_SYN,SYN-03,1,1
14726,IPC_SYN,SYN-01,1,1
14727,IPC_SYN,SYN-01,1,1
14728,SPECIAL_LAW_SYN,SYN-03,1,1
14729,IPC_SYN,SYN-01,1,1
14730,IPC_SYN,SYN-01,1,1
14731,SPECIAL_LAW_SYN,SYN-03,1,1
14732,SPECIAL_LAW_SYN,SYN-03,1,1
14733,IPC_SYN,SYN-01,1,1
14734,SPECIAL_LAW_SYN,SYN-03,1,1
14735,IPC_SYN,SYN-01,1,1
14736,IPC_SYN,SYN-01,1,1
14737,IPC_SYN,SYN-01,1,1
14738,IT_ACT_SYN,SYN-02,1,1
14739,SPECIAL_LAW_SYN,SYN-03,1,1
14740,IPC_SYN,SYN-01,1,1
14741,SPECIAL_LAW_SYN,SYN-03,1,1
14742,IPC_SYN,SYN-01,1,1
14743,SPECIAL_LAW_SYN,SYN-03,1,1
14744,IPC_SYN,SYN-01,1,1
14745,IPC_SYN,SYN-01,1,1
14746,SPECIAL_LAW_SYN,SYN-03,1,1
14747,SPECIAL_LAW_SYN,SYN-03,1,1
14748,SPECIAL_LAW_SYN,SYN-03,1,1
14749,IPC_SYN,SYN-01,1,1
14750,IPC_SYN,SYN-01,1,1
14751,IPC_SYN,SYN-01,1,1
14752,SPECIAL_LAW_SYN,SYN-03,1,1
14753,IT_ACT_SYN,SYN-02,1,1
14754,IPC_SYN,SYN-01,1,1
14755,IPC_SYN,SYN-01,1,1
14756,IPC_SYN,SYN-01,1,1
14757,IPC_SYN,SYN-01,1,1
14758,IPC_SYN,SYN-01,1,1
14759,IPC_SYN,SYN-01,1,1
14760,IPC_SYN,SYN-01,1,1
14761,SPECIAL_LAW_SYN,SYN-03,1,1
14762,IPC_SYN,SYN-01,1,1
14763,IPC_SYN,SYN-01,1,1
14764,IPC_SYN,SYN-01,1,1
14765,IPC_SYN,SYN-01,1,1
14766,IPC_SYN,SYN-01,1,1
14767,IPC_SYN,SYN-01,1,1
14768,SPECIAL_LAW_SYN,SYN-03,1,1
14769,IPC_SYN,SYN-01,1,1
14770,IPC_SYN,SYN-01,1,1
14771,IT_ACT_SYN,SYN-02,1,1
14772,IPC_SYN,SYN-01,1,1
14773,SPECIAL_LAW_SYN,SYN-03,1,1
14774,IPC_SYN,SYN-01,1,1
14775,IPC_SYN,SYN-01,1,1
14776,IPC_SYN,SYN-01,1,1
14777,IPC_SYN,SYN-01,1,1
14778,IPC_SYN,SYN-01,1,1
14779,IPC_SYN,SYN-01,1,1
14780,SPECIAL_LAW_SYN,SYN-03,1,1
14781,IPC_SYN,SYN-01,1,1
14782,IPC_SYN,SYN-01,1,1
14783,IPC_SYN,SYN-01,1,1
14784,IT_ACT_SYN,SYN-02,1,1
14785,SPECIAL_LAW_SYN,SYN-03,1,1
14786,IPC_SYN,SYN-01,1,1
14787,IPC_SYN,SYN-01,1,1
14788,IPC_SYN,SYN-01,1,1
14789,IPC_SYN,SYN-01,1,1
14790,IPC_SYN,SYN-01,1,1
14791,IPC_SYN,SYN-01,1,1
14792,SPECIAL_LAW_SYN,SYN-03,1,1
14793,IT_ACT_SYN,SYN-02,1,1
14794,IPC_SYN,SYN-01,1,1
14795,IPC_SYN,SYN-01,1,1
14796,SPECIAL_LAW_SYN,SYN-03,1,1
14797,IT_ACT_SYN,SYN-02,1,1
14798,SPECIAL_LAW_SYN,SYN-03,1,1
14799,IPC_SYN,SYN-01,1,1
14800,SPECIAL_LAW_SYN,SYN-03,1,1
14801,IPC_SYN,SYN-01,1,1
14802,IPC_SYN,SYN-01,1,1
14803,IPC_SYN,SYN-01,1,1
14804,IPC_SYN,SYN-01,1,1
14805,IPC_SYN,SYN-01,1,1
14806,IPC_SYN,SYN-01,1,1
14807,IPC_SYN,SYN-01,1,1
14808,IPC_SYN,SYN-01,1,1
14809,IT_ACT_SYN,SYN-02,1,1
14810,IPC_SYN,SYN-01,1,1
14811,IPC_SYN,SYN-01,1,1
14812,IT_ACT_SYN,SYN-02,1,1
14813,IPC_SYN,SYN-01,1,1
14814,IT_ACT_SYN,SYN-02,1,1
14815,IT_ACT_SYN,SYN-02,1,1
14816,SPECIAL_LAW_SYN,SYN-03,1,1
14817,IPC_SYN,SYN-01,1,1
14818,IPC_SYN,SYN-01,1,1
14819,SPECIAL_LAW_SYN,SYN-03,1,1
14820,IPC_SYN,SYN-01,1,1
14821,IPC_SYN,SYN-01,1,1
14822,IPC_SYN,SYN-01,1,1
14823,SPECIAL_LAW_SYN,SYN-03,1,1
14824,IT_ACT_SYN,SYN-02,1,1
14825,IPC_SYN,SYN-01,1,1
14826,IPC_SYN,SYN-01,1,1
14827,IPC_SYN,SYN-01,1,1
14828,IPC_SYN,SYN-01,1,1
14829,SPECIAL_LAW_SYN,SYN-03,1,1
14830,SPECIAL_LAW_SYN,SYN-03,1,1
14831,IPC_SYN,SYN-01,1,1
14832,IT_ACT_SYN,SYN-02,1,1
14833,SPECIAL_LAW_SYN,SYN-03,1,1
14834,IPC_SYN,SYN-01,1,1
14835,IPC_SYN,SYN-01,1,1
14836,SPECIAL_LAW_SYN,SYN-03,1,1
14837,IPC_SYN,SYN-01,1,1
14838,IPC_SYN,SYN-01,1,1
14839,IPC_SYN,SYN-01,1,1
14840,IT_ACT_SYN,SYN-02,1,1
14841,IPC_SYN,SYN-01,1,1
14842,IPC_SYN,SYN-01,1,1
14843,IPC_SYN,SYN-01,1,1
14844,IPC_SYN,SYN-01,1,1
14845,IPC_SYN,SYN-01,1,1
14846,IT_ACT_SYN,SYN-02,1,1
14847,SPECIAL_LAW_SYN,SYN-03,1,1
14848,SPECIAL_LAW_SYN,SYN-03,1,1
14849,IPC_SYN,SYN-01,1,1
14850,IPC_SYN,SYN-01,1,1
14851,IPC_SYN,SYN-01,1,1
14852,IPC_SYN,SYN-01,1,1
14853,IPC_SYN,SYN-01,1,1
14854,IPC_SYN,SYN-01,1,1
14855,IPC_SYN,SYN-01,1,1
14856,IPC_SYN,SYN-01,1,1
14857,IPC_SYN,SYN-01,1,1
14858,SPECIAL_LAW_SYN,SYN-03,1,1
14859,SPECIAL_LAW_SYN,SYN-03,1,1
14860,IT_ACT_SYN,SYN-02,1,1
14861,IPC_SYN,SYN-01,1,1
14862,SPECIAL_LAW_SYN,SYN-03,1,1
14863,IT_ACT_SYN,SYN-02,1,1
14864,SPECIAL_LAW_SYN,SYN-03,1,1
14865,IPC_SYN,SYN-01,1,1
14866,IPC_SYN,SYN-01,1,1
14867,IPC_SYN,SYN-01,1,1
14868,IT_ACT_SYN,SYN-02,1,1
14869,SPECIAL_LAW_SYN,SYN-03,1,1
14870,IPC_SYN,SYN-01,1,1
14871,IT_ACT_SYN,SYN-02,1,1
14872,IPC_SYN,SYN-01,1,1
14873,IPC_SYN,SYN-01,1,1
14874,IT_ACT_SYN,SYN-02,1,1
14875,IPC_SYN,SYN-01,1,1
14876,IT_ACT_SYN,SYN-02,1,1
14877,SPECIAL_LAW_SYN,SYN-03,1,1
14878,SPECIAL_LAW_SYN,SYN-03,1,1
14879,SPECIAL_LAW_SYN,SYN-03,1,1
14880,IPC_SYN,SYN-01,1,1
14881,IT_ACT_SYN,SYN-02,1,1
14882,SPECIAL_LAW_SYN,SYN-03,1,1
14883,IPC_SYN,SYN-01,1,1
14884,SPECIAL_LAW_SYN,SYN-03,1,1
14885,IT_ACT_SYN,SYN-02,1,1
14886,IPC_SYN,SYN-01,1,1
14887,SPECIAL_LAW_SYN,SYN-03,1,1
14888,SPECIAL_LAW_SYN,SYN-03,1,1
14889,SPECIAL_LAW_SYN,SYN-03,1,1
14890,IPC_SYN,SYN-01,1,1
14891,IPC_SYN,SYN-01,1,1
14892,IPC_SYN,SYN-01,1,1
14893,IPC_SYN,SYN-01,1,1
14894,IPC_SYN,SYN-01,1,1
14895,IPC_SYN,SYN-01,1,1
14896,SPECIAL_LAW_SYN,SYN-03,1,1
14897,SPECIAL_LAW_SYN,SYN-03,1,1
14898,IPC_SYN,SYN-01,1,1
14899,SPECIAL_LAW_SYN,SYN-03,1,1
14900,IPC_SYN,SYN-01,1,1
14901,SPECIAL_LAW_SYN,SYN-03,1,1
14902,IT_ACT_SYN,SYN-02,1,1
14903,IPC_SYN,SYN-01,1,1
14904,SPECIAL_LAW_SYN,SYN-03,1,1
14905,SPECIAL_LAW_SYN,SYN-03,1,1
14906,SPECIAL_LAW_SYN,SYN-03,1,1
14907,SPECIAL_LAW_SYN,SYN-03,1,1
14908,IPC_SYN,SYN-01,1,1
14909,IPC_SYN,SYN-01,1,1
14910,SPECIAL_LAW_SYN,SYN-03,1,1
14911,IPC_SYN,SYN-01,1,1
14912,IPC_SYN,SYN-01,1,1
14913,IPC_SYN,SYN-01,1,1
14914,IT_ACT_SYN,SYN-02,1,1
14915,IPC_SYN,SYN-01,1,1
14916,IT_ACT_SYN,SYN-02,1,1
14917,IPC_SYN,SYN-01,1,1
14918,SPECIAL_LAW_SYN,SYN-03,1,1
14919,IPC_SYN,SYN-01,1,1
14920,SPECIAL_LAW_SYN,SYN-03,1,1
14921,SPECIAL_LAW_SYN,SYN-03,1,1
14922,IPC_SYN,SYN-01,1,1
14923,SPECIAL_LAW_SYN,SYN-03,1,1
14924,IPC_SYN,SYN-01,1,1
14925,IPC_SYN,SYN-01,1,1
14926,IT_ACT_SYN,SYN-02,1,1
14927,IPC_SYN,SYN-01,1,1
14928,SPECIAL_LAW_SYN,SYN-03,1,1
14929,IPC_SYN,SYN-01,1,1
14930,IPC_SYN,SYN-01,1,1
14931,IPC_SYN,SYN-01,1,1
14932,SPECIAL_LAW_SYN,SYN-03,1,1
14933,SPECIAL_LAW_SYN,SYN-03,1,1
14934,IPC_SYN,SYN-01,1,1
14935,IPC_SYN,SYN-01,1,1
14936,SPECIAL_LAW_SYN,SYN-03,1,1
14937,IPC_SYN,SYN-01,1,1
14938,IPC_SYN,SYN-01,1,1
14939,IPC_SYN,SYN-01,1,1
14940,SPECIAL_LAW_SYN,SYN-03,1,1
14941,IPC_SYN,SYN-01,1,1
14942,SPECIAL_LAW_SYN,SYN-03,1,1
14943,IT_ACT_SYN,SYN-02,1,1
14944,IT_ACT_SYN,SYN-02,1,1
14945,IPC_SYN,SYN-01,1,1
14946,SPECIAL_LAW_SYN,SYN-03,1,1
14947,IPC_SYN,SYN-01,1,1
14948,IPC_SYN,SYN-01,1,1
14949,SPECIAL_LAW_SYN,SYN-03,1,1
14950,SPECIAL_LAW_SYN,SYN-03,1,1
14951,IT_ACT_SYN,SYN-02,1,1
14952,SPECIAL_LAW_SYN,SYN-03,1,1
14953,SPECIAL_LAW_SYN,SYN-03,1,1
14954,SPECIAL_LAW_SYN,SYN-03,1,1
14955,IPC_SYN,SYN-01,1,1
14956,IPC_SYN,SYN-01,1,1
14957,IPC_SYN,SYN-01,1,1
14958,SPECIAL_LAW_SYN,SYN-03,1,1
14959,IPC_SYN,SYN-01,1,1
14960,IPC_SYN,SYN-01,1,1
14961,SPECIAL_LAW_SYN,SYN-03,1,1
14962,IPC_SYN,SYN-01,1,1
14963,IPC_SYN,SYN-01,1,1
14964,IPC_SYN,SYN-01,1,1
14965,SPECIAL_LAW_SYN,SYN-03,1,1
14966,IPC_SYN,SYN-01,1,1
14967,SPECIAL_LAW_SYN,SYN-03,1,1
14968,IPC_SYN,SYN-01,1,1
14969,SPECIAL_LAW_SYN,SYN-03,1,1
14970,IPC_SYN,SYN-01,1,1
14971,IPC_SYN,SYN-01,1,1
14972,IPC_SYN,SYN-01,1,1
14973,IPC_SYN,SYN-01,1,1
14974,IPC_SYN,SYN-01,1,1
14975,IPC_SYN,SYN-01,1,1
14976,IPC_SYN,SYN-01,1,1
14977,IPC_SYN,SYN-01,1,1
14978,SPECIAL_LAW_SYN,SYN-03,1,1
14979,IPC_SYN,SYN-01,1,1
14980,IPC_SYN,SYN-01,1,1
14981,SPECIAL_LAW_SYN,SYN-03,1,1
14982,SPECIAL_LAW_SYN,SYN-03,1,1
14983,IT_ACT_SYN,SYN-02,1,1
14984,IPC_SYN,SYN-01,1,1
14985,SPECIAL_LAW_SYN,SYN-03,1,1
14986,IPC_SYN,SYN-01,1,1
14987,IPC_SYN,SYN-01,1,1
14988,SPECIAL_LAW_SYN,SYN-03,1,1
14989,SPECIAL_LAW_SYN,SYN-03,1,1
14990,IPC_SYN,SYN-01,1,1
14991,SPECIAL_LAW_SYN,SYN-03,1,1
14992,IT_ACT_SYN,SYN-02,1,1
14993,IT_ACT_SYN,SYN-02,1,1
14994,SPECIAL_LAW_SYN,SYN-03,1,1
14995,IT_ACT_SYN,SYN-02,1,1
14996,IPC_SYN,SYN-01,1,1
14997,SPECIAL_LAW_SYN,SYN-03,1,1
14998,IPC_SYN,SYN-01,1,1
14999,SPECIAL_LAW_SYN,SYN-03,1,1
15000,SPECIAL_LAW_SYN,SYN-03,1,1
15001,IT_ACT_SYN,SYN-02,1,1
15002,IPC_SYN,SYN-01,1,1
15003,SPECIAL_LAW_SYN,SYN-03,1,1
15004,IPC_SYN,SYN-01,1,1
15005,IPC_SYN,SYN-01,1,1
15006,IT_ACT_SYN,SYN-02,1,1
15007,IPC_SYN,SYN-01,1,1
15008,IPC_SYN,SYN-01,1,1
15009,SPECIAL_LAW_SYN,SYN-03,1,1
15010,IPC_SYN,SYN-01,1,1
15011,SPECIAL_LAW_SYN,SYN-03,1,1
15012,IPC_SYN,SYN-01,1,1
15013,IPC_SYN,SYN-01,1,1
15014,IT_ACT_SYN,SYN-02,1,1
15015,IPC_SYN,SYN-01,1,1
15016,IPC_SYN,SYN-01,1,1
15017,IPC_SYN,SYN-01,1,1
15018,IPC_SYN,SYN-01,1,1
15019,IPC_SYN,SYN-01,1,1
15020,IT_ACT_SYN,SYN-02,1,1
15021,SPECIAL_LAW_SYN,SYN-03,1,1
15022,IPC_SYN,SYN-01,1,1
15023,SPECIAL_LAW_SYN,SYN-03,1,1
15024,SPECIAL_LAW_SYN,SYN-03,1,1
15025,IPC_SYN,SYN-01,1,1
15026,IPC_SYN,SYN-01,1,1
15027,SPECIAL_LAW_SYN,SYN-03,1,1
15028,IT_ACT_SYN,SYN-02,1,1
15029,IPC_SYN,SYN-01,1,1
15030,IPC_SYN,SYN-01,1,1
15031,IPC_SYN,SYN-01,1,1
15032,IPC_SYN,SYN-01,1,1
15033,IPC_SYN,SYN-01,1,1
15034,IPC_SYN,SYN-01,1,1
15035,IPC_SYN,SYN-01,1,1
15036,SPECIAL_LAW_SYN,SYN-03,1,1
15037,IPC_SYN,SYN-01,1,1
15038,IPC_SYN,SYN-01,1,1
15039,IPC_SYN,SYN-01,1,1
15040,IPC_SYN,SYN-01,1,1
15041,IPC_SYN,SYN-01,1,1
15042,IPC_SYN,SYN-01,1,1
15043,IPC_SYN,SYN-01,1,1
15044,IPC_SYN,SYN-01,1,1
15045,IPC_SYN,SYN-01,1,1
15046,IPC_SYN,SYN-01,1,1
15047,IPC_SYN,SYN-01,1,1
15048,IPC_SYN,SYN-01,1,1
15049,SPECIAL_LAW_SYN,SYN-03,1,1
15050,SPECIAL_LAW_SYN,SYN-03,1,1
15051,IPC_SYN,SYN-01,1,1
15052,IPC_SYN,SYN-01,1,1
15053,SPECIAL_LAW_SYN,SYN-03,1,1
15054,IPC_SYN,SYN-01,1,1
15055,IPC_SYN,SYN-01,1,1
15056,IPC_SYN,SYN-01,1,1
15057,IT_ACT_SYN,SYN-02,1,1
15058,IT_ACT_SYN,SYN-02,1,1
15059,IPC_SYN,SYN-01,1,1
15060,IPC_SYN,SYN-01,1,1
15061,IPC_SYN,SYN-01,1,1
15062,IPC_SYN,SYN-01,1,1
15063,IPC_SYN,SYN-01,1,1
15064,SPECIAL_LAW_SYN,SYN-03,1,1
15065,IT_ACT_SYN,SYN-02,1,1
15066,SPECIAL_LAW_SYN,SYN-03,1,1
15067,IPC_SYN,SYN-01,1,1
15068,IPC_SYN,SYN-01,1,1
15069,IPC_SYN,SYN-01,1,1
15070,SPECIAL_LAW_SYN,SYN-03,1,1
15071,SPECIAL_LAW_SYN,SYN-03,1,1
15072,IPC_SYN,SYN-01,1,1
15073,SPECIAL_LAW_SYN,SYN-03,1,1
15074,IPC_SYN,SYN-01,1,1
15075,SPECIAL_LAW_SYN,SYN-03,1,1
15076,IPC_SYN,SYN-01,1,1
15077,SPECIAL_LAW_SYN,SYN-03,1,1
15078,SPECIAL_LAW_SYN,SYN-03,1,1
15079,IPC_SYN,SYN-01,1,1
15080,SPECIAL_LAW_SYN,SYN-03,1,1
15081,IPC_SYN,SYN-01,1,1
15082,SPECIAL_LAW_SYN,SYN-03,1,1
15083,SPECIAL_LAW_SYN,SYN-03,1,1
15084,IPC_SYN,SYN-01,1,1
15085,SPECIAL_LAW_SYN,SYN-03,1,1
15086,SPECIAL_LAW_SYN,SYN-03,1,1
15087,IT_ACT_SYN,SYN-02,1,1
15088,IPC_SYN,SYN-01,1,1
15089,IPC_SYN,SYN-01,1,1
15090,IPC_SYN,SYN-01,1,1
15091,SPECIAL_LAW_SYN,SYN-03,1,1
15092,IPC_SYN,SYN-01,1,1
15093,IPC_SYN,SYN-01,1,1
15094,IT_ACT_SYN,SYN-02,1,1
15095,IPC_SYN,SYN-01,1,1
15096,SPECIAL_LAW_SYN,SYN-03,1,1
15097,SPECIAL_LAW_SYN,SYN-03,1,1
15098,IPC_SYN,SYN-01,1,1
15099,IPC_SYN,SYN-01,1,1
15100,IPC_SYN,SYN-01,1,1
15101,IT_ACT_SYN,SYN-02,1,1
15102,IPC_SYN,SYN-01,1,1
15103,SPECIAL_LAW_SYN,SYN-03,1,1
15104,IPC_SYN,SYN-01,1,1
15105,IPC_SYN,SYN-01,1,1
15106,SPECIAL_LAW_SYN,SYN-03,1,1
15107,IPC_SYN,SYN-01,1,1
15108,IPC_SYN,SYN-01,1,1
15109,IPC_SYN,SYN-01,1,1
15110,SPECIAL_LAW_SYN,SYN-03,1,1
15111,IPC_SYN,SYN-01,1,1
15112,IPC_SYN,SYN-01,1,1
15113,SPECIAL_LAW_SYN,SYN-03,1,1
15114,SPECIAL_LAW_SYN,SYN-03,1,1
15115,IPC_SYN,SYN-01,1,1
15116,IPC_SYN,SYN-01,1,1
15117,IPC_SYN,SYN-01,1,1
15118,IPC_SYN,SYN-01,1,1
15119,IPC_SYN,SYN-01,1,1
15120,SPECIAL_LAW_SYN,SYN-03,1,1
15121,IPC_SYN,SYN-01,1,1
15122,IPC_SYN,SYN-01,1,1
15123,IPC_SYN,SYN-01,1,1
15124,SPECIAL_LAW_SYN,SYN-03,1,1
15125,IPC_SYN,SYN-01,1,1
15126,IPC_SYN,SYN-01,1,1
15127,IPC_SYN,SYN-01,1,1
15128,SPECIAL_LAW_SYN,SYN-03,1,1
15129,IPC_SYN,SYN-01,1,1
15130,SPECIAL_LAW_SYN,SYN-03,1,1
15131,SPECIAL_LAW_SYN,SYN-03,1,1
15132,SPECIAL_LAW_SYN,SYN-03,1,1
15133,IPC_SYN,SYN-01,1,1
15134,IPC_SYN,SYN-01,1,1
15135,IPC_SYN,SYN-01,1,1
15136,IPC_SYN,SYN-01,1,1
15137,SPECIAL_LAW_SYN,SYN-03,1,1
15138,SPECIAL_LAW_SYN,SYN-03,1,1
15139,SPECIAL_LAW_SYN,SYN-03,1,1
15140,IT_ACT_SYN,SYN-02,1,1
15141,IT_ACT_SYN,SYN-02,1,1
15142,IPC_SYN,SYN-01,1,1
15143,IT_ACT_SYN,SYN-02,1,1
15144,IPC_SYN,SYN-01,1,1
15145,IT_ACT_SYN,SYN-02,1,1
15146,IPC_SYN,SYN-01,1,1
15147,SPECIAL_LAW_SYN,SYN-03,1,1
15148,SPECIAL_LAW_SYN,SYN-03,1,1
15149,IPC_SYN,SYN-01,1,1
15150,SPECIAL_LAW_SYN,SYN-03,1,1
15151,IT_ACT_SYN,SYN-02,1,1
15152,IT_ACT_SYN,SYN-02,1,1
15153,IT_ACT_SYN,SYN-02,1,1
15154,SPECIAL_LAW_SYN,SYN-03,1,1
15155,IPC_SYN,SYN-01,1,1
15156,IPC_SYN,SYN-01,1,1
15157,IT_ACT_SYN,SYN-02,1,1
15158,IPC_SYN,SYN-01,1,1
15159,IPC_SYN,SYN-01,1,1
15160,IPC_SYN,SYN-01,1,1
15161,IPC_SYN,SYN-01,1,1
15162,IPC_SYN,SYN-01,1,1
15163,IT_ACT_SYN,SYN-02,1,1
15164,SPECIAL_LAW_SYN,SYN-03,1,1
15165,IPC_SYN,SYN-01,1,1
15166,IPC_SYN,SYN-01,1,1
15167,IPC_SYN,SYN-01,1,1
15168,SPECIAL_LAW_SYN,SYN-03,1,1
15169,IPC_SYN,SYN-01,1,1
15170,SPECIAL_LAW_SYN,SYN-03,1,1
15171,IPC_SYN,SYN-01,1,1
15172,IPC_SYN,SYN-01,1,1
15173,IPC_SYN,SYN-01,1,1
15174,IT_ACT_SYN,SYN-02,1,1
15175,IPC_SYN,SYN-01,1,1
15176,IPC_SYN,SYN-01,1,1
15177,IPC_SYN,SYN-01,1,1
15178,SPECIAL_LAW_SYN,SYN-03,1,1
15179,SPECIAL_LAW_SYN,SYN-03,1,1
15180,IT_ACT_SYN,SYN-02,1,1
15181,IPC_SYN,SYN-01,1,1
15182,IPC_SYN,SYN-01,1,1
15183,IPC_SYN,SYN-01,1,1
15184,IPC_SYN,SYN-01,1,1
15185,SPECIAL_LAW_SYN,SYN-03,1,1
15186,IT_ACT_SYN,SYN-02,1,1
15187,IPC_SYN,SYN-01,1,1
15188,SPECIAL_LAW_SYN,SYN-03,1,1
15189,SPECIAL_LAW_SYN,SYN-03,1,1
15190,IPC_SYN,SYN-01,1,1
15191,IPC_SYN,SYN-01,1,1
15192,IPC_SYN,SYN-01,1,1
15193,IPC_SYN,SYN-01,1,1
15194,IPC_SYN,SYN-01,1,1
15195,IPC_SYN,SYN-01,1,1
15196,IT_ACT_SYN,SYN-02,1,1
15197,IPC_SYN,SYN-01,1,1
15198,IPC_SYN,SYN-01,1,1
15199,SPECIAL_LAW_SYN,SYN-03,1,1
15200,IPC_SYN,SYN-01,1,1
15201,IPC_SYN,SYN-01,1,1
15202,SPECIAL_LAW_SYN,SYN-03,1,1
15203,IPC_SYN,SYN-01,1,1
15204,IPC_SYN,SYN-01,1,1
15205,SPECIAL_LAW_SYN,SYN-03,1,1
15206,IT_ACT_SYN,SYN-02,1,1
15207,IPC_SYN,SYN-01,1,1
15208,SPECIAL_LAW_SYN,SYN-03,1,1
15209,SPECIAL_LAW_SYN,SYN-03,1,1
15210,SPECIAL_LAW_SYN,SYN-03,1,1
15211,IT_ACT_SYN,SYN-02,1,1
15212,SPECIAL_LAW_SYN,SYN-03,1,1
15213,IPC_SYN,SYN-01,1,1
15214,IPC_SYN,SYN-01,1,1
15215,SPECIAL_LAW_SYN,SYN-03,1,1
15216,SPECIAL_LAW_SYN,SYN-03,1,1
15217,IT_ACT_SYN,SYN-02,1,1
15218,IPC_SYN,SYN-01,1,1
15219,IPC_SYN,SYN-01,1,1
15220,IPC_SYN,SYN-01,1,1
15221,IPC_SYN,SYN-01,1,1
15222,IPC_SYN,SYN-01,1,1
15223,IT_ACT_SYN,SYN-02,1,1
15224,IPC_SYN,SYN-01,1,1
15225,SPECIAL_LAW_SYN,SYN-03,1,1
15226,IPC_SYN,SYN-01,1,1
15227,IPC_SYN,SYN-01,1,1
15228,IPC_SYN,SYN-01,1,1
15229,IT_ACT_SYN,SYN-02,1,1
15230,SPECIAL_LAW_SYN,SYN-03,1,1
15231,IPC_SYN,SYN-01,1,1
15232,IPC_SYN,SYN-01,1,1
15233,SPECIAL_LAW_SYN,SYN-03,1,1
15234,IPC_SYN,SYN-01,1,1
15235,IPC_SYN,SYN-01,1,1
15236,SPECIAL_LAW_SYN,SYN-03,1,1
15237,SPECIAL_LAW_SYN,SYN-03,1,1
15238,IPC_SYN,SYN-01,1,1
15239,IT_ACT_SYN,SYN-02,1,1
15240,IPC_SYN,SYN-01,1,1
15241,IPC_SYN,SYN-01,1,1
15242,SPECIAL_LAW_SYN,SYN-03,1,1
15243,SPECIAL_LAW_SYN,SYN-03,1,1
15244,IPC_SYN,SYN-01,1,1
15245,IPC_SYN,SYN-01,1,1
15246,IPC_SYN,SYN-01,1,1
15247,IPC_SYN,SYN-01,1,1
15248,IPC_SYN,SYN-01,1,1
15249,IT_ACT_SYN,SYN-02,1,1
15250,IPC_SYN,SYN-01,1,1
15251,IPC_SYN,SYN-01,1,1
15252,SPECIAL_LAW_SYN,SYN-03,1,1
15253,SPECIAL_LAW_SYN,SYN-03,1,1
15254,SPECIAL_LAW_SYN,SYN-03,1,1
15255,SPECIAL_LAW_SYN,SYN-03,1,1
15256,IPC_SYN,SYN-01,1,1
15257,IPC_SYN,SYN-01,1,1
15258,IPC_SYN,SYN-01,1,1
15259,IPC_SYN,SYN-01,1,1
15260,IPC_SYN,SYN-01,1,1
15261,SPECIAL_LAW_SYN,SYN-03,1,1
15262,IPC_SYN,SYN-01,1,1
15263,IPC_SYN,SYN-01,1,1
15264,IPC_SYN,SYN-01,1,1
15265,SPECIAL_LAW_SYN,SYN-03,1,1
15266,IPC_SYN,SYN-01,1,1
15267,SPECIAL_LAW_SYN,SYN-03,1,1
15268,SPECIAL_LAW_SYN,SYN-03,1,1
15269,IPC_SYN,SYN-01,1,1
15270,IPC_SYN,SYN-01,1,1
15271,IPC_SYN,SYN-01,1,1
15272,IT_ACT_SYN,SYN-02,1,1
15273,SPECIAL_LAW_SYN,SYN-03,1,1
15274,SPECIAL_LAW_SYN,SYN-03,1,1
15275,IPC_SYN,SYN-01,1,1
15276,IPC_SYN,SYN-01,1,1
15277,SPECIAL_LAW_SYN,SYN-03,1,1
15278,IPC_SYN,SYN-01,1,1
15279,IPC_SYN,SYN-01,1,1
15280,IPC_SYN,SYN-01,1,1
15281,IT_ACT_SYN,SYN-02,1,1
15282,IPC_SYN,SYN-01,1,1
15283,IPC_SYN,SYN-01,1,1
15284,IPC_SYN,SYN-01,1,1
15285,IPC_SYN,SYN-01,1,1
15286,SPECIAL_LAW_SYN,SYN-03,1,1
15287,SPECIAL_LAW_SYN,SYN-03,1,1
15288,IPC_SYN,SYN-01,1,1
15289,IPC_SYN,SYN-01,1,1
15290,IPC_SYN,SYN-01,1,1
15291,SPECIAL_LAW_SYN,SYN-03,1,1
15292,IPC_SYN,SYN-01,1,1
15293,IPC_SYN,SYN-01,1,1
15294,SPECIAL_LAW_SYN,SYN-03,1,1
15295,IPC_SYN,SYN-01,1,1
15296,IPC_SYN,SYN-01,1,1
15297,IPC_SYN,SYN-01,1,1
15298,IPC_SYN,SYN-01,1,1
15299,IPC_SYN,SYN-01,1,1
15300,IPC_SYN,SYN-01,1,1
15301,SPECIAL_LAW_SYN,SYN-03,1,1
15302,IPC_SYN,SYN-01,1,1
15303,SPECIAL_LAW_SYN,SYN-03,1,1
15304,IPC_SYN,SYN-01,1,1
15305,IPC_SYN,SYN-01,1,1
15306,IPC_SYN,SYN-01,1,1
15307,SPECIAL_LAW_SYN,SYN-03,1,1
15308,IPC_SYN,SYN-01,1,1
15309,IT_ACT_SYN,SYN-02,1,1
15310,IPC_SYN,SYN-01,1,1
15311,IPC_SYN,SYN-01,1,1
15312,SPECIAL_LAW_SYN,SYN-03,1,1
15313,SPECIAL_LAW_SYN,SYN-03,1,1
15314,SPECIAL_LAW_SYN,SYN-03,1,1
15315,SPECIAL_LAW_SYN,SYN-03,1,1
15316,IPC_SYN,SYN-01,1,1
15317,SPECIAL_LAW_SYN,SYN-03,1,1
15318,IPC_SYN,SYN-01,1,1
15319,SPECIAL_LAW_SYN,SYN-03,1,1
15320,SPECIAL_LAW_SYN,SYN-03,1,1
15321,IPC_SYN,SYN-01,1,1
15322,IPC_SYN,SYN-01,1,1
15323,IPC_SYN,SYN-01,1,1
15324,IT_ACT_SYN,SYN-02,1,1
15325,SPECIAL_LAW_SYN,SYN-03,1,1
15326,IPC_SYN,SYN-01,1,1
15327,IPC_SYN,SYN-01,1,1
15328,IPC_SYN,SYN-01,1,1
15329,SPECIAL_LAW_SYN,SYN-03,1,1
15330,IPC_SYN,SYN-01,1,1
15331,IPC_SYN,SYN-01,1,1
15332,SPECIAL_LAW_SYN,SYN-03,1,1
15333,IPC_SYN,SYN-01,1,1
15334,SPECIAL_LAW_SYN,SYN-03,1,1
15335,SPECIAL_LAW_SYN,SYN-03,1,1
15336,IPC_SYN,SYN-01,1,1
15337,IPC_SYN,SYN-01,1,1
15338,IPC_SYN,SYN-01,1,1
15339,IPC_SYN,SYN-01,1,1
15340,SPECIAL_LAW_SYN,SYN-03,1,1
15341,IPC_SYN,SYN-01,1,1
15342,SPECIAL_LAW_SYN,SYN-03,1,1
15343,SPECIAL_LAW_SYN,SYN-03,1,1
15344,IPC_SYN,SYN-01,1,1
15345,IPC_SYN,SYN-01,1,1
15346,IPC_SYN,SYN-01,1,1
15347,SPECIAL_LAW_SYN,SYN-03,1,1
15348,SPECIAL_LAW_SYN,SYN-03,1,1
15349,SPECIAL_LAW_SYN,SYN-03,1,1
15350,IPC_SYN,SYN-01,1,1
15351,SPECIAL_LAW_SYN,SYN-03,1,1
15352,SPECIAL_LAW_SYN,SYN-03,1,1
15353,IT_ACT_SYN,SYN-02,1,1
15354,IPC_SYN,SYN-01,1,1
15355,IPC_SYN,SYN-01,1,1
15356,IPC_SYN,SYN-01,1,1
15357,IPC_SYN,SYN-01,1,1
15358,IPC_SYN,SYN-01,1,1
15359,SPECIAL_LAW_SYN,SYN-03,1,1
15360,IPC_SYN,SYN-01,1,1
15361,IPC_SYN,SYN-01,1,1
15362,SPECIAL_LAW_SYN,SYN-03,1,1
15363,IT_ACT_SYN,SYN-02,1,1
15364,IPC_SYN,SYN-01,1,1
15365,IPC_SYN,SYN-01,1,1
15366,IPC_SYN,SYN-01,1,1
15367,IPC_SYN,SYN-01,1,1
15368,IPC_SYN,SYN-01,1,1
15369,IT_ACT_SYN,SYN-02,1,1
15370,SPECIAL_LAW_SYN,SYN-03,1,1
15371,IPC_SYN,SYN-01,1,1
15372,IPC_SYN,SYN-01,1,1
15373,IPC_SYN,SYN-01,1,1
15374,IPC_SYN,SYN-01,1,1
15375,IPC_SYN,SYN-01,1,1
15376,IPC_SYN,SYN-01,1,1
15377,IPC_SYN,SYN-01,1,1
15378,IPC_SYN,SYN-01,1,1
15379,IPC_SYN,SYN-01,1,1
15380,IPC_SYN,SYN-01,1,1
15381,IPC_SYN,SYN-01,1,1
15382,IT_ACT_SYN,SYN-02,1,1
15383,IT_ACT_SYN,SYN-02,1,1
15384,IPC_SYN,SYN-01,1,1
15385,IPC_SYN,SYN-01,1,1
15386,IPC_SYN,SYN-01,1,1
15387,IPC_SYN,SYN-01,1,1
15388,IPC_SYN,SYN-01,1,1
15389,SPECIAL_LAW_SYN,SYN-03,1,1
15390,IT_ACT_SYN,SYN-02,1,1
15391,IPC_SYN,SYN-01,1,1
15392,IPC_SYN,SYN-01,1,1
15393,IPC_SYN,SYN-01,1,1
15394,SPECIAL_LAW_SYN,SYN-03,1,1
15395,IPC_SYN,SYN-01,1,1
15396,IPC_SYN,SYN-01,1,1
15397,SPECIAL_LAW_SYN,SYN-03,1,1
15398,IPC_SYN,SYN-01,1,1
15399,SPECIAL_LAW_SYN,SYN-03,1,1
15400,IPC_SYN,SYN-01,1,1
15401,IPC_SYN,SYN-01,1,1
15402,IPC_SYN,SYN-01,1,1
15403,IPC_SYN,SYN-01,1,1
15404,IPC_SYN,SYN-01,1,1
15405,IT_ACT_SYN,SYN-02,1,1
15406,IPC_SYN,SYN-01,1,1
15407,IPC_SYN,SYN-01,1,1
15408,IPC_SYN,SYN-01,1,1
15409,SPECIAL_LAW_SYN,SYN-03,1,1
15410,SPECIAL_LAW_SYN,SYN-03,1,1
15411,IPC_SYN,SYN-01,1,1
15412,IPC_SYN,SYN-01,1,1
15413,IPC_SYN,SYN-01,1,1
15414,IPC_SYN,SYN-01,1,1
15415,SPECIAL_LAW_SYN,SYN-03,1,1
15416,IPC_SYN,SYN-01,1,1
15417,SPECIAL_LAW_SYN,SYN-03,1,1
15418,IPC_SYN,SYN-01,1,1
15419,SPECIAL_LAW_SYN,SYN-03,1,1
15420,SPECIAL_LAW_SYN,SYN-03,1,1
15421,IPC_SYN,SYN-01,1,1
15422,SPECIAL_LAW_SYN,SYN-03,1,1
15423,IPC_SYN,SYN-01,1,1
15424,IPC_SYN,SYN-01,1,1
15425,SPECIAL_LAW_SYN,SYN-03,1,1
15426,SPECIAL_LAW_SYN,SYN-03,1,1
15427,IPC_SYN,SYN-01,1,1
15428,IT_ACT_SYN,SYN-02,1,1
15429,IPC_SYN,SYN-01,1,1
15430,IPC_SYN,SYN-01,1,1
15431,IPC_SYN,SYN-01,1,1
15432,IT_ACT_SYN,SYN-02,1,1
15433,IT_ACT_SYN,SYN-02,1,1
15434,SPECIAL_LAW_SYN,SYN-03,1,1
15435,IPC_SYN,SYN-01,1,1
15436,IT_ACT_SYN,SYN-02,1,1
15437,IPC_SYN,SYN-01,1,1
15438,SPECIAL_LAW_SYN,SYN-03,1,1
15439,IPC_SYN,SYN-01,1,1
15440,IPC_SYN,SYN-01,1,1
15441,IPC_SYN,SYN-01,1,1
15442,IPC_SYN,SYN-01,1,1
15443,IPC_SYN,SYN-01,1,1
15444,SPECIAL_LAW_SYN,SYN-03,1,1
15445,IPC_SYN,SYN-01,1,1
15446,IPC_SYN,SYN-01,1,1
15447,IPC_SYN,SYN-01,1,1
15448,SPECIAL_LAW_SYN,SYN-03,1,1
15449,IPC_SYN,SYN-01,1,1
15450,IPC_SYN,SYN-01,1,1
15451,IPC_SYN,SYN-01,1,1
15452,IPC_SYN,SYN-01,1,1
15453,IPC_SYN,SYN-01,1,1
15454,IPC_SYN,SYN-01,1,1
15455,IT_ACT_SYN,SYN-02,1,1
15456,IPC_SYN,SYN-01,1,1
15457,IT_ACT_SYN,SYN-02,1,1
15458,IPC_SYN,SYN-01,1,1
15459,IT_ACT_SYN,SYN-02,1,1
15460,IPC_SYN,SYN-01,1,1
15461,SPECIAL_LAW_SYN,SYN-03,1,1
15462,SPECIAL_LAW_SYN,SYN-03,1,1
15463,IPC_SYN,SYN-01,1,1
15464,IT_ACT_SYN,SYN-02,1,1
15465,IPC_SYN,SYN-01,1,1
15466,IT_ACT_SYN,SYN-02,1,1
15467,SPECIAL_LAW_SYN,SYN-03,1,1
15468,IPC_SYN,SYN-01,1,1
15469,IPC_SYN,SYN-01,1,1
15470,IT_ACT_SYN,SYN-02,1,1
15471,IPC_SYN,SYN-01,1,1
15472,SPECIAL_LAW_SYN,SYN-03,1,1
15473,SPECIAL_LAW_SYN,SYN-03,1,1
15474,IPC_SYN,SYN-01,1,1
15475,SPECIAL_LAW_SYN,SYN-03,1,1
15476,IT_ACT_SYN,SYN-02,1,1
15477,SPECIAL_LAW_SYN,SYN-03,1,1
15478,SPECIAL_LAW_SYN,SYN-03,1,1
15479,IT_ACT_SYN,SYN-02,1,1
15480,IPC_SYN,SYN-01,1,1
15481,IPC_SYN,SYN-01,1,1
15482,IPC_SYN,SYN-01,1,1
15483,IPC_SYN,SYN-01,1,1
15484,IPC_SYN,SYN-01,1,1
15485,SPECIAL_LAW_SYN,SYN-03,1,1
15486,IPC_SYN,SYN-01,1,1
15487,IPC_SYN,SYN-01,1,1
15488,SPECIAL_LAW_SYN,SYN-03,1,1
15489,IPC_SYN,SYN-01,1,1
15490,IPC_SYN,SYN-01,1,1
15491,IPC_SYN,SYN-01,1,1
15492,IT_ACT_SYN,SYN-02,1,1
15493,IPC_SYN,SYN-01,1,1
15494,SPECIAL_LAW_SYN,SYN-03,1,1
15495,SPECIAL_LAW_SYN,SYN-03,1,1
15496,SPECIAL_LAW_SYN,SYN-03,1,1
15497,IPC_SYN,SYN-01,1,1
15498,IPC_SYN,SYN-01,1,1
15499,IPC_SYN,SYN-01,1,1
15500,IPC_SYN,SYN-01,1,1
15501,IPC_SYN,SYN-01,1,1
15502,IPC_SYN,SYN-01,1,1
15503,SPECIAL_LAW_SYN,SYN-03,1,1
15504,IPC_SYN,SYN-01,1,1
15505,IPC_SYN,SYN-01,1,1
15506,IPC_SYN,SYN-01,1,1
15507,SPECIAL_LAW_SYN,SYN-03,1,1
15508,IPC_SYN,SYN-01,1,1
15509,SPECIAL_LAW_SYN,SYN-03,1,1
15510,IPC_SYN,SYN-01,1,1
15511,IT_ACT_SYN,SYN-02,1,1
15512,IT_ACT_SYN,SYN-02,1,1
15513,IPC_SYN,SYN-01,1,1
15514,IT_ACT_SYN,SYN-02,1,1
15515,IPC_SYN,SYN-01,1,1
15516,IPC_SYN,SYN-01,1,1
15517,IPC_SYN,SYN-01,1,1
15518,SPECIAL_LAW_SYN,SYN-03,1,1
15519,IPC_SYN,SYN-01,1,1
15520,IPC_SYN,SYN-01,1,1
15521,IT_ACT_SYN,SYN-02,1,1
15522,SPECIAL_LAW_SYN,SYN-03,1,1
15523,IPC_SYN,SYN-01,1,1
15524,IPC_SYN,SYN-01,1,1
15525,SPECIAL_LAW_SYN,SYN-03,1,1
15526,SPECIAL_LAW_SYN,SYN-03,1,1
15527,SPECIAL_LAW_SYN,SYN-03,1,1
15528,SPECIAL_LAW_SYN,SYN-03,1,1
15529,IPC_SYN,SYN-01,1,1
15530,IPC_SYN,SYN-01,1,1
15531,IPC_SYN,SYN-01,1,1
15532,IPC_SYN,SYN-01,1,1
15533,SPECIAL_LAW_SYN,SYN-03,1,1
15534,IPC_SYN,SYN-01,1,1
15535,IPC_SYN,SYN-01,1,1
15536,IPC_SYN,SYN-01,1,1
15537,SPECIAL_LAW_SYN,SYN-03,1,1
15538,IPC_SYN,SYN-01,1,1
15539,SPECIAL_LAW_SYN,SYN-03,1,1
15540,IPC_SYN,SYN-01,1,1
15541,IPC_SYN,SYN-01,1,1
15542,IPC_SYN,SYN-01,1,1
15543,SPECIAL_LAW_SYN,SYN-03,1,1
15544,IPC_SYN,SYN-01,1,1
15545,IPC_SYN,SYN-01,1,1
15546,IT_ACT_SYN,SYN-02,1,1
15547,IPC_SYN,SYN-01,1,1
15548,IPC_SYN,SYN-01,1,1
15549,IPC_SYN,SYN-01,1,1
15550,IPC_SYN,SYN-01,1,1
15551,IT_ACT_SYN,SYN-02,1,1
15552,IPC_SYN,SYN-01,1,1
15553,IPC_SYN,SYN-01,1,1
15554,SPECIAL_LAW_SYN,SYN-03,1,1
15555,IPC_SYN,SYN-01,1,1
15556,IPC_SYN,SYN-01,1,1
15557,IPC_SYN,SYN-01,1,1
15558,IPC_SYN,SYN-01,1,1
15559,IPC_SYN,SYN-01,1,1
15560,IPC_SYN,SYN-01,1,1
15561,IT_ACT_SYN,SYN-02,1,1
15562,IPC_SYN,SYN-01,1,1
15563,IPC_SYN,SYN-01,1,1
15564,SPECIAL_LAW_SYN,SYN-03,1,1
15565,SPECIAL_LAW_SYN,SYN-03,1,1
15566,SPECIAL_LAW_SYN,SYN-03,1,1
15567,IPC_SYN,SYN-01,1,1
15568,IT_ACT_SYN,SYN-02,1,1
15569,SPECIAL_LAW_SYN,SYN-03,1,1
15570,IPC_SYN,SYN-01,1,1
15571,IPC_SYN,SYN-01,1,1
15572,IPC_SYN,SYN-01,1,1
15573,SPECIAL_LAW_SYN,SYN-03,1,1
15574,SPECIAL_LAW_SYN,SYN-03,1,1
15575,IPC_SYN,SYN-01,1,1
15576,IPC_SYN,SYN-01,1,1
15577,IPC_SYN,SYN-01,1,1
15578,IPC_SYN,SYN-01,1,1
15579,SPECIAL_LAW_SYN,SYN-03,1,1
15580,IPC_SYN,SYN-01,1,1
15581,SPECIAL_LAW_SYN,SYN-03,1,1
15582,IT_ACT_SYN,SYN-02,1,1
15583,SPECIAL_LAW_SYN,SYN-03,1,1
15584,IPC_SYN,SYN-01,1,1
15585,IPC_SYN,SYN-01,1,1
15586,SPECIAL_LAW_SYN,SYN-03,1,1
15587,IPC_SYN,SYN-01,1,1
15588,SPECIAL_LAW_SYN,SYN-03,1,1
15589,IPC_SYN,SYN-01,1,1
15590,IPC_SYN,SYN-01,1,1
15591,IPC_SYN,SYN-01,1,1
15592,IPC_SYN,SYN-01,1,1
15593,IPC_SYN,SYN-01,1,1
15594,IPC_SYN,SYN-01,1,1
15595,IPC_SYN,SYN-01,1,1
15596,IPC_SYN,SYN-01,1,1
15597,IPC_SYN,SYN-01,1,1
15598,SPECIAL_LAW_SYN,SYN-03,1,1
15599,IPC_SYN,SYN-01,1,1
15600,SPECIAL_LAW_SYN,SYN-03,1,1
15601,IPC_SYN,SYN-01,1,1
15602,IPC_SYN,SYN-01,1,1
15603,SPECIAL_LAW_SYN,SYN-03,1,1
15604,IT_ACT_SYN,SYN-02,1,1
15605,IPC_SYN,SYN-01,1,1
15606,SPECIAL_LAW_SYN,SYN-03,1,1
15607,IPC_SYN,SYN-01,1,1
15608,IPC_SYN,SYN-01,1,1
15609,SPECIAL_LAW_SYN,SYN-03,1,1
15610,IPC_SYN,SYN-01,1,1
15611,IPC_SYN,SYN-01,1,1
15612,IPC_SYN,SYN-01,1,1
15613,IPC_SYN,SYN-01,1,1
15614,IPC_SYN,SYN-01,1,1
15615,SPECIAL_LAW_SYN,SYN-03,1,1
15616,SPECIAL_LAW_SYN,SYN-03,1,1
15617,IPC_SYN,SYN-01,1,1
15618,SPECIAL_LAW_SYN,SYN-03,1,1
15619,IPC_SYN,SYN-01,1,1
15620,IPC_SYN,SYN-01,1,1
15621,SPECIAL_LAW_SYN,SYN-03,1,1
15622,IPC_SYN,SYN-01,1,1
15623,SPECIAL_LAW_SYN,SYN-03,1,1
15624,SPECIAL_LAW_SYN,SYN-03,1,1
15625,IPC_SYN,SYN-01,1,1
15626,IPC_SYN,SYN-01,1,1
15627,IPC_SYN,SYN-01,1,1
15628,SPECIAL_LAW_SYN,SYN-03,1,1
15629,IPC_SYN,SYN-01,1,1
15630,SPECIAL_LAW_SYN,SYN-03,1,1
15631,IPC_SYN,SYN-01,1,1
15632,SPECIAL_LAW_SYN,SYN-03,1,1
15633,IPC_SYN,SYN-01,1,1
15634,IPC_SYN,SYN-01,1,1
15635,SPECIAL_LAW_SYN,SYN-03,1,1
15636,IPC_SYN,SYN-01,1,1
15637,IPC_SYN,SYN-01,1,1
15638,SPECIAL_LAW_SYN,SYN-03,1,1
15639,SPECIAL_LAW_SYN,SYN-03,1,1
15640,SPECIAL_LAW_SYN,SYN-03,1,1
15641,IPC_SYN,SYN-01,1,1
15642,IPC_SYN,SYN-01,1,1
15643,SPECIAL_LAW_SYN,SYN-03,1,1
15644,IPC_SYN,SYN-01,1,1
15645,SPECIAL_LAW_SYN,SYN-03,1,1
15646,IPC_SYN,SYN-01,1,1
15647,IPC_SYN,SYN-01,1,1
15648,IPC_SYN,SYN-01,1,1
15649,SPECIAL_LAW_SYN,SYN-03,1,1
15650,IPC_SYN,SYN-01,1,1
15651,SPECIAL_LAW_SYN,SYN-03,1,1
15652,IPC_SYN,SYN-01,1,1
15653,IPC_SYN,SYN-01,1,1
15654,SPECIAL_LAW_SYN,SYN-03,1,1
15655,IPC_SYN,SYN-01,1,1
15656,IPC_SYN,SYN-01,1,1
15657,IPC_SYN,SYN-01,1,1
15658,SPECIAL_LAW_SYN,SYN-03,1,1
15659,SPECIAL_LAW_SYN,SYN-03,1,1
15660,SPECIAL_LAW_SYN,SYN-03,1,1
15661,IPC_SYN,SYN-01,1,1
15662,SPECIAL_LAW_SYN,SYN-03,1,1
15663,SPECIAL_LAW_SYN,SYN-03,1,1
15664,SPECIAL_LAW_SYN,SYN-03,1,1
15665,SPECIAL_LAW_SYN,SYN-03,1,1
15666,IPC_SYN,SYN-01,1,1
15667,IPC_SYN,SYN-01,1,1
15668,IPC_SYN,SYN-01,1,1
15669,IT_ACT_SYN,SYN-02,1,1
15670,IT_ACT_SYN,SYN-02,1,1
15671,IPC_SYN,SYN-01,1,1
15672,IPC_SYN,SYN-01,1,1
15673,SPECIAL_LAW_SYN,SYN-03,1,1
15674,IPC_SYN,SYN-01,1,1
15675,SPECIAL_LAW_SYN,SYN-03,1,1
15676,IPC_SYN,SYN-01,1,1
15677,IT_ACT_SYN,SYN-02,1,1
15678,IPC_SYN,SYN-01,1,1
15679,IT_ACT_SYN,SYN-02,1,1
15680,IPC_SYN,SYN-01,1,1
15681,SPECIAL_LAW_SYN,SYN-03,1,1
15682,IT_ACT_SYN,SYN-02,1,1
15683,SPECIAL_LAW_SYN,SYN-03,1,1
15684,IPC_SYN,SYN-01,1,1
15685,SPECIAL_LAW_SYN,SYN-03,1,1
15686,SPECIAL_LAW_SYN,SYN-03,1,1
15687,IPC_SYN,SYN-01,1,1
15688,IPC_SYN,SYN-01,1,1
15689,IPC_SYN,SYN-01,1,1
15690,SPECIAL_LAW_SYN,SYN-03,1,1
15691,IPC_SYN,SYN-01,1,1
15692,IT_ACT_SYN,SYN-02,1,1
15693,IPC_SYN,SYN-01,1,1
15694,IT_ACT_SYN,SYN-02,1,1
15695,IPC_SYN,SYN-01,1,1
15696,IPC_SYN,SYN-01,1,1
15697,IPC_SYN,SYN-01,1,1
15698,SPECIAL_LAW_SYN,SYN-03,1,1
15699,SPECIAL_LAW_SYN,SYN-03,1,1
15700,IPC_SYN,SYN-01,1,1
15701,SPECIAL_LAW_SYN,SYN-03,1,1
15702,IPC_SYN,SYN-01,1,1
15703,IPC_SYN,SYN-01,1,1
15704,IPC_SYN,SYN-01,1,1
15705,IPC_SYN,SYN-01,1,1
15706,IPC_SYN,SYN-01,1,1
15707,IPC_SYN,SYN-01,1,1
15708,IPC_SYN,SYN-01,1,1
15709,IT_ACT_SYN,SYN-02,1,1
15710,SPECIAL_LAW_SYN,SYN-03,1,1
15711,IT_ACT_SYN,SYN-02,1,1
15712,IPC_SYN,SYN-01,1,1
15713,IPC_SYN,SYN-01,1,1
15714,IPC_SYN,SYN-01,1,1
15715,IPC_SYN,SYN-01,1,1
15716,SPECIAL_LAW_SYN,SYN-03,1,1
15717,IPC_SYN,SYN-01,1,1
15718,IPC_SYN,SYN-01,1,1
15719,IT_ACT_SYN,SYN-02,1,1
15720,IPC_SYN,SYN-01,1,1
15721,IPC_SYN,SYN-01,1,1
15722,SPECIAL_LAW_SYN,SYN-03,1,1
15723,IPC_SYN,SYN-01,1,1
15724,IPC_SYN,SYN-01,1,1
15725,IT_ACT_SYN,SYN-02,1,1
15726,SPECIAL_LAW_SYN,SYN-03,1,1
15727,IPC_SYN,SYN-01,1,1
15728,IPC_SYN,SYN-01,1,1
15729,IPC_SYN,SYN-01,1,1
15730,IPC_SYN,SYN-01,1,1
15731,SPECIAL_LAW_SYN,SYN-03,1,1
15732,IPC_SYN,SYN-01,1,1
15733,IPC_SYN,SYN-01,1,1
15734,SPECIAL_LAW_SYN,SYN-03,1,1
15735,SPECIAL_LAW_SYN,SYN-03,1,1
15736,SPECIAL_LAW_SYN,SYN-03,1,1
15737,SPECIAL_LAW_SYN,SYN-03,1,1
15738,IPC_SYN,SYN-01,1,1
15739,IPC_SYN,SYN-01,1,1
15740,IT_ACT_SYN,SYN-02,1,1
15741,SPECIAL_LAW_SYN,SYN-03,1,1
15742,SPECIAL_LAW_SYN,SYN-03,1,1
15743,SPECIAL_LAW_SYN,SYN-03,1,1
15744,IPC_SYN,SYN-01,1,1
15745,SPECIAL_LAW_SYN,SYN-03,1,1
15746,SPECIAL_LAW_SYN,SYN-03,1,1
15747,IPC_SYN,SYN-01,1,1
15748,IPC_SYN,SYN-01,1,1
15749,IPC_SYN,SYN-01,1,1
15750,IPC_SYN,SYN-01,1,1
15751,IPC_SYN,SYN-01,1,1
15752,IT_ACT_SYN,SYN-02,1,1
15753,SPECIAL_LAW_SYN,SYN-03,1,1
15754,SPECIAL_LAW_SYN,SYN-03,1,1
15755,SPECIAL_LAW_SYN,SYN-03,1,1
15756,IPC_SYN,SYN-01,1,1
15757,SPECIAL_LAW_SYN,SYN-03,1,1
15758,IPC_SYN,SYN-01,1,1
15759,IT_ACT_SYN,SYN-02,1,1
15760,IPC_SYN,SYN-01,1,1
15761,IPC_SYN,SYN-01,1,1
15762,IPC_SYN,SYN-01,1,1
15763,IPC_SYN,SYN-01,1,1
15764,IPC_SYN,SYN-01,1,1
15765,SPECIAL_LAW_SYN,SYN-03,1,1
15766,IPC_SYN,SYN-01,1,1
15767,IPC_SYN,SYN-01,1,1
15768,IPC_SYN,SYN-01,1,1
15769,SPECIAL_LAW_SYN,SYN-03,1,1
15770,IPC_SYN,SYN-01,1,1
15771,IT_ACT_SYN,SYN-02,1,1
15772,IPC_SYN,SYN-01,1,1
15773,IPC_SYN,SYN-01,1,1
15774,SPECIAL_LAW_SYN,SYN-03,1,1
15775,IPC_SYN,SYN-01,1,1
15776,IT_ACT_SYN,SYN-02,1,1
15777,IPC_SYN,SYN-01,1,1
15778,SPECIAL_LAW_SYN,SYN-03,1,1
15779,IPC_SYN,SYN-01,1,1
15780,SPECIAL_LAW_SYN,SYN-03,1,1
15781,IPC_SYN,SYN-01,1,1
15782,IT_ACT_SYN,SYN-02,1,1
15783,IT_ACT_SYN,SYN-02,1,1
15784,IPC_SYN,SYN-01,1,1
15785,IT_ACT_SYN,SYN-02,1,1
15786,IPC_SYN,SYN-01,1,1
15787,IT_ACT_SYN,SYN-02,1,1
15788,IT_ACT_SYN,SYN-02,1,1
15789,IPC_SYN,SYN-01,1,1
15790,SPECIAL_LAW_SYN,SYN-03,1,1
15791,IPC_SYN,SYN-01,1,1
15792,IPC_SYN,SYN-01,1,1
15793,IT_ACT_SYN,SYN-02,1,1
15794,IPC_SYN,SYN-01,1,1
15795,IPC_SYN,SYN-01,1,1
15796,IPC_SYN,SYN-01,1,1
15797,SPECIAL_LAW_SYN,SYN-03,1,1
15798,IPC_SYN,SYN-01,1,1
15799,IPC_SYN,SYN-01,1,1
15800,IPC_SYN,SYN-01,1,1
15801,SPECIAL_LAW_SYN,SYN-03,1,1
15802,SPECIAL_LAW_SYN,SYN-03,1,1
15803,SPECIAL_LAW_SYN,SYN-03,1,1
15804,IT_ACT_SYN,SYN-02,1,1
15805,IPC_SYN,SYN-01,1,1
15806,IPC_SYN,SYN-01,1,1
15807,IPC_SYN,SYN-01,1,1
15808,SPECIAL_LAW_SYN,SYN-03,1,1
15809,SPECIAL_LAW_SYN,SYN-03,1,1
15810,IPC_SYN,SYN-01,1,1
15811,SPECIAL_LAW_SYN,SYN-03,1,1
15812,SPECIAL_LAW_SYN,SYN-03,1,1
15813,IT_ACT_SYN,SYN-02,1,1
15814,IPC_SYN,SYN-01,1,1
15815,SPECIAL_LAW_SYN,SYN-03,1,1
15816,IPC_SYN,SYN-01,1,1
15817,IPC_SYN,SYN-01,1,1
15818,IPC_SYN,SYN-01,1,1
15819,IPC_SYN,SYN-01,1,1
15820,IPC_SYN,SYN-01,1,1
15821,SPECIAL_LAW_SYN,SYN-03,1,1
15822,IPC_SYN,SYN-01,1,1
15823,SPECIAL_LAW_SYN,SYN-03,1,1
15824,IPC_SYN,SYN-01,1,1
15825,SPECIAL_LAW_SYN,SYN-03,1,1
15826,IT_ACT_SYN,SYN-02,1,1
15827,IPC_SYN,SYN-01,1,1
15828,SPECIAL_LAW_SYN,SYN-03,1,1
15829,IT_ACT_SYN,SYN-02,1,1
15830,IPC_SYN,SYN-01,1,1
15831,SPECIAL_LAW_SYN,SYN-03,1,1
15832,SPECIAL_LAW_SYN,SYN-03,1,1
15833,IPC_SYN,SYN-01,1,1
15834,IPC_SYN,SYN-01,1,1
15835,SPECIAL_LAW_SYN,SYN-03,1,1
15836,IPC_SYN,SYN-01,1,1
15837,IPC_SYN,SYN-01,1,1
15838,IPC_SYN,SYN-01,1,1
15839,IPC_SYN,SYN-01,1,1
15840,SPECIAL_LAW_SYN,SYN-03,1,1
15841,SPECIAL_LAW_SYN,SYN-03,1,1
15842,SPECIAL_LAW_SYN,SYN-03,1,1
15843,IPC_SYN,SYN-01,1,1
15844,SPECIAL_LAW_SYN,SYN-03,1,1
15845,IPC_SYN,SYN-01,1,1
15846,IPC_SYN,SYN-01,1,1
15847,SPECIAL_LAW_SYN,SYN-03,1,1
15848,IPC_SYN,SYN-01,1,1
15849,SPECIAL_LAW_SYN,SYN-03,1,1
15850,IPC_SYN,SYN-01,1,1
15851,SPECIAL_LAW_SYN,SYN-03,1,1
15852,IPC_SYN,SYN-01,1,1
15853,IPC_SYN,SYN-01,1,1
15854,IPC_SYN,SYN-01,1,1
15855,SPECIAL_LAW_SYN,SYN-03,1,1
15856,IPC_SYN,SYN-01,1,1
15857,IPC_SYN,SYN-01,1,1
15858,SPECIAL_LAW_SYN,SYN-03,1,1
15859,IPC_SYN,SYN-01,1,1
15860,IPC_SYN,SYN-01,1,1
15861,IPC_SYN,SYN-01,1,1
15862,IPC_SYN,SYN-01,1,1
15863,IPC_SYN,SYN-01,1,1
15864,IPC_SYN,SYN-01,1,1
15865,IPC_SYN,SYN-01,1,1
15866,IPC_SYN,SYN-01,1,1
15867,IPC_SYN,SYN-01,1,1
15868,SPECIAL_LAW_SYN,SYN-03,1,1
15869,SPECIAL_LAW_SYN,SYN-03,1,1
15870,IT_ACT_SYN,SYN-02,1,1
15871,SPECIAL_LAW_SYN,SYN-03,1,1
15872,IPC_SYN,SYN-01,1,1
15873,IPC_SYN,SYN-01,1,1
15874,SPECIAL_LAW_SYN,SYN-03,1,1
15875,IPC_SYN,SYN-01,1,1
15876,IT_ACT_SYN,SYN-02,1,1
15877,IT_ACT_SYN,SYN-02,1,1
15878,IPC_SYN,SYN-01,1,1
15879,SPECIAL_LAW_SYN,SYN-03,1,1
15880,SPECIAL_LAW_SYN,SYN-03,1,1
15881,IPC_SYN,SYN-01,1,1
15882,IPC_SYN,SYN-01,1,1
15883,IPC_SYN,SYN-01,1,1
15884,IT_ACT_SYN,SYN-02,1,1
15885,IPC_SYN,SYN-01,1,1
15886,SPECIAL_LAW_SYN,SYN-03,1,1
15887,SPECIAL_LAW_SYN,SYN-03,1,1
15888,IPC_SYN,SYN-01,1,1
15889,IPC_SYN,SYN-01,1,1
15890,IPC_SYN,SYN-01,1,1
15891,IPC_SYN,SYN-01,1,1
15892,IPC_SYN,SYN-01,1,1
15893,SPECIAL_LAW_SYN,SYN-03,1,1
15894,IPC_SYN,SYN-01,1,1
15895,SPECIAL_LAW_SYN,SYN-03,1,1
15896,IT_ACT_SYN,SYN-02,1,1
15897,SPECIAL_LAW_SYN,SYN-03,1,1
15898,IPC_SYN,SYN-01,1,1
15899,IT_ACT_SYN,SYN-02,1,1
15900,SPECIAL_LAW_SYN,SYN-03,1,1
15901,SPECIAL_LAW_SYN,SYN-03,1,1
15902,IPC_SYN,SYN-01,1,1
15903,IPC_SYN,SYN-01,1,1
15904,IPC_SYN,SYN-01,1,1
15905,SPECIAL_LAW_SYN,SYN-03,1,1
15906,SPECIAL_LAW_SYN,SYN-03,1,1
15907,SPECIAL_LAW_SYN,SYN-03,1,1
15908,SPECIAL_LAW_SYN,SYN-03,1,1
15909,SPECIAL_LAW_SYN,SYN-03,1,1
15910,IT_ACT_SYN,SYN-02,1,1
15911,IPC_SYN,SYN-01,1,1
15912,IPC_SYN,SYN-01,1,1
15913,IPC_SYN,SYN-01,1,1
15914,IPC_SYN,SYN-01,1,1
15915,IPC_SYN,SYN-01,1,1
15916,IPC_SYN,SYN-01,1,1
15917,SPECIAL_LAW_SYN,SYN-03,1,1
15918,IPC_SYN,SYN-01,1,1
15919,SPECIAL_LAW_SYN,SYN-03,1,1
15920,IT_ACT_SYN,SYN-02,1,1
15921,SPECIAL_LAW_SYN,SYN-03,1,1
15922,SPECIAL_LAW_SYN,SYN-03,1,1
15923,IPC_SYN,SYN-01,1,1
15924,IPC_SYN,SYN-01,1,1
15925,IPC_SYN,SYN-01,1,1
15926,SPECIAL_LAW_SYN,SYN-03,1,1
15927,IT_ACT_SYN,SYN-02,1,1
15928,SPECIAL_LAW_SYN,SYN-03,1,1
15929,IPC_SYN,SYN-01,1,1
15930,SPECIAL_LAW_SYN,SYN-03,1,1
15931,IT_ACT_SYN,SYN-02,1,1
15932,IPC_SYN,SYN-01,1,1
15933,IPC_SYN,SYN-01,1,1
15934,IPC_SYN,SYN-01,1,1
15935,SPECIAL_LAW_SYN,SYN-03,1,1
15936,IPC_SYN,SYN-01,1,1
15937,IT_ACT_SYN,SYN-02,1,1
15938,IPC_SYN,SYN-01,1,1
15939,IPC_SYN,SYN-01,1,1
15940,SPECIAL_LAW_SYN,SYN-03,1,1
15941,IPC_SYN,SYN-01,1,1
15942,IPC_SYN,SYN-01,1,1
15943,IT_ACT_SYN,SYN-02,1,1
15944,IPC_SYN,SYN-01,1,1
15945,SPECIAL_LAW_SYN,SYN-03,1,1
15946,IPC_SYN,SYN-01,1,1
15947,SPECIAL_LAW_SYN,SYN-03,1,1
15948,SPECIAL_LAW_SYN,SYN-03,1,1
15949,IPC_SYN,SYN-01,1,1
15950,SPECIAL_LAW_SYN,SYN-03,1,1
15951,IPC_SYN,SYN-01,1,1
15952,IPC_SYN,SYN-01,1,1
15953,SPECIAL_LAW_SYN,SYN-03,1,1
15954,IT_ACT_SYN,SYN-02,1,1
15955,IPC_SYN,SYN-01,1,1
15956,IPC_SYN,SYN-01,1,1
15957,IPC_SYN,SYN-01,1,1
15958,IPC_SYN,SYN-01,1,1
15959,SPECIAL_LAW_SYN,SYN-03,1,1
15960,SPECIAL_LAW_SYN,SYN-03,1,1
15961,SPECIAL_LAW_SYN,SYN-03,1,1
15962,IPC_SYN,SYN-01,1,1
15963,IPC_SYN,SYN-01,1,1
15964,IPC_SYN,SYN-01,1,1
15965,IT_ACT_SYN,SYN-02,1,1
15966,IPC_SYN,SYN-01,1,1
15967,SPECIAL_LAW_SYN,SYN-03,1,1
15968,SPECIAL_LAW_SYN,SYN-03,1,1
15969,IPC_SYN,SYN-01,1,1
15970,SPECIAL_LAW_SYN,SYN-03,1,1
15971,IT_ACT_SYN,SYN-02,1,1
15972,SPECIAL_LAW_SYN,SYN-03,1,1
15973,IPC_SYN,SYN-01,1,1
15974,IPC_SYN,SYN-01,1,1
15975,SPECIAL_LAW_SYN,SYN-03,1,1
15976,IT_ACT_SYN,SYN-02,1,1
15977,IPC_SYN,SYN-01,1,1
15978,SPECIAL_LAW_SYN,SYN-03,1,1
15979,IPC_SYN,SYN-01,1,1
15980,IPC_SYN,SYN-01,1,1
15981,IPC_SYN,SYN-01,1,1
15982,IPC_SYN,SYN-01,1,1
15983,IPC_SYN,SYN-01,1,1
15984,SPECIAL_LAW_SYN,SYN-03,1,1
15985,IPC_SYN,SYN-01,1,1
15986,IPC_SYN,SYN-01,1,1
15987,IPC_SYN,SYN-01,1,1
15988,SPECIAL_LAW_SYN,SYN-03,1,1
15989,IT_ACT_SYN,SYN-02,1,1
15990,IPC_SYN,SYN-01,1,1
15991,SPECIAL_LAW_SYN,SYN-03,1,1
15992,IT_ACT_SYN,SYN-02,1,1
15993,IPC_SYN,SYN-01,1,1
15994,IPC_SYN,SYN-01,1,1
15995,IPC_SYN,SYN-01,1,1
15996,IPC_SYN,SYN-01,1,1
15997,SPECIAL_LAW_SYN,SYN-03,1,1
15998,IPC_SYN,SYN-01,1,1
15999,SPECIAL_LAW_SYN,SYN-03,1,1
16000,IPC_SYN,SYN-01,1,1
16001,SPECIAL_LAW_SYN,SYN-03,1,1
16002,IPC_SYN,SYN-01,1,1
16003,IPC_SYN,SYN-01,1,1
16004,IPC_SYN,SYN-01,1,1
16005,SPECIAL_LAW_SYN,SYN-03,1,1
16006,IPC_SYN,SYN-01,1,1
16007,IPC_SYN,SYN-01,1,1
16008,IPC_SYN,SYN-01,1,1
16009,IPC_SYN,SYN-01,1,1
16010,IPC_SYN,SYN-01,1,1
16011,IPC_SYN,SYN-01,1,1
16012,SPECIAL_LAW_SYN,SYN-03,1,1
16013,SPECIAL_LAW_SYN,SYN-03,1,1
16014,IPC_SYN,SYN-01,1,1
16015,IT_ACT_SYN,SYN-02,1,1
16016,IPC_SYN,SYN-01,1,1
16017,SPECIAL_LAW_SYN,SYN-03,1,1
16018,IPC_SYN,SYN-01,1,1
16019,IPC_SYN,SYN-01,1,1
16020,IPC_SYN,SYN-01,1,1
16021,IPC_SYN,SYN-01,1,1
16022,IT_ACT_SYN,SYN-02,1,1
16023,IPC_SYN,SYN-01,1,1
16024,IPC_SYN,SYN-01,1,1
16025,IPC_SYN,SYN-01,1,1
16026,IPC_SYN,SYN-01,1,1
16027,IPC_SYN,SYN-01,1,1
16028,IPC_SYN,SYN-01,1,1
16029,IPC_SYN,SYN-01,1,1
16030,IPC_SYN,SYN-01,1,1
16031,IPC_SYN,SYN-01,1,1
16032,IPC_SYN,SYN-01,1,1
16033,IPC_SYN,SYN-01,1,1
16034,IT_ACT_SYN,SYN-02,1,1
16035,IPC_SYN,SYN-01,1,1
16036,IPC_SYN,SYN-01,1,1
16037,IPC_SYN,SYN-01,1,1
16038,IPC_SYN,SYN-01,1,1
16039,IPC_SYN,SYN-01,1,1
16040,IT_ACT_SYN,SYN-02,1,1
16041,SPECIAL_LAW_SYN,SYN-03,1,1
16042,IPC_SYN,SYN-01,1,1
16043,IPC_SYN,SYN-01,1,1
16044,IT_ACT_SYN,SYN-02,1,1
16045,IT_ACT_SYN,SYN-02,1,1
16046,IPC_SYN,SYN-01,1,1
16047,IPC_SYN,SYN-01,1,1
16048,SPECIAL_LAW_SYN,SYN-03,1,1
16049,IPC_SYN,SYN-01,1,1
16050,SPECIAL_LAW_SYN,SYN-03,1,1
16051,IPC_SYN,SYN-01,1,1
16052,IPC_SYN,SYN-01,1,1
16053,IPC_SYN,SYN-01,1,1
16054,IPC_SYN,SYN-01,1,1
16055,IPC_SYN,SYN-01,1,1
16056,IPC_SYN,SYN-01,1,1
16057,IT_ACT_SYN,SYN-02,1,1
16058,IPC_SYN,SYN-01,1,1
16059,IT_ACT_SYN,SYN-02,1,1
16060,IPC_SYN,SYN-01,1,1
16061,IPC_SYN,SYN-01,1,1
16062,IT_ACT_SYN,SYN-02,1,1
16063,IPC_SYN,SYN-01,1,1
16064,IPC_SYN,SYN-01,1,1
16065,IPC_SYN,SYN-01,1,1
16066,IPC_SYN,SYN-01,1,1
16067,SPECIAL_LAW_SYN,SYN-03,1,1
16068,IPC_SYN,SYN-01,1,1
16069,IT_ACT_SYN,SYN-02,1,1
16070,IT_ACT_SYN,SYN-02,1,1
16071,IPC_SYN,SYN-01,1,1
16072,IT_ACT_SYN,SYN-02,1,1
16073,IPC_SYN,SYN-01,1,1
16074,IPC_SYN,SYN-01,1,1
16075,SPECIAL_LAW_SYN,SYN-03,1,1
16076,SPECIAL_LAW_SYN,SYN-03,1,1
16077,IPC_SYN,SYN-01,1,1
16078,SPECIAL_LAW_SYN,SYN-03,1,1
16079,SPECIAL_LAW_SYN,SYN-03,1,1
16080,IPC_SYN,SYN-01,1,1
16081,IPC_SYN,SYN-01,1,1
16082,SPECIAL_LAW_SYN,SYN-03,1,1
16083,IPC_SYN,SYN-01,1,1
16084,IPC_SYN,SYN-01,1,1
16085,IPC_SYN,SYN-01,1,1
16086,IPC_SYN,SYN-01,1,1
16087,SPECIAL_LAW_SYN,SYN-03,1,1
16088,SPECIAL_LAW_SYN,SYN-03,1,1
16089,IPC_SYN,SYN-01,1,1
16090,IPC_SYN,SYN-01,1,1
16091,SPECIAL_LAW_SYN,SYN-03,1,1
16092,IPC_SYN,SYN-01,1,1
16093,IPC_SYN,SYN-01,1,1
16094,SPECIAL_LAW_SYN,SYN-03,1,1
16095,SPECIAL_LAW_SYN,SYN-03,1,1
16096,SPECIAL_LAW_SYN,SYN-03,1,1
16097,IT_ACT_SYN,SYN-02,1,1
16098,SPECIAL_LAW_SYN,SYN-03,1,1
16099,IT_ACT_SYN,SYN-02,1,1
16100,IPC_SYN,SYN-01,1,1
16101,IPC_SYN,SYN-01,1,1
16102,SPECIAL_LAW_SYN,SYN-03,1,1
16103,IPC_SYN,SYN-01,1,1
16104,IPC_SYN,SYN-01,1,1
16105,SPECIAL_LAW_SYN,SYN-03,1,1
16106,IT_ACT_SYN,SYN-02,1,1
16107,IPC_SYN,SYN-01,1,1
16108,IPC_SYN,SYN-01,1,1
16109,IPC_SYN,SYN-01,1,1
16110,IPC_SYN,SYN-01,1,1
16111,IPC_SYN,SYN-01,1,1
16112,IPC_SYN,SYN-01,1,1
16113,SPECIAL_LAW_SYN,SYN-03,1,1
16114,SPECIAL_LAW_SYN,SYN-03,1,1
16115,IPC_SYN,SYN-01,1,1
16116,IPC_SYN,SYN-01,1,1
16117,SPECIAL_LAW_SYN,SYN-03,1,1
16118,IPC_SYN,SYN-01,1,1
16119,IT_ACT_SYN,SYN-02,1,1
16120,IPC_SYN,SYN-01,1,1
16121,IPC_SYN,SYN-01,1,1
16122,SPECIAL_LAW_SYN,SYN-03,1,1
16123,IPC_SYN,SYN-01,1,1
16124,IPC_SYN,SYN-01,1,1
16125,SPECIAL_LAW_SYN,SYN-03,1,1
16126,IPC_SYN,SYN-01,1,1
16127,IT_ACT_SYN,SYN-02,1,1
16128,SPECIAL_LAW_SYN,SYN-03,1,1
16129,IPC_SYN,SYN-01,1,1
16130,IPC_SYN,SYN-01,1,1
16131,IPC_SYN,SYN-01,1,1
16132,IPC_SYN,SYN-01,1,1
16133,IPC_SYN,SYN-01,1,1
16134,SPECIAL_LAW_SYN,SYN-03,1,1
16135,IPC_SYN,SYN-01,1,1
16136,SPECIAL_LAW_SYN,SYN-03,1,1
16137,SPECIAL_LAW_SYN,SYN-03,1,1
16138,IPC_SYN,SYN-01,1,1
16139,IPC_SYN,SYN-01,1,1
16140,SPECIAL_LAW_SYN,SYN-03,1,1
16141,IPC_SYN,SYN-01,1,1
16142,IPC_SYN,SYN-01,1,1
16143,IPC_SYN,SYN-01,1,1
16144,IPC_SYN,SYN-01,1,1
16145,SPECIAL_LAW_SYN,SYN-03,1,1
16146,IPC_SYN,SYN-01,1,1
16147,IPC_SYN,SYN-01,1,1
16148,IPC_SYN,SYN-01,1,1
16149,IPC_SYN,SYN-01,1,1
16150,IPC_SYN,SYN-01,1,1
16151,IPC_SYN,SYN-01,1,1
16152,SPECIAL_LAW_SYN,SYN-03,1,1
16153,IPC_SYN,SYN-01,1,1
16154,SPECIAL_LAW_SYN,SYN-03,1,1
16155,IPC_SYN,SYN-01,1,1
16156,IT_ACT_SYN,SYN-02,1,1
16157,IT_ACT_SYN,SYN-02,1,1
16158,IPC_SYN,SYN-01,1,1
16159,SPECIAL_LAW_SYN,SYN-03,1,1
16160,IPC_SYN,SYN-01,1,1
16161,IPC_SYN,SYN-01,1,1
16162,IT_ACT_SYN,SYN-02,1,1
16163,IPC_SYN,SYN-01,1,1
16164,SPECIAL_LAW_SYN,SYN-03,1,1
16165,IT_ACT_SYN,SYN-02,1,1
16166,IPC_SYN,SYN-01,1,1
16167,SPECIAL_LAW_SYN,SYN-03,1,1
16168,IPC_SYN,SYN-01,1,1
16169,IPC_SYN,SYN-01,1,1
16170,SPECIAL_LAW_SYN,SYN-03,1,1
16171,IPC_SYN,SYN-01,1,1
16172,IT_ACT_SYN,SYN-02,1,1
16173,IPC_SYN,SYN-01,1,1
16174,IPC_SYN,SYN-01,1,1
16175,IPC_SYN,SYN-01,1,1
16176,IT_ACT_SYN,SYN-02,1,1
16177,IPC_SYN,SYN-01,1,1
16178,IPC_SYN,SYN-01,1,1
16179,IPC_SYN,SYN-01,1,1
16180,IPC_SYN,SYN-01,1,1
16181,IPC_SYN,SYN-01,1,1
16182,SPECIAL_LAW_SYN,SYN-03,1,1
16183,IPC_SYN,SYN-01,1,1
16184,IPC_SYN,SYN-01,1,1
16185,IPC_SYN,SYN-01,1,1
16186,SPECIAL_LAW_SYN,SYN-03,1,1
16187,IT_ACT_SYN,SYN-02,1,1
16188,SPECIAL_LAW_SYN,SYN-03,1,1
16189,IT_ACT_SYN,SYN-02,1,1
16190,IPC_SYN,SYN-01,1,1
16191,IPC_SYN,SYN-01,1,1
16192,IPC_SYN,SYN-01,1,1
16193,IT_ACT_SYN,SYN-02,1,1
16194,SPECIAL_LAW_SYN,SYN-03,1,1
16195,SPECIAL_LAW_SYN,SYN-03,1,1
16196,IPC_SYN,SYN-01,1,1
16197,IPC_SYN,SYN-01,1,1
16198,SPECIAL_LAW_SYN,SYN-03,1,1
16199,SPECIAL_LAW_SYN,SYN-03,1,1
16200,IPC_SYN,SYN-01,1,1
16201,SPECIAL_LAW_SYN,SYN-03,1,1
16202,IPC_SYN,SYN-01,1,1
16203,SPECIAL_LAW_SYN,SYN-03,1,1
16204,IPC_SYN,SYN-01,1,1
16205,IPC_SYN,SYN-01,1,1
16206,IPC_SYN,SYN-01,1,1
16207,IPC_SYN,SYN-01,1,1
16208,IPC_SYN,SYN-01,1,1
16209,IPC_SYN,SYN-01,1,1
16210,IPC_SYN,SYN-01,1,1
16211,IPC_SYN,SYN-01,1,1
16212,SPECIAL_LAW_SYN,SYN-03,1,1
16213,SPECIAL_LAW_SYN,SYN-03,1,1
16214,IPC_SYN,SYN-01,1,1
16215,IPC_SYN,SYN-01,1,1
16216,IT_ACT_SYN,SYN-02,1,1
16217,IPC_SYN,SYN-01,1,1
16218,SPECIAL_LAW_SYN,SYN-03,1,1
16219,IPC_SYN,SYN-01,1,1
16220,SPECIAL_LAW_SYN,SYN-03,1,1
16221,IPC_SYN,SYN-01,1,1
16222,IPC_SYN,SYN-01,1,1
16223,IT_ACT_SYN,SYN-02,1,1
16224,IPC_SYN,SYN-01,1,1
16225,IPC_SYN,SYN-01,1,1
16226,SPECIAL_LAW_SYN,SYN-03,1,1
16227,IPC_SYN,SYN-01,1,1
16228,SPECIAL_LAW_SYN,SYN-03,1,1
16229,SPECIAL_LAW_SYN,SYN-03,1,1
16230,SPECIAL_LAW_SYN,SYN-03,1,1
16231,IPC_SYN,SYN-01,1,1
16232,IPC_SYN,SYN-01,1,1
16233,IPC_SYN,SYN-01,1,1
16234,IPC_SYN,SYN-01,1,1
16235,IPC_SYN,SYN-01,1,1
16236,IPC_SYN,SYN-01,1,1
16237,IT_ACT_SYN,SYN-02,1,1
16238,IT_ACT_SYN,SYN-02,1,1
16239,IT_ACT_SYN,SYN-02,1,1
16240,SPECIAL_LAW_SYN,SYN-03,1,1
16241,IPC_SYN,SYN-01,1,1
16242,SPECIAL_LAW_SYN,SYN-03,1,1
16243,SPECIAL_LAW_SYN,SYN-03,1,1
16244,SPECIAL_LAW_SYN,SYN-03,1,1
16245,IPC_SYN,SYN-01,1,1
16246,IT_ACT_SYN,SYN-02,1,1
16247,IPC_SYN,SYN-01,1,1
16248,SPECIAL_LAW_SYN,SYN-03,1,1
16249,IPC_SYN,SYN-01,1,1
16250,SPECIAL_LAW_SYN,SYN-03,1,1
16251,IT_ACT_SYN,SYN-02,1,1
16252,IPC_SYN,SYN-01,1,1
16253,IT_ACT_SYN,SYN-02,1,1
16254,IPC_SYN,SYN-01,1,1
16255,IPC_SYN,SYN-01,1,1
16256,SPECIAL_LAW_SYN,SYN-03,1,1
16257,IPC_SYN,SYN-01,1,1
16258,IPC_SYN,SYN-01,1,1
16259,IPC_SYN,SYN-01,1,1
16260,SPECIAL_LAW_SYN,SYN-03,1,1
16261,SPECIAL_LAW_SYN,SYN-03,1,1
16262,SPECIAL_LAW_SYN,SYN-03,1,1
16263,IPC_SYN,SYN-01,1,1
16264,IPC_SYN,SYN-01,1,1
16265,IT_ACT_SYN,SYN-02,1,1
16266,IPC_SYN,SYN-01,1,1
16267,IPC_SYN,SYN-01,1,1
16268,SPECIAL_LAW_SYN,SYN-03,1,1
16269,IPC_SYN,SYN-01,1,1
16270,SPECIAL_LAW_SYN,SYN-03,1,1
16271,IPC_SYN,SYN-01,1,1
16272,IPC_SYN,SYN-01,1,1
16273,SPECIAL_LAW_SYN,SYN-03,1,1
16274,IPC_SYN,SYN-01,1,1
16275,IT_ACT_SYN,SYN-02,1,1
16276,IPC_SYN,SYN-01,1,1
16277,IPC_SYN,SYN-01,1,1
16278,IPC_SYN,SYN-01,1,1
16279,SPECIAL_LAW_SYN,SYN-03,1,1
16280,IPC_SYN,SYN-01,1,1
16281,IPC_SYN,SYN-01,1,1
16282,IPC_SYN,SYN-01,1,1
16283,IPC_SYN,SYN-01,1,1
16284,SPECIAL_LAW_SYN,SYN-03,1,1
16285,SPECIAL_LAW_SYN,SYN-03,1,1
16286,IPC_SYN,SYN-01,1,1
16287,IPC_SYN,SYN-01,1,1
16288,IPC_SYN,SYN-01,1,1
16289,SPECIAL_LAW_SYN,SYN-03,1,1
16290,IPC_SYN,SYN-01,1,1
16291,IPC_SYN,SYN-01,1,1
16292,IPC_SYN,SYN-01,1,1
16293,IPC_SYN,SYN-01,1,1
16294,SPECIAL_LAW_SYN,SYN-03,1,1
16295,SPECIAL_LAW_SYN,SYN-03,1,1
16296,SPECIAL_LAW_SYN,SYN-03,1,1
16297,IPC_SYN,SYN-01,1,1
16298,IPC_SYN,SYN-01,1,1
16299,SPECIAL_LAW_SYN,SYN-03,1,1
16300,IPC_SYN,SYN-01,1,1
16301,SPECIAL_LAW_SYN,SYN-03,1,1
16302,IPC_SYN,SYN-01,1,1
16303,IPC_SYN,SYN-01,1,1
16304,IT_ACT_SYN,SYN-02,1,1
16305,IPC_SYN,SYN-01,1,1
16306,SPECIAL_LAW_SYN,SYN-03,1,1
16307,SPECIAL_LAW_SYN,SYN-03,1,1
16308,SPECIAL_LAW_SYN,SYN-03,1,1
16309,SPECIAL_LAW_SYN,SYN-03,1,1
16310,IPC_SYN,SYN-01,1,1
16311,IT_ACT_SYN,SYN-02,1,1
16312,IPC_SYN,SYN-01,1,1
16313,SPECIAL_LAW_SYN,SYN-03,1,1
16314,SPECIAL_LAW_SYN,SYN-03,1,1
16315,SPECIAL_LAW_SYN,SYN-03,1,1
16316,SPECIAL_LAW_SYN,SYN-03,1,1
16317,IPC_SYN,SYN-01,1,1
16318,SPECIAL_LAW_SYN,SYN-03,1,1
16319,IT_ACT_SYN,SYN-02,1,1
16320,SPECIAL_LAW_SYN,SYN-03,1,1
16321,IPC_SYN,SYN-01,1,1
16322,IPC_SYN,SYN-01,1,1
16323,IPC_SYN,SYN-01,1,1
16324,SPECIAL_LAW_SYN,SYN-03,1,1
16325,IPC_SYN,SYN-01,1,1
16326,SPECIAL_LAW_SYN,SYN-03,1,1
16327,IT_ACT_SYN,SYN-02,1,1
16328,IPC_SYN,SYN-01,1,1
16329,IPC_SYN,SYN-01,1,1
16330,IPC_SYN,SYN-01,1,1
16331,IPC_SYN,SYN-01,1,1
16332,IT_ACT_SYN,SYN-02,1,1
16333,IT_ACT_SYN,SYN-02,1,1
16334,IPC_SYN,SYN-01,1,1
16335,SPECIAL_LAW_SYN,SYN-03,1,1
16336,IPC_SYN,SYN-01,1,1
16337,IT_ACT_SYN,SYN-02,1,1
16338,IPC_SYN,SYN-01,1,1
16339,IPC_SYN,SYN-01,1,1
16340,IT_ACT_SYN,SYN-02,1,1
16341,IPC_SYN,SYN-01,1,1
16342,IPC_SYN,SYN-01,1,1
16343,IPC_SYN,SYN-01,1,1
16344,IPC_SYN,SYN-01,1,1
16345,SPECIAL_LAW_SYN,SYN-03,1,1
16346,SPECIAL_LAW_SYN,SYN-03,1,1
16347,IPC_SYN,SYN-01,1,1
16348,IPC_SYN,SYN-01,1,1
16349,IPC_SYN,SYN-01,1,1
16350,IPC_SYN,SYN-01,1,1
16351,IPC_SYN,SYN-01,1,1
16352,IPC_SYN,SYN-01,1,1
16353,IPC_SYN,SYN-01,1,1
16354,SPECIAL_LAW_SYN,SYN-03,1,1
16355,IPC_SYN,SYN-01,1,1
16356,IPC_SYN,SYN-01,1,1
16357,IPC_SYN,SYN-01,1,1
16358,SPECIAL_LAW_SYN,SYN-03,1,1
16359,IPC_SYN,SYN-01,1,1
16360,IPC_SYN,SYN-01,1,1
16361,IPC_SYN,SYN-01,1,1
16362,IT_ACT_SYN,SYN-02,1,1
16363,IPC_SYN,SYN-01,1,1
16364,SPECIAL_LAW_SYN,SYN-03,1,1
16365,IPC_SYN,SYN-01,1,1
16366,SPECIAL_LAW_SYN,SYN-03,1,1
16367,SPECIAL_LAW_SYN,SYN-03,1,1
16368,SPECIAL_LAW_SYN,SYN-03,1,1
16369,IPC_SYN,SYN-01,1,1
16370,IPC_SYN,SYN-01,1,1
16371,SPECIAL_LAW_SYN,SYN-03,1,1
16372,IPC_SYN,SYN-01,1,1
16373,IPC_SYN,SYN-01,1,1
16374,IT_ACT_SYN,SYN-02,1,1
16375,IPC_SYN,SYN-01,1,1
16376,IPC_SYN,SYN-01,1,1
16377,IPC_SYN,SYN-01,1,1
16378,IPC_SYN,SYN-01,1,1
16379,IPC_SYN,SYN-01,1,1
16380,IPC_SYN,SYN-01,1,1
16381,IPC_SYN,SYN-01,1,1
16382,IPC_SYN,SYN-01,1,1
16383,IPC_SYN,SYN-01,1,1
16384,IPC_SYN,SYN-01,1,1
16385,IPC_SYN,SYN-01,1,1
16386,SPECIAL_LAW_SYN,SYN-03,1,1
16387,IPC_SYN,SYN-01,1,1
16388,IPC_SYN,SYN-01,1,1
16389,IPC_SYN,SYN-01,1,1
16390,SPECIAL_LAW_SYN,SYN-03,1,1
16391,SPECIAL_LAW_SYN,SYN-03,1,1
16392,IPC_SYN,SYN-01,1,1
16393,IPC_SYN,SYN-01,1,1
16394,IPC_SYN,SYN-01,1,1
16395,SPECIAL_LAW_SYN,SYN-03,1,1
16396,IT_ACT_SYN,SYN-02,1,1
16397,IPC_SYN,SYN-01,1,1
16398,SPECIAL_LAW_SYN,SYN-03,1,1
16399,IPC_SYN,SYN-01,1,1
16400,IT_ACT_SYN,SYN-02,1,1
16401,IPC_SYN,SYN-01,1,1
16402,IPC_SYN,SYN-01,1,1
16403,SPECIAL_LAW_SYN,SYN-03,1,1
16404,SPECIAL_LAW_SYN,SYN-03,1,1
16405,IPC_SYN,SYN-01,1,1
16406,SPECIAL_LAW_SYN,SYN-03,1,1
16407,SPECIAL_LAW_SYN,SYN-03,1,1
16408,SPECIAL_LAW_SYN,SYN-03,1,1
16409,SPECIAL_LAW_SYN,SYN-03,1,1
16410,IPC_SYN,SYN-01,1,1
16411,IPC_SYN,SYN-01,1,1
16412,IPC_SYN,SYN-01,1,1
16413,IPC_SYN,SYN-01,1,1
16414,IPC_SYN,SYN-01,1,1
16415,SPECIAL_LAW_SYN,SYN-03,1,1
16416,IPC_SYN,SYN-01,1,1
16417,IPC_SYN,SYN-01,1,1
16418,IPC_SYN,SYN-01,1,1
16419,IT_ACT_SYN,SYN-02,1,1
16420,IPC_SYN,SYN-01,1,1
16421,IPC_SYN,SYN-01,1,1
16422,IPC_SYN,SYN-01,1,1
16423,IPC_SYN,SYN-01,1,1
16424,IPC_SYN,SYN-01,1,1
16425,IPC_SYN,SYN-01,1,1
16426,IT_ACT_SYN,SYN-02,1,1
16427,SPECIAL_LAW_SYN,SYN-03,1,1
16428,SPECIAL_LAW_SYN,SYN-03,1,1
16429,IPC_SYN,SYN-01,1,1
16430,SPECIAL_LAW_SYN,SYN-03,1,1
16431,IPC_SYN,SYN-01,1,1
16432,SPECIAL_LAW_SYN,SYN-03,1,1
16433,IPC_SYN,SYN-01,1,1
16434,IPC_SYN,SYN-01,1,1
16435,IPC_SYN,SYN-01,1,1
16436,IPC_SYN,SYN-01,1,1
16437,IPC_SYN,SYN-01,1,1
16438,IT_ACT_SYN,SYN-02,1,1
16439,IPC_SYN,SYN-01,1,1
16440,SPECIAL_LAW_SYN,SYN-03,1,1
16441,IPC_SYN,SYN-01,1,1
16442,IT_ACT_SYN,SYN-02,1,1
16443,IPC_SYN,SYN-01,1,1
16444,IPC_SYN,SYN-01,1,1
16445,IPC_SYN,SYN-01,1,1
16446,SPECIAL_LAW_SYN,SYN-03,1,1
16447,IPC_SYN,SYN-01,1,1
16448,IPC_SYN,SYN-01,1,1
16449,IPC_SYN,SYN-01,1,1
16450,IPC_SYN,SYN-01,1,1
16451,IPC_SYN,SYN-01,1,1
16452,SPECIAL_LAW_SYN,SYN-03,1,1
16453,IPC_SYN,SYN-01,1,1
16454,IPC_SYN,SYN-01,1,1
16455,IPC_SYN,SYN-01,1,1
16456,IT_ACT_SYN,SYN-02,1,1
16457,IPC_SYN,SYN-01,1,1
16458,SPECIAL_LAW_SYN,SYN-03,1,1
16459,IPC_SYN,SYN-01,1,1
16460,IPC_SYN,SYN-01,1,1
16461,IPC_SYN,SYN-01,1,1
16462,IPC_SYN,SYN-01,1,1
16463,IPC_SYN,SYN-01,1,1
16464,IT_ACT_SYN,SYN-02,1,1
16465,IT_ACT_SYN,SYN-02,1,1
16466,IPC_SYN,SYN-01,1,1
16467,SPECIAL_LAW_SYN,SYN-03,1,1
16468,IPC_SYN,SYN-01,1,1
16469,SPECIAL_LAW_SYN,SYN-03,1,1
16470,IPC_SYN,SYN-01,1,1
16471,IPC_SYN,SYN-01,1,1
16472,IPC_SYN,SYN-01,1,1
16473,IPC_SYN,SYN-01,1,1
16474,IPC_SYN,SYN-01,1,1
16475,IT_ACT_SYN,SYN-02,1,1
16476,SPECIAL_LAW_SYN,SYN-03,1,1
16477,IPC_SYN,SYN-01,1,1
16478,SPECIAL_LAW_SYN,SYN-03,1,1
16479,IT_ACT_SYN,SYN-02,1,1
16480,IT_ACT_SYN,SYN-02,1,1
16481,IPC_SYN,SYN-01,1,1
16482,IT_ACT_SYN,SYN-02,1,1
16483,IPC_SYN,SYN-01,1,1
16484,IPC_SYN,SYN-01,1,1
16485,SPECIAL_LAW_SYN,SYN-03,1,1
16486,IPC_SYN,SYN-01,1,1
16487,SPECIAL_LAW_SYN,SYN-03,1,1
16488,IPC_SYN,SYN-01,1,1
16489,IPC_SYN,SYN-01,1,1
16490,IPC_SYN,SYN-01,1,1
16491,SPECIAL_LAW_SYN,SYN-03,1,1
16492,IPC_SYN,SYN-01,1,1
16493,SPECIAL_LAW_SYN,SYN-03,1,1
16494,SPECIAL_LAW_SYN,SYN-03,1,1
16495,IPC_SYN,SYN-01,1,1
16496,SPECIAL_LAW_SYN,SYN-03,1,1
16497,SPECIAL_LAW_SYN,SYN-03,1,1
16498,SPECIAL_LAW_SYN,SYN-03,1,1
16499,IPC_SYN,SYN-01,1,1
16500,SPECIAL_LAW_SYN,SYN-03,1,1
16501,IPC_SYN,SYN-01,1,1
16502,IPC_SYN,SYN-01,1,1
16503,IPC_SYN,SYN-01,1,1
16504,IPC_SYN,SYN-01,1,1
16505,IPC_SYN,SYN-01,1,1
16506,IPC_SYN,SYN-01,1,1
16507,SPECIAL_LAW_SYN,SYN-03,1,1
16508,IPC_SYN,SYN-01,1,1
16509,IPC_SYN,SYN-01,1,1
16510,SPECIAL_LAW_SYN,SYN-03,1,1
16511,SPECIAL_LAW_SYN,SYN-03,1,1
16512,IPC_SYN,SYN-01,1,1
16513,IPC_SYN,SYN-01,1,1
16514,IPC_SYN,SYN-01,1,1
16515,IPC_SYN,SYN-01,1,1
16516,SPECIAL_LAW_SYN,SYN-03,1,1
16517,SPECIAL_LAW_SYN,SYN-03,1,1
16518,IPC_SYN,SYN-01,1,1
16519,IPC_SYN,SYN-01,1,1
16520,IPC_SYN,SYN-01,1,1
16521,IPC_SYN,SYN-01,1,1
16522,IPC_SYN,SYN-01,1,1
16523,IPC_SYN,SYN-01,1,1
16524,IPC_SYN,SYN-01,1,1
16525,IPC_SYN,SYN-01,1,1
16526,IT_ACT_SYN,SYN-02,1,1
16527,IPC_SYN,SYN-01,1,1
16528,IPC_SYN,SYN-01,1,1
16529,IT_ACT_SYN,SYN-02,1,1
16530,IPC_SYN,SYN-01,1,1
16531,IPC_SYN,SYN-01,1,1
16532,IPC_SYN,SYN-01,1,1
16533,IPC_SYN,SYN-01,1,1
16534,IPC_SYN,SYN-01,1,1
16535,IPC_SYN,SYN-01,1,1
16536,IPC_SYN,SYN-01,1,1
16537,IPC_SYN,SYN-01,1,1
16538,IPC_SYN,SYN-01,1,1
16539,IPC_SYN,SYN-01,1,1
16540,IPC_SYN,SYN-01,1,1
16541,SPECIAL_LAW_SYN,SYN-03,1,1
16542,SPECIAL_LAW_SYN,SYN-03,1,1
16543,IPC_SYN,SYN-01,1,1
16544,IPC_SYN,SYN-01,1,1
16545,SPECIAL_LAW_SYN,SYN-03,1,1
16546,IPC_SYN,SYN-01,1,1
16547,IPC_SYN,SYN-01,1,1
16548,IPC_SYN,SYN-01,1,1
16549,IT_ACT_SYN,SYN-02,1,1
16550,IPC_SYN,SYN-01,1,1
16551,SPECIAL_LAW_SYN,SYN-03,1,1
16552,IPC_SYN,SYN-01,1,1
16553,IPC_SYN,SYN-01,1,1
16554,SPECIAL_LAW_SYN,SYN-03,1,1
16555,IPC_SYN,SYN-01,1,1
16556,SPECIAL_LAW_SYN,SYN-03,1,1
16557,IPC_SYN,SYN-01,1,1
16558,IPC_SYN,SYN-01,1,1
16559,IPC_SYN,SYN-01,1,1
16560,IPC_SYN,SYN-01,1,1
16561,SPECIAL_LAW_SYN,SYN-03,1,1
16562,IPC_SYN,SYN-01,1,1
16563,IT_ACT_SYN,SYN-02,1,1
16564,IPC_SYN,SYN-01,1,1
16565,IPC_SYN,SYN-01,1,1
16566,IPC_SYN,SYN-01,1,1
16567,IPC_SYN,SYN-01,1,1
16568,SPECIAL_LAW_SYN,SYN-03,1,1
16569,IT_ACT_SYN,SYN-02,1,1
16570,IPC_SYN,SYN-01,1,1
16571,SPECIAL_LAW_SYN,SYN-03,1,1
16572,IPC_SYN,SYN-01,1,1
16573,SPECIAL_LAW_SYN,SYN-03,1,1
16574,IPC_SYN,SYN-01,1,1
16575,IPC_SYN,SYN-01,1,1
16576,SPECIAL_LAW_SYN,SYN-03,1,1
16577,IPC_SYN,SYN-01,1,1
16578,IPC_SYN,SYN-01,1,1
16579,IPC_SYN,SYN-01,1,1
16580,IPC_SYN,SYN-01,1,1
16581,IPC_SYN,SYN-01,1,1
16582,SPECIAL_LAW_SYN,SYN-03,1,1
16583,IPC_SYN,SYN-01,1,1
16584,IPC_SYN,SYN-01,1,1
16585,SPECIAL_LAW_SYN,SYN-03,1,1
16586,IT_ACT_SYN,SYN-02,1,1
16587,SPECIAL_LAW_SYN,SYN-03,1,1
16588,IT_ACT_SYN,SYN-02,1,1
16589,IPC_SYN,SYN-01,1,1
16590,IPC_SYN,SYN-01,1,1
16591,IPC_SYN,SYN-01,1,1
16592,IPC_SYN,SYN-01,1,1
16593,SPECIAL_LAW_SYN,SYN-03,1,1
16594,IPC_SYN,SYN-01,1,1
16595,IPC_SYN,SYN-01,1,1
16596,SPECIAL_LAW_SYN,SYN-03,1,1
16597,IPC_SYN,SYN-01,1,1
16598,SPECIAL_LAW_SYN,SYN-03,1,1
16599,IPC_SYN,SYN-01,1,1
16600,IPC_SYN,SYN-01,1,1
16601,IPC_SYN,SYN-01,1,1
16602,SPECIAL_LAW_SYN,SYN-03,1,1
16603,IPC_SYN,SYN-01,1,1
16604,SPECIAL_LAW_SYN,SYN-03,1,1
16605,IPC_SYN,SYN-01,1,1
16606,SPECIAL_LAW_SYN,SYN-03,1,1
16607,IPC_SYN,SYN-01,1,1
16608,IPC_SYN,SYN-01,1,1
16609,IT_ACT_SYN,SYN-02,1,1
16610,SPECIAL_LAW_SYN,SYN-03,1,1
16611,SPECIAL_LAW_SYN,SYN-03,1,1
16612,SPECIAL_LAW_SYN,SYN-03,1,1
16613,IPC_SYN,SYN-01,1,1
16614,IPC_SYN,SYN-01,1,1
16615,IPC_SYN,SYN-01,1,1
16616,IT_ACT_SYN,SYN-02,1,1
16617,IPC_SYN,SYN-01,1,1
16618,IPC_SYN,SYN-01,1,1
16619,IT_ACT_SYN,SYN-02,1,1
16620,IPC_SYN,SYN-01,1,1
16621,SPECIAL_LAW_SYN,SYN-03,1,1
16622,IT_ACT_SYN,SYN-02,1,1
16623,IPC_SYN,SYN-01,1,1
16624,IPC_SYN,SYN-01,1,1
16625,IPC_SYN,SYN-01,1,1
16626,IPC_SYN,SYN-01,1,1
16627,IPC_SYN,SYN-01,1,1
16628,IPC_SYN,SYN-01,1,1
16629,IPC_SYN,SYN-01,1,1
16630,IPC_SYN,SYN-01,1,1
16631,IT_ACT_SYN,SYN-02,1,1
16632,IT_ACT_SYN,SYN-02,1,1
16633,SPECIAL_LAW_SYN,SYN-03,1,1
16634,IPC_SYN,SYN-01,1,1
16635,IT_ACT_SYN,SYN-02,1,1
16636,IT_ACT_SYN,SYN-02,1,1
16637,IT_ACT_SYN,SYN-02,1,1
16638,SPECIAL_LAW_SYN,SYN-03,1,1
16639,IPC_SYN,SYN-01,1,1
16640,IPC_SYN,SYN-01,1,1
16641,SPECIAL_LAW_SYN,SYN-03,1,1
16642,IPC_SYN,SYN-01,1,1
16643,IPC_SYN,SYN-01,1,1
16644,IPC_SYN,SYN-01,1,1
16645,SPECIAL_LAW_SYN,SYN-03,1,1
16646,IPC_SYN,SYN-01,1,1
16647,IPC_SYN,SYN-01,1,1
16648,SPECIAL_LAW_SYN,SYN-03,1,1
16649,IPC_SYN,SYN-01,1,1
16650,SPECIAL_LAW_SYN,SYN-03,1,1
16651,SPECIAL_LAW_SYN,SYN-03,1,1
16652,SPECIAL_LAW_SYN,SYN-03,1,1
16653,IT_ACT_SYN,SYN-02,1,1
16654,IT_ACT_SYN,SYN-02,1,1
16655,SPECIAL_LAW_SYN,SYN-03,1,1
16656,IT_ACT_SYN,SYN-02,1,1
16657,SPECIAL_LAW_SYN,SYN-03,1,1
16658,SPECIAL_LAW_SYN,SYN-03,1,1
16659,IPC_SYN,SYN-01,1,1
16660,IPC_SYN,SYN-01,1,1
16661,IPC_SYN,SYN-01,1,1
16662,IPC_SYN,SYN-01,1,1
16663,IT_ACT_SYN,SYN-02,1,1
16664,SPECIAL_LAW_SYN,SYN-03,1,1
16665,SPECIAL_LAW_SYN,SYN-03,1,1
16666,IT_ACT_SYN,SYN-02,1,1
16667,SPECIAL_LAW_SYN,SYN-03,1,1
16668,IPC_SYN,SYN-01,1,1
16669,IPC_SYN,SYN-01,1,1
16670,SPECIAL_LAW_SYN,SYN-03,1,1
16671,IPC_SYN,SYN-01,1,1
16672,IPC_SYN,SYN-01,1,1
16673,IPC_SYN,SYN-01,1,1
16674,SPECIAL_LAW_SYN,SYN-03,1,1
16675,IPC_SYN,SYN-01,1,1
16676,IPC_SYN,SYN-01,1,1
16677,IPC_SYN,SYN-01,1,1
16678,SPECIAL_LAW_SYN,SYN-03,1,1
16679,SPECIAL_LAW_SYN,SYN-03,1,1
16680,SPECIAL_LAW_SYN,SYN-03,1,1
16681,IPC_SYN,SYN-01,1,1
16682,IPC_SYN,SYN-01,1,1
16683,IPC_SYN,SYN-01,1,1
16684,IPC_SYN,SYN-01,1,1
16685,SPECIAL_LAW_SYN,SYN-03,1,1
16686,SPECIAL_LAW_SYN,SYN-03,1,1
16687,IPC_SYN,SYN-01,1,1
16688,IT_ACT_SYN,SYN-02,1,1
16689,IPC_SYN,SYN-01,1,1
16690,IPC_SYN,SYN-01,1,1
16691,IT_ACT_SYN,SYN-02,1,1
16692,IPC_SYN,SYN-01,1,1
16693,IPC_SYN,SYN-01,1,1
16694,SPECIAL_LAW_SYN,SYN-03,1,1
16695,IPC_SYN,SYN-01,1,1
16696,IPC_SYN,SYN-01,1,1
16697,SPECIAL_LAW_SYN,SYN-03,1,1
16698,IPC_SYN,SYN-01,1,1
16699,IPC_SYN,SYN-01,1,1
16700,IPC_SYN,SYN-01,1,1
16701,SPECIAL_LAW_SYN,SYN-03,1,1
16702,SPECIAL_LAW_SYN,SYN-03,1,1
16703,IPC_SYN,SYN-01,1,1
16704,IT_ACT_SYN,SYN-02,1,1
16705,SPECIAL_LAW_SYN,SYN-03,1,1
16706,IPC_SYN,SYN-01,1,1
16707,SPECIAL_LAW_SYN,SYN-03,1,1
16708,IPC_SYN,SYN-01,1,1
16709,IPC_SYN,SYN-01,1,1
16710,SPECIAL_LAW_SYN,SYN-03,1,1
16711,IPC_SYN,SYN-01,1,1
16712,IT_ACT_SYN,SYN-02,1,1
16713,IPC_SYN,SYN-01,1,1
16714,SPECIAL_LAW_SYN,SYN-03,1,1
16715,IPC_SYN,SYN-01,1,1
16716,IPC_SYN,SYN-01,1,1
16717,IPC_SYN,SYN-01,1,1
16718,IPC_SYN,SYN-01,1,1
16719,SPECIAL_LAW_SYN,SYN-03,1,1
16720,IPC_SYN,SYN-01,1,1
16721,SPECIAL_LAW_SYN,SYN-03,1,1
16722,IT_ACT_SYN,SYN-02,1,1
16723,IPC_SYN,SYN-01,1,1
16724,SPECIAL_LAW_SYN,SYN-03,1,1
16725,IT_ACT_SYN,SYN-02,1,1
16726,SPECIAL_LAW_SYN,SYN-03,1,1
16727,IPC_SYN,SYN-01,1,1
16728,IPC_SYN,SYN-01,1,1
16729,SPECIAL_LAW_SYN,SYN-03,1,1
16730,IPC_SYN,SYN-01,1,1
16731,IPC_SYN,SYN-01,1,1
16732,IT_ACT_SYN,SYN-02,1,1
16733,IPC_SYN,SYN-01,1,1
16734,SPECIAL_LAW_SYN,SYN-03,1,1
16735,IPC_SYN,SYN-01,1,1
16736,IPC_SYN,SYN-01,1,1
16737,IPC_SYN,SYN-01,1,1
16738,IPC_SYN,SYN-01,1,1
16739,SPECIAL_LAW_SYN,SYN-03,1,1
16740,IT_ACT_SYN,SYN-02,1,1
16741,SPECIAL_LAW_SYN,SYN-03,1,1
16742,IPC_SYN,SYN-01,1,1
16743,SPECIAL_LAW_SYN,SYN-03,1,1
16744,IPC_SYN,SYN-01,1,1
16745,IT_ACT_SYN,SYN-02,1,1
16746,SPECIAL_LAW_SYN,SYN-03,1,1
16747,SPECIAL_LAW_SYN,SYN-03,1,1
16748,IPC_SYN,SYN-01,1,1
16749,IPC_SYN,SYN-01,1,1
16750,IPC_SYN,SYN-01,1,1
16751,IT_ACT_SYN,SYN-02,1,1
16752,SPECIAL_LAW_SYN,SYN-03,1,1
16753,IPC_SYN,SYN-01,1,1
16754,IT_ACT_SYN,SYN-02,1,1
16755,IPC_SYN,SYN-01,1,1
16756,SPECIAL_LAW_SYN,SYN-03,1,1
16757,IT_ACT_SYN,SYN-02,1,1
16758,SPECIAL_LAW_SYN,SYN-03,1,1
16759,IPC_SYN,SYN-01,1,1
16760,IPC_SYN,SYN-01,1,1
16761,SPECIAL_LAW_SYN,SYN-03,1,1
16762,SPECIAL_LAW_SYN,SYN-03,1,1
16763,SPECIAL_LAW_SYN,SYN-03,1,1
16764,IPC_SYN,SYN-01,1,1
16765,SPECIAL_LAW_SYN,SYN-03,1,1
16766,IPC_SYN,SYN-01,1,1
16767,IPC_SYN,SYN-01,1,1
16768,SPECIAL_LAW_SYN,SYN-03,1,1
16769,IPC_SYN,SYN-01,1,1
16770,IPC_SYN,SYN-01,1,1
16771,IPC_SYN,SYN-01,1,1
16772,SPECIAL_LAW_SYN,SYN-03,1,1
16773,IPC_SYN,SYN-01,1,1
16774,IPC_SYN,SYN-01,1,1
16775,SPECIAL_LAW_SYN,SYN-03,1,1
16776,IPC_SYN,SYN-01,1,1
16777,IPC_SYN,SYN-01,1,1
16778,SPECIAL_LAW_SYN,SYN-03,1,1
16779,IPC_SYN,SYN-01,1,1
16780,IPC_SYN,SYN-01,1,1
16781,IPC_SYN,SYN-01,1,1
16782,IPC_SYN,SYN-01,1,1
16783,IPC_SYN,SYN-01,1,1
16784,IPC_SYN,SYN-01,1,1
16785,IT_ACT_SYN,SYN-02,1,1
16786,IPC_SYN,SYN-01,1,1
16787,IPC_SYN,SYN-01,1,1
16788,SPECIAL_LAW_SYN,SYN-03,1,1
16789,IPC_SYN,SYN-01,1,1
16790,SPECIAL_LAW_SYN,SYN-03,1,1
16791,SPECIAL_LAW_SYN,SYN-03,1,1
16792,SPECIAL_LAW_SYN,SYN-03,1,1
16793,IPC_SYN,SYN-01,1,1
16794,SPECIAL_LAW_SYN,SYN-03,1,1
16795,IPC_SYN,SYN-01,1,1
16796,IPC_SYN,SYN-01,1,1
16797,SPECIAL_LAW_SYN,SYN-03,1,1
16798,IPC_SYN,SYN-01,1,1
16799,IPC_SYN,SYN-01,1,1
16800,IT_ACT_SYN,SYN-02,1,1
16801,IPC_SYN,SYN-01,1,1
16802,IPC_SYN,SYN-01,1,1
16803,IPC_SYN,SYN-01,1,1
16804,SPECIAL_LAW_SYN,SYN-03,1,1
16805,IPC_SYN,SYN-01,1,1
16806,IPC_SYN,SYN-01,1,1
16807,IT_ACT_SYN,SYN-02,1,1
16808,IT_ACT_SYN,SYN-02,1,1
16809,IPC_SYN,SYN-01,1,1
16810,SPECIAL_LAW_SYN,SYN-03,1,1
16811,IPC_SYN,SYN-01,1,1
16812,IPC_SYN,SYN-01,1,1
16813,SPECIAL_LAW_SYN,SYN-03,1,1
16814,IPC_SYN,SYN-01,1,1
16815,IPC_SYN,SYN-01,1,1
16816,IPC_SYN,SYN-01,1,1
16817,IPC_SYN,SYN-01,1,1
16818,IPC_SYN,SYN-01,1,1
16819,IT_ACT_SYN,SYN-02,1,1
16820,SPECIAL_LAW_SYN,SYN-03,1,1
16821,IPC_SYN,SYN-01,1,1
16822,SPECIAL_LAW_SYN,SYN-03,1,1
16823,IPC_SYN,SYN-01,1,1
16824,IPC_SYN,SYN-01,1,1
16825,IPC_SYN,SYN-01,1,1
16826,IPC_SYN,SYN-01,1,1
16827,IT_ACT_SYN,SYN-02,1,1
16828,IT_ACT_SYN,SYN-02,1,1
16829,IPC_SYN,SYN-01,1,1
16830,IPC_SYN,SYN-01,1,1
16831,SPECIAL_LAW_SYN,SYN-03,1,1
16832,SPECIAL_LAW_SYN,SYN-03,1,1
16833,SPECIAL_LAW_SYN,SYN-03,1,1
16834,IPC_SYN,SYN-01,1,1
16835,SPECIAL_LAW_SYN,SYN-03,1,1
16836,IPC_SYN,SYN-01,1,1
16837,SPECIAL_LAW_SYN,SYN-03,1,1
16838,IT_ACT_SYN,SYN-02,1,1
16839,IPC_SYN,SYN-01,1,1
16840,IPC_SYN,SYN-01,1,1
16841,IPC_SYN,SYN-01,1,1
16842,SPECIAL_LAW_SYN,SYN-03,1,1
16843,IPC_SYN,SYN-01,1,1
16844,SPECIAL_LAW_SYN,SYN-03,1,1
16845,SPECIAL_LAW_SYN,SYN-03,1,1
16846,IPC_SYN,SYN-01,1,1
16847,IPC_SYN,SYN-01,1,1
16848,IT_ACT_SYN,SYN-02,1,1
16849,SPECIAL_LAW_SYN,SYN-03,1,1
16850,IPC_SYN,SYN-01,1,1
16851,IPC_SYN,SYN-01,1,1
16852,SPECIAL_LAW_SYN,SYN-03,1,1
16853,IPC_SYN,SYN-01,1,1
16854,IPC_SYN,SYN-01,1,1
16855,IPC_SYN,SYN-01,1,1
16856,SPECIAL_LAW_SYN,SYN-03,1,1
16857,IPC_SYN,SYN-01,1,1
16858,IPC_SYN,SYN-01,1,1
16859,IPC_SYN,SYN-01,1,1
16860,IPC_SYN,SYN-01,1,1
16861,IPC_SYN,SYN-01,1,1
16862,IPC_SYN,SYN-01,1,1
16863,IPC_SYN,SYN-01,1,1
16864,IPC_SYN,SYN-01,1,1
16865,IPC_SYN,SYN-01,1,1
16866,IPC_SYN,SYN-01,1,1
16867,IPC_SYN,SYN-01,1,1
16868,IPC_SYN,SYN-01,1,1
16869,IPC_SYN,SYN-01,1,1
16870,IPC_SYN,SYN-01,1,1
16871,IPC_SYN,SYN-01,1,1
16872,IPC_SYN,SYN-01,1,1
16873,IPC_SYN,SYN-01,1,1
16874,SPECIAL_LAW_SYN,SYN-03,1,1
16875,IPC_SYN,SYN-01,1,1
16876,IPC_SYN,SYN-01,1,1
16877,SPECIAL_LAW_SYN,SYN-03,1,1
16878,IPC_SYN,SYN-01,1,1
16879,IPC_SYN,SYN-01,1,1
16880,IPC_SYN,SYN-01,1,1
16881,SPECIAL_LAW_SYN,SYN-03,1,1
16882,IPC_SYN,SYN-01,1,1
16883,SPECIAL_LAW_SYN,SYN-03,1,1
16884,IT_ACT_SYN,SYN-02,1,1
16885,IPC_SYN,SYN-01,1,1
16886,SPECIAL_LAW_SYN,SYN-03,1,1
16887,SPECIAL_LAW_SYN,SYN-03,1,1
16888,IPC_SYN,SYN-01,1,1
16889,IPC_SYN,SYN-01,1,1
16890,IPC_SYN,SYN-01,1,1
16891,IPC_SYN,SYN-01,1,1
16892,IT_ACT_SYN,SYN-02,1,1
16893,IPC_SYN,SYN-01,1,1
16894,IPC_SYN,SYN-01,1,1
16895,SPECIAL_LAW_SYN,SYN-03,1,1
16896,SPECIAL_LAW_SYN,SYN-03,1,1
16897,SPECIAL_LAW_SYN,SYN-03,1,1
16898,IPC_SYN,SYN-01,1,1
16899,IPC_SYN,SYN-01,1,1
16900,IPC_SYN,SYN-01,1,1
16901,SPECIAL_LAW_SYN,SYN-03,1,1
16902,SPECIAL_LAW_SYN,SYN-03,1,1
16903,SPECIAL_LAW_SYN,SYN-03,1,1
16904,SPECIAL_LAW_SYN,SYN-03,1,1
16905,IPC_SYN,SYN-01,1,1
16906,IT_ACT_SYN,SYN-02,1,1
16907,IPC_SYN,SYN-01,1,1
16908,IPC_SYN,SYN-01,1,1
16909,SPECIAL_LAW_SYN,SYN-03,1,1
16910,IPC_SYN,SYN-01,1,1
16911,IPC_SYN,SYN-01,1,1
16912,IPC_SYN,SYN-01,1,1
16913,SPECIAL_LAW_SYN,SYN-03,1,1
16914,IPC_SYN,SYN-01,1,1
16915,IT_ACT_SYN,SYN-02,1,1
16916,IT_ACT_SYN,SYN-02,1,1
16917,IPC_SYN,SYN-01,1,1
16918,SPECIAL_LAW_SYN,SYN-03,1,1
16919,IT_ACT_SYN,SYN-02,1,1
16920,IPC_SYN,SYN-01,1,1
16921,IT_ACT_SYN,SYN-02,1,1
16922,IT_ACT_SYN,SYN-02,1,1
16923,IPC_SYN,SYN-01,1,1
16924,IPC_SYN,SYN-01,1,1
16925,IPC_SYN,SYN-01,1,1
16926,IPC_SYN,SYN-01,1,1
16927,IPC_SYN,SYN-01,1,1
16928,IPC_SYN,SYN-01,1,1
16929,IPC_SYN,SYN-01,1,1
16930,IPC_SYN,SYN-01,1,1
16931,IT_ACT_SYN,SYN-02,1,1
16932,SPECIAL_LAW_SYN,SYN-03,1,1
16933,IPC_SYN,SYN-01,1,1
16934,IPC_SYN,SYN-01,1,1
16935,IPC_SYN,SYN-01,1,1
16936,IPC_SYN,SYN-01,1,1
16937,IPC_SYN,SYN-01,1,1
16938,IPC_SYN,SYN-01,1,1
16939,SPECIAL_LAW_SYN,SYN-03,1,1
16940,IPC_SYN,SYN-01,1,1
16941,SPECIAL_LAW_SYN,SYN-03,1,1
16942,IPC_SYN,SYN-01,1,1
16943,IT_ACT_SYN,SYN-02,1,1
16944,IT_ACT_SYN,SYN-02,1,1
16945,SPECIAL_LAW_SYN,SYN-03,1,1
16946,IPC_SYN,SYN-01,1,1
16947,IPC_SYN,SYN-01,1,1
16948,IPC_SYN,SYN-01,1,1
16949,IPC_SYN,SYN-01,1,1
16950,IPC_SYN,SYN-01,1,1
16951,IT_ACT_SYN,SYN-02,1,1
16952,IT_ACT_SYN,SYN-02,1,1
16953,IPC_SYN,SYN-01,1,1
16954,IPC_SYN,SYN-01,1,1
16955,IT_ACT_SYN,SYN-02,1,1
16956,IPC_SYN,SYN-01,1,1
16957,SPECIAL_LAW_SYN,SYN-03,1,1
16958,SPECIAL_LAW_SYN,SYN-03,1,1
16959,SPECIAL_LAW_SYN,SYN-03,1,1
16960,IPC_SYN,SYN-01,1,1
16961,IPC_SYN,SYN-01,1,1
16962,IPC_SYN,SYN-01,1,1
16963,IPC_SYN,SYN-01,1,1
16964,SPECIAL_LAW_SYN,SYN-03,1,1
16965,IT_ACT_SYN,SYN-02,1,1
16966,IT_ACT_SYN,SYN-02,1,1
16967,IPC_SYN,SYN-01,1,1
16968,IT_ACT_SYN,SYN-02,1,1
16969,SPECIAL_LAW_SYN,SYN-03,1,1
16970,IPC_SYN,SYN-01,1,1
16971,IT_ACT_SYN,SYN-02,1,1
16972,IPC_SYN,SYN-01,1,1
16973,IPC_SYN,SYN-01,1,1
16974,IT_ACT_SYN,SYN-02,1,1
16975,IT_ACT_SYN,SYN-02,1,1
16976,IPC_SYN,SYN-01,1,1
16977,IT_ACT_SYN,SYN-02,1,1
16978,SPECIAL_LAW_SYN,SYN-03,1,1
16979,IPC_SYN,SYN-01,1,1
16980,SPECIAL_LAW_SYN,SYN-03,1,1
16981,IPC_SYN,SYN-01,1,1
16982,IPC_SYN,SYN-01,1,1
16983,IPC_SYN,SYN-01,1,1
16984,IPC_SYN,SYN-01,1,1
16985,IT_ACT_SYN,SYN-02,1,1
16986,IPC_SYN,SYN-01,1,1
16987,IPC_SYN,SYN-01,1,1
16988,IPC_SYN,SYN-01,1,1
16989,SPECIAL_LAW_SYN,SYN-03,1,1
16990,IPC_SYN,SYN-01,1,1
16991,IPC_SYN,SYN-01,1,1
16992,IPC_SYN,SYN-01,1,1
16993,SPECIAL_LAW_SYN,SYN-03,1,1
16994,SPECIAL_LAW_SYN,SYN-03,1,1
16995,IPC_SYN,SYN-01,1,1
16996,IPC_SYN,SYN-01,1,1
16997,SPECIAL_LAW_SYN,SYN-03,1,1
16998,IPC_SYN,SYN-01,1,1
16999,IPC_SYN,SYN-01,1,1
17000,SPECIAL_LAW_SYN,SYN-03,1,1
17001,SPECIAL_LAW_SYN,SYN-03,1,1
17002,IPC_SYN,SYN-01,1,1
17003,IPC_SYN,SYN-01,1,1
17004,SPECIAL_LAW_SYN,SYN-03,1,1
17005,SPECIAL_LAW_SYN,SYN-03,1,1
17006,IT_ACT_SYN,SYN-02,1,1
17007,IPC_SYN,SYN-01,1,1
17008,SPECIAL_LAW_SYN,SYN-03,1,1
17009,IPC_SYN,SYN-01,1,1
17010,IPC_SYN,SYN-01,1,1
17011,IPC_SYN,SYN-01,1,1
17012,IPC_SYN,SYN-01,1,1
17013,IPC_SYN,SYN-01,1,1
17014,IPC_SYN,SYN-01,1,1
17015,IPC_SYN,SYN-01,1,1
17016,SPECIAL_LAW_SYN,SYN-03,1,1
17017,IPC_SYN,SYN-01,1,1
17018,IPC_SYN,SYN-01,1,1
17019,IPC_SYN,SYN-01,1,1
17020,SPECIAL_LAW_SYN,SYN-03,1,1
17021,IPC_SYN,SYN-01,1,1
17022,IPC_SYN,SYN-01,1,1
17023,SPECIAL_LAW_SYN,SYN-03,1,1
17024,IPC_SYN,SYN-01,1,1
17025,IT_ACT_SYN,SYN-02,1,1
17026,SPECIAL_LAW_SYN,SYN-03,1,1
17027,IPC_SYN,SYN-01,1,1
17028,IPC_SYN,SYN-01,1,1
17029,IPC_SYN,SYN-01,1,1
17030,IPC_SYN,SYN-01,1,1
17031,IPC_SYN,SYN-01,1,1
17032,SPECIAL_LAW_SYN,SYN-03,1,1
17033,IT_ACT_SYN,SYN-02,1,1
17034,SPECIAL_LAW_SYN,SYN-03,1,1
17035,IPC_SYN,SYN-01,1,1
17036,SPECIAL_LAW_SYN,SYN-03,1,1
17037,IPC_SYN,SYN-01,1,1
17038,IPC_SYN,SYN-01,1,1
17039,IPC_SYN,SYN-01,1,1
17040,IPC_SYN,SYN-01,1,1
17041,IPC_SYN,SYN-01,1,1
17042,IPC_SYN,SYN-01,1,1
17043,IT_ACT_SYN,SYN-02,1,1
17044,SPECIAL_LAW_SYN,SYN-03,1,1
17045,SPECIAL_LAW_SYN,SYN-03,1,1
17046,IPC_SYN,SYN-01,1,1
17047,IT_ACT_SYN,SYN-02,1,1
17048,IPC_SYN,SYN-01,1,1
17049,SPECIAL_LAW_SYN,SYN-03,1,1
17050,IPC_SYN,SYN-01,1,1
17051,IPC_SYN,SYN-01,1,1
17052,IPC_SYN,SYN-01,1,1
17053,IPC_SYN,SYN-01,1,1
17054,IPC_SYN,SYN-01,1,1
17055,IPC_SYN,SYN-01,1,1
17056,IPC_SYN,SYN-01,1,1
17057,SPECIAL_LAW_SYN,SYN-03,1,1
17058,SPECIAL_LAW_SYN,SYN-03,1,1
17059,IT_ACT_SYN,SYN-02,1,1
17060,IPC_SYN,SYN-01,1,1
17061,IPC_SYN,SYN-01,1,1
17062,IPC_SYN,SYN-01,1,1
17063,IPC_SYN,SYN-01,1,1
17064,IPC_SYN,SYN-01,1,1
17065,SPECIAL_LAW_SYN,SYN-03,1,1
17066,IPC_SYN,SYN-01,1,1
17067,SPECIAL_LAW_SYN,SYN-03,1,1
17068,IPC_SYN,SYN-01,1,1
17069,IPC_SYN,SYN-01,1,1
17070,IPC_SYN,SYN-01,1,1
17071,SPECIAL_LAW_SYN,SYN-03,1,1
17072,IPC_SYN,SYN-01,1,1
17073,IPC_SYN,SYN-01,1,1
17074,IPC_SYN,SYN-01,1,1
17075,IPC_SYN,SYN-01,1,1
17076,IT_ACT_SYN,SYN-02,1,1
17077,SPECIAL_LAW_SYN,SYN-03,1,1
17078,IPC_SYN,SYN-01,1,1
17079,IPC_SYN,SYN-01,1,1
17080,SPECIAL_LAW_SYN,SYN-03,1,1
17081,SPECIAL_LAW_SYN,SYN-03,1,1
17082,SPECIAL_LAW_SYN,SYN-03,1,1
17083,IPC_SYN,SYN-01,1,1
17084,IPC_SYN,SYN-01,1,1
17085,IPC_SYN,SYN-01,1,1
17086,IPC_SYN,SYN-01,1,1
17087,IPC_SYN,SYN-01,1,1
17088,IPC_SYN,SYN-01,1,1
17089,IT_ACT_SYN,SYN-02,1,1
17090,IPC_SYN,SYN-01,1,1
17091,IPC_SYN,SYN-01,1,1
17092,IT_ACT_SYN,SYN-02,1,1
17093,IPC_SYN,SYN-01,1,1
17094,SPECIAL_LAW_SYN,SYN-03,1,1
17095,SPECIAL_LAW_SYN,SYN-03,1,1
17096,IPC_SYN,SYN-01,1,1
17097,IT_ACT_SYN,SYN-02,1,1
17098,SPECIAL_LAW_SYN,SYN-03,1,1
17099,IPC_SYN,SYN-01,1,1
17100,IPC_SYN,SYN-01,1,1
17101,SPECIAL_LAW_SYN,SYN-03,1,1
17102,IPC_SYN,SYN-01,1,1
17103,SPECIAL_LAW_SYN,SYN-03,1,1
17104,IPC_SYN,SYN-01,1,1
17105,IPC_SYN,SYN-01,1,1
17106,SPECIAL_LAW_SYN,SYN-03,1,1
17107,IPC_SYN,SYN-01,1,1
17108,SPECIAL_LAW_SYN,SYN-03,1,1
17109,IPC_SYN,SYN-01,1,1
17110,IPC_SYN,SYN-01,1,1
17111,IPC_SYN,SYN-01,1,1
17112,IPC_SYN,SYN-01,1,1
17113,IPC_SYN,SYN-01,1,1
17114,IPC_SYN,SYN-01,1,1
17115,IPC_SYN,SYN-01,1,1
17116,IPC_SYN,SYN-01,1,1
17117,SPECIAL_LAW_SYN,SYN-03,1,1
17118,IPC_SYN,SYN-01,1,1
17119,SPECIAL_LAW_SYN,SYN-03,1,1
17120,IPC_SYN,SYN-01,1,1
17121,SPECIAL_LAW_SYN,SYN-03,1,1
17122,IPC_SYN,SYN-01,1,1
17123,IPC_SYN,SYN-01,1,1
17124,IPC_SYN,SYN-01,1,1
17125,IT_ACT_SYN,SYN-02,1,1
17126,IPC_SYN,SYN-01,1,1
17127,IPC_SYN,SYN-01,1,1
17128,SPECIAL_LAW_SYN,SYN-03,1,1
17129,SPECIAL_LAW_SYN,SYN-03,1,1
17130,SPECIAL_LAW_SYN,SYN-03,1,1
17131,SPECIAL_LAW_SYN,SYN-03,1,1
17132,IPC_SYN,SYN-01,1,1
17133,IPC_SYN,SYN-01,1,1
17134,IPC_SYN,SYN-01,1,1
17135,IPC_SYN,SYN-01,1,1
17136,IPC_SYN,SYN-01,1,1
17137,IPC_SYN,SYN-01,1,1
17138,SPECIAL_LAW_SYN,SYN-03,1,1
17139,IPC_SYN,SYN-01,1,1
17140,IPC_SYN,SYN-01,1,1
17141,IPC_SYN,SYN-01,1,1
17142,IPC_SYN,SYN-01,1,1
17143,IPC_SYN,SYN-01,1,1
17144,IT_ACT_SYN,SYN-02,1,1
17145,IPC_SYN,SYN-01,1,1
17146,SPECIAL_LAW_SYN,SYN-03,1,1
17147,IPC_SYN,SYN-01,1,1
17148,IPC_SYN,SYN-01,1,1
17149,IT_ACT_SYN,SYN-02,1,1
17150,SPECIAL_LAW_SYN,SYN-03,1,1
17151,SPECIAL_LAW_SYN,SYN-03,1,1
17152,SPECIAL_LAW_SYN,SYN-03,1,1
17153,IPC_SYN,SYN-01,1,1
17154,IPC_SYN,SYN-01,1,1
17155,IPC_SYN,SYN-01,1,1
17156,IPC_SYN,SYN-01,1,1
17157,SPECIAL_LAW_SYN,SYN-03,1,1
17158,IPC_SYN,SYN-01,1,1
17159,SPECIAL_LAW_SYN,SYN-03,1,1
17160,IPC_SYN,SYN-01,1,1
17161,IT_ACT_SYN,SYN-02,1,1
17162,SPECIAL_LAW_SYN,SYN-03,1,1
17163,SPECIAL_LAW_SYN,SYN-03,1,1
17164,SPECIAL_LAW_SYN,SYN-03,1,1
17165,IPC_SYN,SYN-01,1,1
17166,IPC_SYN,SYN-01,1,1
17167,IPC_SYN,SYN-01,1,1
17168,SPECIAL_LAW_SYN,SYN-03,1,1
17169,SPECIAL_LAW_SYN,SYN-03,1,1
17170,SPECIAL_LAW_SYN,SYN-03,1,1
17171,SPECIAL_LAW_SYN,SYN-03,1,1
17172,IPC_SYN,SYN-01,1,1
17173,SPECIAL_LAW_SYN,SYN-03,1,1
17174,IPC_SYN,SYN-01,1,1
17175,IPC_SYN,SYN-01,1,1
17176,IPC_SYN,SYN-01,1,1
17177,IPC_SYN,SYN-01,1,1
17178,IPC_SYN,SYN-01,1,1
17179,IPC_SYN,SYN-01,1,1
17180,IPC_SYN,SYN-01,1,1
17181,IPC_SYN,SYN-01,1,1
17182,IPC_SYN,SYN-01,1,1
17183,IT_ACT_SYN,SYN-02,1,1
17184,IPC_SYN,SYN-01,1,1
17185,IT_ACT_SYN,SYN-02,1,1
17186,SPECIAL_LAW_SYN,SYN-03,1,1
17187,IPC_SYN,SYN-01,1,1
17188,IPC_SYN,SYN-01,1,1
17189,SPECIAL_LAW_SYN,SYN-03,1,1
17190,IPC_SYN,SYN-01,1,1
17191,IPC_SYN,SYN-01,1,1
17192,SPECIAL_LAW_SYN,SYN-03,1,1
17193,IPC_SYN,SYN-01,1,1
17194,IPC_SYN,SYN-01,1,1
17195,IPC_SYN,SYN-01,1,1
17196,SPECIAL_LAW_SYN,SYN-03,1,1
17197,IPC_SYN,SYN-01,1,1
17198,IPC_SYN,SYN-01,1,1
17199,IT_ACT_SYN,SYN-02,1,1
17200,IPC_SYN,SYN-01,1,1
17201,IPC_SYN,SYN-01,1,1
17202,IPC_SYN,SYN-01,1,1
17203,IPC_SYN,SYN-01,1,1
17204,IPC_SYN,SYN-01,1,1
17205,SPECIAL_LAW_SYN,SYN-03,1,1
17206,IPC_SYN,SYN-01,1,1
17207,IPC_SYN,SYN-01,1,1
17208,IPC_SYN,SYN-01,1,1
17209,IPC_SYN,SYN-01,1,1
17210,SPECIAL_LAW_SYN,SYN-03,1,1
17211,IPC_SYN,SYN-01,1,1
17212,IPC_SYN,SYN-01,1,1
17213,SPECIAL_LAW_SYN,SYN-03,1,1
17214,SPECIAL_LAW_SYN,SYN-03,1,1
17215,SPECIAL_LAW_SYN,SYN-03,1,1
17216,SPECIAL_LAW_SYN,SYN-03,1,1
17217,IPC_SYN,SYN-01,1,1
17218,IPC_SYN,SYN-01,1,1
17219,SPECIAL_LAW_SYN,SYN-03,1,1
17220,SPECIAL_LAW_SYN,SYN-03,1,1
17221,IPC_SYN,SYN-01,1,1
17222,IPC_SYN,SYN-01,1,1
17223,IPC_SYN,SYN-01,1,1
17224,IPC_SYN,SYN-01,1,1
17225,SPECIAL_LAW_SYN,SYN-03,1,1
17226,IPC_SYN,SYN-01,1,1
17227,IPC_SYN,SYN-01,1,1
17228,SPECIAL_LAW_SYN,SYN-03,1,1
17229,IT_ACT_SYN,SYN-02,1,1
17230,IPC_SYN,SYN-01,1,1
17231,SPECIAL_LAW_SYN,SYN-03,1,1
17232,IPC_SYN,SYN-01,1,1
17233,SPECIAL_LAW_SYN,SYN-03,1,1
17234,IPC_SYN,SYN-01,1,1
17235,SPECIAL_LAW_SYN,SYN-03,1,1
17236,SPECIAL_LAW_SYN,SYN-03,1,1
17237,IPC_SYN,SYN-01,1,1
17238,IPC_SYN,SYN-01,1,1
17239,IPC_SYN,SYN-01,1,1
17240,IPC_SYN,SYN-01,1,1
17241,IPC_SYN,SYN-01,1,1
17242,IPC_SYN,SYN-01,1,1
17243,IPC_SYN,SYN-01,1,1
17244,IPC_SYN,SYN-01,1,1
17245,IPC_SYN,SYN-01,1,1
17246,SPECIAL_LAW_SYN,SYN-03,1,1
17247,IPC_SYN,SYN-01,1,1
17248,IPC_SYN,SYN-01,1,1
17249,IPC_SYN,SYN-01,1,1
17250,SPECIAL_LAW_SYN,SYN-03,1,1
17251,IT_ACT_SYN,SYN-02,1,1
17252,IPC_SYN,SYN-01,1,1
17253,IPC_SYN,SYN-01,1,1
17254,SPECIAL_LAW_SYN,SYN-03,1,1
17255,IPC_SYN,SYN-01,1,1
17256,IPC_SYN,SYN-01,1,1
17257,IPC_SYN,SYN-01,1,1
17258,IPC_SYN,SYN-01,1,1
17259,IPC_SYN,SYN-01,1,1
17260,IPC_SYN,SYN-01,1,1
17261,IPC_SYN,SYN-01,1,1
17262,IPC_SYN,SYN-01,1,1
17263,IPC_SYN,SYN-01,1,1
17264,IPC_SYN,SYN-01,1,1
17265,SPECIAL_LAW_SYN,SYN-03,1,1
17266,IPC_SYN,SYN-01,1,1
17267,IPC_SYN,SYN-01,1,1
17268,IPC_SYN,SYN-01,1,1
17269,IPC_SYN,SYN-01,1,1
17270,IPC_SYN,SYN-01,1,1
17271,IT_ACT_SYN,SYN-02,1,1
17272,SPECIAL_LAW_SYN,SYN-03,1,1
17273,SPECIAL_LAW_SYN,SYN-03,1,1
17274,SPECIAL_LAW_SYN,SYN-03,1,1
17275,IT_ACT_SYN,SYN-02,1,1
17276,IPC_SYN,SYN-01,1,1
17277,IPC_SYN,SYN-01,1,1
17278,IPC_SYN,SYN-01,1,1
17279,IPC_SYN,SYN-01,1,1
17280,IT_ACT_SYN,SYN-02,1,1
17281,IPC_SYN,SYN-01,1,1
17282,IPC_SYN,SYN-01,1,1
17283,IPC_SYN,SYN-01,1,1
17284,IT_ACT_SYN,SYN-02,1,1
17285,IPC_SYN,SYN-01,1,1
17286,SPECIAL_LAW_SYN,SYN-03,1,1
17287,SPECIAL_LAW_SYN,SYN-03,1,1
17288,IPC_SYN,SYN-01,1,1
17289,IPC_SYN,SYN-01,1,1
17290,IPC_SYN,SYN-01,1,1
17291,IPC_SYN,SYN-01,1,1
17292,IPC_SYN,SYN-01,1,1
17293,IPC_SYN,SYN-01,1,1
17294,SPECIAL_LAW_SYN,SYN-03,1,1
17295,IPC_SYN,SYN-01,1,1
17296,IPC_SYN,SYN-01,1,1
17297,IPC_SYN,SYN-01,1,1
17298,SPECIAL_LAW_SYN,SYN-03,1,1
17299,IPC_SYN,SYN-01,1,1
17300,IPC_SYN,SYN-01,1,1
17301,IPC_SYN,SYN-01,1,1
17302,IPC_SYN,SYN-01,1,1
17303,IPC_SYN,SYN-01,1,1
17304,SPECIAL_LAW_SYN,SYN-03,1,1
17305,IPC_SYN,SYN-01,1,1
17306,IPC_SYN,SYN-01,1,1
17307,IPC_SYN,SYN-01,1,1
17308,SPECIAL_LAW_SYN,SYN-03,1,1
17309,IPC_SYN,SYN-01,1,1
17310,IPC_SYN,SYN-01,1,1
17311,IPC_SYN,SYN-01,1,1
17312,IPC_SYN,SYN-01,1,1
17313,IT_ACT_SYN,SYN-02,1,1
17314,IPC_SYN,SYN-01,1,1
17315,SPECIAL_LAW_SYN,SYN-03,1,1
17316,IPC_SYN,SYN-01,1,1
17317,SPECIAL_LAW_SYN,SYN-03,1,1
17318,SPECIAL_LAW_SYN,SYN-03,1,1
17319,IPC_SYN,SYN-01,1,1
17320,IT_ACT_SYN,SYN-02,1,1
17321,IPC_SYN,SYN-01,1,1
17322,IPC_SYN,SYN-01,1,1
17323,SPECIAL_LAW_SYN,SYN-03,1,1
17324,SPECIAL_LAW_SYN,SYN-03,1,1
17325,SPECIAL_LAW_SYN,SYN-03,1,1
17326,SPECIAL_LAW_SYN,SYN-03,1,1
17327,IPC_SYN,SYN-01,1,1
17328,IPC_SYN,SYN-01,1,1
17329,IPC_SYN,SYN-01,1,1
17330,IPC_SYN,SYN-01,1,1
17331,IPC_SYN,SYN-01,1,1
17332,IPC_SYN,SYN-01,1,1
17333,IPC_SYN,SYN-01,1,1
17334,IPC_SYN,SYN-01,1,1
17335,IPC_SYN,SYN-01,1,1
17336,IPC_SYN,SYN-01,1,1
17337,IPC_SYN,SYN-01,1,1
17338,IT_ACT_SYN,SYN-02,1,1
17339,SPECIAL_LAW_SYN,SYN-03,1,1
17340,SPECIAL_LAW_SYN,SYN-03,1,1
17341,IT_ACT_SYN,SYN-02,1,1
17342,SPECIAL_LAW_SYN,SYN-03,1,1
17343,SPECIAL_LAW_SYN,SYN-03,1,1
17344,IPC_SYN,SYN-01,1,1
17345,IPC_SYN,SYN-01,1,1
17346,IPC_SYN,SYN-01,1,1
17347,IPC_SYN,SYN-01,1,1
17348,SPECIAL_LAW_SYN,SYN-03,1,1
17349,IT_ACT_SYN,SYN-02,1,1
17350,IT_ACT_SYN,SYN-02,1,1
17351,IT_ACT_SYN,SYN-02,1,1
17352,IPC_SYN,SYN-01,1,1
17353,IPC_SYN,SYN-01,1,1
17354,IPC_SYN,SYN-01,1,1
17355,IPC_SYN,SYN-01,1,1
17356,IPC_SYN,SYN-01,1,1
17357,IPC_SYN,SYN-01,1,1
17358,IPC_SYN,SYN-01,1,1
17359,IPC_SYN,SYN-01,1,1
17360,IPC_SYN,SYN-01,1,1
17361,IPC_SYN,SYN-01,1,1
17362,IPC_SYN,SYN-01,1,1
17363,IPC_SYN,SYN-01,1,1
17364,IPC_SYN,SYN-01,1,1
17365,IPC_SYN,SYN-01,1,1
17366,IPC_SYN,SYN-01,1,1
17367,IPC_SYN,SYN-01,1,1
17368,IT_ACT_SYN,SYN-02,1,1
17369,SPECIAL_LAW_SYN,SYN-03,1,1
17370,IPC_SYN,SYN-01,1,1
17371,IPC_SYN,SYN-01,1,1
17372,SPECIAL_LAW_SYN,SYN-03,1,1
17373,IPC_SYN,SYN-01,1,1
17374,SPECIAL_LAW_SYN,SYN-03,1,1
17375,SPECIAL_LAW_SYN,SYN-03,1,1
17376,IPC_SYN,SYN-01,1,1
17377,SPECIAL_LAW_SYN,SYN-03,1,1
17378,IT_ACT_SYN,SYN-02,1,1
17379,SPECIAL_LAW_SYN,SYN-03,1,1
17380,IPC_SYN,SYN-01,1,1
17381,SPECIAL_LAW_SYN,SYN-03,1,1
17382,IPC_SYN,SYN-01,1,1
17383,IPC_SYN,SYN-01,1,1
17384,SPECIAL_LAW_SYN,SYN-03,1,1
17385,SPECIAL_LAW_SYN,SYN-03,1,1
17386,IPC_SYN,SYN-01,1,1
17387,IPC_SYN,SYN-01,1,1
17388,IPC_SYN,SYN-01,1,1
17389,SPECIAL_LAW_SYN,SYN-03,1,1
17390,IT_ACT_SYN,SYN-02,1,1
17391,IPC_SYN,SYN-01,1,1
17392,IPC_SYN,SYN-01,1,1
17393,IPC_SYN,SYN-01,1,1
17394,SPECIAL_LAW_SYN,SYN-03,1,1
17395,IPC_SYN,SYN-01,1,1
17396,IPC_SYN,SYN-01,1,1
17397,IPC_SYN,SYN-01,1,1
17398,IPC_SYN,SYN-01,1,1
17399,IPC_SYN,SYN-01,1,1
17400,IPC_SYN,SYN-01,1,1
17401,IPC_SYN,SYN-01,1,1
17402,IT_ACT_SYN,SYN-02,1,1
17403,IT_ACT_SYN,SYN-02,1,1
17404,IT_ACT_SYN,SYN-02,1,1
17405,IPC_SYN,SYN-01,1,1
17406,IPC_SYN,SYN-01,1,1
17407,IPC_SYN,SYN-01,1,1
17408,IPC_SYN,SYN-01,1,1
17409,IPC_SYN,SYN-01,1,1
17410,SPECIAL_LAW_SYN,SYN-03,1,1
17411,IPC_SYN,SYN-01,1,1
17412,IT_ACT_SYN,SYN-02,1,1
17413,IPC_SYN,SYN-01,1,1
17414,SPECIAL_LAW_SYN,SYN-03,1,1
17415,IPC_SYN,SYN-01,1,1
17416,IPC_SYN,SYN-01,1,1
17417,IPC_SYN,SYN-01,1,1
17418,SPECIAL_LAW_SYN,SYN-03,1,1
17419,SPECIAL_LAW_SYN,SYN-03,1,1
17420,SPECIAL_LAW_SYN,SYN-03,1,1
17421,SPECIAL_LAW_SYN,SYN-03,1,1
17422,IPC_SYN,SYN-01,1,1
17423,SPECIAL_LAW_SYN,SYN-03,1,1
17424,IT_ACT_SYN,SYN-02,1,1
17425,IPC_SYN,SYN-01,1,1
17426,IT_ACT_SYN,SYN-02,1,1
17427,IPC_SYN,SYN-01,1,1
17428,IPC_SYN,SYN-01,1,1
17429,SPECIAL_LAW_SYN,SYN-03,1,1
17430,IPC_SYN,SYN-01,1,1
17431,SPECIAL_LAW_SYN,SYN-03,1,1
17432,IPC_SYN,SYN-01,1,1
17433,IPC_SYN,SYN-01,1,1
17434,IPC_SYN,SYN-01,1,1
17435,IPC_SYN,SYN-01,1,1
17436,SPECIAL_LAW_SYN,SYN-03,1,1
17437,IPC_SYN,SYN-01,1,1
17438,IPC_SYN,SYN-01,1,1
17439,IT_ACT_SYN,SYN-02,1,1
17440,IT_ACT_SYN,SYN-02,1,1
17441,IPC_SYN,SYN-01,1,1
17442,SPECIAL_LAW_SYN,SYN-03,1,1
17443,IT_ACT_SYN,SYN-02,1,1
17444,SPECIAL_LAW_SYN,SYN-03,1,1
17445,SPECIAL_LAW_SYN,SYN-03,1,1
17446,IT_ACT_SYN,SYN-02,1,1
17447,SPECIAL_LAW_SYN,SYN-03,1,1
17448,IT_ACT_SYN,SYN-02,1,1
17449,IPC_SYN,SYN-01,1,1
17450,IPC_SYN,SYN-01,1,1
17451,IPC_SYN,SYN-01,1,1
17452,SPECIAL_LAW_SYN,SYN-03,1,1
17453,SPECIAL_LAW_SYN,SYN-03,1,1
17454,IT_ACT_SYN,SYN-02,1,1
17455,IPC_SYN,SYN-01,1,1
17456,SPECIAL_LAW_SYN,SYN-03,1,1
17457,IPC_SYN,SYN-01,1,1
17458,IPC_SYN,SYN-01,1,1
17459,IPC_SYN,SYN-01,1,1
17460,SPECIAL_LAW_SYN,SYN-03,1,1
17461,IPC_SYN,SYN-01,1,1
17462,IPC_SYN,SYN-01,1,1
17463,IPC_SYN,SYN-01,1,1
17464,SPECIAL_LAW_SYN,SYN-03,1,1
17465,IT_ACT_SYN,SYN-02,1,1
17466,SPECIAL_LAW_SYN,SYN-03,1,1
17467,SPECIAL_LAW_SYN,SYN-03,1,1
17468,SPECIAL_LAW_SYN,SYN-03,1,1
17469,SPECIAL_LAW_SYN,SYN-03,1,1
17470,IPC_SYN,SYN-01,1,1
17471,SPECIAL_LAW_SYN,SYN-03,1,1
17472,IPC_SYN,SYN-01,1,1
17473,SPECIAL_LAW_SYN,SYN-03,1,1
17474,IPC_SYN,SYN-01,1,1
17475,IPC_SYN,SYN-01,1,1
17476,IPC_SYN,SYN-01,1,1
17477,SPECIAL_LAW_SYN,SYN-03,1,1
17478,IPC_SYN,SYN-01,1,1
17479,IPC_SYN,SYN-01,1,1
17480,IPC_SYN,SYN-01,1,1
17481,IPC_SYN,SYN-01,1,1
17482,IT_ACT_SYN,SYN-02,1,1
17483,IPC_SYN,SYN-01,1,1
17484,IPC_SYN,SYN-01,1,1
17485,IPC_SYN,SYN-01,1,1
17486,IPC_SYN,SYN-01,1,1
17487,IPC_SYN,SYN-01,1,1
17488,IPC_SYN,SYN-01,1,1
17489,IPC_SYN,SYN-01,1,1
17490,IPC_SYN,SYN-01,1,1
17491,IPC_SYN,SYN-01,1,1
17492,SPECIAL_LAW_SYN,SYN-03,1,1
17493,IPC_SYN,SYN-01,1,1
17494,SPECIAL_LAW_SYN,SYN-03,1,1
17495,IPC_SYN,SYN-01,1,1
17496,IPC_SYN,SYN-01,1,1
17497,SPECIAL_LAW_SYN,SYN-03,1,1
17498,IPC_SYN,SYN-01,1,1
17499,IT_ACT_SYN,SYN-02,1,1
17500,SPECIAL_LAW_SYN,SYN-03,1,1
17501,IPC_SYN,SYN-01,1,1
17502,IPC_SYN,SYN-01,1,1
17503,IPC_SYN,SYN-01,1,1
17504,IPC_SYN,SYN-01,1,1
17505,IPC_SYN,SYN-01,1,1
17506,IPC_SYN,SYN-01,1,1
17507,IPC_SYN,SYN-01,1,1
17508,SPECIAL_LAW_SYN,SYN-03,1,1
17509,IPC_SYN,SYN-01,1,1
17510,IPC_SYN,SYN-01,1,1
17511,SPECIAL_LAW_SYN,SYN-03,1,1
17512,IPC_SYN,SYN-01,1,1
17513,IPC_SYN,SYN-01,1,1
17514,SPECIAL_LAW_SYN,SYN-03,1,1
17515,IPC_SYN,SYN-01,1,1
17516,SPECIAL_LAW_SYN,SYN-03,1,1
17517,IPC_SYN,SYN-01,1,1
17518,IPC_SYN,SYN-01,1,1
17519,SPECIAL_LAW_SYN,SYN-03,1,1
17520,IPC_SYN,SYN-01,1,1
17521,IPC_SYN,SYN-01,1,1
17522,IT_ACT_SYN,SYN-02,1,1
17523,IPC_SYN,SYN-01,1,1
17524,IPC_SYN,SYN-01,1,1
17525,IPC_SYN,SYN-01,1,1
17526,SPECIAL_LAW_SYN,SYN-03,1,1
17527,SPECIAL_LAW_SYN,SYN-03,1,1
17528,SPECIAL_LAW_SYN,SYN-03,1,1
17529,IPC_SYN,SYN-01,1,1
17530,IPC_SYN,SYN-01,1,1
17531,IPC_SYN,SYN-01,1,1
17532,IPC_SYN,SYN-01,1,1
17533,IPC_SYN,SYN-01,1,1
17534,IPC_SYN,SYN-01,1,1
17535,IT_ACT_SYN,SYN-02,1,1
17536,IPC_SYN,SYN-01,1,1
17537,IPC_SYN,SYN-01,1,1
17538,IPC_SYN,SYN-01,1,1
17539,SPECIAL_LAW_SYN,SYN-03,1,1
17540,IPC_SYN,SYN-01,1,1
17541,IPC_SYN,SYN-01,1,1
17542,IPC_SYN,SYN-01,1,1
17543,SPECIAL_LAW_SYN,SYN-03,1,1
17544,SPECIAL_LAW_SYN,SYN-03,1,1
17545,IPC_SYN,SYN-01,1,1
17546,SPECIAL_LAW_SYN,SYN-03,1,1
17547,IPC_SYN,SYN-01,1,1
17548,IT_ACT_SYN,SYN-02,1,1
17549,IPC_SYN,SYN-01,1,1
17550,SPECIAL_LAW_SYN,SYN-03,1,1
17551,SPECIAL_LAW_SYN,SYN-03,1,1
17552,SPECIAL_LAW_SYN,SYN-03,1,1
17553,SPECIAL_LAW_SYN,SYN-03,1,1
17554,SPECIAL_LAW_SYN,SYN-03,1,1
17555,IPC_SYN,SYN-01,1,1
17556,IPC_SYN,SYN-01,1,1
17557,SPECIAL_LAW_SYN,SYN-03,1,1
17558,IPC_SYN,SYN-01,1,1
17559,IPC_SYN,SYN-01,1,1
17560,IPC_SYN,SYN-01,1,1
17561,IPC_SYN,SYN-01,1,1
17562,SPECIAL_LAW_SYN,SYN-03,1,1
17563,SPECIAL_LAW_SYN,SYN-03,1,1
17564,SPECIAL_LAW_SYN,SYN-03,1,1
17565,IPC_SYN,SYN-01,1,1
17566,IT_ACT_SYN,SYN-02,1,1
17567,SPECIAL_LAW_SYN,SYN-03,1,1
17568,IPC_SYN,SYN-01,1,1
17569,SPECIAL_LAW_SYN,SYN-03,1,1
17570,SPECIAL_LAW_SYN,SYN-03,1,1
17571,IT_ACT_SYN,SYN-02,1,1
17572,SPECIAL_LAW_SYN,SYN-03,1,1
17573,IPC_SYN,SYN-01,1,1
17574,IT_ACT_SYN,SYN-02,1,1
17575,IT_ACT_SYN,SYN-02,1,1
17576,IPC_SYN,SYN-01,1,1
17577,IPC_SYN,SYN-01,1,1
17578,SPECIAL_LAW_SYN,SYN-03,1,1
17579,IPC_SYN,SYN-01,1,1
17580,SPECIAL_LAW_SYN,SYN-03,1,1
17581,IT_ACT_SYN,SYN-02,1,1
17582,IPC_SYN,SYN-01,1,1
17583,IPC_SYN,SYN-01,1,1
17584,IPC_SYN,SYN-01,1,1
17585,IPC_SYN,SYN-01,1,1
17586,SPECIAL_LAW_SYN,SYN-03,1,1
17587,IPC_SYN,SYN-01,1,1
17588,IPC_SYN,SYN-01,1,1
17589,IPC_SYN,SYN-01,1,1
17590,SPECIAL_LAW_SYN,SYN-03,1,1
17591,IT_ACT_SYN,SYN-02,1,1
17592,IT_ACT_SYN,SYN-02,1,1
17593,IPC_SYN,SYN-01,1,1
17594,SPECIAL_LAW_SYN,SYN-03,1,1
17595,IPC_SYN,SYN-01,1,1
17596,IPC_SYN,SYN-01,1,1
17597,IPC_SYN,SYN-01,1,1
17598,IT_ACT_SYN,SYN-02,1,1
17599,IPC_SYN,SYN-01,1,1
17600,SPECIAL_LAW_SYN,SYN-03,1,1
17601,IPC_SYN,SYN-01,1,1
17602,SPECIAL_LAW_SYN,SYN-03,1,1
17603,SPECIAL_LAW_SYN,SYN-03,1,1
17604,IPC_SYN,SYN-01,1,1
17605,IPC_SYN,SYN-01,1,1
17606,IPC_SYN,SYN-01,1,1
17607,IPC_SYN,SYN-01,1,1
17608,SPECIAL_LAW_SYN,SYN-03,1,1
17609,IPC_SYN,SYN-01,1,1
17610,SPECIAL_LAW_SYN,SYN-03,1,1
17611,IT_ACT_SYN,SYN-02,1,1
17612,SPECIAL_LAW_SYN,SYN-03,1,1
17613,IPC_SYN,SYN-01,1,1
17614,IPC_SYN,SYN-01,1,1
17615,IPC_SYN,SYN-01,1,1
17616,IPC_SYN,SYN-01,1,1
17617,SPECIAL_LAW_SYN,SYN-03,1,1
17618,SPECIAL_LAW_SYN,SYN-03,1,1
17619,IT_ACT_SYN,SYN-02,1,1
17620,IPC_SYN,SYN-01,1,1
17621,IPC_SYN,SYN-01,1,1
17622,SPECIAL_LAW_SYN,SYN-03,1,1
17623,IPC_SYN,SYN-01,1,1
17624,IT_ACT_SYN,SYN-02,1,1
17625,IPC_SYN,SYN-01,1,1
17626,IPC_SYN,SYN-01,1,1
17627,IPC_SYN,SYN-01,1,1
17628,SPECIAL_LAW_SYN,SYN-03,1,1
17629,SPECIAL_LAW_SYN,SYN-03,1,1
17630,SPECIAL_LAW_SYN,SYN-03,1,1
17631,IPC_SYN,SYN-01,1,1
17632,SPECIAL_LAW_SYN,SYN-03,1,1
17633,IPC_SYN,SYN-01,1,1
17634,IT_ACT_SYN,SYN-02,1,1
17635,SPECIAL_LAW_SYN,SYN-03,1,1
17636,IPC_SYN,SYN-01,1,1
17637,SPECIAL_LAW_SYN,SYN-03,1,1
17638,IT_ACT_SYN,SYN-02,1,1
17639,SPECIAL_LAW_SYN,SYN-03,1,1
17640,SPECIAL_LAW_SYN,SYN-03,1,1
17641,IPC_SYN,SYN-01,1,1
17642,IPC_SYN,SYN-01,1,1
17643,SPECIAL_LAW_SYN,SYN-03,1,1
17644,IPC_SYN,SYN-01,1,1
17645,SPECIAL_LAW_SYN,SYN-03,1,1
17646,IT_ACT_SYN,SYN-02,1,1
17647,IPC_SYN,SYN-01,1,1
17648,IPC_SYN,SYN-01,1,1
17649,SPECIAL_LAW_SYN,SYN-03,1,1
17650,IPC_SYN,SYN-01,1,1
17651,IPC_SYN,SYN-01,1,1
17652,SPECIAL_LAW_SYN,SYN-03,1,1
17653,IPC_SYN,SYN-01,1,1
17654,IT_ACT_SYN,SYN-02,1,1
17655,IPC_SYN,SYN-01,1,1
17656,IT_ACT_SYN,SYN-02,1,1
17657,IPC_SYN,SYN-01,1,1
17658,IPC_SYN,SYN-01,1,1
17659,IPC_SYN,SYN-01,1,1
17660,IPC_SYN,SYN-01,1,1
17661,IPC_SYN,SYN-01,1,1
17662,IPC_SYN,SYN-01,1,1
17663,IPC_SYN,SYN-01,1,1
17664,IPC_SYN,SYN-01,1,1
17665,IT_ACT_SYN,SYN-02,1,1
17666,IPC_SYN,SYN-01,1,1
17667,SPECIAL_LAW_SYN,SYN-03,1,1
17668,SPECIAL_LAW_SYN,SYN-03,1,1
17669,IPC_SYN,SYN-01,1,1
17670,IT_ACT_SYN,SYN-02,1,1
17671,IPC_SYN,SYN-01,1,1
17672,SPECIAL_LAW_SYN,SYN-03,1,1
17673,IPC_SYN,SYN-01,1,1
17674,IPC_SYN,SYN-01,1,1
17675,IPC_SYN,SYN-01,1,1
17676,IPC_SYN,SYN-01,1,1
17677,SPECIAL_LAW_SYN,SYN-03,1,1
17678,IT_ACT_SYN,SYN-02,1,1
17679,IPC_SYN,SYN-01,1,1
17680,IPC_SYN,SYN-01,1,1
17681,IPC_SYN,SYN-01,1,1
17682,SPECIAL_LAW_SYN,SYN-03,1,1
17683,SPECIAL_LAW_SYN,SYN-03,1,1
17684,IPC_SYN,SYN-01,1,1
17685,IPC_SYN,SYN-01,1,1
17686,IPC_SYN,SYN-01,1,1
17687,IPC_SYN,SYN-01,1,1
17688,SPECIAL_LAW_SYN,SYN-03,1,1
17689,SPECIAL_LAW_SYN,SYN-03,1,1
17690,IPC_SYN,SYN-01,1,1
17691,IPC_SYN,SYN-01,1,1
17692,SPECIAL_LAW_SYN,SYN-03,1,1
17693,SPECIAL_LAW_SYN,SYN-03,1,1
17694,IPC_SYN,SYN-01,1,1
17695,IPC_SYN,SYN-01,1,1
17696,IPC_SYN,SYN-01,1,1
17697,IPC_SYN,SYN-01,1,1
17698,IPC_SYN,SYN-01,1,1
17699,IPC_SYN,SYN-01,1,1
17700,IPC_SYN,SYN-01,1,1
17701,IPC_SYN,SYN-01,1,1
17702,IPC_SYN,SYN-01,1,1
17703,SPECIAL_LAW_SYN,SYN-03,1,1
17704,IPC_SYN,SYN-01,1,1
17705,IPC_SYN,SYN-01,1,1
17706,IPC_SYN,SYN-01,1,1
17707,IPC_SYN,SYN-01,1,1
17708,IPC_SYN,SYN-01,1,1
17709,IT_ACT_SYN,SYN-02,1,1
17710,SPECIAL_LAW_SYN,SYN-03,1,1
17711,IPC_SYN,SYN-01,1,1
17712,IPC_SYN,SYN-01,1,1
17713,IPC_SYN,SYN-01,1,1
17714,IPC_SYN,SYN-01,1,1
17715,IPC_SYN,SYN-01,1,1
17716,SPECIAL_LAW_SYN,SYN-03,1,1
17717,IPC_SYN,SYN-01,1,1
17718,IPC_SYN,SYN-01,1,1
17719,IPC_SYN,SYN-01,1,1
17720,IT_ACT_SYN,SYN-02,1,1
17721,IPC_SYN,SYN-01,1,1
17722,SPECIAL_LAW_SYN,SYN-03,1,1
17723,IPC_SYN,SYN-01,1,1
17724,IPC_SYN,SYN-01,1,1
17725,IPC_SYN,SYN-01,1,1
17726,IPC_SYN,SYN-01,1,1
17727,IT_ACT_SYN,SYN-02,1,1
17728,IPC_SYN,SYN-01,1,1
17729,IPC_SYN,SYN-01,1,1
17730,IT_ACT_SYN,SYN-02,1,1
17731,IPC_SYN,SYN-01,1,1
17732,IPC_SYN,SYN-01,1,1
17733,IPC_SYN,SYN-01,1,1
17734,SPECIAL_LAW_SYN,SYN-03,1,1
17735,SPECIAL_LAW_SYN,SYN-03,1,1
17736,IPC_SYN,SYN-01,1,1
17737,SPECIAL_LAW_SYN,SYN-03,1,1
17738,SPECIAL_LAW_SYN,SYN-03,1,1
17739,IPC_SYN,SYN-01,1,1
17740,IT_ACT_SYN,SYN-02,1,1
17741,SPECIAL_LAW_SYN,SYN-03,1,1
17742,IT_ACT_SYN,SYN-02,1,1
17743,IPC_SYN,SYN-01,1,1
17744,SPECIAL_LAW_SYN,SYN-03,1,1
17745,SPECIAL_LAW_SYN,SYN-03,1,1
17746,IPC_SYN,SYN-01,1,1
17747,IPC_SYN,SYN-01,1,1
17748,IPC_SYN,SYN-01,1,1
17749,SPECIAL_LAW_SYN,SYN-03,1,1
17750,SPECIAL_LAW_SYN,SYN-03,1,1
17751,IT_ACT_SYN,SYN-02,1,1
17752,SPECIAL_LAW_SYN,SYN-03,1,1
17753,IT_ACT_SYN,SYN-02,1,1
17754,IPC_SYN,SYN-01,1,1
17755,SPECIAL_LAW_SYN,SYN-03,1,1
17756,IPC_SYN,SYN-01,1,1
17757,SPECIAL_LAW_SYN,SYN-03,1,1
17758,IPC_SYN,SYN-01,1,1
17759,IPC_SYN,SYN-01,1,1
17760,IPC_SYN,SYN-01,1,1
17761,IPC_SYN,SYN-01,1,1
17762,IT_ACT_SYN,SYN-02,1,1
17763,IPC_SYN,SYN-01,1,1
17764,SPECIAL_LAW_SYN,SYN-03,1,1
17765,IPC_SYN,SYN-01,1,1
17766,IPC_SYN,SYN-01,1,1
17767,IT_ACT_SYN,SYN-02,1,1
17768,SPECIAL_LAW_SYN,SYN-03,1,1
17769,IPC_SYN,SYN-01,1,1
17770,IT_ACT_SYN,SYN-02,1,1
17771,IPC_SYN,SYN-01,1,1
17772,SPECIAL_LAW_SYN,SYN-03,1,1
17773,IPC_SYN,SYN-01,1,1
17774,IPC_SYN,SYN-01,1,1
17775,IPC_SYN,SYN-01,1,1
17776,IPC_SYN,SYN-01,1,1
17777,IPC_SYN,SYN-01,1,1
17778,SPECIAL_LAW_SYN,SYN-03,1,1
17779,IPC_SYN,SYN-01,1,1
17780,IT_ACT_SYN,SYN-02,1,1
17781,IPC_SYN,SYN-01,1,1
17782,IPC_SYN,SYN-01,1,1
17783,IPC_SYN,SYN-01,1,1
17784,IPC_SYN,SYN-01,1,1
17785,IPC_SYN,SYN-01,1,1
17786,IPC_SYN,SYN-01,1,1
17787,IPC_SYN,SYN-01,1,1
17788,IPC_SYN,SYN-01,1,1
17789,IPC_SYN,SYN-01,1,1
17790,IT_ACT_SYN,SYN-02,1,1
17791,SPECIAL_LAW_SYN,SYN-03,1,1
17792,IT_ACT_SYN,SYN-02,1,1
17793,SPECIAL_LAW_SYN,SYN-03,1,1
17794,SPECIAL_LAW_SYN,SYN-03,1,1
17795,IPC_SYN,SYN-01,1,1
17796,SPECIAL_LAW_SYN,SYN-03,1,1
17797,IPC_SYN,SYN-01,1,1
17798,SPECIAL_LAW_SYN,SYN-03,1,1
17799,IPC_SYN,SYN-01,1,1
17800,IPC_SYN,SYN-01,1,1
17801,SPECIAL_LAW_SYN,SYN-03,1,1
17802,IPC_SYN,SYN-01,1,1
17803,IT_ACT_SYN,SYN-02,1,1
17804,SPECIAL_LAW_SYN,SYN-03,1,1
17805,IPC_SYN,SYN-01,1,1
17806,SPECIAL_LAW_SYN,SYN-03,1,1
17807,IT_ACT_SYN,SYN-02,1,1
17808,SPECIAL_LAW_SYN,SYN-03,1,1
17809,IPC_SYN,SYN-01,1,1
17810,IPC_SYN,SYN-01,1,1
17811,IPC_SYN,SYN-01,1,1
17812,IPC_SYN,SYN-01,1,1
17813,IPC_SYN,SYN-01,1,1
17814,IPC_SYN,SYN-01,1,1
17815,IPC_SYN,SYN-01,1,1
17816,SPECIAL_LAW_SYN,SYN-03,1,1
17817,IPC_SYN,SYN-01,1,1
17818,IT_ACT_SYN,SYN-02,1,1
17819,IPC_SYN,SYN-01,1,1
17820,IT_ACT_SYN,SYN-02,1,1
17821,IT_ACT_SYN,SYN-02,1,1
17822,IPC_SYN,SYN-01,1,1
17823,SPECIAL_LAW_SYN,SYN-03,1,1
17824,IPC_SYN,SYN-01,1,1
17825,IPC_SYN,SYN-01,1,1
17826,IPC_SYN,SYN-01,1,1
17827,SPECIAL_LAW_SYN,SYN-03,1,1
17828,IPC_SYN,SYN-01,1,1
17829,IPC_SYN,SYN-01,1,1
17830,IPC_SYN,SYN-01,1,1
17831,IPC_SYN,SYN-01,1,1
17832,IPC_SYN,SYN-01,1,1
17833,IPC_SYN,SYN-01,1,1
17834,IPC_SYN,SYN-01,1,1
17835,IT_ACT_SYN,SYN-02,1,1
17836,IPC_SYN,SYN-01,1,1
17837,SPECIAL_LAW_SYN,SYN-03,1,1
17838,SPECIAL_LAW_SYN,SYN-03,1,1
17839,IPC_SYN,SYN-01,1,1
17840,IPC_SYN,SYN-01,1,1
17841,IT_ACT_SYN,SYN-02,1,1
17842,IPC_SYN,SYN-01,1,1
17843,IPC_SYN,SYN-01,1,1
17844,SPECIAL_LAW_SYN,SYN-03,1,1
17845,IT_ACT_SYN,SYN-02,1,1
17846,IPC_SYN,SYN-01,1,1
17847,IPC_SYN,SYN-01,1,1
17848,IPC_SYN,SYN-01,1,1
17849,IPC_SYN,SYN-01,1,1
17850,IT_ACT_SYN,SYN-02,1,1
17851,SPECIAL_LAW_SYN,SYN-03,1,1
17852,IPC_SYN,SYN-01,1,1
17853,IPC_SYN,SYN-01,1,1
17854,IPC_SYN,SYN-01,1,1
17855,IT_ACT_SYN,SYN-02,1,1
17856,IPC_SYN,SYN-01,1,1
17857,SPECIAL_LAW_SYN,SYN-03,1,1
17858,SPECIAL_LAW_SYN,SYN-03,1,1
17859,SPECIAL_LAW_SYN,SYN-03,1,1
17860,SPECIAL_LAW_SYN,SYN-03,1,1
17861,IT_ACT_SYN,SYN-02,1,1
17862,IT_ACT_SYN,SYN-02,1,1
17863,IPC_SYN,SYN-01,1,1
17864,SPECIAL_LAW_SYN,SYN-03,1,1
17865,SPECIAL_LAW_SYN,SYN-03,1,1
17866,IPC_SYN,SYN-01,1,1
17867,SPECIAL_LAW_SYN,SYN-03,1,1
17868,IPC_SYN,SYN-01,1,1
17869,SPECIAL_LAW_SYN,SYN-03,1,1
17870,IPC_SYN,SYN-01,1,1
17871,IPC_SYN,SYN-01,1,1
17872,IT_ACT_SYN,SYN-02,1,1
17873,IPC_SYN,SYN-01,1,1
17874,SPECIAL_LAW_SYN,SYN-03,1,1
17875,SPECIAL_LAW_SYN,SYN-03,1,1
17876,SPECIAL_LAW_SYN,SYN-03,1,1
17877,IPC_SYN,SYN-01,1,1
17878,IPC_SYN,SYN-01,1,1
17879,SPECIAL_LAW_SYN,SYN-03,1,1
17880,IPC_SYN,SYN-01,1,1
17881,IT_ACT_SYN,SYN-02,1,1
17882,IPC_SYN,SYN-01,1,1
17883,SPECIAL_LAW_SYN,SYN-03,1,1
17884,SPECIAL_LAW_SYN,SYN-03,1,1
17885,SPECIAL_LAW_SYN,SYN-03,1,1
17886,IPC_SYN,SYN-01,1,1
17887,IPC_SYN,SYN-01,1,1
17888,SPECIAL_LAW_SYN,SYN-03,1,1
17889,IPC_SYN,SYN-01,1,1
17890,SPECIAL_LAW_SYN,SYN-03,1,1
17891,SPECIAL_LAW_SYN,SYN-03,1,1
17892,IT_ACT_SYN,SYN-02,1,1
17893,SPECIAL_LAW_SYN,SYN-03,1,1
17894,SPECIAL_LAW_SYN,SYN-03,1,1
17895,SPECIAL_LAW_SYN,SYN-03,1,1
17896,SPECIAL_LAW_SYN,SYN-03,1,1
17897,IPC_SYN,SYN-01,1,1
17898,SPECIAL_LAW_SYN,SYN-03,1,1
17899,IPC_SYN,SYN-01,1,1
17900,IPC_SYN,SYN-01,1,1
17901,IPC_SYN,SYN-01,1,1
17902,IT_ACT_SYN,SYN-02,1,1
17903,IPC_SYN,SYN-01,1,1
17904,SPECIAL_LAW_SYN,SYN-03,1,1
17905,IPC_SYN,SYN-01,1,1
17906,SPECIAL_LAW_SYN,SYN-03,1,1
17907,SPECIAL_LAW_SYN,SYN-03,1,1
17908,IPC_SYN,SYN-01,1,1
17909,IPC_SYN,SYN-01,1,1
17910,SPECIAL_LAW_SYN,SYN-03,1,1
17911,SPECIAL_LAW_SYN,SYN-03,1,1
17912,IPC_SYN,SYN-01,1,1
17913,SPECIAL_LAW_SYN,SYN-03,1,1
17914,IPC_SYN,SYN-01,1,1
17915,IPC_SYN,SYN-01,1,1
17916,IPC_SYN,SYN-01,1,1
17917,IT_ACT_SYN,SYN-02,1,1
17918,IPC_SYN,SYN-01,1,1
17919,IPC_SYN,SYN-01,1,1
17920,IPC_SYN,SYN-01,1,1
17921,IPC_SYN,SYN-01,1,1
17922,IPC_SYN,SYN-01,1,1
17923,IT_ACT_SYN,SYN-02,1,1
17924,SPECIAL_LAW_SYN,SYN-03,1,1
17925,SPECIAL_LAW_SYN,SYN-03,1,1
17926,SPECIAL_LAW_SYN,SYN-03,1,1
17927,IPC_SYN,SYN-01,1,1
17928,SPECIAL_LAW_SYN,SYN-03,1,1
17929,SPECIAL_LAW_SYN,SYN-03,1,1
17930,IPC_SYN,SYN-01,1,1
17931,IT_ACT_SYN,SYN-02,1,1
17932,IPC_SYN,SYN-01,1,1
17933,SPECIAL_LAW_SYN,SYN-03,1,1
17934,SPECIAL_LAW_SYN,SYN-03,1,1
17935,SPECIAL_LAW_SYN,SYN-03,1,1
17936,IT_ACT_SYN,SYN-02,1,1
17937,IPC_SYN,SYN-01,1,1
17938,IPC_SYN,SYN-01,1,1
17939,IPC_SYN,SYN-01,1,1
17940,IPC_SYN,SYN-01,1,1
17941,IPC_SYN,SYN-01,1,1
17942,IPC_SYN,SYN-01,1,1
17943,IPC_SYN,SYN-01,1,1
17944,IPC_SYN,SYN-01,1,1
17945,IPC_SYN,SYN-01,1,1
17946,SPECIAL_LAW_SYN,SYN-03,1,1
17947,SPECIAL_LAW_SYN,SYN-03,1,1
17948,IPC_SYN,SYN-01,1,1
17949,SPECIAL_LAW_SYN,SYN-03,1,1
17950,IPC_SYN,SYN-01,1,1
17951,SPECIAL_LAW_SYN,SYN-03,1,1
17952,IPC_SYN,SYN-01,1,1
17953,IPC_SYN,SYN-01,1,1
17954,IPC_SYN,SYN-01,1,1
17955,IPC_SYN,SYN-01,1,1
17956,IT_ACT_SYN,SYN-02,1,1
17957,IPC_SYN,SYN-01,1,1
17958,IPC_SYN,SYN-01,1,1
17959,IPC_SYN,SYN-01,1,1
17960,IPC_SYN,SYN-01,1,1
17961,IPC_SYN,SYN-01,1,1
17962,SPECIAL_LAW_SYN,SYN-03,1,1
17963,SPECIAL_LAW_SYN,SYN-03,1,1
17964,IT_ACT_SYN,SYN-02,1,1
17965,IPC_SYN,SYN-01,1,1
17966,IPC_SYN,SYN-01,1,1
17967,IPC_SYN,SYN-01,1,1
17968,SPECIAL_LAW_SYN,SYN-03,1,1
17969,IPC_SYN,SYN-01,1,1
17970,SPECIAL_LAW_SYN,SYN-03,1,1
17971,IPC_SYN,SYN-01,1,1
17972,SPECIAL_LAW_SYN,SYN-03,1,1
17973,IPC_SYN,SYN-01,1,1
17974,SPECIAL_LAW_SYN,SYN-03,1,1
17975,IPC_SYN,SYN-01,1,1
17976,IPC_SYN,SYN-01,1,1
17977,IT_ACT_SYN,SYN-02,1,1
17978,IPC_SYN,SYN-01,1,1
17979,SPECIAL_LAW_SYN,SYN-03,1,1
17980,IT_ACT_SYN,SYN-02,1,1
17981,IPC_SYN,SYN-01,1,1
17982,SPECIAL_LAW_SYN,SYN-03,1,1
17983,SPECIAL_LAW_SYN,SYN-03,1,1
17984,IPC_SYN,SYN-01,1,1
17985,SPECIAL_LAW_SYN,SYN-03,1,1
17986,IPC_SYN,SYN-01,1,1
17987,IPC_SYN,SYN-01,1,1
17988,IPC_SYN,SYN-01,1,1
17989,SPECIAL_LAW_SYN,SYN-03,1,1
17990,IT_ACT_SYN,SYN-02,1,1
17991,IPC_SYN,SYN-01,1,1
17992,IPC_SYN,SYN-01,1,1
17993,IPC_SYN,SYN-01,1,1
17994,IPC_SYN,SYN-01,1,1
17995,IPC_SYN,SYN-01,1,1
17996,IPC_SYN,SYN-01,1,1
17997,IPC_SYN,SYN-01,1,1
17998,SPECIAL_LAW_SYN,SYN-03,1,1
17999,IPC_SYN,SYN-01,1,1
18000,IPC_SYN,SYN-01,1,1
18001,IPC_SYN,SYN-01,1,1
18002,IPC_SYN,SYN-01,1,1
18003,IT_ACT_SYN,SYN-02,1,1
18004,IPC_SYN,SYN-01,1,1
18005,IPC_SYN,SYN-01,1,1
18006,SPECIAL_LAW_SYN,SYN-03,1,1
18007,SPECIAL_LAW_SYN,SYN-03,1,1
18008,IPC_SYN,SYN-01,1,1
18009,IPC_SYN,SYN-01,1,1
18010,IPC_SYN,SYN-01,1,1
18011,IT_ACT_SYN,SYN-02,1,1
18012,SPECIAL_LAW_SYN,SYN-03,1,1
18013,IPC_SYN,SYN-01,1,1
18014,SPECIAL_LAW_SYN,SYN-03,1,1
18015,IPC_SYN,SYN-01,1,1
18016,IPC_SYN,SYN-01,1,1
18017,SPECIAL_LAW_SYN,SYN-03,1,1
18018,IPC_SYN,SYN-01,1,1
18019,IT_ACT_SYN,SYN-02,1,1
18020,IPC_SYN,SYN-01,1,1
18021,SPECIAL_LAW_SYN,SYN-03,1,1
18022,IT_ACT_SYN,SYN-02,1,1
18023,SPECIAL_LAW_SYN,SYN-03,1,1
18024,SPECIAL_LAW_SYN,SYN-03,1,1
18025,IT_ACT_SYN,SYN-02,1,1
18026,IPC_SYN,SYN-01,1,1
18027,IPC_SYN,SYN-01,1,1
18028,SPECIAL_LAW_SYN,SYN-03,1,1
18029,IPC_SYN,SYN-01,1,1
18030,IPC_SYN,SYN-01,1,1
18031,IPC_SYN,SYN-01,1,1
18032,IPC_SYN,SYN-01,1,1
18033,IPC_SYN,SYN-01,1,1
18034,SPECIAL_LAW_SYN,SYN-03,1,1
18035,IPC_SYN,SYN-01,1,1
18036,IPC_SYN,SYN-01,1,1
18037,IPC_SYN,SYN-01,1,1
18038,IPC_SYN,SYN-01,1,1
18039,IPC_SYN,SYN-01,1,1
18040,IT_ACT_SYN,SYN-02,1,1
18041,IPC_SYN,SYN-01,1,1
18042,IT_ACT_SYN,SYN-02,1,1
18043,IPC_SYN,SYN-01,1,1
18044,IT_ACT_SYN,SYN-02,1,1
18045,IPC_SYN,SYN-01,1,1
18046,IT_ACT_SYN,SYN-02,1,1
18047,IPC_SYN,SYN-01,1,1
18048,IPC_SYN,SYN-01,1,1
18049,SPECIAL_LAW_SYN,SYN-03,1,1
18050,IPC_SYN,SYN-01,1,1
18051,IPC_SYN,SYN-01,1,1
18052,IPC_SYN,SYN-01,1,1
18053,IPC_SYN,SYN-01,1,1
18054,IPC_SYN,SYN-01,1,1
18055,IPC_SYN,SYN-01,1,1
18056,IPC_SYN,SYN-01,1,1
18057,IT_ACT_SYN,SYN-02,1,1
18058,SPECIAL_LAW_SYN,SYN-03,1,1
18059,SPECIAL_LAW_SYN,SYN-03,1,1
18060,IPC_SYN,SYN-01,1,1
18061,SPECIAL_LAW_SYN,SYN-03,1,1
18062,IPC_SYN,SYN-01,1,1
18063,IPC_SYN,SYN-01,1,1
18064,IPC_SYN,SYN-01,1,1
18065,IPC_SYN,SYN-01,1,1
18066,SPECIAL_LAW_SYN,SYN-03,1,1
18067,IPC_SYN,SYN-01,1,1
18068,IPC_SYN,SYN-01,1,1
18069,IPC_SYN,SYN-01,1,1
18070,SPECIAL_LAW_SYN,SYN-03,1,1
18071,SPECIAL_LAW_SYN,SYN-03,1,1
18072,IT_ACT_SYN,SYN-02,1,1
18073,SPECIAL_LAW_SYN,SYN-03,1,1
18074,IPC_SYN,SYN-01,1,1
18075,IPC_SYN,SYN-01,1,1
18076,IPC_SYN,SYN-01,1,1
18077,IPC_SYN,SYN-01,1,1
18078,SPECIAL_LAW_SYN,SYN-03,1,1
18079,IPC_SYN,SYN-01,1,1
18080,IPC_SYN,SYN-01,1,1
18081,IPC_SYN,SYN-01,1,1
18082,IPC_SYN,SYN-01,1,1
18083,IPC_SYN,SYN-01,1,1
18084,SPECIAL_LAW_SYN,SYN-03,1,1
18085,IPC_SYN,SYN-01,1,1
18086,SPECIAL_LAW_SYN,SYN-03,1,1
18087,IPC_SYN,SYN-01,1,1
18088,IPC_SYN,SYN-01,1,1
18089,IPC_SYN,SYN-01,1,1
18090,SPECIAL_LAW_SYN,SYN-03,1,1
18091,SPECIAL_LAW_SYN,SYN-03,1,1
18092,IPC_SYN,SYN-01,1,1
18093,IPC_SYN,SYN-01,1,1
18094,IPC_SYN,SYN-01,1,1
18095,IPC_SYN,SYN-01,1,1
18096,IPC_SYN,SYN-01,1,1
18097,IPC_SYN,SYN-01,1,1
18098,SPECIAL_LAW_SYN,SYN-03,1,1
18099,IPC_SYN,SYN-01,1,1
18100,IT_ACT_SYN,SYN-02,1,1
18101,SPECIAL_LAW_SYN,SYN-03,1,1
18102,SPECIAL_LAW_SYN,SYN-03,1,1
18103,IPC_SYN,SYN-01,1,1
18104,IPC_SYN,SYN-01,1,1
18105,IPC_SYN,SYN-01,1,1
18106,IPC_SYN,SYN-01,1,1
18107,SPECIAL_LAW_SYN,SYN-03,1,1
18108,IPC_SYN,SYN-01,1,1
18109,IPC_SYN,SYN-01,1,1
18110,IPC_SYN,SYN-01,1,1
18111,IT_ACT_SYN,SYN-02,1,1
18112,IT_ACT_SYN,SYN-02,1,1
18113,SPECIAL_LAW_SYN,SYN-03,1,1
18114,IPC_SYN,SYN-01,1,1
18115,SPECIAL_LAW_SYN,SYN-03,1,1
18116,IT_ACT_SYN,SYN-02,1,1
18117,IPC_SYN,SYN-01,1,1
18118,SPECIAL_LAW_SYN,SYN-03,1,1
18119,IPC_SYN,SYN-01,1,1
18120,IPC_SYN,SYN-01,1,1
18121,IPC_SYN,SYN-01,1,1
18122,IPC_SYN,SYN-01,1,1
18123,IPC_SYN,SYN-01,1,1
18124,SPECIAL_LAW_SYN,SYN-03,1,1
18125,IT_ACT_SYN,SYN-02,1,1
18126,IPC_SYN,SYN-01,1,1
18127,IPC_SYN,SYN-01,1,1
18128,SPECIAL_LAW_SYN,SYN-03,1,1
18129,SPECIAL_LAW_SYN,SYN-03,1,1
18130,IPC_SYN,SYN-01,1,1
18131,IPC_SYN,SYN-01,1,1
18132,IPC_SYN,SYN-01,1,1
18133,SPECIAL_LAW_SYN,SYN-03,1,1
18134,SPECIAL_LAW_SYN,SYN-03,1,1
18135,IPC_SYN,SYN-01,1,1
18136,IPC_SYN,SYN-01,1,1
18137,IPC_SYN,SYN-01,1,1
18138,IPC_SYN,SYN-01,1,1
18139,IPC_SYN,SYN-01,1,1
18140,IPC_SYN,SYN-01,1,1
18141,SPECIAL_LAW_SYN,SYN-03,1,1
18142,IPC_SYN,SYN-01,1,1
18143,SPECIAL_LAW_SYN,SYN-03,1,1
18144,IPC_SYN,SYN-01,1,1
18145,SPECIAL_LAW_SYN,SYN-03,1,1
18146,IPC_SYN,SYN-01,1,1
18147,IPC_SYN,SYN-01,1,1
18148,SPECIAL_LAW_SYN,SYN-03,1,1
18149,SPECIAL_LAW_SYN,SYN-03,1,1
18150,IT_ACT_SYN,SYN-02,1,1
18151,IPC_SYN,SYN-01,1,1
18152,SPECIAL_LAW_SYN,SYN-03,1,1
18153,IPC_SYN,SYN-01,1,1
18154,SPECIAL_LAW_SYN,SYN-03,1,1
18155,IPC_SYN,SYN-01,1,1
18156,IPC_SYN,SYN-01,1,1
18157,IT_ACT_SYN,SYN-02,1,1
18158,SPECIAL_LAW_SYN,SYN-03,1,1
18159,SPECIAL_LAW_SYN,SYN-03,1,1
18160,IPC_SYN,SYN-01,1,1
18161,IT_ACT_SYN,SYN-02,1,1
18162,SPECIAL_LAW_SYN,SYN-03,1,1
18163,IPC_SYN,SYN-01,1,1
18164,IPC_SYN,SYN-01,1,1
18165,IT_ACT_SYN,SYN-02,1,1
18166,IPC_SYN,SYN-01,1,1
18167,IPC_SYN,SYN-01,1,1
18168,IPC_SYN,SYN-01,1,1
18169,IPC_SYN,SYN-01,1,1
18170,IPC_SYN,SYN-01,1,1
18171,SPECIAL_LAW_SYN,SYN-03,1,1
18172,SPECIAL_LAW_SYN,SYN-03,1,1
18173,IPC_SYN,SYN-01,1,1
18174,IPC_SYN,SYN-01,1,1
18175,IPC_SYN,SYN-01,1,1
18176,IPC_SYN,SYN-01,1,1
18177,IPC_SYN,SYN-01,1,1
18178,IT_ACT_SYN,SYN-02,1,1
18179,IPC_SYN,SYN-01,1,1
18180,IT_ACT_SYN,SYN-02,1,1
18181,IPC_SYN,SYN-01,1,1
18182,IPC_SYN,SYN-01,1,1
18183,IPC_SYN,SYN-01,1,1
18184,SPECIAL_LAW_SYN,SYN-03,1,1
18185,IPC_SYN,SYN-01,1,1
18186,IPC_SYN,SYN-01,1,1
18187,IT_ACT_SYN,SYN-02,1,1
18188,SPECIAL_LAW_SYN,SYN-03,1,1
18189,IPC_SYN,SYN-01,1,1
18190,IPC_SYN,SYN-01,1,1
18191,IPC_SYN,SYN-01,1,1
18192,IPC_SYN,SYN-01,1,1
18193,SPECIAL_LAW_SYN,SYN-03,1,1
18194,IPC_SYN,SYN-01,1,1
18195,SPECIAL_LAW_SYN,SYN-03,1,1
18196,IT_ACT_SYN,SYN-02,1,1
18197,IPC_SYN,SYN-01,1,1
18198,IT_ACT_SYN,SYN-02,1,1
18199,IT_ACT_SYN,SYN-02,1,1
18200,SPECIAL_LAW_SYN,SYN-03,1,1
18201,IT_ACT_SYN,SYN-02,1,1
18202,IPC_SYN,SYN-01,1,1
18203,IPC_SYN,SYN-01,1,1
18204,IT_ACT_SYN,SYN-02,1,1
18205,SPECIAL_LAW_SYN,SYN-03,1,1
18206,SPECIAL_LAW_SYN,SYN-03,1,1
18207,IPC_SYN,SYN-01,1,1
18208,IPC_SYN,SYN-01,1,1
18209,IPC_SYN,SYN-01,1,1
18210,IPC_SYN,SYN-01,1,1
18211,IPC_SYN,SYN-01,1,1
18212,IPC_SYN,SYN-01,1,1
18213,IPC_SYN,SYN-01,1,1
18214,IPC_SYN,SYN-01,1,1
18215,IT_ACT_SYN,SYN-02,1,1
18216,IPC_SYN,SYN-01,1,1
18217,IPC_SYN,SYN-01,1,1
18218,IT_ACT_SYN,SYN-02,1,1
18219,IPC_SYN,SYN-01,1,1
18220,IT_ACT_SYN,SYN-02,1,1
18221,IT_ACT_SYN,SYN-02,1,1
18222,SPECIAL_LAW_SYN,SYN-03,1,1
18223,SPECIAL_LAW_SYN,SYN-03,1,1
18224,IT_ACT_SYN,SYN-02,1,1
18225,IPC_SYN,SYN-01,1,1
18226,IPC_SYN,SYN-01,1,1
18227,SPECIAL_LAW_SYN,SYN-03,1,1
18228,IT_ACT_SYN,SYN-02,1,1
18229,IT_ACT_SYN,SYN-02,1,1
18230,IPC_SYN,SYN-01,1,1
18231,IT_ACT_SYN,SYN-02,1,1
18232,IPC_SYN,SYN-01,1,1
18233,IPC_SYN,SYN-01,1,1
18234,SPECIAL_LAW_SYN,SYN-03,1,1
18235,IPC_SYN,SYN-01,1,1
18236,IPC_SYN,SYN-01,1,1
18237,IT_ACT_SYN,SYN-02,1,1
18238,IPC_SYN,SYN-01,1,1
18239,IPC_SYN,SYN-01,1,1
18240,IPC_SYN,SYN-01,1,1
18241,IPC_SYN,SYN-01,1,1
18242,IPC_SYN,SYN-01,1,1
18243,IPC_SYN,SYN-01,1,1
18244,IPC_SYN,SYN-01,1,1
18245,SPECIAL_LAW_SYN,SYN-03,1,1
18246,IPC_SYN,SYN-01,1,1
18247,IPC_SYN,SYN-01,1,1
18248,IPC_SYN,SYN-01,1,1
18249,IPC_SYN,SYN-01,1,1
18250,IPC_SYN,SYN-01,1,1
18251,IT_ACT_SYN,SYN-02,1,1
18252,SPECIAL_LAW_SYN,SYN-03,1,1
18253,IPC_SYN,SYN-01,1,1
18254,IT_ACT_SYN,SYN-02,1,1
18255,IPC_SYN,SYN-01,1,1
18256,IPC_SYN,SYN-01,1,1
18257,IT_ACT_SYN,SYN-02,1,1
18258,IT_ACT_SYN,SYN-02,1,1
18259,IPC_SYN,SYN-01,1,1
18260,IT_ACT_SYN,SYN-02,1,1
18261,IPC_SYN,SYN-01,1,1
18262,IPC_SYN,SYN-01,1,1
18263,SPECIAL_LAW_SYN,SYN-03,1,1
18264,IT_ACT_SYN,SYN-02,1,1
18265,IPC_SYN,SYN-01,1,1
18266,IPC_SYN,SYN-01,1,1
18267,IPC_SYN,SYN-01,1,1
18268,IT_ACT_SYN,SYN-02,1,1
18269,IPC_SYN,SYN-01,1,1
18270,IPC_SYN,SYN-01,1,1
18271,IPC_SYN,SYN-01,1,1
18272,IPC_SYN,SYN-01,1,1
18273,IPC_SYN,SYN-01,1,1
18274,IPC_SYN,SYN-01,1,1
18275,SPECIAL_LAW_SYN,SYN-03,1,1
18276,IPC_SYN,SYN-01,1,1
18277,IPC_SYN,SYN-01,1,1
18278,IPC_SYN,SYN-01,1,1
18279,IPC_SYN,SYN-01,1,1
18280,IPC_SYN,SYN-01,1,1
18281,IPC_SYN,SYN-01,1,1
18282,IPC_SYN,SYN-01,1,1
18283,SPECIAL_LAW_SYN,SYN-03,1,1
18284,IPC_SYN,SYN-01,1,1
18285,SPECIAL_LAW_SYN,SYN-03,1,1
18286,IT_ACT_SYN,SYN-02,1,1
18287,IPC_SYN,SYN-01,1,1
18288,SPECIAL_LAW_SYN,SYN-03,1,1
18289,SPECIAL_LAW_SYN,SYN-03,1,1
18290,IPC_SYN,SYN-01,1,1
18291,IPC_SYN,SYN-01,1,1
18292,IPC_SYN,SYN-01,1,1
18293,IT_ACT_SYN,SYN-02,1,1
18294,IPC_SYN,SYN-01,1,1
18295,SPECIAL_LAW_SYN,SYN-03,1,1
18296,IPC_SYN,SYN-01,1,1
18297,IPC_SYN,SYN-01,1,1
18298,IPC_SYN,SYN-01,1,1
18299,IPC_SYN,SYN-01,1,1
18300,IPC_SYN,SYN-01,1,1
18301,IPC_SYN,SYN-01,1,1
18302,SPECIAL_LAW_SYN,SYN-03,1,1
18303,IPC_SYN,SYN-01,1,1
18304,IPC_SYN,SYN-01,1,1
18305,SPECIAL_LAW_SYN,SYN-03,1,1
18306,IPC_SYN,SYN-01,1,1
18307,SPECIAL_LAW_SYN,SYN-03,1,1
18308,SPECIAL_LAW_SYN,SYN-03,1,1
18309,SPECIAL_LAW_SYN,SYN-03,1,1
18310,IPC_SYN,SYN-01,1,1
18311,IPC_SYN,SYN-01,1,1
18312,IPC_SYN,SYN-01,1,1
18313,IPC_SYN,SYN-01,1,1
18314,SPECIAL_LAW_SYN,SYN-03,1,1
18315,IPC_SYN,SYN-01,1,1
18316,IT_ACT_SYN,SYN-02,1,1
18317,IPC_SYN,SYN-01,1,1
18318,SPECIAL_LAW_SYN,SYN-03,1,1
18319,SPECIAL_LAW_SYN,SYN-03,1,1
18320,IPC_SYN,SYN-01,1,1
18321,IPC_SYN,SYN-01,1,1
18322,SPECIAL_LAW_SYN,SYN-03,1,1
18323,IPC_SYN,SYN-01,1,1
18324,IPC_SYN,SYN-01,1,1
18325,IPC_SYN,SYN-01,1,1
18326,IPC_SYN,SYN-01,1,1
18327,IPC_SYN,SYN-01,1,1
18328,SPECIAL_LAW_SYN,SYN-03,1,1
18329,IPC_SYN,SYN-01,1,1
18330,IPC_SYN,SYN-01,1,1
18331,IPC_SYN,SYN-01,1,1
18332,IT_ACT_SYN,SYN-02,1,1
18333,IT_ACT_SYN,SYN-02,1,1
18334,IT_ACT_SYN,SYN-02,1,1
18335,SPECIAL_LAW_SYN,SYN-03,1,1
18336,SPECIAL_LAW_SYN,SYN-03,1,1
18337,IPC_SYN,SYN-01,1,1
18338,SPECIAL_LAW_SYN,SYN-03,1,1
18339,IPC_SYN,SYN-01,1,1
18340,IPC_SYN,SYN-01,1,1
18341,SPECIAL_LAW_SYN,SYN-03,1,1
18342,IPC_SYN,SYN-01,1,1
18343,IPC_SYN,SYN-01,1,1
18344,IPC_SYN,SYN-01,1,1
18345,IPC_SYN,SYN-01,1,1
18346,IPC_SYN,SYN-01,1,1
18347,IPC_SYN,SYN-01,1,1
18348,IPC_SYN,SYN-01,1,1
18349,IPC_SYN,SYN-01,1,1
18350,IPC_SYN,SYN-01,1,1
18351,IPC_SYN,SYN-01,1,1
18352,IPC_SYN,SYN-01,1,1
18353,IPC_SYN,SYN-01,1,1
18354,IPC_SYN,SYN-01,1,1
18355,SPECIAL_LAW_SYN,SYN-03,1,1
18356,IPC_SYN,SYN-01,1,1
18357,IPC_SYN,SYN-01,1,1
18358,IT_ACT_SYN,SYN-02,1,1
18359,IPC_SYN,SYN-01,1,1
18360,IPC_SYN,SYN-01,1,1
18361,IPC_SYN,SYN-01,1,1
18362,IT_ACT_SYN,SYN-02,1,1
18363,IPC_SYN,SYN-01,1,1
18364,IPC_SYN,SYN-01,1,1
18365,SPECIAL_LAW_SYN,SYN-03,1,1
18366,IT_ACT_SYN,SYN-02,1,1
18367,SPECIAL_LAW_SYN,SYN-03,1,1
18368,IPC_SYN,SYN-01,1,1
18369,IPC_SYN,SYN-01,1,1
18370,SPECIAL_LAW_SYN,SYN-03,1,1
18371,IPC_SYN,SYN-01,1,1
18372,IPC_SYN,SYN-01,1,1
18373,IPC_SYN,SYN-01,1,1
18374,IPC_SYN,SYN-01,1,1
18375,IPC_SYN,SYN-01,1,1
18376,SPECIAL_LAW_SYN,SYN-03,1,1
18377,SPECIAL_LAW_SYN,SYN-03,1,1
18378,IPC_SYN,SYN-01,1,1
18379,IPC_SYN,SYN-01,1,1
18380,IPC_SYN,SYN-01,1,1
18381,IPC_SYN,SYN-01,1,1
18382,SPECIAL_LAW_SYN,SYN-03,1,1
18383,IT_ACT_SYN,SYN-02,1,1
18384,SPECIAL_LAW_SYN,SYN-03,1,1
18385,SPECIAL_LAW_SYN,SYN-03,1,1
18386,SPECIAL_LAW_SYN,SYN-03,1,1
18387,IPC_SYN,SYN-01,1,1
18388,IPC_SYN,SYN-01,1,1
18389,IPC_SYN,SYN-01,1,1
18390,IPC_SYN,SYN-01,1,1
18391,SPECIAL_LAW_SYN,SYN-03,1,1
18392,IPC_SYN,SYN-01,1,1
18393,IPC_SYN,SYN-01,1,1
18394,IPC_SYN,SYN-01,1,1
18395,IT_ACT_SYN,SYN-02,1,1
18396,SPECIAL_LAW_SYN,SYN-03,1,1
18397,SPECIAL_LAW_SYN,SYN-03,1,1
18398,SPECIAL_LAW_SYN,SYN-03,1,1
18399,IPC_SYN,SYN-01,1,1
18400,IT_ACT_SYN,SYN-02,1,1
18401,IPC_SYN,SYN-01,1,1
18402,SPECIAL_LAW_SYN,SYN-03,1,1
18403,IPC_SYN,SYN-01,1,1
18404,IPC_SYN,SYN-01,1,1
18405,IPC_SYN,SYN-01,1,1
18406,SPECIAL_LAW_SYN,SYN-03,1,1
18407,SPECIAL_LAW_SYN,SYN-03,1,1
18408,IPC_SYN,SYN-01,1,1
18409,IPC_SYN,SYN-01,1,1
18410,SPECIAL_LAW_SYN,SYN-03,1,1
18411,SPECIAL_LAW_SYN,SYN-03,1,1
18412,SPECIAL_LAW_SYN,SYN-03,1,1
18413,IPC_SYN,SYN-01,1,1
18414,IPC_SYN,SYN-01,1,1
18415,IPC_SYN,SYN-01,1,1
18416,IPC_SYN,SYN-01,1,1
18417,IPC_SYN,SYN-01,1,1
18418,SPECIAL_LAW_SYN,SYN-03,1,1
18419,IPC_SYN,SYN-01,1,1
18420,IPC_SYN,SYN-01,1,1
18421,IPC_SYN,SYN-01,1,1
18422,SPECIAL_LAW_SYN,SYN-03,1,1
18423,IPC_SYN,SYN-01,1,1
18424,IPC_SYN,SYN-01,1,1
18425,SPECIAL_LAW_SYN,SYN-03,1,1
18426,IPC_SYN,SYN-01,1,1
18427,SPECIAL_LAW_SYN,SYN-03,1,1
18428,IT_ACT_SYN,SYN-02,1,1
18429,IPC_SYN,SYN-01,1,1
18430,IPC_SYN,SYN-01,1,1
18431,SPECIAL_LAW_SYN,SYN-03,1,1
18432,IPC_SYN,SYN-01,1,1
18433,SPECIAL_LAW_SYN,SYN-03,1,1
18434,SPECIAL_LAW_SYN,SYN-03,1,1
18435,IPC_SYN,SYN-01,1,1
18436,IT_ACT_SYN,SYN-02,1,1
18437,IPC_SYN,SYN-01,1,1
18438,IPC_SYN,SYN-01,1,1
18439,SPECIAL_LAW_SYN,SYN-03,1,1
18440,IT_ACT_SYN,SYN-02,1,1
18441,IPC_SYN,SYN-01,1,1
18442,IPC_SYN,SYN-01,1,1
18443,IPC_SYN,SYN-01,1,1
18444,IT_ACT_SYN,SYN-02,1,1
18445,IPC_SYN,SYN-01,1,1
18446,IT_ACT_SYN,SYN-02,1,1
18447,SPECIAL_LAW_SYN,SYN-03,1,1
18448,SPECIAL_LAW_SYN,SYN-03,1,1
18449,IT_ACT_SYN,SYN-02,1,1
18450,IT_ACT_SYN,SYN-02,1,1
18451,IPC_SYN,SYN-01,1,1
18452,IPC_SYN,SYN-01,1,1
18453,IT_ACT_SYN,SYN-02,1,1
18454,SPECIAL_LAW_SYN,SYN-03,1,1
18455,IPC_SYN,SYN-01,1,1
18456,SPECIAL_LAW_SYN,SYN-03,1,1
18457,SPECIAL_LAW_SYN,SYN-03,1,1
18458,SPECIAL_LAW_SYN,SYN-03,1,1
18459,IPC_SYN,SYN-01,1,1
18460,SPECIAL_LAW_SYN,SYN-03,1,1
18461,IPC_SYN,SYN-01,1,1
18462,IPC_SYN,SYN-01,1,1
18463,IPC_SYN,SYN-01,1,1
18464,SPECIAL_LAW_SYN,SYN-03,1,1
18465,IPC_SYN,SYN-01,1,1
18466,IPC_SYN,SYN-01,1,1
18467,IPC_SYN,SYN-01,1,1
18468,SPECIAL_LAW_SYN,SYN-03,1,1
18469,IPC_SYN,SYN-01,1,1
18470,IPC_SYN,SYN-01,1,1
18471,IPC_SYN,SYN-01,1,1
18472,IPC_SYN,SYN-01,1,1
18473,SPECIAL_LAW_SYN,SYN-03,1,1
18474,IT_ACT_SYN,SYN-02,1,1
18475,IT_ACT_SYN,SYN-02,1,1
18476,SPECIAL_LAW_SYN,SYN-03,1,1
18477,IT_ACT_SYN,SYN-02,1,1
18478,SPECIAL_LAW_SYN,SYN-03,1,1
18479,SPECIAL_LAW_SYN,SYN-03,1,1
18480,IPC_SYN,SYN-01,1,1
18481,IT_ACT_SYN,SYN-02,1,1
18482,IPC_SYN,SYN-01,1,1
18483,SPECIAL_LAW_SYN,SYN-03,1,1
18484,IPC_SYN,SYN-01,1,1
18485,SPECIAL_LAW_SYN,SYN-03,1,1
18486,IPC_SYN,SYN-01,1,1
18487,SPECIAL_LAW_SYN,SYN-03,1,1
18488,IPC_SYN,SYN-01,1,1
18489,SPECIAL_LAW_SYN,SYN-03,1,1
18490,IPC_SYN,SYN-01,1,1
18491,IPC_SYN,SYN-01,1,1
18492,IPC_SYN,SYN-01,1,1
18493,IPC_SYN,SYN-01,1,1
18494,IPC_SYN,SYN-01,1,1
18495,IPC_SYN,SYN-01,1,1
18496,IPC_SYN,SYN-01,1,1
18497,IPC_SYN,SYN-01,1,1
18498,SPECIAL_LAW_SYN,SYN-03,1,1
18499,IT_ACT_SYN,SYN-02,1,1
18500,IPC_SYN,SYN-01,1,1
18501,SPECIAL_LAW_SYN,SYN-03,1,1
18502,SPECIAL_LAW_SYN,SYN-03,1,1
18503,IPC_SYN,SYN-01,1,1
18504,IPC_SYN,SYN-01,1,1
18505,IT_ACT_SYN,SYN-02,1,1
18506,SPECIAL_LAW_SYN,SYN-03,1,1
18507,SPECIAL_LAW_SYN,SYN-03,1,1
18508,SPECIAL_LAW_SYN,SYN-03,1,1
18509,SPECIAL_LAW_SYN,SYN-03,1,1
18510,IPC_SYN,SYN-01,1,1
18511,IPC_SYN,SYN-01,1,1
18512,IT_ACT_SYN,SYN-02,1,1
18513,IPC_SYN,SYN-01,1,1
18514,IPC_SYN,SYN-01,1,1
18515,IPC_SYN,SYN-01,1,1
18516,IT_ACT_SYN,SYN-02,1,1
18517,IPC_SYN,SYN-01,1,1
18518,SPECIAL_LAW_SYN,SYN-03,1,1
18519,IPC_SYN,SYN-01,1,1
18520,SPECIAL_LAW_SYN,SYN-03,1,1
18521,IPC_SYN,SYN-01,1,1
18522,IPC_SYN,SYN-01,1,1
18523,IPC_SYN,SYN-01,1,1
18524,IPC_SYN,SYN-01,1,1
18525,IPC_SYN,SYN-01,1,1
18526,IT_ACT_SYN,SYN-02,1,1
18527,IPC_SYN,SYN-01,1,1
18528,IPC_SYN,SYN-01,1,1
18529,SPECIAL_LAW_SYN,SYN-03,1,1
18530,SPECIAL_LAW_SYN,SYN-03,1,1
18531,IPC_SYN,SYN-01,1,1
18532,IPC_SYN,SYN-01,1,1
18533,IT_ACT_SYN,SYN-02,1,1
18534,SPECIAL_LAW_SYN,SYN-03,1,1
18535,IPC_SYN,SYN-01,1,1
18536,IPC_SYN,SYN-01,1,1
18537,IT_ACT_SYN,SYN-02,1,1
18538,IPC_SYN,SYN-01,1,1
18539,SPECIAL_LAW_SYN,SYN-03,1,1
18540,SPECIAL_LAW_SYN,SYN-03,1,1
18541,IPC_SYN,SYN-01,1,1
18542,IT_ACT_SYN,SYN-02,1,1
18543,IPC_SYN,SYN-01,1,1
18544,IPC_SYN,SYN-01,1,1
18545,IPC_SYN,SYN-01,1,1
18546,IPC_SYN,SYN-01,1,1
18547,IPC_SYN,SYN-01,1,1
18548,IPC_SYN,SYN-01,1,1
18549,IPC_SYN,SYN-01,1,1
18550,IPC_SYN,SYN-01,1,1
18551,IPC_SYN,SYN-01,1,1
18552,IPC_SYN,SYN-01,1,1
18553,IPC_SYN,SYN-01,1,1
18554,IPC_SYN,SYN-01,1,1
18555,IPC_SYN,SYN-01,1,1
18556,IPC_SYN,SYN-01,1,1
18557,IPC_SYN,SYN-01,1,1
18558,SPECIAL_LAW_SYN,SYN-03,1,1
18559,IPC_SYN,SYN-01,1,1
18560,IPC_SYN,SYN-01,1,1
18561,IPC_SYN,SYN-01,1,1
18562,IPC_SYN,SYN-01,1,1
18563,SPECIAL_LAW_SYN,SYN-03,1,1
18564,IPC_SYN,SYN-01,1,1
18565,IPC_SYN,SYN-01,1,1
18566,IPC_SYN,SYN-01,1,1
18567,IPC_SYN,SYN-01,1,1
18568,SPECIAL_LAW_SYN,SYN-03,1,1
18569,SPECIAL_LAW_SYN,SYN-03,1,1
18570,SPECIAL_LAW_SYN,SYN-03,1,1
18571,SPECIAL_LAW_SYN,SYN-03,1,1
18572,IPC_SYN,SYN-01,1,1
18573,SPECIAL_LAW_SYN,SYN-03,1,1
18574,IPC_SYN,SYN-01,1,1
18575,IPC_SYN,SYN-01,1,1
18576,IT_ACT_SYN,SYN-02,1,1
18577,SPECIAL_LAW_SYN,SYN-03,1,1
18578,IPC_SYN,SYN-01,1,1
18579,IPC_SYN,SYN-01,1,1
18580,IPC_SYN,SYN-01,1,1
18581,SPECIAL_LAW_SYN,SYN-03,1,1
18582,IPC_SYN,SYN-01,1,1
18583,SPECIAL_LAW_SYN,SYN-03,1,1
18584,IT_ACT_SYN,SYN-02,1,1
18585,IT_ACT_SYN,SYN-02,1,1
18586,IPC_SYN,SYN-01,1,1
18587,IPC_SYN,SYN-01,1,1
18588,IPC_SYN,SYN-01,1,1
18589,IPC_SYN,SYN-01,1,1
18590,IPC_SYN,SYN-01,1,1
18591,SPECIAL_LAW_SYN,SYN-03,1,1
18592,SPECIAL_LAW_SYN,SYN-03,1,1
18593,IT_ACT_SYN,SYN-02,1,1
18594,SPECIAL_LAW_SYN,SYN-03,1,1
18595,IPC_SYN,SYN-01,1,1
18596,IPC_SYN,SYN-01,1,1
18597,IPC_SYN,SYN-01,1,1
18598,IPC_SYN,SYN-01,1,1
18599,IPC_SYN,SYN-01,1,1
18600,IPC_SYN,SYN-01,1,1
18601,IPC_SYN,SYN-01,1,1
18602,IPC_SYN,SYN-01,1,1
18603,IPC_SYN,SYN-01,1,1
18604,IPC_SYN,SYN-01,1,1
18605,IPC_SYN,SYN-01,1,1
18606,SPECIAL_LAW_SYN,SYN-03,1,1
18607,IT_ACT_SYN,SYN-02,1,1
18608,SPECIAL_LAW_SYN,SYN-03,1,1
18609,SPECIAL_LAW_SYN,SYN-03,1,1
18610,SPECIAL_LAW_SYN,SYN-03,1,1
18611,IPC_SYN,SYN-01,1,1
18612,IPC_SYN,SYN-01,1,1
18613,IT_ACT_SYN,SYN-02,1,1
18614,IPC_SYN,SYN-01,1,1
18615,IPC_SYN,SYN-01,1,1
18616,IT_ACT_SYN,SYN-02,1,1
18617,SPECIAL_LAW_SYN,SYN-03,1,1
18618,IPC_SYN,SYN-01,1,1
18619,IPC_SYN,SYN-01,1,1
18620,IPC_SYN,SYN-01,1,1
18621,IT_ACT_SYN,SYN-02,1,1
18622,SPECIAL_LAW_SYN,SYN-03,1,1
18623,IPC_SYN,SYN-01,1,1
18624,IPC_SYN,SYN-01,1,1
18625,IPC_SYN,SYN-01,1,1
18626,IPC_SYN,SYN-01,1,1
18627,IPC_SYN,SYN-01,1,1
18628,IPC_SYN,SYN-01,1,1
18629,IT_ACT_SYN,SYN-02,1,1
18630,IPC_SYN,SYN-01,1,1
18631,SPECIAL_LAW_SYN,SYN-03,1,1
18632,SPECIAL_LAW_SYN,SYN-03,1,1
18633,IPC_SYN,SYN-01,1,1
18634,IT_ACT_SYN,SYN-02,1,1
18635,IPC_SYN,SYN-01,1,1
18636,IT_ACT_SYN,SYN-02,1,1
18637,SPECIAL_LAW_SYN,SYN-03,1,1
18638,SPECIAL_LAW_SYN,SYN-03,1,1
18639,SPECIAL_LAW_SYN,SYN-03,1,1
18640,IPC_SYN,SYN-01,1,1
18641,IPC_SYN,SYN-01,1,1
18642,SPECIAL_LAW_SYN,SYN-03,1,1
18643,IT_ACT_SYN,SYN-02,1,1
18644,SPECIAL_LAW_SYN,SYN-03,1,1
18645,IPC_SYN,SYN-01,1,1
18646,IPC_SYN,SYN-01,1,1
18647,IT_ACT_SYN,SYN-02,1,1
18648,IPC_SYN,SYN-01,1,1
18649,IPC_SYN,SYN-01,1,1
18650,IPC_SYN,SYN-01,1,1
18651,IT_ACT_SYN,SYN-02,1,1
18652,SPECIAL_LAW_SYN,SYN-03,1,1
18653,SPECIAL_LAW_SYN,SYN-03,1,1
18654,IPC_SYN,SYN-01,1,1
18655,SPECIAL_LAW_SYN,SYN-03,1,1
18656,IPC_SYN,SYN-01,1,1
18657,SPECIAL_LAW_SYN,SYN-03,1,1
18658,IT_ACT_SYN,SYN-02,1,1
18659,IT_ACT_SYN,SYN-02,1,1
18660,IPC_SYN,SYN-01,1,1
18661,SPECIAL_LAW_SYN,SYN-03,1,1
18662,IPC_SYN,SYN-01,1,1
18663,SPECIAL_LAW_SYN,SYN-03,1,1
18664,IPC_SYN,SYN-01,1,1
18665,IPC_SYN,SYN-01,1,1
18666,IPC_SYN,SYN-01,1,1
18667,IPC_SYN,SYN-01,1,1
18668,IPC_SYN,SYN-01,1,1
18669,SPECIAL_LAW_SYN,SYN-03,1,1
18670,IPC_SYN,SYN-01,1,1
18671,IT_ACT_SYN,SYN-02,1,1
18672,IPC_SYN,SYN-01,1,1
18673,SPECIAL_LAW_SYN,SYN-03,1,1
18674,IPC_SYN,SYN-01,1,1
18675,IPC_SYN,SYN-01,1,1
18676,IPC_SYN,SYN-01,1,1
18677,SPECIAL_LAW_SYN,SYN-03,1,1
18678,IPC_SYN,SYN-01,1,1
18679,IPC_SYN,SYN-01,1,1
18680,IPC_SYN,SYN-01,1,1
18681,IPC_SYN,SYN-01,1,1
18682,SPECIAL_LAW_SYN,SYN-03,1,1
18683,SPECIAL_LAW_SYN,SYN-03,1,1
18684,IPC_SYN,SYN-01,1,1
18685,IPC_SYN,SYN-01,1,1
18686,IPC_SYN,SYN-01,1,1
18687,IPC_SYN,SYN-01,1,1
18688,IPC_SYN,SYN-01,1,1
18689,IT_ACT_SYN,SYN-02,1,1
18690,SPECIAL_LAW_SYN,SYN-03,1,1
18691,IPC_SYN,SYN-01,1,1
18692,SPECIAL_LAW_SYN,SYN-03,1,1
18693,IPC_SYN,SYN-01,1,1
18694,IPC_SYN,SYN-01,1,1
18695,IT_ACT_SYN,SYN-02,1,1
18696,SPECIAL_LAW_SYN,SYN-03,1,1
18697,SPECIAL_LAW_SYN,SYN-03,1,1
18698,SPECIAL_LAW_SYN,SYN-03,1,1
18699,IT_ACT_SYN,SYN-02,1,1
18700,IT_ACT_SYN,SYN-02,1,1
18701,SPECIAL_LAW_SYN,SYN-03,1,1
18702,IPC_SYN,SYN-01,1,1
18703,SPECIAL_LAW_SYN,SYN-03,1,1
18704,IPC_SYN,SYN-01,1,1
18705,SPECIAL_LAW_SYN,SYN-03,1,1
18706,IPC_SYN,SYN-01,1,1
18707,IT_ACT_SYN,SYN-02,1,1
18708,IPC_SYN,SYN-01,1,1
18709,IPC_SYN,SYN-01,1,1
18710,SPECIAL_LAW_SYN,SYN-03,1,1
18711,IPC_SYN,SYN-01,1,1
18712,IPC_SYN,SYN-01,1,1
18713,SPECIAL_LAW_SYN,SYN-03,1,1
18714,IT_ACT_SYN,SYN-02,1,1
18715,IPC_SYN,SYN-01,1,1
18716,IPC_SYN,SYN-01,1,1
18717,IPC_SYN,SYN-01,1,1
18718,SPECIAL_LAW_SYN,SYN-03,1,1
18719,SPECIAL_LAW_SYN,SYN-03,1,1
18720,SPECIAL_LAW_SYN,SYN-03,1,1
18721,IPC_SYN,SYN-01,1,1
18722,IPC_SYN,SYN-01,1,1
18723,IPC_SYN,SYN-01,1,1
18724,IPC_SYN,SYN-01,1,1
18725,IPC_SYN,SYN-01,1,1
18726,IT_ACT_SYN,SYN-02,1,1
18727,IPC_SYN,SYN-01,1,1
18728,IPC_SYN,SYN-01,1,1
18729,SPECIAL_LAW_SYN,SYN-03,1,1
18730,IPC_SYN,SYN-01,1,1
18731,IPC_SYN,SYN-01,1,1
18732,IPC_SYN,SYN-01,1,1
18733,IPC_SYN,SYN-01,1,1
18734,IPC_SYN,SYN-01,1,1
18735,IPC_SYN,SYN-01,1,1
18736,IPC_SYN,SYN-01,1,1
18737,SPECIAL_LAW_SYN,SYN-03,1,1
18738,SPECIAL_LAW_SYN,SYN-03,1,1
18739,IPC_SYN,SYN-01,1,1
18740,IT_ACT_SYN,SYN-02,1,1
18741,IPC_SYN,SYN-01,1,1
18742,SPECIAL_LAW_SYN,SYN-03,1,1
18743,IPC_SYN,SYN-01,1,1
18744,IPC_SYN,SYN-01,1,1
18745,IPC_SYN,SYN-01,1,1
18746,IPC_SYN,SYN-01,1,1
18747,IPC_SYN,SYN-01,1,1
18748,IPC_SYN,SYN-01,1,1
18749,SPECIAL_LAW_SYN,SYN-03,1,1
18750,SPECIAL_LAW_SYN,SYN-03,1,1
18751,SPECIAL_LAW_SYN,SYN-03,1,1
18752,IPC_SYN,SYN-01,1,1
18753,SPECIAL_LAW_SYN,SYN-03,1,1
18754,IPC_SYN,SYN-01,1,1
18755,IPC_SYN,SYN-01,1,1
18756,IPC_SYN,SYN-01,1,1
18757,IPC_SYN,SYN-01,1,1
18758,IPC_SYN,SYN-01,1,1
18759,IT_ACT_SYN,SYN-02,1,1
18760,IT_ACT_SYN,SYN-02,1,1
18761,SPECIAL_LAW_SYN,SYN-03,1,1
18762,IPC_SYN,SYN-01,1,1
18763,IPC_SYN,SYN-01,1,1
18764,SPECIAL_LAW_SYN,SYN-03,1,1
18765,IPC_SYN,SYN-01,1,1
18766,IPC_SYN,SYN-01,1,1
18767,IPC_SYN,SYN-01,1,1
18768,SPECIAL_LAW_SYN,SYN-03,1,1
18769,IPC_SYN,SYN-01,1,1
18770,SPECIAL_LAW_SYN,SYN-03,1,1
18771,IPC_SYN,SYN-01,1,1
18772,SPECIAL_LAW_SYN,SYN-03,1,1
18773,IPC_SYN,SYN-01,1,1
18774,IPC_SYN,SYN-01,1,1
18775,SPECIAL_LAW_SYN,SYN-03,1,1
18776,IT_ACT_SYN,SYN-02,1,1
18777,SPECIAL_LAW_SYN,SYN-03,1,1
18778,SPECIAL_LAW_SYN,SYN-03,1,1
18779,SPECIAL_LAW_SYN,SYN-03,1,1
18780,IPC_SYN,SYN-01,1,1
18781,IPC_SYN,SYN-01,1,1
18782,IPC_SYN,SYN-01,1,1
18783,IPC_SYN,SYN-01,1,1
18784,IPC_SYN,SYN-01,1,1
18785,IPC_SYN,SYN-01,1,1
18786,IPC_SYN,SYN-01,1,1
18787,SPECIAL_LAW_SYN,SYN-03,1,1
18788,IPC_SYN,SYN-01,1,1
18789,SPECIAL_LAW_SYN,SYN-03,1,1
18790,SPECIAL_LAW_SYN,SYN-03,1,1
18791,IPC_SYN,SYN-01,1,1
18792,IPC_SYN,SYN-01,1,1
18793,IPC_SYN,SYN-01,1,1
18794,SPECIAL_LAW_SYN,SYN-03,1,1
18795,SPECIAL_LAW_SYN,SYN-03,1,1
18796,IPC_SYN,SYN-01,1,1
18797,SPECIAL_LAW_SYN,SYN-03,1,1
18798,SPECIAL_LAW_SYN,SYN-03,1,1
18799,IPC_SYN,SYN-01,1,1
18800,SPECIAL_LAW_SYN,SYN-03,1,1
18801,SPECIAL_LAW_SYN,SYN-03,1,1
18802,IPC_SYN,SYN-01,1,1
18803,IPC_SYN,SYN-01,1,1
18804,IPC_SYN,SYN-01,1,1
18805,SPECIAL_LAW_SYN,SYN-03,1,1
18806,IPC_SYN,SYN-01,1,1
18807,IPC_SYN,SYN-01,1,1
18808,IT_ACT_SYN,SYN-02,1,1
18809,SPECIAL_LAW_SYN,SYN-03,1,1
18810,IT_ACT_SYN,SYN-02,1,1
18811,IT_ACT_SYN,SYN-02,1,1
18812,SPECIAL_LAW_SYN,SYN-03,1,1
18813,IPC_SYN,SYN-01,1,1
18814,IPC_SYN,SYN-01,1,1
18815,SPECIAL_LAW_SYN,SYN-03,1,1
18816,IPC_SYN,SYN-01,1,1
18817,IPC_SYN,SYN-01,1,1
18818,IPC_SYN,SYN-01,1,1
18819,SPECIAL_LAW_SYN,SYN-03,1,1
18820,IPC_SYN,SYN-01,1,1
18821,IPC_SYN,SYN-01,1,1
18822,SPECIAL_LAW_SYN,SYN-03,1,1
18823,IPC_SYN,SYN-01,1,1
18824,IPC_SYN,SYN-01,1,1
18825,IPC_SYN,SYN-01,1,1
18826,IPC_SYN,SYN-01,1,1
18827,IPC_SYN,SYN-01,1,1
18828,IT_ACT_SYN,SYN-02,1,1
18829,IPC_SYN,SYN-01,1,1
18830,IPC_SYN,SYN-01,1,1
18831,IPC_SYN,SYN-01,1,1
18832,IT_ACT_SYN,SYN-02,1,1
18833,IPC_SYN,SYN-01,1,1
18834,IT_ACT_SYN,SYN-02,1,1
18835,SPECIAL_LAW_SYN,SYN-03,1,1
18836,IPC_SYN,SYN-01,1,1
18837,SPECIAL_LAW_SYN,SYN-03,1,1
18838,IPC_SYN,SYN-01,1,1
18839,IPC_SYN,SYN-01,1,1
18840,IPC_SYN,SYN-01,1,1
18841,IPC_SYN,SYN-01,1,1
18842,IPC_SYN,SYN-01,1,1
18843,SPECIAL_LAW_SYN,SYN-03,1,1
18844,IPC_SYN,SYN-01,1,1
18845,IPC_SYN,SYN-01,1,1
18846,SPECIAL_LAW_SYN,SYN-03,1,1
18847,SPECIAL_LAW_SYN,SYN-03,1,1
18848,IPC_SYN,SYN-01,1,1
18849,IPC_SYN,SYN-01,1,1
18850,SPECIAL_LAW_SYN,SYN-03,1,1
18851,SPECIAL_LAW_SYN,SYN-03,1,1
18852,IPC_SYN,SYN-01,1,1
18853,IPC_SYN,SYN-01,1,1
18854,IPC_SYN,SYN-01,1,1
18855,IPC_SYN,SYN-01,1,1
18856,IPC_SYN,SYN-01,1,1
18857,SPECIAL_LAW_SYN,SYN-03,1,1
18858,SPECIAL_LAW_SYN,SYN-03,1,1
18859,IPC_SYN,SYN-01,1,1
18860,IPC_SYN,SYN-01,1,1
18861,IPC_SYN,SYN-01,1,1
18862,IPC_SYN,SYN-01,1,1
18863,IPC_SYN,SYN-01,1,1
18864,SPECIAL_LAW_SYN,SYN-03,1,1
18865,SPECIAL_LAW_SYN,SYN-03,1,1
18866,SPECIAL_LAW_SYN,SYN-03,1,1
18867,IPC_SYN,SYN-01,1,1
18868,IPC_SYN,SYN-01,1,1
18869,SPECIAL_LAW_SYN,SYN-03,1,1
18870,SPECIAL_LAW_SYN,SYN-03,1,1
18871,SPECIAL_LAW_SYN,SYN-03,1,1
18872,IPC_SYN,SYN-01,1,1
18873,IPC_SYN,SYN-01,1,1
18874,IPC_SYN,SYN-01,1,1
18875,SPECIAL_LAW_SYN,SYN-03,1,1
18876,SPECIAL_LAW_SYN,SYN-03,1,1
18877,IPC_SYN,SYN-01,1,1
18878,IT_ACT_SYN,SYN-02,1,1
18879,SPECIAL_LAW_SYN,SYN-03,1,1
18880,IPC_SYN,SYN-01,1,1
18881,SPECIAL_LAW_SYN,SYN-03,1,1
18882,IPC_SYN,SYN-01,1,1
18883,IPC_SYN,SYN-01,1,1
18884,IPC_SYN,SYN-01,1,1
18885,IPC_SYN,SYN-01,1,1
18886,IPC_SYN,SYN-01,1,1
18887,IPC_SYN,SYN-01,1,1
18888,SPECIAL_LAW_SYN,SYN-03,1,1
18889,SPECIAL_LAW_SYN,SYN-03,1,1
18890,IPC_SYN,SYN-01,1,1
18891,IPC_SYN,SYN-01,1,1
18892,IT_ACT_SYN,SYN-02,1,1
18893,SPECIAL_LAW_SYN,SYN-03,1,1
18894,IPC_SYN,SYN-01,1,1
18895,IPC_SYN,SYN-01,1,1
18896,SPECIAL_LAW_SYN,SYN-03,1,1
18897,IPC_SYN,SYN-01,1,1
18898,IPC_SYN,SYN-01,1,1
18899,IT_ACT_SYN,SYN-02,1,1
18900,IPC_SYN,SYN-01,1,1
18901,IPC_SYN,SYN-01,1,1
18902,SPECIAL_LAW_SYN,SYN-03,1,1
18903,IPC_SYN,SYN-01,1,1
18904,SPECIAL_LAW_SYN,SYN-03,1,1
18905,SPECIAL_LAW_SYN,SYN-03,1,1
18906,IPC_SYN,SYN-01,1,1
18907,IPC_SYN,SYN-01,1,1
18908,IPC_SYN,SYN-01,1,1
18909,IPC_SYN,SYN-01,1,1
18910,IPC_SYN,SYN-01,1,1
18911,IT_ACT_SYN,SYN-02,1,1
18912,IPC_SYN,SYN-01,1,1
18913,IPC_SYN,SYN-01,1,1
18914,SPECIAL_LAW_SYN,SYN-03,1,1
18915,SPECIAL_LAW_SYN,SYN-03,1,1
18916,SPECIAL_LAW_SYN,SYN-03,1,1
18917,IPC_SYN,SYN-01,1,1
18918,IT_ACT_SYN,SYN-02,1,1
18919,IPC_SYN,SYN-01,1,1
18920,SPECIAL_LAW_SYN,SYN-03,1,1
18921,IPC_SYN,SYN-01,1,1
18922,IPC_SYN,SYN-01,1,1
18923,SPECIAL_LAW_SYN,SYN-03,1,1
18924,IPC_SYN,SYN-01,1,1
18925,IPC_SYN,SYN-01,1,1
18926,SPECIAL_LAW_SYN,SYN-03,1,1
18927,IPC_SYN,SYN-01,1,1
18928,IPC_SYN,SYN-01,1,1
18929,IPC_SYN,SYN-01,1,1
18930,IPC_SYN,SYN-01,1,1
18931,SPECIAL_LAW_SYN,SYN-03,1,1
18932,IPC_SYN,SYN-01,1,1
18933,SPECIAL_LAW_SYN,SYN-03,1,1
18934,IPC_SYN,SYN-01,1,1
18935,IPC_SYN,SYN-01,1,1
18936,IPC_SYN,SYN-01,1,1
18937,IT_ACT_SYN,SYN-02,1,1
18938,IPC_SYN,SYN-01,1,1
18939,IPC_SYN,SYN-01,1,1
18940,SPECIAL_LAW_SYN,SYN-03,1,1
18941,IPC_SYN,SYN-01,1,1
18942,IPC_SYN,SYN-01,1,1
18943,SPECIAL_LAW_SYN,SYN-03,1,1
18944,IPC_SYN,SYN-01,1,1
18945,IPC_SYN,SYN-01,1,1
18946,IPC_SYN,SYN-01,1,1
18947,SPECIAL_LAW_SYN,SYN-03,1,1
18948,IPC_SYN,SYN-01,1,1
18949,SPECIAL_LAW_SYN,SYN-03,1,1
18950,IPC_SYN,SYN-01,1,1
18951,IPC_SYN,SYN-01,1,1
18952,IPC_SYN,SYN-01,1,1
18953,IPC_SYN,SYN-01,1,1
18954,IT_ACT_SYN,SYN-02,1,1
18955,IPC_SYN,SYN-01,1,1
18956,SPECIAL_LAW_SYN,SYN-03,1,1
18957,IPC_SYN,SYN-01,1,1
18958,IPC_SYN,SYN-01,1,1
18959,SPECIAL_LAW_SYN,SYN-03,1,1
18960,IPC_SYN,SYN-01,1,1
18961,IPC_SYN,SYN-01,1,1
18962,IPC_SYN,SYN-01,1,1
18963,IT_ACT_SYN,SYN-02,1,1
18964,IPC_SYN,SYN-01,1,1
18965,IPC_SYN,SYN-01,1,1
18966,IPC_SYN,SYN-01,1,1
18967,IPC_SYN,SYN-01,1,1
18968,IPC_SYN,SYN-01,1,1
18969,SPECIAL_LAW_SYN,SYN-03,1,1
18970,IT_ACT_SYN,SYN-02,1,1
18971,IPC_SYN,SYN-01,1,1
18972,IPC_SYN,SYN-01,1,1
18973,IPC_SYN,SYN-01,1,1
18974,IPC_SYN,SYN-01,1,1
18975,IPC_SYN,SYN-01,1,1
18976,IPC_SYN,SYN-01,1,1
18977,IPC_SYN,SYN-01,1,1
18978,IT_ACT_SYN,SYN-02,1,1
18979,IPC_SYN,SYN-01,1,1
18980,IPC_SYN,SYN-01,1,1
18981,IPC_SYN,SYN-01,1,1
18982,IPC_SYN,SYN-01,1,1
18983,SPECIAL_LAW_SYN,SYN-03,1,1
18984,SPECIAL_LAW_SYN,SYN-03,1,1
18985,IPC_SYN,SYN-01,1,1
18986,IPC_SYN,SYN-01,1,1
18987,IPC_SYN,SYN-01,1,1
18988,IT_ACT_SYN,SYN-02,1,1
18989,IPC_SYN,SYN-01,1,1
18990,SPECIAL_LAW_SYN,SYN-03,1,1
18991,SPECIAL_LAW_SYN,SYN-03,1,1
18992,IPC_SYN,SYN-01,1,1
18993,SPECIAL_LAW_SYN,SYN-03,1,1
18994,IPC_SYN,SYN-01,1,1
18995,SPECIAL_LAW_SYN,SYN-03,1,1
18996,IPC_SYN,SYN-01,1,1
18997,IPC_SYN,SYN-01,1,1
18998,IPC_SYN,SYN-01,1,1
18999,IPC_SYN,SYN-01,1,1
19000,IT_ACT_SYN,SYN-02,1,1
19001,SPECIAL_LAW_SYN,SYN-03,1,1
19002,IPC_SYN,SYN-01,1,1
19003,IPC_SYN,SYN-01,1,1
19004,IPC_SYN,SYN-01,1,1
19005,SPECIAL_LAW_SYN,SYN-03,1,1
19006,IPC_SYN,SYN-01,1,1
19007,IT_ACT_SYN,SYN-02,1,1
19008,IPC_SYN,SYN-01,1,1
19009,SPECIAL_LAW_SYN,SYN-03,1,1
19010,IPC_SYN,SYN-01,1,1
19011,IT_ACT_SYN,SYN-02,1,1
19012,IPC_SYN,SYN-01,1,1
19013,SPECIAL_LAW_SYN,SYN-03,1,1
19014,IPC_SYN,SYN-01,1,1
19015,IPC_SYN,SYN-01,1,1
19016,IPC_SYN,SYN-01,1,1
19017,IPC_SYN,SYN-01,1,1
19018,IPC_SYN,SYN-01,1,1
19019,IPC_SYN,SYN-01,1,1
19020,IPC_SYN,SYN-01,1,1
19021,IPC_SYN,SYN-01,1,1
19022,IPC_SYN,SYN-01,1,1
19023,IPC_SYN,SYN-01,1,1
19024,IPC_SYN,SYN-01,1,1
19025,IPC_SYN,SYN-01,1,1
19026,IT_ACT_SYN,SYN-02,1,1
19027,IT_ACT_SYN,SYN-02,1,1
19028,IPC_SYN,SYN-01,1,1
19029,SPECIAL_LAW_SYN,SYN-03,1,1
19030,IPC_SYN,SYN-01,1,1
19031,IPC_SYN,SYN-01,1,1
19032,SPECIAL_LAW_SYN,SYN-03,1,1
19033,IPC_SYN,SYN-01,1,1
19034,IPC_SYN,SYN-01,1,1
19035,IT_ACT_SYN,SYN-02,1,1
19036,IPC_SYN,SYN-01,1,1
19037,IPC_SYN,SYN-01,1,1
19038,IPC_SYN,SYN-01,1,1
19039,SPECIAL_LAW_SYN,SYN-03,1,1
19040,IPC_SYN,SYN-01,1,1
19041,IPC_SYN,SYN-01,1,1
19042,SPECIAL_LAW_SYN,SYN-03,1,1
19043,IPC_SYN,SYN-01,1,1
19044,IPC_SYN,SYN-01,1,1
19045,SPECIAL_LAW_SYN,SYN-03,1,1
19046,SPECIAL_LAW_SYN,SYN-03,1,1
19047,SPECIAL_LAW_SYN,SYN-03,1,1
19048,IPC_SYN,SYN-01,1,1
19049,IPC_SYN,SYN-01,1,1
19050,SPECIAL_LAW_SYN,SYN-03,1,1
19051,IPC_SYN,SYN-01,1,1
19052,IPC_SYN,SYN-01,1,1
19053,IPC_SYN,SYN-01,1,1
19054,IPC_SYN,SYN-01,1,1
19055,SPECIAL_LAW_SYN,SYN-03,1,1
19056,IPC_SYN,SYN-01,1,1
19057,IPC_SYN,SYN-01,1,1
19058,SPECIAL_LAW_SYN,SYN-03,1,1
19059,IPC_SYN,SYN-01,1,1
19060,IPC_SYN,SYN-01,1,1
19061,IPC_SYN,SYN-01,1,1
19062,IPC_SYN,SYN-01,1,1
19063,IPC_SYN,SYN-01,1,1
19064,IT_ACT_SYN,SYN-02,1,1
19065,SPECIAL_LAW_SYN,SYN-03,1,1
19066,IPC_SYN,SYN-01,1,1
19067,IPC_SYN,SYN-01,1,1
19068,IT_ACT_SYN,SYN-02,1,1
19069,IT_ACT_SYN,SYN-02,1,1
19070,IPC_SYN,SYN-01,1,1
19071,IPC_SYN,SYN-01,1,1
19072,IPC_SYN,SYN-01,1,1
19073,IPC_SYN,SYN-01,1,1
19074,IT_ACT_SYN,SYN-02,1,1
19075,SPECIAL_LAW_SYN,SYN-03,1,1
19076,IT_ACT_SYN,SYN-02,1,1
19077,IPC_SYN,SYN-01,1,1
19078,IPC_SYN,SYN-01,1,1
19079,IPC_SYN,SYN-01,1,1
19080,IPC_SYN,SYN-01,1,1
19081,IPC_SYN,SYN-01,1,1
19082,IPC_SYN,SYN-01,1,1
19083,IPC_SYN,SYN-01,1,1
19084,IPC_SYN,SYN-01,1,1
19085,IPC_SYN,SYN-01,1,1
19086,IPC_SYN,SYN-01,1,1
19087,IPC_SYN,SYN-01,1,1
19088,IPC_SYN,SYN-01,1,1
19089,IPC_SYN,SYN-01,1,1
19090,IPC_SYN,SYN-01,1,1
19091,SPECIAL_LAW_SYN,SYN-03,1,1
19092,IPC_SYN,SYN-01,1,1
19093,IPC_SYN,SYN-01,1,1
19094,IPC_SYN,SYN-01,1,1
19095,IPC_SYN,SYN-01,1,1
19096,IPC_SYN,SYN-01,1,1
19097,IT_ACT_SYN,SYN-02,1,1
19098,IPC_SYN,SYN-01,1,1
19099,IPC_SYN,SYN-01,1,1
19100,IT_ACT_SYN,SYN-02,1,1
19101,IPC_SYN,SYN-01,1,1
19102,IPC_SYN,SYN-01,1,1
19103,IPC_SYN,SYN-01,1,1
19104,SPECIAL_LAW_SYN,SYN-03,1,1
19105,IPC_SYN,SYN-01,1,1
19106,SPECIAL_LAW_SYN,SYN-03,1,1
19107,IPC_SYN,SYN-01,1,1
19108,IPC_SYN,SYN-01,1,1
19109,SPECIAL_LAW_SYN,SYN-03,1,1
19110,IPC_SYN,SYN-01,1,1
19111,IPC_SYN,SYN-01,1,1
19112,IPC_SYN,SYN-01,1,1
19113,IT_ACT_SYN,SYN-02,1,1
19114,IPC_SYN,SYN-01,1,1
19115,IPC_SYN,SYN-01,1,1
19116,IPC_SYN,SYN-01,1,1
19117,IPC_SYN,SYN-01,1,1
19118,SPECIAL_LAW_SYN,SYN-03,1,1
19119,IPC_SYN,SYN-01,1,1
19120,IPC_SYN,SYN-01,1,1
19121,IPC_SYN,SYN-01,1,1
19122,SPECIAL_LAW_SYN,SYN-03,1,1
19123,IPC_SYN,SYN-01,1,1
19124,IPC_SYN,SYN-01,1,1
19125,IPC_SYN,SYN-01,1,1
19126,SPECIAL_LAW_SYN,SYN-03,1,1
19127,IPC_SYN,SYN-01,1,1
19128,SPECIAL_LAW_SYN,SYN-03,1,1
19129,IPC_SYN,SYN-01,1,1
19130,SPECIAL_LAW_SYN,SYN-03,1,1
19131,SPECIAL_LAW_SYN,SYN-03,1,1
19132,SPECIAL_LAW_SYN,SYN-03,1,1
19133,IPC_SYN,SYN-01,1,1
19134,SPECIAL_LAW_SYN,SYN-03,1,1
19135,SPECIAL_LAW_SYN,SYN-03,1,1
19136,IPC_SYN,SYN-01,1,1
19137,IPC_SYN,SYN-01,1,1
19138,SPECIAL_LAW_SYN,SYN-03,1,1
19139,IT_ACT_SYN,SYN-02,1,1
19140,IPC_SYN,SYN-01,1,1
19141,IPC_SYN,SYN-01,1,1
19142,IPC_SYN,SYN-01,1,1
19143,IPC_SYN,SYN-01,1,1
19144,IPC_SYN,SYN-01,1,1
19145,IT_ACT_SYN,SYN-02,1,1
19146,SPECIAL_LAW_SYN,SYN-03,1,1
19147,IPC_SYN,SYN-01,1,1
19148,SPECIAL_LAW_SYN,SYN-03,1,1
19149,SPECIAL_LAW_SYN,SYN-03,1,1
19150,SPECIAL_LAW_SYN,SYN-03,1,1
19151,SPECIAL_LAW_SYN,SYN-03,1,1
19152,IPC_SYN,SYN-01,1,1
19153,SPECIAL_LAW_SYN,SYN-03,1,1
19154,IPC_SYN,SYN-01,1,1
19155,IPC_SYN,SYN-01,1,1
19156,SPECIAL_LAW_SYN,SYN-03,1,1
19157,SPECIAL_LAW_SYN,SYN-03,1,1
19158,IPC_SYN,SYN-01,1,1
19159,IPC_SYN,SYN-01,1,1
19160,IPC_SYN,SYN-01,1,1
19161,IPC_SYN,SYN-01,1,1
19162,IPC_SYN,SYN-01,1,1
19163,IPC_SYN,SYN-01,1,1
19164,IPC_SYN,SYN-01,1,1
19165,SPECIAL_LAW_SYN,SYN-03,1,1
19166,IPC_SYN,SYN-01,1,1
19167,IPC_SYN,SYN-01,1,1
19168,IT_ACT_SYN,SYN-02,1,1
19169,IPC_SYN,SYN-01,1,1
19170,SPECIAL_LAW_SYN,SYN-03,1,1
19171,IPC_SYN,SYN-01,1,1
19172,SPECIAL_LAW_SYN,SYN-03,1,1
19173,IPC_SYN,SYN-01,1,1
19174,IPC_SYN,SYN-01,1,1
19175,SPECIAL_LAW_SYN,SYN-03,1,1
19176,SPECIAL_LAW_SYN,SYN-03,1,1
19177,IPC_SYN,SYN-01,1,1
19178,IPC_SYN,SYN-01,1,1
19179,IPC_SYN,SYN-01,1,1
19180,IPC_SYN,SYN-01,1,1
19181,IPC_SYN,SYN-01,1,1
19182,SPECIAL_LAW_SYN,SYN-03,1,1
19183,IPC_SYN,SYN-01,1,1
19184,SPECIAL_LAW_SYN,SYN-03,1,1
19185,SPECIAL_LAW_SYN,SYN-03,1,1
19186,IPC_SYN,SYN-01,1,1
19187,SPECIAL_LAW_SYN,SYN-03,1,1
19188,IPC_SYN,SYN-01,1,1
19189,SPECIAL_LAW_SYN,SYN-03,1,1
19190,IPC_SYN,SYN-01,1,1
19191,IPC_SYN,SYN-01,1,1
19192,SPECIAL_LAW_SYN,SYN-03,1,1
19193,IPC_SYN,SYN-01,1,1
19194,IPC_SYN,SYN-01,1,1
19195,SPECIAL_LAW_SYN,SYN-03,1,1
19196,IPC_SYN,SYN-01,1,1
19197,SPECIAL_LAW_SYN,SYN-03,1,1
19198,IPC_SYN,SYN-01,1,1
19199,SPECIAL_LAW_SYN,SYN-03,1,1
19200,IPC_SYN,SYN-01,1,1
19201,SPECIAL_LAW_SYN,SYN-03,1,1
19202,IT_ACT_SYN,SYN-02,1,1
19203,IPC_SYN,SYN-01,1,1
19204,SPECIAL_LAW_SYN,SYN-03,1,1
19205,IPC_SYN,SYN-01,1,1
19206,IPC_SYN,SYN-01,1,1
19207,IPC_SYN,SYN-01,1,1
19208,IPC_SYN,SYN-01,1,1
19209,IPC_SYN,SYN-01,1,1
19210,IPC_SYN,SYN-01,1,1
19211,IPC_SYN,SYN-01,1,1
19212,IT_ACT_SYN,SYN-02,1,1
19213,SPECIAL_LAW_SYN,SYN-03,1,1
19214,IPC_SYN,SYN-01,1,1
19215,SPECIAL_LAW_SYN,SYN-03,1,1
19216,IPC_SYN,SYN-01,1,1
19217,SPECIAL_LAW_SYN,SYN-03,1,1
19218,IPC_SYN,SYN-01,1,1
19219,IPC_SYN,SYN-01,1,1
19220,IPC_SYN,SYN-01,1,1
19221,IPC_SYN,SYN-01,1,1
19222,SPECIAL_LAW_SYN,SYN-03,1,1
19223,IPC_SYN,SYN-01,1,1
19224,IPC_SYN,SYN-01,1,1
19225,IPC_SYN,SYN-01,1,1
19226,IPC_SYN,SYN-01,1,1
19227,IPC_SYN,SYN-01,1,1
19228,IPC_SYN,SYN-01,1,1
19229,SPECIAL_LAW_SYN,SYN-03,1,1
19230,SPECIAL_LAW_SYN,SYN-03,1,1
19231,IPC_SYN,SYN-01,1,1
19232,IT_ACT_SYN,SYN-02,1,1
19233,IPC_SYN,SYN-01,1,1
19234,SPECIAL_LAW_SYN,SYN-03,1,1
19235,IPC_SYN,SYN-01,1,1
19236,IPC_SYN,SYN-01,1,1
19237,IPC_SYN,SYN-01,1,1
19238,IPC_SYN,SYN-01,1,1
19239,IPC_SYN,SYN-01,1,1
19240,SPECIAL_LAW_SYN,SYN-03,1,1
19241,IPC_SYN,SYN-01,1,1
19242,IT_ACT_SYN,SYN-02,1,1
19243,IPC_SYN,SYN-01,1,1
19244,SPECIAL_LAW_SYN,SYN-03,1,1
19245,IPC_SYN,SYN-01,1,1
19246,IPC_SYN,SYN-01,1,1
19247,IPC_SYN,SYN-01,1,1
19248,IT_ACT_SYN,SYN-02,1,1
19249,IT_ACT_SYN,SYN-02,1,1
19250,IT_ACT_SYN,SYN-02,1,1
19251,SPECIAL_LAW_SYN,SYN-03,1,1
19252,IT_ACT_SYN,SYN-02,1,1
19253,IPC_SYN,SYN-01,1,1
19254,IPC_SYN,SYN-01,1,1
19255,IPC_SYN,SYN-01,1,1
19256,SPECIAL_LAW_SYN,SYN-03,1,1
19257,IT_ACT_SYN,SYN-02,1,1
19258,SPECIAL_LAW_SYN,SYN-03,1,1
19259,SPECIAL_LAW_SYN,SYN-03,1,1
19260,SPECIAL_LAW_SYN,SYN-03,1,1
19261,IPC_SYN,SYN-01,1,1
19262,IT_ACT_SYN,SYN-02,1,1
19263,IPC_SYN,SYN-01,1,1
19264,IPC_SYN,SYN-01,1,1
19265,SPECIAL_LAW_SYN,SYN-03,1,1
19266,IT_ACT_SYN,SYN-02,1,1
19267,IPC_SYN,SYN-01,1,1
19268,IPC_SYN,SYN-01,1,1
19269,SPECIAL_LAW_SYN,SYN-03,1,1
19270,IT_ACT_SYN,SYN-02,1,1
19271,SPECIAL_LAW_SYN,SYN-03,1,1
19272,IT_ACT_SYN,SYN-02,1,1
19273,SPECIAL_LAW_SYN,SYN-03,1,1
19274,SPECIAL_LAW_SYN,SYN-03,1,1
19275,IPC_SYN,SYN-01,1,1
19276,SPECIAL_LAW_SYN,SYN-03,1,1
19277,IPC_SYN,SYN-01,1,1
19278,IPC_SYN,SYN-01,1,1
19279,SPECIAL_LAW_SYN,SYN-03,1,1
19280,IPC_SYN,SYN-01,1,1
19281,IPC_SYN,SYN-01,1,1
19282,IPC_SYN,SYN-01,1,1
19283,SPECIAL_LAW_SYN,SYN-03,1,1
19284,IPC_SYN,SYN-01,1,1
19285,IPC_SYN,SYN-01,1,1
19286,IPC_SYN,SYN-01,1,1
19287,SPECIAL_LAW_SYN,SYN-03,1,1
19288,IPC_SYN,SYN-01,1,1
19289,SPECIAL_LAW_SYN,SYN-03,1,1
19290,IPC_SYN,SYN-01,1,1
19291,IPC_SYN,SYN-01,1,1
19292,SPECIAL_LAW_SYN,SYN-03,1,1
19293,SPECIAL_LAW_SYN,SYN-03,1,1
19294,IPC_SYN,SYN-01,1,1
19295,IPC_SYN,SYN-01,1,1
19296,SPECIAL_LAW_SYN,SYN-03,1,1
19297,IPC_SYN,SYN-01,1,1
19298,IT_ACT_SYN,SYN-02,1,1
19299,SPECIAL_LAW_SYN,SYN-03,1,1
19300,IPC_SYN,SYN-01,1,1
19301,IPC_SYN,SYN-01,1,1
19302,SPECIAL_LAW_SYN,SYN-03,1,1
19303,IPC_SYN,SYN-01,1,1
19304,IT_ACT_SYN,SYN-02,1,1
19305,IT_ACT_SYN,SYN-02,1,1
19306,IPC_SYN,SYN-01,1,1
19307,IPC_SYN,SYN-01,1,1
19308,SPECIAL_LAW_SYN,SYN-03,1,1
19309,SPECIAL_LAW_SYN,SYN-03,1,1
19310,IPC_SYN,SYN-01,1,1
19311,SPECIAL_LAW_SYN,SYN-03,1,1
19312,SPECIAL_LAW_SYN,SYN-03,1,1
19313,IT_ACT_SYN,SYN-02,1,1
19314,IPC_SYN,SYN-01,1,1
19315,IPC_SYN,SYN-01,1,1
19316,IPC_SYN,SYN-01,1,1
19317,SPECIAL_LAW_SYN,SYN-03,1,1
19318,SPECIAL_LAW_SYN,SYN-03,1,1
19319,IPC_SYN,SYN-01,1,1
19320,IPC_SYN,SYN-01,1,1
19321,IPC_SYN,SYN-01,1,1
19322,SPECIAL_LAW_SYN,SYN-03,1,1
19323,IPC_SYN,SYN-01,1,1
19324,IPC_SYN,SYN-01,1,1
19325,SPECIAL_LAW_SYN,SYN-03,1,1
19326,SPECIAL_LAW_SYN,SYN-03,1,1
19327,SPECIAL_LAW_SYN,SYN-03,1,1
19328,SPECIAL_LAW_SYN,SYN-03,1,1
19329,IPC_SYN,SYN-01,1,1
19330,IPC_SYN,SYN-01,1,1
19331,IPC_SYN,SYN-01,1,1
19332,SPECIAL_LAW_SYN,SYN-03,1,1
19333,IPC_SYN,SYN-01,1,1
19334,IPC_SYN,SYN-01,1,1
19335,IPC_SYN,SYN-01,1,1
19336,IPC_SYN,SYN-01,1,1
19337,IPC_SYN,SYN-01,1,1
19338,IT_ACT_SYN,SYN-02,1,1
19339,IPC_SYN,SYN-01,1,1
19340,IPC_SYN,SYN-01,1,1
19341,IPC_SYN,SYN-01,1,1
19342,SPECIAL_LAW_SYN,SYN-03,1,1
19343,IPC_SYN,SYN-01,1,1
19344,IPC_SYN,SYN-01,1,1
19345,IPC_SYN,SYN-01,1,1
19346,IPC_SYN,SYN-01,1,1
19347,SPECIAL_LAW_SYN,SYN-03,1,1
19348,IPC_SYN,SYN-01,1,1
19349,SPECIAL_LAW_SYN,SYN-03,1,1
19350,IT_ACT_SYN,SYN-02,1,1
19351,SPECIAL_LAW_SYN,SYN-03,1,1
19352,SPECIAL_LAW_SYN,SYN-03,1,1
19353,IT_ACT_SYN,SYN-02,1,1
19354,SPECIAL_LAW_SYN,SYN-03,1,1
19355,IPC_SYN,SYN-01,1,1
19356,IT_ACT_SYN,SYN-02,1,1
19357,IT_ACT_SYN,SYN-02,1,1
19358,IPC_SYN,SYN-01,1,1
19359,IPC_SYN,SYN-01,1,1
19360,IPC_SYN,SYN-01,1,1
19361,IPC_SYN,SYN-01,1,1
19362,SPECIAL_LAW_SYN,SYN-03,1,1
19363,IPC_SYN,SYN-01,1,1
19364,IPC_SYN,SYN-01,1,1
19365,SPECIAL_LAW_SYN,SYN-03,1,1
19366,SPECIAL_LAW_SYN,SYN-03,1,1
19367,IPC_SYN,SYN-01,1,1
19368,SPECIAL_LAW_SYN,SYN-03,1,1
19369,SPECIAL_LAW_SYN,SYN-03,1,1
19370,IPC_SYN,SYN-01,1,1
19371,SPECIAL_LAW_SYN,SYN-03,1,1
19372,IPC_SYN,SYN-01,1,1
19373,SPECIAL_LAW_SYN,SYN-03,1,1
19374,SPECIAL_LAW_SYN,SYN-03,1,1
19375,IPC_SYN,SYN-01,1,1
19376,SPECIAL_LAW_SYN,SYN-03,1,1
19377,IT_ACT_SYN,SYN-02,1,1
19378,SPECIAL_LAW_SYN,SYN-03,1,1
19379,SPECIAL_LAW_SYN,SYN-03,1,1
19380,IPC_SYN,SYN-01,1,1
19381,IT_ACT_SYN,SYN-02,1,1
19382,IPC_SYN,SYN-01,1,1
19383,SPECIAL_LAW_SYN,SYN-03,1,1
19384,SPECIAL_LAW_SYN,SYN-03,1,1
19385,IPC_SYN,SYN-01,1,1
19386,SPECIAL_LAW_SYN,SYN-03,1,1
19387,SPECIAL_LAW_SYN,SYN-03,1,1
19388,SPECIAL_LAW_SYN,SYN-03,1,1
19389,IT_ACT_SYN,SYN-02,1,1
19390,SPECIAL_LAW_SYN,SYN-03,1,1
19391,SPECIAL_LAW_SYN,SYN-03,1,1
19392,IPC_SYN,SYN-01,1,1
19393,IPC_SYN,SYN-01,1,1
19394,IPC_SYN,SYN-01,1,1
19395,IPC_SYN,SYN-01,1,1
19396,IPC_SYN,SYN-01,1,1
19397,IPC_SYN,SYN-01,1,1
19398,IT_ACT_SYN,SYN-02,1,1
19399,IPC_SYN,SYN-01,1,1
19400,IPC_SYN,SYN-01,1,1
19401,IPC_SYN,SYN-01,1,1
19402,IPC_SYN,SYN-01,1,1
19403,SPECIAL_LAW_SYN,SYN-03,1,1
19404,IT_ACT_SYN,SYN-02,1,1
19405,SPECIAL_LAW_SYN,SYN-03,1,1
19406,IPC_SYN,SYN-01,1,1
19407,IPC_SYN,SYN-01,1,1
19408,SPECIAL_LAW_SYN,SYN-03,1,1
19409,IPC_SYN,SYN-01,1,1
19410,SPECIAL_LAW_SYN,SYN-03,1,1
19411,IT_ACT_SYN,SYN-02,1,1
19412,IPC_SYN,SYN-01,1,1
19413,IPC_SYN,SYN-01,1,1
19414,IPC_SYN,SYN-01,1,1
19415,IPC_SYN,SYN-01,1,1
19416,IPC_SYN,SYN-01,1,1
19417,SPECIAL_LAW_SYN,SYN-03,1,1
19418,SPECIAL_LAW_SYN,SYN-03,1,1
19419,IT_ACT_SYN,SYN-02,1,1
19420,SPECIAL_LAW_SYN,SYN-03,1,1
19421,SPECIAL_LAW_SYN,SYN-03,1,1
19422,IPC_SYN,SYN-01,1,1
19423,IPC_SYN,SYN-01,1,1
19424,IPC_SYN,SYN-01,1,1
19425,IPC_SYN,SYN-01,1,1
19426,IPC_SYN,SYN-01,1,1
19427,IPC_SYN,SYN-01,1,1
19428,IPC_SYN,SYN-01,1,1
19429,IPC_SYN,SYN-01,1,1
19430,IPC_SYN,SYN-01,1,1
19431,IPC_SYN,SYN-01,1,1
19432,SPECIAL_LAW_SYN,SYN-03,1,1
19433,IPC_SYN,SYN-01,1,1
19434,SPECIAL_LAW_SYN,SYN-03,1,1
19435,IPC_SYN,SYN-01,1,1
19436,IPC_SYN,SYN-01,1,1
19437,SPECIAL_LAW_SYN,SYN-03,1,1
19438,IT_ACT_SYN,SYN-02,1,1
19439,IPC_SYN,SYN-01,1,1
19440,IT_ACT_SYN,SYN-02,1,1
19441,IPC_SYN,SYN-01,1,1
19442,IPC_SYN,SYN-01,1,1
19443,IT_ACT_SYN,SYN-02,1,1
19444,IPC_SYN,SYN-01,1,1
19445,IT_ACT_SYN,SYN-02,1,1
19446,IPC_SYN,SYN-01,1,1
19447,IPC_SYN,SYN-01,1,1
19448,SPECIAL_LAW_SYN,SYN-03,1,1
19449,IPC_SYN,SYN-01,1,1
19450,IT_ACT_SYN,SYN-02,1,1
19451,IPC_SYN,SYN-01,1,1
19452,IPC_SYN,SYN-01,1,1
19453,IPC_SYN,SYN-01,1,1
19454,IPC_SYN,SYN-01,1,1
19455,SPECIAL_LAW_SYN,SYN-03,1,1
19456,IPC_SYN,SYN-01,1,1
19457,IPC_SYN,SYN-01,1,1
19458,IPC_SYN,SYN-01,1,1
19459,IPC_SYN,SYN-01,1,1
19460,SPECIAL_LAW_SYN,SYN-03,1,1
19461,IPC_SYN,SYN-01,1,1
19462,IPC_SYN,SYN-01,1,1
19463,IPC_SYN,SYN-01,1,1
19464,IPC_SYN,SYN-01,1,1
19465,IPC_SYN,SYN-01,1,1
19466,IPC_SYN,SYN-01,1,1
19467,IPC_SYN,SYN-01,1,1
19468,IPC_SYN,SYN-01,1,1
19469,IPC_SYN,SYN-01,1,1
19470,IPC_SYN,SYN-01,1,1
19471,SPECIAL_LAW_SYN,SYN-03,1,1
19472,IT_ACT_SYN,SYN-02,1,1
19473,IPC_SYN,SYN-01,1,1
19474,IPC_SYN,SYN-01,1,1
19475,IPC_SYN,SYN-01,1,1
19476,IPC_SYN,SYN-01,1,1
19477,IPC_SYN,SYN-01,1,1
19478,IPC_SYN,SYN-01,1,1
19479,IPC_SYN,SYN-01,1,1
19480,SPECIAL_LAW_SYN,SYN-03,1,1
19481,IT_ACT_SYN,SYN-02,1,1
19482,SPECIAL_LAW_SYN,SYN-03,1,1
19483,SPECIAL_LAW_SYN,SYN-03,1,1
19484,IT_ACT_SYN,SYN-02,1,1
19485,IPC_SYN,SYN-01,1,1
19486,IT_ACT_SYN,SYN-02,1,1
19487,SPECIAL_LAW_SYN,SYN-03,1,1
19488,IPC_SYN,SYN-01,1,1
19489,SPECIAL_LAW_SYN,SYN-03,1,1
19490,IPC_SYN,SYN-01,1,1
19491,IPC_SYN,SYN-01,1,1
19492,IPC_SYN,SYN-01,1,1
19493,SPECIAL_LAW_SYN,SYN-03,1,1
19494,SPECIAL_LAW_SYN,SYN-03,1,1
19495,IPC_SYN,SYN-01,1,1
19496,SPECIAL_LAW_SYN,SYN-03,1,1
19497,SPECIAL_LAW_SYN,SYN-03,1,1
19498,IPC_SYN,SYN-01,1,1
19499,IT_ACT_SYN,SYN-02,1,1
19500,SPECIAL_LAW_SYN,SYN-03,1,1
19501,IT_ACT_SYN,SYN-02,1,1
19502,IPC_SYN,SYN-01,1,1
19503,SPECIAL_LAW_SYN,SYN-03,1,1
19504,IPC_SYN,SYN-01,1,1
19505,IPC_SYN,SYN-01,1,1
19506,IPC_SYN,SYN-01,1,1
19507,IT_ACT_SYN,SYN-02,1,1
19508,SPECIAL_LAW_SYN,SYN-03,1,1
19509,IPC_SYN,SYN-01,1,1
19510,SPECIAL_LAW_SYN,SYN-03,1,1
19511,SPECIAL_LAW_SYN,SYN-03,1,1
19512,IPC_SYN,SYN-01,1,1
19513,IPC_SYN,SYN-01,1,1
19514,SPECIAL_LAW_SYN,SYN-03,1,1
19515,SPECIAL_LAW_SYN,SYN-03,1,1
19516,IPC_SYN,SYN-01,1,1
19517,IPC_SYN,SYN-01,1,1
19518,IPC_SYN,SYN-01,1,1
19519,SPECIAL_LAW_SYN,SYN-03,1,1
19520,IT_ACT_SYN,SYN-02,1,1
19521,IPC_SYN,SYN-01,1,1
19522,IPC_SYN,SYN-01,1,1
19523,SPECIAL_LAW_SYN,SYN-03,1,1
19524,IPC_SYN,SYN-01,1,1
19525,IT_ACT_SYN,SYN-02,1,1
19526,IT_ACT_SYN,SYN-02,1,1
19527,IPC_SYN,SYN-01,1,1
19528,IPC_SYN,SYN-01,1,1
19529,IPC_SYN,SYN-01,1,1
19530,IPC_SYN,SYN-01,1,1
19531,SPECIAL_LAW_SYN,SYN-03,1,1
19532,IPC_SYN,SYN-01,1,1
19533,IPC_SYN,SYN-01,1,1
19534,SPECIAL_LAW_SYN,SYN-03,1,1
19535,IPC_SYN,SYN-01,1,1
19536,SPECIAL_LAW_SYN,SYN-03,1,1
19537,IPC_SYN,SYN-01,1,1
19538,SPECIAL_LAW_SYN,SYN-03,1,1
19539,IPC_SYN,SYN-01,1,1
19540,IPC_SYN,SYN-01,1,1
19541,SPECIAL_LAW_SYN,SYN-03,1,1
19542,IPC_SYN,SYN-01,1,1
19543,IPC_SYN,SYN-01,1,1
19544,SPECIAL_LAW_SYN,SYN-03,1,1
19545,IPC_SYN,SYN-01,1,1
19546,SPECIAL_LAW_SYN,SYN-03,1,1
19547,SPECIAL_LAW_SYN,SYN-03,1,1
19548,IPC_SYN,SYN-01,1,1
19549,SPECIAL_LAW_SYN,SYN-03,1,1
19550,IPC_SYN,SYN-01,1,1
19551,IPC_SYN,SYN-01,1,1
19552,IPC_SYN,SYN-01,1,1
19553,IPC_SYN,SYN-01,1,1
19554,IPC_SYN,SYN-01,1,1
19555,IPC_SYN,SYN-01,1,1
19556,IT_ACT_SYN,SYN-02,1,1
19557,IPC_SYN,SYN-01,1,1
19558,SPECIAL_LAW_SYN,SYN-03,1,1
19559,SPECIAL_LAW_SYN,SYN-03,1,1
19560,IPC_SYN,SYN-01,1,1
19561,IT_ACT_SYN,SYN-02,1,1
19562,IPC_SYN,SYN-01,1,1
19563,IPC_SYN,SYN-01,1,1
19564,SPECIAL_LAW_SYN,SYN-03,1,1
19565,SPECIAL_LAW_SYN,SYN-03,1,1
19566,SPECIAL_LAW_SYN,SYN-03,1,1
19567,SPECIAL_LAW_SYN,SYN-03,1,1
19568,SPECIAL_LAW_SYN,SYN-03,1,1
19569,SPECIAL_LAW_SYN,SYN-03,1,1
19570,IPC_SYN,SYN-01,1,1
19571,SPECIAL_LAW_SYN,SYN-03,1,1
19572,IT_ACT_SYN,SYN-02,1,1
19573,SPECIAL_LAW_SYN,SYN-03,1,1
19574,IPC_SYN,SYN-01,1,1
19575,IPC_SYN,SYN-01,1,1
19576,IPC_SYN,SYN-01,1,1
19577,IPC_SYN,SYN-01,1,1
19578,SPECIAL_LAW_SYN,SYN-03,1,1
19579,IPC_SYN,SYN-01,1,1
19580,SPECIAL_LAW_SYN,SYN-03,1,1
19581,IPC_SYN,SYN-01,1,1
19582,IT_ACT_SYN,SYN-02,1,1
19583,IPC_SYN,SYN-01,1,1
19584,SPECIAL_LAW_SYN,SYN-03,1,1
19585,IPC_SYN,SYN-01,1,1
19586,IPC_SYN,SYN-01,1,1
19587,SPECIAL_LAW_SYN,SYN-03,1,1
19588,IT_ACT_SYN,SYN-02,1,1
19589,IPC_SYN,SYN-01,1,1
19590,IPC_SYN,SYN-01,1,1
19591,IPC_SYN,SYN-01,1,1
19592,IPC_SYN,SYN-01,1,1
19593,IT_ACT_SYN,SYN-02,1,1
19594,SPECIAL_LAW_SYN,SYN-03,1,1
19595,IPC_SYN,SYN-01,1,1
19596,IPC_SYN,SYN-01,1,1
19597,SPECIAL_LAW_SYN,SYN-03,1,1
19598,IPC_SYN,SYN-01,1,1
19599,SPECIAL_LAW_SYN,SYN-03,1,1
19600,IPC_SYN,SYN-01,1,1
19601,SPECIAL_LAW_SYN,SYN-03,1,1
19602,IPC_SYN,SYN-01,1,1
19603,IT_ACT_SYN,SYN-02,1,1
19604,IPC_SYN,SYN-01,1,1
19605,IPC_SYN,SYN-01,1,1
19606,IT_ACT_SYN,SYN-02,1,1
19607,IT_ACT_SYN,SYN-02,1,1
19608,IPC_SYN,SYN-01,1,1
19609,IPC_SYN,SYN-01,1,1
19610,IPC_SYN,SYN-01,1,1
19611,IPC_SYN,SYN-01,1,1
19612,IT_ACT_SYN,SYN-02,1,1
19613,IPC_SYN,SYN-01,1,1
19614,IPC_SYN,SYN-01,1,1
19615,SPECIAL_LAW_SYN,SYN-03,1,1
19616,IPC_SYN,SYN-01,1,1
19617,SPECIAL_LAW_SYN,SYN-03,1,1
19618,SPECIAL_LAW_SYN,SYN-03,1,1
19619,IPC_SYN,SYN-01,1,1
19620,IPC_SYN,SYN-01,1,1
19621,SPECIAL_LAW_SYN,SYN-03,1,1
19622,IPC_SYN,SYN-01,1,1
19623,IPC_SYN,SYN-01,1,1
19624,IPC_SYN,SYN-01,1,1
19625,IPC_SYN,SYN-01,1,1
19626,IPC_SYN,SYN-01,1,1
19627,IPC_SYN,SYN-01,1,1
19628,IT_ACT_SYN,SYN-02,1,1
19629,SPECIAL_LAW_SYN,SYN-03,1,1
19630,IPC_SYN,SYN-01,1,1
19631,IPC_SYN,SYN-01,1,1
19632,SPECIAL_LAW_SYN,SYN-03,1,1
19633,IPC_SYN,SYN-01,1,1
19634,IPC_SYN,SYN-01,1,1
19635,IT_ACT_SYN,SYN-02,1,1
19636,IPC_SYN,SYN-01,1,1
19637,IPC_SYN,SYN-01,1,1
19638,IPC_SYN,SYN-01,1,1
19639,IPC_SYN,SYN-01,1,1
19640,IPC_SYN,SYN-01,1,1
19641,IPC_SYN,SYN-01,1,1
19642,SPECIAL_LAW_SYN,SYN-03,1,1
19643,IPC_SYN,SYN-01,1,1
19644,SPECIAL_LAW_SYN,SYN-03,1,1
19645,IPC_SYN,SYN-01,1,1
19646,IT_ACT_SYN,SYN-02,1,1
19647,IPC_SYN,SYN-01,1,1
19648,IPC_SYN,SYN-01,1,1
19649,IPC_SYN,SYN-01,1,1
19650,SPECIAL_LAW_SYN,SYN-03,1,1
19651,SPECIAL_LAW_SYN,SYN-03,1,1
19652,SPECIAL_LAW_SYN,SYN-03,1,1
19653,SPECIAL_LAW_SYN,SYN-03,1,1
19654,SPECIAL_LAW_SYN,SYN-03,1,1
19655,IPC_SYN,SYN-01,1,1
19656,IPC_SYN,SYN-01,1,1
19657,IPC_SYN,SYN-01,1,1
19658,SPECIAL_LAW_SYN,SYN-03,1,1
19659,IPC_SYN,SYN-01,1,1
19660,IPC_SYN,SYN-01,1,1
19661,IPC_SYN,SYN-01,1,1
19662,SPECIAL_LAW_SYN,SYN-03,1,1
19663,IPC_SYN,SYN-01,1,1
19664,IPC_SYN,SYN-01,1,1
19665,IPC_SYN,SYN-01,1,1
19666,SPECIAL_LAW_SYN,SYN-03,1,1
19667,IPC_SYN,SYN-01,1,1
19668,IPC_SYN,SYN-01,1,1
19669,SPECIAL_LAW_SYN,SYN-03,1,1
19670,IPC_SYN,SYN-01,1,1
19671,IPC_SYN,SYN-01,1,1
19672,IPC_SYN,SYN-01,1,1
19673,SPECIAL_LAW_SYN,SYN-03,1,1
19674,SPECIAL_LAW_SYN,SYN-03,1,1
19675,SPECIAL_LAW_SYN,SYN-03,1,1
19676,SPECIAL_LAW_SYN,SYN-03,1,1
19677,IPC_SYN,SYN-01,1,1
19678,IPC_SYN,SYN-01,1,1
19679,SPECIAL_LAW_SYN,SYN-03,1,1
19680,SPECIAL_LAW_SYN,SYN-03,1,1
19681,IT_ACT_SYN,SYN-02,1,1
19682,IT_ACT_SYN,SYN-02,1,1
19683,IPC_SYN,SYN-01,1,1
19684,IPC_SYN,SYN-01,1,1
19685,IPC_SYN,SYN-01,1,1
19686,IPC_SYN,SYN-01,1,1
19687,IPC_SYN,SYN-01,1,1
19688,IPC_SYN,SYN-01,1,1
19689,IPC_SYN,SYN-01,1,1
19690,SPECIAL_LAW_SYN,SYN-03,1,1
19691,SPECIAL_LAW_SYN,SYN-03,1,1
19692,IPC_SYN,SYN-01,1,1
19693,SPECIAL_LAW_SYN,SYN-03,1,1
19694,IT_ACT_SYN,SYN-02,1,1
19695,SPECIAL_LAW_SYN,SYN-03,1,1
19696,IPC_SYN,SYN-01,1,1
19697,IT_ACT_SYN,SYN-02,1,1
19698,IPC_SYN,SYN-01,1,1
19699,SPECIAL_LAW_SYN,SYN-03,1,1
19700,IPC_SYN,SYN-01,1,1
19701,SPECIAL_LAW_SYN,SYN-03,1,1
19702,SPECIAL_LAW_SYN,SYN-03,1,1
19703,IPC_SYN,SYN-01,1,1
19704,IPC_SYN,SYN-01,1,1
19705,IPC_SYN,SYN-01,1,1
19706,IT_ACT_SYN,SYN-02,1,1
19707,IPC_SYN,SYN-01,1,1
19708,IPC_SYN,SYN-01,1,1
19709,IT_ACT_SYN,SYN-02,1,1
19710,IPC_SYN,SYN-01,1,1
19711,SPECIAL_LAW_SYN,SYN-03,1,1
19712,SPECIAL_LAW_SYN,SYN-03,1,1
19713,IT_ACT_SYN,SYN-02,1,1
19714,IPC_SYN,SYN-01,1,1
19715,IT_ACT_SYN,SYN-02,1,1
19716,SPECIAL_LAW_SYN,SYN-03,1,1
19717,SPECIAL_LAW_SYN,SYN-03,1,1
19718,IT_ACT_SYN,SYN-02,1,1
19719,IPC_SYN,SYN-01,1,1
19720,SPECIAL_LAW_SYN,SYN-03,1,1
19721,IPC_SYN,SYN-01,1,1
19722,IPC_SYN,SYN-01,1,1
19723,IPC_SYN,SYN-01,1,1
19724,IPC_SYN,SYN-01,1,1
19725,IPC_SYN,SYN-01,1,1
19726,SPECIAL_LAW_SYN,SYN-03,1,1
19727,IPC_SYN,SYN-01,1,1
19728,SPECIAL_LAW_SYN,SYN-03,1,1
19729,IPC_SYN,SYN-01,1,1
19730,IT_ACT_SYN,SYN-02,1,1
19731,IPC_SYN,SYN-01,1,1
19732,IT_ACT_SYN,SYN-02,1,1
19733,IPC_SYN,SYN-01,1,1
19734,IPC_SYN,SYN-01,1,1
19735,SPECIAL_LAW_SYN,SYN-03,1,1
19736,IPC_SYN,SYN-01,1,1
19737,SPECIAL_LAW_SYN,SYN-03,1,1
19738,IPC_SYN,SYN-01,1,1
19739,IPC_SYN,SYN-01,1,1
19740,IPC_SYN,SYN-01,1,1
19741,IPC_SYN,SYN-01,1,1
19742,IPC_SYN,SYN-01,1,1
19743,IT_ACT_SYN,SYN-02,1,1
19744,IPC_SYN,SYN-01,1,1
19745,SPECIAL_LAW_SYN,SYN-03,1,1
19746,IPC_SYN,SYN-01,1,1
19747,IPC_SYN,SYN-01,1,1
19748,IT_ACT_SYN,SYN-02,1,1
19749,IPC_SYN,SYN-01,1,1
19750,IPC_SYN,SYN-01,1,1
19751,IPC_SYN,SYN-01,1,1
19752,IT_ACT_SYN,SYN-02,1,1
19753,SPECIAL_LAW_SYN,SYN-03,1,1
19754,SPECIAL_LAW_SYN,SYN-03,1,1
19755,IT_ACT_SYN,SYN-02,1,1
19756,IPC_SYN,SYN-01,1,1
19757,IPC_SYN,SYN-01,1,1
19758,IPC_SYN,SYN-01,1,1
19759,SPECIAL_LAW_SYN,SYN-03,1,1
19760,SPECIAL_LAW_SYN,SYN-03,1,1
19761,IPC_SYN,SYN-01,1,1
19762,IPC_SYN,SYN-01,1,1
19763,IPC_SYN,SYN-01,1,1
19764,IPC_SYN,SYN-01,1,1
19765,SPECIAL_LAW_SYN,SYN-03,1,1
19766,SPECIAL_LAW_SYN,SYN-03,1,1
19767,SPECIAL_LAW_SYN,SYN-03,1,1
19768,IPC_SYN,SYN-01,1,1
19769,IPC_SYN,SYN-01,1,1
19770,IPC_SYN,SYN-01,1,1
19771,IPC_SYN,SYN-01,1,1
19772,SPECIAL_LAW_SYN,SYN-03,1,1
19773,IT_ACT_SYN,SYN-02,1,1
19774,IPC_SYN,SYN-01,1,1
19775,IPC_SYN,SYN-01,1,1
19776,IPC_SYN,SYN-01,1,1
19777,IPC_SYN,SYN-01,1,1
19778,IT_ACT_SYN,SYN-02,1,1
19779,IPC_SYN,SYN-01,1,1
19780,IT_ACT_SYN,SYN-02,1,1
19781,IPC_SYN,SYN-01,1,1
19782,SPECIAL_LAW_SYN,SYN-03,1,1
19783,SPECIAL_LAW_SYN,SYN-03,1,1
19784,IT_ACT_SYN,SYN-02,1,1
19785,IPC_SYN,SYN-01,1,1
19786,SPECIAL_LAW_SYN,SYN-03,1,1
19787,IPC_SYN,SYN-01,1,1
19788,IPC_SYN,SYN-01,1,1
19789,SPECIAL_LAW_SYN,SYN-03,1,1
19790,SPECIAL_LAW_SYN,SYN-03,1,1
19791,IPC_SYN,SYN-01,1,1
19792,IPC_SYN,SYN-01,1,1
19793,IPC_SYN,SYN-01,1,1
19794,IPC_SYN,SYN-01,1,1
19795,IPC_SYN,SYN-01,1,1
19796,IPC_SYN,SYN-01,1,1
19797,IPC_SYN,SYN-01,1,1
19798,IPC_SYN,SYN-01,1,1
19799,SPECIAL_LAW_SYN,SYN-03,1,1
19800,IT_ACT_SYN,SYN-02,1,1
19801,IPC_SYN,SYN-01,1,1
19802,SPECIAL_LAW_SYN,SYN-03,1,1
19803,IT_ACT_SYN,SYN-02,1,1
19804,IPC_SYN,SYN-01,1,1
19805,IPC_SYN,SYN-01,1,1
19806,IPC_SYN,SYN-01,1,1
19807,IPC_SYN,SYN-01,1,1
19808,IPC_SYN,SYN-01,1,1
19809,SPECIAL_LAW_SYN,SYN-03,1,1
19810,IPC_SYN,SYN-01,1,1
19811,IPC_SYN,SYN-01,1,1
19812,IPC_SYN,SYN-01,1,1
19813,IPC_SYN,SYN-01,1,1
19814,IPC_SYN,SYN-01,1,1
19815,IT_ACT_SYN,SYN-02,1,1
19816,SPECIAL_LAW_SYN,SYN-03,1,1
19817,IPC_SYN,SYN-01,1,1
19818,IPC_SYN,SYN-01,1,1
19819,SPECIAL_LAW_SYN,SYN-03,1,1
19820,IPC_SYN,SYN-01,1,1
19821,SPECIAL_LAW_SYN,SYN-03,1,1
19822,IPC_SYN,SYN-01,1,1
19823,IPC_SYN,SYN-01,1,1
19824,IPC_SYN,SYN-01,1,1
19825,IPC_SYN,SYN-01,1,1
19826,SPECIAL_LAW_SYN,SYN-03,1,1
19827,IPC_SYN,SYN-01,1,1
19828,SPECIAL_LAW_SYN,SYN-03,1,1
19829,IT_ACT_SYN,SYN-02,1,1
19830,IPC_SYN,SYN-01,1,1
19831,IT_ACT_SYN,SYN-02,1,1
19832,IT_ACT_SYN,SYN-02,1,1
19833,IPC_SYN,SYN-01,1,1
19834,IPC_SYN,SYN-01,1,1
19835,IPC_SYN,SYN-01,1,1
19836,IPC_SYN,SYN-01,1,1
19837,IT_ACT_SYN,SYN-02,1,1
19838,IPC_SYN,SYN-01,1,1
19839,SPECIAL_LAW_SYN,SYN-03,1,1
19840,SPECIAL_LAW_SYN,SYN-03,1,1
19841,IPC_SYN,SYN-01,1,1
19842,SPECIAL_LAW_SYN,SYN-03,1,1
19843,SPECIAL_LAW_SYN,SYN-03,1,1
19844,IPC_SYN,SYN-01,1,1
19845,SPECIAL_LAW_SYN,SYN-03,1,1
19846,IPC_SYN,SYN-01,1,1
19847,SPECIAL_LAW_SYN,SYN-03,1,1
19848,IPC_SYN,SYN-01,1,1
19849,IPC_SYN,SYN-01,1,1
19850,IT_ACT_SYN,SYN-02,1,1
19851,IPC_SYN,SYN-01,1,1
19852,IPC_SYN,SYN-01,1,1
19853,SPECIAL_LAW_SYN,SYN-03,1,1
19854,IPC_SYN,SYN-01,1,1
19855,IPC_SYN,SYN-01,1,1
19856,IPC_SYN,SYN-01,1,1
19857,SPECIAL_LAW_SYN,SYN-03,1,1
19858,SPECIAL_LAW_SYN,SYN-03,1,1
19859,IPC_SYN,SYN-01,1,1
19860,IPC_SYN,SYN-01,1,1
19861,SPECIAL_LAW_SYN,SYN-03,1,1
19862,IPC_SYN,SYN-01,1,1
19863,IPC_SYN,SYN-01,1,1
19864,IT_ACT_SYN,SYN-02,1,1
19865,IPC_SYN,SYN-01,1,1
19866,IPC_SYN,SYN-01,1,1
19867,IPC_SYN,SYN-01,1,1
19868,IPC_SYN,SYN-01,1,1
19869,IPC_SYN,SYN-01,1,1
19870,IPC_SYN,SYN-01,1,1
19871,IPC_SYN,SYN-01,1,1
19872,IPC_SYN,SYN-01,1,1
19873,IPC_SYN,SYN-01,1,1
19874,SPECIAL_LAW_SYN,SYN-03,1,1
19875,IPC_SYN,SYN-01,1,1
19876,SPECIAL_LAW_SYN,SYN-03,1,1
19877,IPC_SYN,SYN-01,1,1
19878,IPC_SYN,SYN-01,1,1
19879,IPC_SYN,SYN-01,1,1
19880,IPC_SYN,SYN-01,1,1
19881,IPC_SYN,SYN-01,1,1
19882,IPC_SYN,SYN-01,1,1
19883,SPECIAL_LAW_SYN,SYN-03,1,1
19884,IT_ACT_SYN,SYN-02,1,1
19885,IPC_SYN,SYN-01,1,1
19886,IPC_SYN,SYN-01,1,1
19887,IPC_SYN,SYN-01,1,1
19888,IPC_SYN,SYN-01,1,1
19889,IPC_SYN,SYN-01,1,1
19890,IPC_SYN,SYN-01,1,1
19891,IPC_SYN,SYN-01,1,1
19892,IPC_SYN,SYN-01,1,1
19893,IPC_SYN,SYN-01,1,1
19894,IPC_SYN,SYN-01,1,1
19895,IPC_SYN,SYN-01,1,1
19896,IPC_SYN,SYN-01,1,1
19897,SPECIAL_LAW_SYN,SYN-03,1,1
19898,IPC_SYN,SYN-01,1,1
19899,IT_ACT_SYN,SYN-02,1,1
19900,SPECIAL_LAW_SYN,SYN-03,1,1
19901,IPC_SYN,SYN-01,1,1
19902,IPC_SYN,SYN-01,1,1
19903,IT_ACT_SYN,SYN-02,1,1
19904,IPC_SYN,SYN-01,1,1
19905,SPECIAL_LAW_SYN,SYN-03,1,1
19906,SPECIAL_LAW_SYN,SYN-03,1,1
19907,IPC_SYN,SYN-01,1,1
19908,IPC_SYN,SYN-01,1,1
19909,IPC_SYN,SYN-01,1,1
19910,SPECIAL_LAW_SYN,SYN-03,1,1
19911,IPC_SYN,SYN-01,1,1
19912,IPC_SYN,SYN-01,1,1
19913,IT_ACT_SYN,SYN-02,1,1
19914,SPECIAL_LAW_SYN,SYN-03,1,1
19915,SPECIAL_LAW_SYN,SYN-03,1,1
19916,IT_ACT_SYN,SYN-02,1,1
19917,SPECIAL_LAW_SYN,SYN-03,1,1
19918,IPC_SYN,SYN-01,1,1
19919,IPC_SYN,SYN-01,1,1
19920,SPECIAL_LAW_SYN,SYN-03,1,1
19921,IPC_SYN,SYN-01,1,1
19922,IPC_SYN,SYN-01,1,1
19923,SPECIAL_LAW_SYN,SYN-03,1,1
19924,IPC_SYN,SYN-01,1,1
19925,SPECIAL_LAW_SYN,SYN-03,1,1
19926,IPC_SYN,SYN-01,1,1
19927,IPC_SYN,SYN-01,1,1
19928,IPC_SYN,SYN-01,1,1
19929,IT_ACT_SYN,SYN-02,1,1
19930,SPECIAL_LAW_SYN,SYN-03,1,1
19931,IPC_SYN,SYN-01,1,1
19932,SPECIAL_LAW_SYN,SYN-03,1,1
19933,IPC_SYN,SYN-01,1,1
19934,SPECIAL_LAW_SYN,SYN-03,1,1
19935,SPECIAL_LAW_SYN,SYN-03,1,1
19936,IPC_SYN,SYN-01,1,1
19937,SPECIAL_LAW_SYN,SYN-03,1,1
19938,SPECIAL_LAW_SYN,SYN-03,1,1
19939,IPC_SYN,SYN-01,1,1
19940,IPC_SYN,SYN-01,1,1
19941,SPECIAL_LAW_SYN,SYN-03,1,1
19942,IPC_SYN,SYN-01,1,1
19943,IT_ACT_SYN,SYN-02,1,1
19944,SPECIAL_LAW_SYN,SYN-03,1,1
19945,IPC_SYN,SYN-01,1,1
19946,IPC_SYN,SYN-01,1,1
19947,IPC_SYN,SYN-01,1,1
19948,SPECIAL_LAW_SYN,SYN-03,1,1
19949,IPC_SYN,SYN-01,1,1
19950,IPC_SYN,SYN-01,1,1
19951,IT_ACT_SYN,SYN-02,1,1
19952,SPECIAL_LAW_SYN,SYN-03,1,1
19953,IPC_SYN,SYN-01,1,1
19954,IPC_SYN,SYN-01,1,1
19955,SPECIAL_LAW_SYN,SYN-03,1,1
19956,SPECIAL_LAW_SYN,SYN-03,1,1
19957,IT_ACT_SYN,SYN-02,1,1
19958,SPECIAL_LAW_SYN,SYN-03,1,1
19959,IT_ACT_SYN,SYN-02,1,1
19960,IT_ACT_SYN,SYN-02,1,1
19961,IPC_SYN,SYN-01,1,1
19962,IPC_SYN,SYN-01,1,1
19963,IPC_SYN,SYN-01,1,1
19964,IPC_SYN,SYN-01,1,1
19965,SPECIAL_LAW_SYN,SYN-03,1,1
19966,IPC_SYN,SYN-01,1,1
19967,SPECIAL_LAW_SYN,SYN-03,1,1
19968,IPC_SYN,SYN-01,1,1
19969,IPC_SYN,SYN-01,1,1
19970,SPECIAL_LAW_SYN,SYN-03,1,1
19971,IPC_SYN,SYN-01,1,1
19972,SPECIAL_LAW_SYN,SYN-03,1,1
19973,SPECIAL_LAW_SYN,SYN-03,1,1
19974,IPC_SYN,SYN-01,1,1
19975,IPC_SYN,SYN-01,1,1
19976,IT_ACT_SYN,SYN-02,1,1
19977,IPC_SYN,SYN-01,1,1
19978,IPC_SYN,SYN-01,1,1
19979,SPECIAL_LAW_SYN,SYN-03,1,1
19980,IT_ACT_SYN,SYN-02,1,1
19981,IPC_SYN,SYN-01,1,1
19982,IPC_SYN,SYN-01,1,1
19983,IPC_SYN,SYN-01,1,1
19984,IPC_SYN,SYN-01,1,1
19985,SPECIAL_LAW_SYN,SYN-03,1,1
19986,IPC_SYN,SYN-01,1,1
19987,IPC_SYN,SYN-01,1,1
19988,IPC_SYN,SYN-01,1,1
19989,IPC_SYN,SYN-01,1,1
19990,SPECIAL_LAW_SYN,SYN-03,1,1
19991,IPC_SYN,SYN-01,1,1
19992,IPC_SYN,SYN-01,1,1
19993,IPC_SYN,SYN-01,1,1
19994,SPECIAL_LAW_SYN,SYN-03,1,1
19995,IT_ACT_SYN,SYN-02,1,1
19996,IT_ACT_SYN,SYN-02,1,1
19997,IPC_SYN,SYN-01,1,1
19998,IPC_SYN,SYN-01,1,1
19999,IPC_SYN,SYN-01,1,1
20000,IPC_SYN,SYN-01,1,1
20001,IT_ACT_SYN,SYN-02,1,1
20002,IT_ACT_SYN,SYN-02,1,1
20003,IT_ACT_SYN,SYN-02,1,1
20004,IPC_SYN,SYN-01,1,1
20005,SPECIAL_LAW_SYN,SYN-03,1,1
20006,IPC_SYN,SYN-01,1,1
20007,IPC_SYN,SYN-01,1,1
20008,SPECIAL_LAW_SYN,SYN-03,1,1
20009,IPC_SYN,SYN-01,1,1
20010,IPC_SYN,SYN-01,1,1
20011,IPC_SYN,SYN-01,1,1
20012,IT_ACT_SYN,SYN-02,1,1
20013,IPC_SYN,SYN-01,1,1
20014,SPECIAL_LAW_SYN,SYN-03,1,1
20015,IPC_SYN,SYN-01,1,1
20016,SPECIAL_LAW_SYN,SYN-03,1,1
20017,SPECIAL_LAW_SYN,SYN-03,1,1
20018,SPECIAL_LAW_SYN,SYN-03,1,1
20019,SPECIAL_LAW_SYN,SYN-03,1,1
20020,SPECIAL_LAW_SYN,SYN-03,1,1
20021,SPECIAL_LAW_SYN,SYN-03,1,1
20022,IPC_SYN,SYN-01,1,1
20023,IPC_SYN,SYN-01,1,1
20024,SPECIAL_LAW_SYN,SYN-03,1,1
20025,IT_ACT_SYN,SYN-02,1,1
20026,IPC_SYN,SYN-01,1,1
20027,IPC_SYN,SYN-01,1,1
20028,SPECIAL_LAW_SYN,SYN-03,1,1
20029,IPC_SYN,SYN-01,1,1
20030,IPC_SYN,SYN-01,1,1
20031,SPECIAL_LAW_SYN,SYN-03,1,1
20032,IPC_SYN,SYN-01,1,1
20033,IPC_SYN,SYN-01,1,1
20034,IPC_SYN,SYN-01,1,1
20035,IPC_SYN,SYN-01,1,1
20036,IPC_SYN,SYN-01,1,1
20037,IPC_SYN,SYN-01,1,1
20038,IPC_SYN,SYN-01,1,1
20039,IPC_SYN,SYN-01,1,1
20040,SPECIAL_LAW_SYN,SYN-03,1,1
20041,IPC_SYN,SYN-01,1,1
20042,SPECIAL_LAW_SYN,SYN-03,1,1
20043,IPC_SYN,SYN-01,1,1
20044,SPECIAL_LAW_SYN,SYN-03,1,1
20045,IPC_SYN,SYN-01,1,1
20046,SPECIAL_LAW_SYN,SYN-03,1,1
20047,SPECIAL_LAW_SYN,SYN-03,1,1
20048,IPC_SYN,SYN-01,1,1
20049,IT_ACT_SYN,SYN-02,1,1
20050,SPECIAL_LAW_SYN,SYN-03,1,1
20051,IPC_SYN,SYN-01,1,1
20052,IPC_SYN,SYN-01,1,1
20053,SPECIAL_LAW_SYN,SYN-03,1,1
20054,SPECIAL_LAW_SYN,SYN-03,1,1
20055,IPC_SYN,SYN-01,1,1
20056,IT_ACT_SYN,SYN-02,1,1
20057,IPC_SYN,SYN-01,1,1
20058,SPECIAL_LAW_SYN,SYN-03,1,1
20059,IPC_SYN,SYN-01,1,1
20060,SPECIAL_LAW_SYN,SYN-03,1,1
20061,SPECIAL_LAW_SYN,SYN-03,1,1
20062,IPC_SYN,SYN-01,1,1
20063,IPC_SYN,SYN-01,1,1
20064,SPECIAL_LAW_SYN,SYN-03,1,1
20065,IPC_SYN,SYN-01,1,1
20066,IPC_SYN,SYN-01,1,1
20067,SPECIAL_LAW_SYN,SYN-03,1,1
20068,IPC_SYN,SYN-01,1,1
20069,IPC_SYN,SYN-01,1,1
20070,IPC_SYN,SYN-01,1,1
20071,IPC_SYN,SYN-01,1,1
20072,IPC_SYN,SYN-01,1,1
20073,IT_ACT_SYN,SYN-02,1,1
20074,IPC_SYN,SYN-01,1,1
20075,IT_ACT_SYN,SYN-02,1,1
20076,IT_ACT_SYN,SYN-02,1,1
20077,IT_ACT_SYN,SYN-02,1,1
20078,IPC_SYN,SYN-01,1,1
20079,IPC_SYN,SYN-01,1,1
20080,SPECIAL_LAW_SYN,SYN-03,1,1
20081,IPC_SYN,SYN-01,1,1
20082,IPC_SYN,SYN-01,1,1
20083,SPECIAL_LAW_SYN,SYN-03,1,1
20084,IT_ACT_SYN,SYN-02,1,1
20085,SPECIAL_LAW_SYN,SYN-03,1,1
20086,SPECIAL_LAW_SYN,SYN-03,1,1
20087,IT_ACT_SYN,SYN-02,1,1
20088,IPC_SYN,SYN-01,1,1
20089,IT_ACT_SYN,SYN-02,1,1
20090,IPC_SYN,SYN-01,1,1
20091,IPC_SYN,SYN-01,1,1
20092,IPC_SYN,SYN-01,1,1
20093,SPECIAL_LAW_SYN,SYN-03,1,1
20094,SPECIAL_LAW_SYN,SYN-03,1,1
20095,IPC_SYN,SYN-01,1,1
20096,IPC_SYN,SYN-01,1,1
20097,SPECIAL_LAW_SYN,SYN-03,1,1
20098,IPC_SYN,SYN-01,1,1
20099,IT_ACT_SYN,SYN-02,1,1
20100,IPC_SYN,SYN-01,1,1
20101,IT_ACT_SYN,SYN-02,1,1
20102,IT_ACT_SYN,SYN-02,1,1
20103,IPC_SYN,SYN-01,1,1
20104,IT_ACT_SYN,SYN-02,1,1
20105,SPECIAL_LAW_SYN,SYN-03,1,1
20106,IPC_SYN,SYN-01,1,1
20107,IPC_SYN,SYN-01,1,1
20108,IPC_SYN,SYN-01,1,1
20109,SPECIAL_LAW_SYN,SYN-03,1,1
20110,IPC_SYN,SYN-01,1,1
20111,IPC_SYN,SYN-01,1,1
20112,SPECIAL_LAW_SYN,SYN-03,1,1
20113,SPECIAL_LAW_SYN,SYN-03,1,1
20114,IPC_SYN,SYN-01,1,1
20115,IPC_SYN,SYN-01,1,1
20116,IT_ACT_SYN,SYN-02,1,1
20117,IPC_SYN,SYN-01,1,1
20118,SPECIAL_LAW_SYN,SYN-03,1,1
20119,IPC_SYN,SYN-01,1,1
20120,IPC_SYN,SYN-01,1,1
20121,SPECIAL_LAW_SYN,SYN-03,1,1
20122,IT_ACT_SYN,SYN-02,1,1
20123,IT_ACT_SYN,SYN-02,1,1
20124,IPC_SYN,SYN-01,1,1
20125,IPC_SYN,SYN-01,1,1
20126,IPC_SYN,SYN-01,1,1
20127,IPC_SYN,SYN-01,1,1
20128,IPC_SYN,SYN-01,1,1
20129,IPC_SYN,SYN-01,1,1
20130,SPECIAL_LAW_SYN,SYN-03,1,1
20131,IPC_SYN,SYN-01,1,1
20132,IPC_SYN,SYN-01,1,1
20133,SPECIAL_LAW_SYN,SYN-03,1,1
20134,SPECIAL_LAW_SYN,SYN-03,1,1
20135,IPC_SYN,SYN-01,1,1
20136,IPC_SYN,SYN-01,1,1
20137,SPECIAL_LAW_SYN,SYN-03,1,1
20138,IPC_SYN,SYN-01,1,1
20139,SPECIAL_LAW_SYN,SYN-03,1,1
20140,SPECIAL_LAW_SYN,SYN-03,1,1
20141,IPC_SYN,SYN-01,1,1
20142,SPECIAL_LAW_SYN,SYN-03,1,1
20143,IT_ACT_SYN,SYN-02,1,1
20144,SPECIAL_LAW_SYN,SYN-03,1,1
20145,SPECIAL_LAW_SYN,SYN-03,1,1
20146,IPC_SYN,SYN-01,1,1
20147,IPC_SYN,SYN-01,1,1
20148,IPC_SYN,SYN-01,1,1
20149,IPC_SYN,SYN-01,1,1
20150,IPC_SYN,SYN-01,1,1
20151,IPC_SYN,SYN-01,1,1
20152,IT_ACT_SYN,SYN-02,1,1
20153,IPC_SYN,SYN-01,1,1
20154,IPC_SYN,SYN-01,1,1
20155,SPECIAL_LAW_SYN,SYN-03,1,1
20156,IPC_SYN,SYN-01,1,1
20157,IPC_SYN,SYN-01,1,1
20158,SPECIAL_LAW_SYN,SYN-03,1,1
20159,IPC_SYN,SYN-01,1,1
20160,IPC_SYN,SYN-01,1,1
20161,IPC_SYN,SYN-01,1,1
20162,IPC_SYN,SYN-01,1,1
20163,IPC_SYN,SYN-01,1,1
20164,IPC_SYN,SYN-01,1,1
20165,SPECIAL_LAW_SYN,SYN-03,1,1
20166,SPECIAL_LAW_SYN,SYN-03,1,1
20167,IPC_SYN,SYN-01,1,1
20168,SPECIAL_LAW_SYN,SYN-03,1,1
20169,IPC_SYN,SYN-01,1,1
20170,IPC_SYN,SYN-01,1,1
20171,SPECIAL_LAW_SYN,SYN-03,1,1
20172,IPC_SYN,SYN-01,1,1
20173,SPECIAL_LAW_SYN,SYN-03,1,1
20174,IPC_SYN,SYN-01,1,1
20175,IT_ACT_SYN,SYN-02,1,1
20176,IPC_SYN,SYN-01,1,1
20177,IPC_SYN,SYN-01,1,1
20178,IPC_SYN,SYN-01,1,1
20179,IPC_SYN,SYN-01,1,1
20180,IPC_SYN,SYN-01,1,1
20181,IPC_SYN,SYN-01,1,1
20182,IPC_SYN,SYN-01,1,1
20183,SPECIAL_LAW_SYN,SYN-03,1,1
20184,IPC_SYN,SYN-01,1,1
20185,SPECIAL_LAW_SYN,SYN-03,1,1
20186,SPECIAL_LAW_SYN,SYN-03,1,1
20187,IPC_SYN,SYN-01,1,1
20188,IPC_SYN,SYN-01,1,1
20189,SPECIAL_LAW_SYN,SYN-03,1,1
20190,IPC_SYN,SYN-01,1,1
20191,IPC_SYN,SYN-01,1,1
20192,IPC_SYN,SYN-01,1,1
20193,IPC_SYN,SYN-01,1,1
20194,IPC_SYN,SYN-01,1,1
20195,IPC_SYN,SYN-01,1,1
20196,SPECIAL_LAW_SYN,SYN-03,1,1
20197,SPECIAL_LAW_SYN,SYN-03,1,1
20198,IPC_SYN,SYN-01,1,1
20199,IPC_SYN,SYN-01,1,1
20200,IPC_SYN,SYN-01,1,1
20201,IPC_SYN,SYN-01,1,1
20202,IPC_SYN,SYN-01,1,1
20203,IT_ACT_SYN,SYN-02,1,1
20204,IT_ACT_SYN,SYN-02,1,1
20205,IPC_SYN,SYN-01,1,1
20206,IPC_SYN,SYN-01,1,1
20207,IPC_SYN,SYN-01,1,1
20208,IT_ACT_SYN,SYN-02,1,1
20209,SPECIAL_LAW_SYN,SYN-03,1,1
20210,IPC_SYN,SYN-01,1,1
20211,IPC_SYN,SYN-01,1,1
20212,IPC_SYN,SYN-01,1,1
20213,IPC_SYN,SYN-01,1,1
20214,IPC_SYN,SYN-01,1,1
20215,IPC_SYN,SYN-01,1,1
20216,IPC_SYN,SYN-01,1,1
20217,IPC_SYN,SYN-01,1,1
20218,IT_ACT_SYN,SYN-02,1,1
20219,IPC_SYN,SYN-01,1,1
20220,SPECIAL_LAW_SYN,SYN-03,1,1
20221,SPECIAL_LAW_SYN,SYN-03,1,1
20222,SPECIAL_LAW_SYN,SYN-03,1,1
20223,IPC_SYN,SYN-01,1,1
20224,IPC_SYN,SYN-01,1,1
20225,IPC_SYN,SYN-01,1,1
20226,SPECIAL_LAW_SYN,SYN-03,1,1
20227,IPC_SYN,SYN-01,1,1
20228,IPC_SYN,SYN-01,1,1
20229,IPC_SYN,SYN-01,1,1
20230,SPECIAL_LAW_SYN,SYN-03,1,1
20231,SPECIAL_LAW_SYN,SYN-03,1,1
20232,SPECIAL_LAW_SYN,SYN-03,1,1
20233,SPECIAL_LAW_SYN,SYN-03,1,1
20234,IPC_SYN,SYN-01,1,1
20235,IPC_SYN,SYN-01,1,1
20236,IPC_SYN,SYN-01,1,1
20237,IPC_SYN,SYN-01,1,1
20238,IT_ACT_SYN,SYN-02,1,1
20239,IT_ACT_SYN,SYN-02,1,1
20240,IPC_SYN,SYN-01,1,1
20241,IPC_SYN,SYN-01,1,1
20242,IPC_SYN,SYN-01,1,1
20243,SPECIAL_LAW_SYN,SYN-03,1,1
20244,SPECIAL_LAW_SYN,SYN-03,1,1
20245,IPC_SYN,SYN-01,1,1
20246,SPECIAL_LAW_SYN,SYN-03,1,1
20247,IPC_SYN,SYN-01,1,1
20248,SPECIAL_LAW_SYN,SYN-03,1,1
20249,IPC_SYN,SYN-01,1,1
20250,IPC_SYN,SYN-01,1,1
20251,SPECIAL_LAW_SYN,SYN-03,1,1
20252,IPC_SYN,SYN-01,1,1
20253,IPC_SYN,SYN-01,1,1
20254,IPC_SYN,SYN-01,1,1
20255,IPC_SYN,SYN-01,1,1
20256,IPC_SYN,SYN-01,1,1
20257,SPECIAL_LAW_SYN,SYN-03,1,1
20258,IT_ACT_SYN,SYN-02,1,1
20259,SPECIAL_LAW_SYN,SYN-03,1,1
20260,IPC_SYN,SYN-01,1,1
20261,IPC_SYN,SYN-01,1,1
20262,IPC_SYN,SYN-01,1,1
20263,SPECIAL_LAW_SYN,SYN-03,1,1
20264,SPECIAL_LAW_SYN,SYN-03,1,1
20265,SPECIAL_LAW_SYN,SYN-03,1,1
20266,IPC_SYN,SYN-01,1,1
20267,IPC_SYN,SYN-01,1,1
20268,IPC_SYN,SYN-01,1,1
20269,IT_ACT_SYN,SYN-02,1,1
20270,SPECIAL_LAW_SYN,SYN-03,1,1
20271,IPC_SYN,SYN-01,1,1
20272,IPC_SYN,SYN-01,1,1
20273,SPECIAL_LAW_SYN,SYN-03,1,1
20274,IPC_SYN,SYN-01,1,1
20275,IPC_SYN,SYN-01,1,1
20276,IPC_SYN,SYN-01,1,1
20277,IPC_SYN,SYN-01,1,1
20278,IPC_SYN,SYN-01,1,1
20279,IPC_SYN,SYN-01,1,1
20280,IPC_SYN,SYN-01,1,1
20281,IPC_SYN,SYN-01,1,1
20282,IPC_SYN,SYN-01,1,1
20283,IT_ACT_SYN,SYN-02,1,1
20284,SPECIAL_LAW_SYN,SYN-03,1,1
20285,IPC_SYN,SYN-01,1,1
20286,IT_ACT_SYN,SYN-02,1,1
20287,IPC_SYN,SYN-01,1,1
20288,IPC_SYN,SYN-01,1,1
20289,SPECIAL_LAW_SYN,SYN-03,1,1
20290,IPC_SYN,SYN-01,1,1
20291,IPC_SYN,SYN-01,1,1
20292,SPECIAL_LAW_SYN,SYN-03,1,1
20293,IPC_SYN,SYN-01,1,1
20294,IPC_SYN,SYN-01,1,1
20295,SPECIAL_LAW_SYN,SYN-03,1,1
20296,IPC_SYN,SYN-01,1,1
20297,IPC_SYN,SYN-01,1,1
20298,SPECIAL_LAW_SYN,SYN-03,1,1
20299,IPC_SYN,SYN-01,1,1
20300,SPECIAL_LAW_SYN,SYN-03,1,1
20301,SPECIAL_LAW_SYN,SYN-03,1,1
20302,IT_ACT_SYN,SYN-02,1,1
20303,IPC_SYN,SYN-01,1,1
20304,IPC_SYN,SYN-01,1,1
20305,IT_ACT_SYN,SYN-02,1,1
20306,SPECIAL_LAW_SYN,SYN-03,1,1
20307,IPC_SYN,SYN-01,1,1
20308,IPC_SYN,SYN-01,1,1
20309,IPC_SYN,SYN-01,1,1
20310,IPC_SYN,SYN-01,1,1
20311,SPECIAL_LAW_SYN,SYN-03,1,1
20312,IPC_SYN,SYN-01,1,1
20313,IPC_SYN,SYN-01,1,1
20314,IPC_SYN,SYN-01,1,1
20315,IPC_SYN,SYN-01,1,1
20316,IPC_SYN,SYN-01,1,1
20317,SPECIAL_LAW_SYN,SYN-03,1,1
20318,IPC_SYN,SYN-01,1,1
20319,IPC_SYN,SYN-01,1,1
20320,IPC_SYN,SYN-01,1,1
20321,SPECIAL_LAW_SYN,SYN-03,1,1
20322,IPC_SYN,SYN-01,1,1
20323,SPECIAL_LAW_SYN,SYN-03,1,1
20324,IPC_SYN,SYN-01,1,1
20325,SPECIAL_LAW_SYN,SYN-03,1,1
20326,IPC_SYN,SYN-01,1,1
20327,IPC_SYN,SYN-01,1,1
20328,IT_ACT_SYN,SYN-02,1,1
20329,IPC_SYN,SYN-01,1,1
20330,IPC_SYN,SYN-01,1,1
20331,SPECIAL_LAW_SYN,SYN-03,1,1
20332,SPECIAL_LAW_SYN,SYN-03,1,1
20333,IPC_SYN,SYN-01,1,1
20334,SPECIAL_LAW_SYN,SYN-03,1,1
20335,IT_ACT_SYN,SYN-02,1,1
20336,IPC_SYN,SYN-01,1,1
20337,SPECIAL_LAW_SYN,SYN-03,1,1
20338,SPECIAL_LAW_SYN,SYN-03,1,1
20339,IPC_SYN,SYN-01,1,1
20340,IPC_SYN,SYN-01,1,1
20341,IT_ACT_SYN,SYN-02,1,1
20342,IT_ACT_SYN,SYN-02,1,1
20343,IPC_SYN,SYN-01,1,1
20344,IPC_SYN,SYN-01,1,1
20345,IPC_SYN,SYN-01,1,1
20346,IPC_SYN,SYN-01,1,1
20347,SPECIAL_LAW_SYN,SYN-03,1,1
20348,IPC_SYN,SYN-01,1,1
20349,SPECIAL_LAW_SYN,SYN-03,1,1
20350,SPECIAL_LAW_SYN,SYN-03,1,1
20351,IPC_SYN,SYN-01,1,1
20352,IPC_SYN,SYN-01,1,1
20353,SPECIAL_LAW_SYN,SYN-03,1,1
20354,SPECIAL_LAW_SYN,SYN-03,1,1
20355,IPC_SYN,SYN-01,1,1
20356,IPC_SYN,SYN-01,1,1
20357,IT_ACT_SYN,SYN-02,1,1
20358,IPC_SYN,SYN-01,1,1
20359,IPC_SYN,SYN-01,1,1
20360,SPECIAL_LAW_SYN,SYN-03,1,1
20361,IPC_SYN,SYN-01,1,1
20362,IPC_SYN,SYN-01,1,1
20363,IT_ACT_SYN,SYN-02,1,1
20364,IT_ACT_SYN,SYN-02,1,1
20365,SPECIAL_LAW_SYN,SYN-03,1,1
20366,SPECIAL_LAW_SYN,SYN-03,1,1
20367,IPC_SYN,SYN-01,1,1
20368,IPC_SYN,SYN-01,1,1
20369,IPC_SYN,SYN-01,1,1
20370,SPECIAL_LAW_SYN,SYN-03,1,1
20371,IT_ACT_SYN,SYN-02,1,1
20372,IPC_SYN,SYN-01,1,1
20373,IPC_SYN,SYN-01,1,1
20374,IPC_SYN,SYN-01,1,1
20375,IT_ACT_SYN,SYN-02,1,1
20376,IPC_SYN,SYN-01,1,1
20377,IPC_SYN,SYN-01,1,1
20378,SPECIAL_LAW_SYN,SYN-03,1,1
20379,IT_ACT_SYN,SYN-02,1,1
20380,IPC_SYN,SYN-01,1,1
20381,IPC_SYN,SYN-01,1,1
20382,IPC_SYN,SYN-01,1,1
20383,IPC_SYN,SYN-01,1,1
20384,SPECIAL_LAW_SYN,SYN-03,1,1
20385,IPC_SYN,SYN-01,1,1
20386,SPECIAL_LAW_SYN,SYN-03,1,1
20387,IPC_SYN,SYN-01,1,1
20388,SPECIAL_LAW_SYN,SYN-03,1,1
20389,IPC_SYN,SYN-01,1,1
20390,IPC_SYN,SYN-01,1,1
20391,IT_ACT_SYN,SYN-02,1,1
20392,IPC_SYN,SYN-01,1,1
20393,IT_ACT_SYN,SYN-02,1,1
20394,IPC_SYN,SYN-01,1,1
20395,SPECIAL_LAW_SYN,SYN-03,1,1
20396,SPECIAL_LAW_SYN,SYN-03,1,1
20397,IPC_SYN,SYN-01,1,1
20398,IT_ACT_SYN,SYN-02,1,1
20399,IPC_SYN,SYN-01,1,1
20400,SPECIAL_LAW_SYN,SYN-03,1,1
20401,SPECIAL_LAW_SYN,SYN-03,1,1
20402,IPC_SYN,SYN-01,1,1
20403,IPC_SYN,SYN-01,1,1
20404,IPC_SYN,SYN-01,1,1
20405,IPC_SYN,SYN-01,1,1
20406,IPC_SYN,SYN-01,1,1
20407,SPECIAL_LAW_SYN,SYN-03,1,1
20408,IT_ACT_SYN,SYN-02,1,1
20409,IPC_SYN,SYN-01,1,1
20410,SPECIAL_LAW_SYN,SYN-03,1,1
20411,SPECIAL_LAW_SYN,SYN-03,1,1
20412,IPC_SYN,SYN-01,1,1
20413,IPC_SYN,SYN-01,1,1
20414,IPC_SYN,SYN-01,1,1
20415,IPC_SYN,SYN-01,1,1
20416,SPECIAL_LAW_SYN,SYN-03,1,1
20417,IPC_SYN,SYN-01,1,1
20418,IT_ACT_SYN,SYN-02,1,1
20419,IPC_SYN,SYN-01,1,1
20420,IPC_SYN,SYN-01,1,1
20421,IPC_SYN,SYN-01,1,1
20422,SPECIAL_LAW_SYN,SYN-03,1,1
20423,SPECIAL_LAW_SYN,SYN-03,1,1
20424,IPC_SYN,SYN-01,1,1
20425,SPECIAL_LAW_SYN,SYN-03,1,1
20426,IPC_SYN,SYN-01,1,1
20427,SPECIAL_LAW_SYN,SYN-03,1,1
20428,IPC_SYN,SYN-01,1,1
20429,IPC_SYN,SYN-01,1,1
20430,SPECIAL_LAW_SYN,SYN-03,1,1
20431,SPECIAL_LAW_SYN,SYN-03,1,1
20432,SPECIAL_LAW_SYN,SYN-03,1,1
20433,IPC_SYN,SYN-01,1,1
20434,IPC_SYN,SYN-01,1,1
20435,IT_ACT_SYN,SYN-02,1,1
20436,SPECIAL_LAW_SYN,SYN-03,1,1
20437,SPECIAL_LAW_SYN,SYN-03,1,1
20438,IPC_SYN,SYN-01,1,1
20439,SPECIAL_LAW_SYN,SYN-03,1,1
20440,IPC_SYN,SYN-01,1,1
20441,IPC_SYN,SYN-01,1,1
20442,IPC_SYN,SYN-01,1,1
20443,IPC_SYN,SYN-01,1,1
20444,IPC_SYN,SYN-01,1,1
20445,IT_ACT_SYN,SYN-02,1,1
20446,IPC_SYN,SYN-01,1,1
20447,IT_ACT_SYN,SYN-02,1,1
20448,SPECIAL_LAW_SYN,SYN-03,1,1
20449,SPECIAL_LAW_SYN,SYN-03,1,1
20450,IPC_SYN,SYN-01,1,1
20451,SPECIAL_LAW_SYN,SYN-03,1,1
20452,IPC_SYN,SYN-01,1,1
20453,IPC_SYN,SYN-01,1,1
20454,IPC_SYN,SYN-01,1,1
20455,SPECIAL_LAW_SYN,SYN-03,1,1
20456,IT_ACT_SYN,SYN-02,1,1
20457,IPC_SYN,SYN-01,1,1
20458,IPC_SYN,SYN-01,1,1
20459,IPC_SYN,SYN-01,1,1
20460,IPC_SYN,SYN-01,1,1
20461,IPC_SYN,SYN-01,1,1
20462,SPECIAL_LAW_SYN,SYN-03,1,1
20463,SPECIAL_LAW_SYN,SYN-03,1,1
20464,SPECIAL_LAW_SYN,SYN-03,1,1
20465,IPC_SYN,SYN-01,1,1
20466,SPECIAL_LAW_SYN,SYN-03,1,1
20467,SPECIAL_LAW_SYN,SYN-03,1,1
20468,SPECIAL_LAW_SYN,SYN-03,1,1
20469,IPC_SYN,SYN-01,1,1
20470,IPC_SYN,SYN-01,1,1
20471,IPC_SYN,SYN-01,1,1
20472,IT_ACT_SYN,SYN-02,1,1
20473,IPC_SYN,SYN-01,1,1
20474,SPECIAL_LAW_SYN,SYN-03,1,1
20475,IPC_SYN,SYN-01,1,1
20476,IPC_SYN,SYN-01,1,1
20477,SPECIAL_LAW_SYN,SYN-03,1,1
20478,IPC_SYN,SYN-01,1,1
20479,IT_ACT_SYN,SYN-02,1,1
20480,IPC_SYN,SYN-01,1,1
20481,IPC_SYN,SYN-01,1,1
20482,IPC_SYN,SYN-01,1,1
20483,IPC_SYN,SYN-01,1,1
20484,IPC_SYN,SYN-01,1,1
20485,IPC_SYN,SYN-01,1,1
20486,SPECIAL_LAW_SYN,SYN-03,1,1
20487,SPECIAL_LAW_SYN,SYN-03,1,1
20488,IPC_SYN,SYN-01,1,1
20489,SPECIAL_LAW_SYN,SYN-03,1,1
20490,SPECIAL_LAW_SYN,SYN-03,1,1
20491,IT_ACT_SYN,SYN-02,1,1
20492,IPC_SYN,SYN-01,1,1
20493,IPC_SYN,SYN-01,1,1
20494,IPC_SYN,SYN-01,1,1
20495,IT_ACT_SYN,SYN-02,1,1
20496,IPC_SYN,SYN-01,1,1
20497,IPC_SYN,SYN-01,1,1
20498,IPC_SYN,SYN-01,1,1
20499,IPC_SYN,SYN-01,1,1
20500,IPC_SYN,SYN-01,1,1
20501,SPECIAL_LAW_SYN,SYN-03,1,1
20502,IPC_SYN,SYN-01,1,1
20503,IPC_SYN,SYN-01,1,1
20504,IT_ACT_SYN,SYN-02,1,1
20505,IPC_SYN,SYN-01,1,1
20506,IPC_SYN,SYN-01,1,1
20507,IPC_SYN,SYN-01,1,1
20508,IPC_SYN,SYN-01,1,1
20509,IPC_SYN,SYN-01,1,1
20510,SPECIAL_LAW_SYN,SYN-03,1,1
20511,IPC_SYN,SYN-01,1,1
20512,IPC_SYN,SYN-01,1,1
20513,IPC_SYN,SYN-01,1,1
20514,IT_ACT_SYN,SYN-02,1,1
20515,IPC_SYN,SYN-01,1,1
20516,IPC_SYN,SYN-01,1,1
20517,IPC_SYN,SYN-01,1,1
20518,IPC_SYN,SYN-01,1,1
20519,IPC_SYN,SYN-01,1,1
20520,SPECIAL_LAW_SYN,SYN-03,1,1
20521,IPC_SYN,SYN-01,1,1
20522,SPECIAL_LAW_SYN,SYN-03,1,1
20523,IT_ACT_SYN,SYN-02,1,1
20524,IPC_SYN,SYN-01,1,1
20525,IPC_SYN,SYN-01,1,1
20526,SPECIAL_LAW_SYN,SYN-03,1,1
20527,SPECIAL_LAW_SYN,SYN-03,1,1
20528,SPECIAL_LAW_SYN,SYN-03,1,1
20529,SPECIAL_LAW_SYN,SYN-03,1,1
20530,IPC_SYN,SYN-01,1,1
20531,IPC_SYN,SYN-01,1,1
20532,IPC_SYN,SYN-01,1,1
20533,IPC_SYN,SYN-01,1,1
20534,IT_ACT_SYN,SYN-02,1,1
20535,IPC_SYN,SYN-01,1,1
20536,IPC_SYN,SYN-01,1,1
20537,IPC_SYN,SYN-01,1,1
20538,IPC_SYN,SYN-01,1,1
20539,IPC_SYN,SYN-01,1,1
20540,IPC_SYN,SYN-01,1,1
20541,IT_ACT_SYN,SYN-02,1,1
20542,IPC_SYN,SYN-01,1,1
20543,IT_ACT_SYN,SYN-02,1,1
20544,IT_ACT_SYN,SYN-02,1,1
20545,IT_ACT_SYN,SYN-02,1,1
20546,IPC_SYN,SYN-01,1,1
20547,SPECIAL_LAW_SYN,SYN-03,1,1
20548,SPECIAL_LAW_SYN,SYN-03,1,1
20549,SPECIAL_LAW_SYN,SYN-03,1,1
20550,IPC_SYN,SYN-01,1,1
20551,SPECIAL_LAW_SYN,SYN-03,1,1
20552,SPECIAL_LAW_SYN,SYN-03,1,1
20553,IPC_SYN,SYN-01,1,1
20554,SPECIAL_LAW_SYN,SYN-03,1,1
20555,IPC_SYN,SYN-01,1,1
20556,SPECIAL_LAW_SYN,SYN-03,1,1
20557,SPECIAL_LAW_SYN,SYN-03,1,1
20558,IPC_SYN,SYN-01,1,1
20559,IPC_SYN,SYN-01,1,1
20560,IPC_SYN,SYN-01,1,1
20561,IPC_SYN,SYN-01,1,1
20562,IPC_SYN,SYN-01,1,1
20563,IPC_SYN,SYN-01,1,1
20564,IPC_SYN,SYN-01,1,1
20565,SPECIAL_LAW_SYN,SYN-03,1,1
20566,IPC_SYN,SYN-01,1,1
20567,IT_ACT_SYN,SYN-02,1,1
20568,IPC_SYN,SYN-01,1,1
20569,SPECIAL_LAW_SYN,SYN-03,1,1
20570,SPECIAL_LAW_SYN,SYN-03,1,1
20571,SPECIAL_LAW_SYN,SYN-03,1,1
20572,SPECIAL_LAW_SYN,SYN-03,1,1
20573,SPECIAL_LAW_SYN,SYN-03,1,1
20574,IPC_SYN,SYN-01,1,1
20575,SPECIAL_LAW_SYN,SYN-03,1,1
20576,IT_ACT_SYN,SYN-02,1,1
20577,IPC_SYN,SYN-01,1,1
20578,IPC_SYN,SYN-01,1,1
20579,SPECIAL_LAW_SYN,SYN-03,1,1
20580,IPC_SYN,SYN-01,1,1
20581,SPECIAL_LAW_SYN,SYN-03,1,1
20582,IPC_SYN,SYN-01,1,1
20583,IPC_SYN,SYN-01,1,1
20584,SPECIAL_LAW_SYN,SYN-03,1,1
20585,SPECIAL_LAW_SYN,SYN-03,1,1
20586,IPC_SYN,SYN-01,1,1
20587,SPECIAL_LAW_SYN,SYN-03,1,1
20588,SPECIAL_LAW_SYN,SYN-03,1,1
20589,SPECIAL_LAW_SYN,SYN-03,1,1
20590,IT_ACT_SYN,SYN-02,1,1
20591,IPC_SYN,SYN-01,1,1
20592,IPC_SYN,SYN-01,1,1
20593,IPC_SYN,SYN-01,1,1
20594,IPC_SYN,SYN-01,1,1
20595,SPECIAL_LAW_SYN,SYN-03,1,1
20596,IPC_SYN,SYN-01,1,1
20597,IPC_SYN,SYN-01,1,1
20598,IT_ACT_SYN,SYN-02,1,1
20599,IPC_SYN,SYN-01,1,1
20600,IPC_SYN,SYN-01,1,1
20601,IPC_SYN,SYN-01,1,1
20602,SPECIAL_LAW_SYN,SYN-03,1,1
20603,SPECIAL_LAW_SYN,SYN-03,1,1
20604,IPC_SYN,SYN-01,1,1
20605,IPC_SYN,SYN-01,1,1
20606,SPECIAL_LAW_SYN,SYN-03,1,1
20607,SPECIAL_LAW_SYN,SYN-03,1,1
20608,SPECIAL_LAW_SYN,SYN-03,1,1
20609,IPC_SYN,SYN-01,1,1
20610,IPC_SYN,SYN-01,1,1
20611,IPC_SYN,SYN-01,1,1
20612,SPECIAL_LAW_SYN,SYN-03,1,1
20613,IPC_SYN,SYN-01,1,1
20614,SPECIAL_LAW_SYN,SYN-03,1,1
20615,IPC_SYN,SYN-01,1,1
20616,IPC_SYN,SYN-01,1,1
20617,IPC_SYN,SYN-01,1,1
20618,SPECIAL_LAW_SYN,SYN-03,1,1
20619,SPECIAL_LAW_SYN,SYN-03,1,1
20620,IPC_SYN,SYN-01,1,1
20621,IPC_SYN,SYN-01,1,1
20622,IPC_SYN,SYN-01,1,1
20623,IPC_SYN,SYN-01,1,1
20624,SPECIAL_LAW_SYN,SYN-03,1,1
20625,IPC_SYN,SYN-01,1,1
20626,IT_ACT_SYN,SYN-02,1,1
20627,IPC_SYN,SYN-01,1,1
20628,IPC_SYN,SYN-01,1,1
20629,SPECIAL_LAW_SYN,SYN-03,1,1
20630,IPC_SYN,SYN-01,1,1
20631,IT_ACT_SYN,SYN-02,1,1
20632,SPECIAL_LAW_SYN,SYN-03,1,1
20633,SPECIAL_LAW_SYN,SYN-03,1,1
20634,IT_ACT_SYN,SYN-02,1,1
20635,IPC_SYN,SYN-01,1,1
20636,SPECIAL_LAW_SYN,SYN-03,1,1
20637,IPC_SYN,SYN-01,1,1
20638,IPC_SYN,SYN-01,1,1
20639,SPECIAL_LAW_SYN,SYN-03,1,1
20640,IPC_SYN,SYN-01,1,1
20641,IPC_SYN,SYN-01,1,1
20642,IPC_SYN,SYN-01,1,1
20643,IPC_SYN,SYN-01,1,1
20644,IPC_SYN,SYN-01,1,1
20645,IPC_SYN,SYN-01,1,1
20646,IPC_SYN,SYN-01,1,1
20647,IPC_SYN,SYN-01,1,1
20648,IPC_SYN,SYN-01,1,1
20649,IT_ACT_SYN,SYN-02,1,1
20650,IT_ACT_SYN,SYN-02,1,1
20651,SPECIAL_LAW_SYN,SYN-03,1,1
20652,SPECIAL_LAW_SYN,SYN-03,1,1
20653,IPC_SYN,SYN-01,1,1
20654,IPC_SYN,SYN-01,1,1
20655,IPC_SYN,SYN-01,1,1
20656,IPC_SYN,SYN-01,1,1
20657,IPC_SYN,SYN-01,1,1
20658,IPC_SYN,SYN-01,1,1
20659,IPC_SYN,SYN-01,1,1
20660,SPECIAL_LAW_SYN,SYN-03,1,1
20661,IPC_SYN,SYN-01,1,1
20662,SPECIAL_LAW_SYN,SYN-03,1,1
20663,SPECIAL_LAW_SYN,SYN-03,1,1
20664,IPC_SYN,SYN-01,1,1
20665,IPC_SYN,SYN-01,1,1
20666,IT_ACT_SYN,SYN-02,1,1
20667,SPECIAL_LAW_SYN,SYN-03,1,1
20668,SPECIAL_LAW_SYN,SYN-03,1,1
20669,SPECIAL_LAW_SYN,SYN-03,1,1
20670,IPC_SYN,SYN-01,1,1
20671,SPECIAL_LAW_SYN,SYN-03,1,1
20672,IT_ACT_SYN,SYN-02,1,1
20673,IPC_SYN,SYN-01,1,1
20674,IT_ACT_SYN,SYN-02,1,1
20675,SPECIAL_LAW_SYN,SYN-03,1,1
20676,SPECIAL_LAW_SYN,SYN-03,1,1
20677,IPC_SYN,SYN-01,1,1
20678,IT_ACT_SYN,SYN-02,1,1
20679,IPC_SYN,SYN-01,1,1
20680,IPC_SYN,SYN-01,1,1
20681,IPC_SYN,SYN-01,1,1
20682,IPC_SYN,SYN-01,1,1
20683,IPC_SYN,SYN-01,1,1
20684,IPC_SYN,SYN-01,1,1
20685,IPC_SYN,SYN-01,1,1
20686,SPECIAL_LAW_SYN,SYN-03,1,1
20687,SPECIAL_LAW_SYN,SYN-03,1,1
20688,IT_ACT_SYN,SYN-02,1,1
20689,IPC_SYN,SYN-01,1,1
20690,IPC_SYN,SYN-01,1,1
20691,IPC_SYN,SYN-01,1,1
20692,IT_ACT_SYN,SYN-02,1,1
20693,IPC_SYN,SYN-01,1,1
20694,IPC_SYN,SYN-01,1,1
20695,SPECIAL_LAW_SYN,SYN-03,1,1
20696,IPC_SYN,SYN-01,1,1
20697,SPECIAL_LAW_SYN,SYN-03,1,1
20698,IPC_SYN,SYN-01,1,1
20699,IPC_SYN,SYN-01,1,1
20700,IPC_SYN,SYN-01,1,1
20701,IT_ACT_SYN,SYN-02,1,1
20702,IPC_SYN,SYN-01,1,1
20703,IPC_SYN,SYN-01,1,1
20704,IPC_SYN,SYN-01,1,1
20705,SPECIAL_LAW_SYN,SYN-03,1,1
20706,SPECIAL_LAW_SYN,SYN-03,1,1
20707,SPECIAL_LAW_SYN,SYN-03,1,1
20708,SPECIAL_LAW_SYN,SYN-03,1,1
20709,IT_ACT_SYN,SYN-02,1,1
20710,IPC_SYN,SYN-01,1,1
20711,IPC_SYN,SYN-01,1,1
20712,SPECIAL_LAW_SYN,SYN-03,1,1
20713,SPECIAL_LAW_SYN,SYN-03,1,1
20714,IT_ACT_SYN,SYN-02,1,1
20715,IT_ACT_SYN,SYN-02,1,1
20716,IPC_SYN,SYN-01,1,1
20717,IPC_SYN,SYN-01,1,1
20718,SPECIAL_LAW_SYN,SYN-03,1,1
20719,IPC_SYN,SYN-01,1,1
20720,IPC_SYN,SYN-01,1,1
20721,IPC_SYN,SYN-01,1,1
20722,IPC_SYN,SYN-01,1,1
20723,SPECIAL_LAW_SYN,SYN-03,1,1
20724,SPECIAL_LAW_SYN,SYN-03,1,1
20725,IPC_SYN,SYN-01,1,1
20726,IPC_SYN,SYN-01,1,1
20727,IPC_SYN,SYN-01,1,1
20728,IPC_SYN,SYN-01,1,1
20729,IPC_SYN,SYN-01,1,1
20730,IPC_SYN,SYN-01,1,1
20731,IPC_SYN,SYN-01,1,1
20732,IT_ACT_SYN,SYN-02,1,1
20733,SPECIAL_LAW_SYN,SYN-03,1,1
20734,IPC_SYN,SYN-01,1,1
20735,IT_ACT_SYN,SYN-02,1,1
20736,IPC_SYN,SYN-01,1,1
20737,IT_ACT_SYN,SYN-02,1,1
20738,SPECIAL_LAW_SYN,SYN-03,1,1
20739,IPC_SYN,SYN-01,1,1
20740,SPECIAL_LAW_SYN,SYN-03,1,1
20741,IPC_SYN,SYN-01,1,1
20742,IPC_SYN,SYN-01,1,1
20743,IPC_SYN,SYN-01,1,1
20744,IPC_SYN,SYN-01,1,1
20745,SPECIAL_LAW_SYN,SYN-03,1,1
20746,IPC_SYN,SYN-01,1,1
20747,IPC_SYN,SYN-01,1,1
20748,IPC_SYN,SYN-01,1,1
20749,IPC_SYN,SYN-01,1,1
20750,SPECIAL_LAW_SYN,SYN-03,1,1
20751,IT_ACT_SYN,SYN-02,1,1
20752,IPC_SYN,SYN-01,1,1
20753,SPECIAL_LAW_SYN,SYN-03,1,1
20754,IT_ACT_SYN,SYN-02,1,1
20755,IPC_SYN,SYN-01,1,1
20756,IPC_SYN,SYN-01,1,1
20757,SPECIAL_LAW_SYN,SYN-03,1,1
20758,SPECIAL_LAW_SYN,SYN-03,1,1
20759,IT_ACT_SYN,SYN-02,1,1
20760,IPC_SYN,SYN-01,1,1
20761,IPC_SYN,SYN-01,1,1
20762,IT_ACT_SYN,SYN-02,1,1
20763,IT_ACT_SYN,SYN-02,1,1
20764,IPC_SYN,SYN-01,1,1
20765,IPC_SYN,SYN-01,1,1
20766,IT_ACT_SYN,SYN-02,1,1
20767,IPC_SYN,SYN-01,1,1
20768,IPC_SYN,SYN-01,1,1
20769,IPC_SYN,SYN-01,1,1
20770,IT_ACT_SYN,SYN-02,1,1
20771,IPC_SYN,SYN-01,1,1
20772,SPECIAL_LAW_SYN,SYN-03,1,1
20773,IPC_SYN,SYN-01,1,1
20774,SPECIAL_LAW_SYN,SYN-03,1,1
20775,IPC_SYN,SYN-01,1,1
20776,IPC_SYN,SYN-01,1,1
20777,IPC_SYN,SYN-01,1,1
20778,IPC_SYN,SYN-01,1,1
20779,IPC_SYN,SYN-01,1,1
20780,IT_ACT_SYN,SYN-02,1,1
20781,SPECIAL_LAW_SYN,SYN-03,1,1
20782,IPC_SYN,SYN-01,1,1
20783,SPECIAL_LAW_SYN,SYN-03,1,1
20784,IPC_SYN,SYN-01,1,1
20785,SPECIAL_LAW_SYN,SYN-03,1,1
20786,IT_ACT_SYN,SYN-02,1,1
20787,SPECIAL_LAW_SYN,SYN-03,1,1
20788,SPECIAL_LAW_SYN,SYN-03,1,1
20789,SPECIAL_LAW_SYN,SYN-03,1,1
20790,SPECIAL_LAW_SYN,SYN-03,1,1
20791,SPECIAL_LAW_SYN,SYN-03,1,1
20792,SPECIAL_LAW_SYN,SYN-03,1,1
20793,IPC_SYN,SYN-01,1,1
20794,IPC_SYN,SYN-01,1,1
20795,IT_ACT_SYN,SYN-02,1,1
20796,IT_ACT_SYN,SYN-02,1,1
20797,IPC_SYN,SYN-01,1,1
20798,IPC_SYN,SYN-01,1,1
20799,IPC_SYN,SYN-01,1,1
20800,IPC_SYN,SYN-01,1,1
20801,IPC_SYN,SYN-01,1,1
20802,IPC_SYN,SYN-01,1,1
20803,IPC_SYN,SYN-01,1,1
20804,SPECIAL_LAW_SYN,SYN-03,1,1
20805,SPECIAL_LAW_SYN,SYN-03,1,1
20806,IPC_SYN,SYN-01,1,1
20807,SPECIAL_LAW_SYN,SYN-03,1,1
20808,IPC_SYN,SYN-01,1,1
20809,SPECIAL_LAW_SYN,SYN-03,1,1
20810,IPC_SYN,SYN-01,1,1
20811,IPC_SYN,SYN-01,1,1
20812,IPC_SYN,SYN-01,1,1
20813,IPC_SYN,SYN-01,1,1
20814,IPC_SYN,SYN-01,1,1
20815,IPC_SYN,SYN-01,1,1
20816,SPECIAL_LAW_SYN,SYN-03,1,1
20817,SPECIAL_LAW_SYN,SYN-03,1,1
20818,SPECIAL_LAW_SYN,SYN-03,1,1
20819,IPC_SYN,SYN-01,1,1
20820,IPC_SYN,SYN-01,1,1
20821,IPC_SYN,SYN-01,1,1
20822,IPC_SYN,SYN-01,1,1
20823,IPC_SYN,SYN-01,1,1
20824,IT_ACT_SYN,SYN-02,1,1
20825,IPC_SYN,SYN-01,1,1
20826,IPC_SYN,SYN-01,1,1
20827,IPC_SYN,SYN-01,1,1
20828,IPC_SYN,SYN-01,1,1
20829,IPC_SYN,SYN-01,1,1
20830,IPC_SYN,SYN-01,1,1
20831,IPC_SYN,SYN-01,1,1
20832,SPECIAL_LAW_SYN,SYN-03,1,1
20833,IPC_SYN,SYN-01,1,1
20834,IPC_SYN,SYN-01,1,1
20835,IPC_SYN,SYN-01,1,1
20836,IPC_SYN,SYN-01,1,1
20837,SPECIAL_LAW_SYN,SYN-03,1,1
20838,SPECIAL_LAW_SYN,SYN-03,1,1
20839,IPC_SYN,SYN-01,1,1
20840,IT_ACT_SYN,SYN-02,1,1
20841,IPC_SYN,SYN-01,1,1
20842,IPC_SYN,SYN-01,1,1
20843,IT_ACT_SYN,SYN-02,1,1
20844,IPC_SYN,SYN-01,1,1
20845,IT_ACT_SYN,SYN-02,1,1
20846,IT_ACT_SYN,SYN-02,1,1
20847,IPC_SYN,SYN-01,1,1
20848,IPC_SYN,SYN-01,1,1
20849,IT_ACT_SYN,SYN-02,1,1
20850,IPC_SYN,SYN-01,1,1
20851,IPC_SYN,SYN-01,1,1
20852,IPC_SYN,SYN-01,1,1
20853,IT_ACT_SYN,SYN-02,1,1
20854,IPC_SYN,SYN-01,1,1
20855,IPC_SYN,SYN-01,1,1
20856,SPECIAL_LAW_SYN,SYN-03,1,1
20857,IPC_SYN,SYN-01,1,1
20858,SPECIAL_LAW_SYN,SYN-03,1,1
20859,IT_ACT_SYN,SYN-02,1,1
20860,SPECIAL_LAW_SYN,SYN-03,1,1
20861,IPC_SYN,SYN-01,1,1
20862,IPC_SYN,SYN-01,1,1
20863,SPECIAL_LAW_SYN,SYN-03,1,1
20864,IPC_SYN,SYN-01,1,1
20865,IPC_SYN,SYN-01,1,1
20866,IPC_SYN,SYN-01,1,1
20867,SPECIAL_LAW_SYN,SYN-03,1,1
20868,IPC_SYN,SYN-01,1,1
20869,IPC_SYN,SYN-01,1,1
20870,IPC_SYN,SYN-01,1,1
20871,SPECIAL_LAW_SYN,SYN-03,1,1
20872,IPC_SYN,SYN-01,1,1
20873,IPC_SYN,SYN-01,1,1
20874,IPC_SYN,SYN-01,1,1
20875,IT_ACT_SYN,SYN-02,1,1
20876,IPC_SYN,SYN-01,1,1
20877,IPC_SYN,SYN-01,1,1
20878,SPECIAL_LAW_SYN,SYN-03,1,1
20879,SPECIAL_LAW_SYN,SYN-03,1,1
20880,SPECIAL_LAW_SYN,SYN-03,1,1
20881,IT_ACT_SYN,SYN-02,1,1
20882,IPC_SYN,SYN-01,1,1
20883,IT_ACT_SYN,SYN-02,1,1
20884,IT_ACT_SYN,SYN-02,1,1
20885,IPC_SYN,SYN-01,1,1
20886,IPC_SYN,SYN-01,1,1
20887,IPC_SYN,SYN-01,1,1
20888,SPECIAL_LAW_SYN,SYN-03,1,1
20889,IPC_SYN,SYN-01,1,1
20890,IT_ACT_SYN,SYN-02,1,1
20891,IPC_SYN,SYN-01,1,1
20892,SPECIAL_LAW_SYN,SYN-03,1,1
20893,IT_ACT_SYN,SYN-02,1,1
20894,IPC_SYN,SYN-01,1,1
20895,SPECIAL_LAW_SYN,SYN-03,1,1
20896,IPC_SYN,SYN-01,1,1
20897,IPC_SYN,SYN-01,1,1
20898,IPC_SYN,SYN-01,1,1
20899,SPECIAL_LAW_SYN,SYN-03,1,1
20900,SPECIAL_LAW_SYN,SYN-03,1,1
20901,SPECIAL_LAW_SYN,SYN-03,1,1
20902,IPC_SYN,SYN-01,1,1
20903,IPC_SYN,SYN-01,1,1
20904,SPECIAL_LAW_SYN,SYN-03,1,1
20905,IPC_SYN,SYN-01,1,1
20906,IPC_SYN,SYN-01,1,1
20907,SPECIAL_LAW_SYN,SYN-03,1,1
20908,IPC_SYN,SYN-01,1,1
20909,IPC_SYN,SYN-01,1,1
20910,IPC_SYN,SYN-01,1,1
20911,IPC_SYN,SYN-01,1,1
20912,IPC_SYN,SYN-01,1,1
20913,SPECIAL_LAW_SYN,SYN-03,1,1
20914,IT_ACT_SYN,SYN-02,1,1
20915,IPC_SYN,SYN-01,1,1
20916,IPC_SYN,SYN-01,1,1
20917,IPC_SYN,SYN-01,1,1
20918,IPC_SYN,SYN-01,1,1
20919,IPC_SYN,SYN-01,1,1
20920,IPC_SYN,SYN-01,1,1
20921,IPC_SYN,SYN-01,1,1
20922,IPC_SYN,SYN-01,1,1
20923,IPC_SYN,SYN-01,1,1
20924,IT_ACT_SYN,SYN-02,1,1
20925,IPC_SYN,SYN-01,1,1
20926,IPC_SYN,SYN-01,1,1
20927,SPECIAL_LAW_SYN,SYN-03,1,1
20928,IT_ACT_SYN,SYN-02,1,1
20929,IPC_SYN,SYN-01,1,1
20930,IPC_SYN,SYN-01,1,1
20931,SPECIAL_LAW_SYN,SYN-03,1,1
20932,IPC_SYN,SYN-01,1,1
20933,SPECIAL_LAW_SYN,SYN-03,1,1
20934,SPECIAL_LAW_SYN,SYN-03,1,1
20935,IT_ACT_SYN,SYN-02,1,1
20936,IPC_SYN,SYN-01,1,1
20937,SPECIAL_LAW_SYN,SYN-03,1,1
20938,IPC_SYN,SYN-01,1,1
20939,SPECIAL_LAW_SYN,SYN-03,1,1
20940,IPC_SYN,SYN-01,1,1
20941,IPC_SYN,SYN-01,1,1
20942,IPC_SYN,SYN-01,1,1
20943,IPC_SYN,SYN-01,1,1
20944,IPC_SYN,SYN-01,1,1
20945,IT_ACT_SYN,SYN-02,1,1
20946,IPC_SYN,SYN-01,1,1
20947,SPECIAL_LAW_SYN,SYN-03,1,1
20948,SPECIAL_LAW_SYN,SYN-03,1,1
20949,SPECIAL_LAW_SYN,SYN-03,1,1
20950,IPC_SYN,SYN-01,1,1
20951,IPC_SYN,SYN-01,1,1
20952,SPECIAL_LAW_SYN,SYN-03,1,1
20953,IPC_SYN,SYN-01,1,1
20954,SPECIAL_LAW_SYN,SYN-03,1,1
20955,IPC_SYN,SYN-01,1,1
20956,IT_ACT_SYN,SYN-02,1,1
20957,IPC_SYN,SYN-01,1,1
20958,IPC_SYN,SYN-01,1,1
20959,IT_ACT_SYN,SYN-02,1,1
20960,IPC_SYN,SYN-01,1,1
20961,IPC_SYN,SYN-01,1,1
20962,IPC_SYN,SYN-01,1,1
20963,IPC_SYN,SYN-01,1,1
20964,IPC_SYN,SYN-01,1,1
20965,SPECIAL_LAW_SYN,SYN-03,1,1
20966,SPECIAL_LAW_SYN,SYN-03,1,1
20967,SPECIAL_LAW_SYN,SYN-03,1,1
20968,IPC_SYN,SYN-01,1,1
20969,IPC_SYN,SYN-01,1,1
20970,IPC_SYN,SYN-01,1,1
20971,SPECIAL_LAW_SYN,SYN-03,1,1
20972,IPC_SYN,SYN-01,1,1
20973,IPC_SYN,SYN-01,1,1
20974,IPC_SYN,SYN-01,1,1
20975,IPC_SYN,SYN-01,1,1
20976,SPECIAL_LAW_SYN,SYN-03,1,1
20977,SPECIAL_LAW_SYN,SYN-03,1,1
20978,IPC_SYN,SYN-01,1,1
20979,IT_ACT_SYN,SYN-02,1,1
20980,IT_ACT_SYN,SYN-02,1,1
20981,IPC_SYN,SYN-01,1,1
20982,IPC_SYN,SYN-01,1,1
20983,IPC_SYN,SYN-01,1,1
20984,IPC_SYN,SYN-01,1,1
20985,IPC_SYN,SYN-01,1,1
20986,IPC_SYN,SYN-01,1,1
20987,IT_ACT_SYN,SYN-02,1,1
20988,IPC_SYN,SYN-01,1,1
20989,IPC_SYN,SYN-01,1,1
20990,IPC_SYN,SYN-01,1,1
20991,IPC_SYN,SYN-01,1,1
20992,IT_ACT_SYN,SYN-02,1,1
20993,IPC_SYN,SYN-01,1,1
20994,SPECIAL_LAW_SYN,SYN-03,1,1
20995,SPECIAL_LAW_SYN,SYN-03,1,1
20996,IPC_SYN,SYN-01,1,1
20997,IPC_SYN,SYN-01,1,1
20998,SPECIAL_LAW_SYN,SYN-03,1,1
20999,SPECIAL_LAW_SYN,SYN-03,1,1
21000,IPC_SYN,SYN-01,1,1
21001,IPC_SYN,SYN-01,1,1
21002,IPC_SYN,SYN-01,1,1
21003,IPC_SYN,SYN-01,1,1
21004,IPC_SYN,SYN-01,1,1
21005,IPC_SYN,SYN-01,1,1
21006,SPECIAL_LAW_SYN,SYN-03,1,1
21007,IPC_SYN,SYN-01,1,1
21008,IPC_SYN,SYN-01,1,1
21009,IPC_SYN,SYN-01,1,1
21010,SPECIAL_LAW_SYN,SYN-03,1,1
21011,IPC_SYN,SYN-01,1,1
21012,IPC_SYN,SYN-01,1,1
21013,IPC_SYN,SYN-01,1,1
21014,IPC_SYN,SYN-01,1,1
21015,IPC_SYN,SYN-01,1,1
21016,SPECIAL_LAW_SYN,SYN-03,1,1
21017,IT_ACT_SYN,SYN-02,1,1
21018,IPC_SYN,SYN-01,1,1
21019,IT_ACT_SYN,SYN-02,1,1
21020,IPC_SYN,SYN-01,1,1
21021,SPECIAL_LAW_SYN,SYN-03,1,1
21022,IPC_SYN,SYN-01,1,1
21023,IPC_SYN,SYN-01,1,1
21024,IPC_SYN,SYN-01,1,1
21025,SPECIAL_LAW_SYN,SYN-03,1,1
21026,IPC_SYN,SYN-01,1,1
21027,IPC_SYN,SYN-01,1,1
21028,IPC_SYN,SYN-01,1,1
21029,SPECIAL_LAW_SYN,SYN-03,1,1
21030,SPECIAL_LAW_SYN,SYN-03,1,1
21031,IT_ACT_SYN,SYN-02,1,1
21032,SPECIAL_LAW_SYN,SYN-03,1,1
21033,SPECIAL_LAW_SYN,SYN-03,1,1
21034,IPC_SYN,SYN-01,1,1
21035,SPECIAL_LAW_SYN,SYN-03,1,1
21036,IT_ACT_SYN,SYN-02,1,1
21037,SPECIAL_LAW_SYN,SYN-03,1,1
21038,SPECIAL_LAW_SYN,SYN-03,1,1
21039,IPC_SYN,SYN-01,1,1
21040,IT_ACT_SYN,SYN-02,1,1
21041,SPECIAL_LAW_SYN,SYN-03,1,1
21042,SPECIAL_LAW_SYN,SYN-03,1,1
21043,SPECIAL_LAW_SYN,SYN-03,1,1
21044,IPC_SYN,SYN-01,1,1
21045,IPC_SYN,SYN-01,1,1
21046,SPECIAL_LAW_SYN,SYN-03,1,1
21047,IPC_SYN,SYN-01,1,1
21048,IPC_SYN,SYN-01,1,1
21049,IPC_SYN,SYN-01,1,1
21050,IPC_SYN,SYN-01,1,1
21051,SPECIAL_LAW_SYN,SYN-03,1,1
21052,IPC_SYN,SYN-01,1,1
21053,IPC_SYN,SYN-01,1,1
21054,IPC_SYN,SYN-01,1,1
21055,SPECIAL_LAW_SYN,SYN-03,1,1
21056,SPECIAL_LAW_SYN,SYN-03,1,1
21057,IPC_SYN,SYN-01,1,1
21058,IT_ACT_SYN,SYN-02,1,1
21059,IPC_SYN,SYN-01,1,1
21060,SPECIAL_LAW_SYN,SYN-03,1,1
21061,IPC_SYN,SYN-01,1,1
21062,IPC_SYN,SYN-01,1,1
21063,IPC_SYN,SYN-01,1,1
21064,SPECIAL_LAW_SYN,SYN-03,1,1
21065,SPECIAL_LAW_SYN,SYN-03,1,1
21066,IPC_SYN,SYN-01,1,1
21067,IPC_SYN,SYN-01,1,1
21068,IPC_SYN,SYN-01,1,1
21069,IPC_SYN,SYN-01,1,1
21070,IPC_SYN,SYN-01,1,1
21071,IPC_SYN,SYN-01,1,1
21072,IPC_SYN,SYN-01,1,1
21073,IPC_SYN,SYN-01,1,1
21074,IPC_SYN,SYN-01,1,1
21075,IPC_SYN,SYN-01,1,1
21076,IPC_SYN,SYN-01,1,1
21077,IPC_SYN,SYN-01,1,1
21078,IT_ACT_SYN,SYN-02,1,1
21079,IPC_SYN,SYN-01,1,1
21080,IT_ACT_SYN,SYN-02,1,1
21081,IPC_SYN,SYN-01,1,1
21082,IT_ACT_SYN,SYN-02,1,1
21083,SPECIAL_LAW_SYN,SYN-03,1,1
21084,SPECIAL_LAW_SYN,SYN-03,1,1
21085,IPC_SYN,SYN-01,1,1
21086,IT_ACT_SYN,SYN-02,1,1
21087,IT_ACT_SYN,SYN-02,1,1
21088,IPC_SYN,SYN-01,1,1
21089,IPC_SYN,SYN-01,1,1
21090,IPC_SYN,SYN-01,1,1
21091,IPC_SYN,SYN-01,1,1
21092,IT_ACT_SYN,SYN-02,1,1
21093,SPECIAL_LAW_SYN,SYN-03,1,1
21094,IPC_SYN,SYN-01,1,1
21095,IT_ACT_SYN,SYN-02,1,1
21096,IT_ACT_SYN,SYN-02,1,1
21097,SPECIAL_LAW_SYN,SYN-03,1,1
21098,SPECIAL_LAW_SYN,SYN-03,1,1
21099,IT_ACT_SYN,SYN-02,1,1
21100,IPC_SYN,SYN-01,1,1
21101,IT_ACT_SYN,SYN-02,1,1
21102,SPECIAL_LAW_SYN,SYN-03,1,1
21103,IPC_SYN,SYN-01,1,1
21104,IPC_SYN,SYN-01,1,1
21105,IPC_SYN,SYN-01,1,1
21106,IT_ACT_SYN,SYN-02,1,1
21107,IPC_SYN,SYN-01,1,1
21108,IPC_SYN,SYN-01,1,1
21109,IPC_SYN,SYN-01,1,1
21110,IPC_SYN,SYN-01,1,1
21111,IPC_SYN,SYN-01,1,1
21112,SPECIAL_LAW_SYN,SYN-03,1,1
21113,SPECIAL_LAW_SYN,SYN-03,1,1
21114,IPC_SYN,SYN-01,1,1
21115,IPC_SYN,SYN-01,1,1
21116,SPECIAL_LAW_SYN,SYN-03,1,1
21117,IPC_SYN,SYN-01,1,1
21118,IT_ACT_SYN,SYN-02,1,1
21119,SPECIAL_LAW_SYN,SYN-03,1,1
21120,SPECIAL_LAW_SYN,SYN-03,1,1
21121,IPC_SYN,SYN-01,1,1
21122,SPECIAL_LAW_SYN,SYN-03,1,1
21123,IPC_SYN,SYN-01,1,1
21124,IPC_SYN,SYN-01,1,1
21125,SPECIAL_LAW_SYN,SYN-03,1,1
21126,SPECIAL_LAW_SYN,SYN-03,1,1
21127,SPECIAL_LAW_SYN,SYN-03,1,1
21128,IPC_SYN,SYN-01,1,1
21129,IPC_SYN,SYN-01,1,1
21130,SPECIAL_LAW_SYN,SYN-03,1,1
21131,IPC_SYN,SYN-01,1,1
21132,IPC_SYN,SYN-01,1,1
21133,IT_ACT_SYN,SYN-02,1,1
21134,IPC_SYN,SYN-01,1,1
21135,IPC_SYN,SYN-01,1,1
21136,IPC_SYN,SYN-01,1,1
21137,SPECIAL_LAW_SYN,SYN-03,1,1
21138,IPC_SYN,SYN-01,1,1
21139,IPC_SYN,SYN-01,1,1
21140,SPECIAL_LAW_SYN,SYN-03,1,1
21141,IPC_SYN,SYN-01,1,1
21142,IPC_SYN,SYN-01,1,1
21143,IPC_SYN,SYN-01,1,1
21144,IT_ACT_SYN,SYN-02,1,1
21145,IPC_SYN,SYN-01,1,1
21146,IPC_SYN,SYN-01,1,1
21147,IPC_SYN,SYN-01,1,1
21148,SPECIAL_LAW_SYN,SYN-03,1,1
21149,SPECIAL_LAW_SYN,SYN-03,1,1
21150,SPECIAL_LAW_SYN,SYN-03,1,1
21151,SPECIAL_LAW_SYN,SYN-03,1,1
21152,IPC_SYN,SYN-01,1,1
21153,IPC_SYN,SYN-01,1,1
21154,SPECIAL_LAW_SYN,SYN-03,1,1
21155,SPECIAL_LAW_SYN,SYN-03,1,1
21156,IPC_SYN,SYN-01,1,1
21157,SPECIAL_LAW_SYN,SYN-03,1,1
21158,IPC_SYN,SYN-01,1,1
21159,IT_ACT_SYN,SYN-02,1,1
21160,IPC_SYN,SYN-01,1,1
21161,IPC_SYN,SYN-01,1,1
21162,SPECIAL_LAW_SYN,SYN-03,1,1
21163,IPC_SYN,SYN-01,1,1
21164,SPECIAL_LAW_SYN,SYN-03,1,1
21165,IPC_SYN,SYN-01,1,1
21166,SPECIAL_LAW_SYN,SYN-03,1,1
21167,IT_ACT_SYN,SYN-02,1,1
21168,IPC_SYN,SYN-01,1,1
21169,IT_ACT_SYN,SYN-02,1,1
21170,SPECIAL_LAW_SYN,SYN-03,1,1
21171,IPC_SYN,SYN-01,1,1
21172,IPC_SYN,SYN-01,1,1
21173,IT_ACT_SYN,SYN-02,1,1
21174,IPC_SYN,SYN-01,1,1
21175,IPC_SYN,SYN-01,1,1
21176,IT_ACT_SYN,SYN-02,1,1
21177,SPECIAL_LAW_SYN,SYN-03,1,1
21178,SPECIAL_LAW_SYN,SYN-03,1,1
21179,IT_ACT_SYN,SYN-02,1,1
21180,IPC_SYN,SYN-01,1,1
21181,SPECIAL_LAW_SYN,SYN-03,1,1
21182,IPC_SYN,SYN-01,1,1
21183,IPC_SYN,SYN-01,1,1
21184,IPC_SYN,SYN-01,1,1
21185,IPC_SYN,SYN-01,1,1
21186,IPC_SYN,SYN-01,1,1
21187,SPECIAL_LAW_SYN,SYN-03,1,1
21188,IPC_SYN,SYN-01,1,1
21189,IPC_SYN,SYN-01,1,1
21190,IPC_SYN,SYN-01,1,1
21191,IPC_SYN,SYN-01,1,1
21192,IPC_SYN,SYN-01,1,1
21193,IPC_SYN,SYN-01,1,1
21194,IPC_SYN,SYN-01,1,1
21195,IPC_SYN,SYN-01,1,1
21196,IPC_SYN,SYN-01,1,1
21197,IPC_SYN,SYN-01,1,1
21198,IPC_SYN,SYN-01,1,1
21199,IPC_SYN,SYN-01,1,1
21200,IPC_SYN,SYN-01,1,1
21201,SPECIAL_LAW_SYN,SYN-03,1,1
21202,IT_ACT_SYN,SYN-02,1,1
21203,IPC_SYN,SYN-01,1,1
21204,IPC_SYN,SYN-01,1,1
21205,IPC_SYN,SYN-01,1,1
21206,SPECIAL_LAW_SYN,SYN-03,1,1
21207,IT_ACT_SYN,SYN-02,1,1
21208,SPECIAL_LAW_SYN,SYN-03,1,1
21209,IPC_SYN,SYN-01,1,1
21210,IPC_SYN,SYN-01,1,1
21211,IPC_SYN,SYN-01,1,1
21212,IT_ACT_SYN,SYN-02,1,1
21213,IPC_SYN,SYN-01,1,1
21214,SPECIAL_LAW_SYN,SYN-03,1,1
21215,IT_ACT_SYN,SYN-02,1,1
21216,IPC_SYN,SYN-01,1,1
21217,IPC_SYN,SYN-01,1,1
21218,IPC_SYN,SYN-01,1,1
21219,IT_ACT_SYN,SYN-02,1,1
21220,SPECIAL_LAW_SYN,SYN-03,1,1
21221,SPECIAL_LAW_SYN,SYN-03,1,1
21222,SPECIAL_LAW_SYN,SYN-03,1,1
21223,SPECIAL_LAW_SYN,SYN-03,1,1
21224,SPECIAL_LAW_SYN,SYN-03,1,1
21225,IPC_SYN,SYN-01,1,1
21226,SPECIAL_LAW_SYN,SYN-03,1,1
21227,IPC_SYN,SYN-01,1,1
21228,IPC_SYN,SYN-01,1,1
21229,IT_ACT_SYN,SYN-02,1,1
21230,IPC_SYN,SYN-01,1,1
21231,IPC_SYN,SYN-01,1,1
21232,IPC_SYN,SYN-01,1,1
21233,SPECIAL_LAW_SYN,SYN-03,1,1
21234,IPC_SYN,SYN-01,1,1
21235,IPC_SYN,SYN-01,1,1
21236,SPECIAL_LAW_SYN,SYN-03,1,1
21237,IPC_SYN,SYN-01,1,1
21238,SPECIAL_LAW_SYN,SYN-03,1,1
21239,IT_ACT_SYN,SYN-02,1,1
21240,IPC_SYN,SYN-01,1,1
21241,SPECIAL_LAW_SYN,SYN-03,1,1
21242,IPC_SYN,SYN-01,1,1
21243,IPC_SYN,SYN-01,1,1
21244,SPECIAL_LAW_SYN,SYN-03,1,1
21245,IT_ACT_SYN,SYN-02,1,1
21246,IPC_SYN,SYN-01,1,1
21247,IPC_SYN,SYN-01,1,1
21248,IT_ACT_SYN,SYN-02,1,1
21249,SPECIAL_LAW_SYN,SYN-03,1,1
21250,IPC_SYN,SYN-01,1,1
21251,IPC_SYN,SYN-01,1,1
21252,SPECIAL_LAW_SYN,SYN-03,1,1
21253,SPECIAL_LAW_SYN,SYN-03,1,1
21254,IPC_SYN,SYN-01,1,1
21255,SPECIAL_LAW_SYN,SYN-03,1,1
21256,SPECIAL_LAW_SYN,SYN-03,1,1
21257,IPC_SYN,SYN-01,1,1
21258,IT_ACT_SYN,SYN-02,1,1
21259,IPC_SYN,SYN-01,1,1
21260,SPECIAL_LAW_SYN,SYN-03,1,1
21261,SPECIAL_LAW_SYN,SYN-03,1,1
21262,IT_ACT_SYN,SYN-02,1,1
21263,IPC_SYN,SYN-01,1,1
21264,IPC_SYN,SYN-01,1,1
21265,SPECIAL_LAW_SYN,SYN-03,1,1
21266,IT_ACT_SYN,SYN-02,1,1
21267,IPC_SYN,SYN-01,1,1
21268,IPC_SYN,SYN-01,1,1
21269,SPECIAL_LAW_SYN,SYN-03,1,1
21270,IPC_SYN,SYN-01,1,1
21271,IPC_SYN,SYN-01,1,1
21272,SPECIAL_LAW_SYN,SYN-03,1,1
21273,IPC_SYN,SYN-01,1,1
21274,IPC_SYN,SYN-01,1,1
21275,SPECIAL_LAW_SYN,SYN-03,1,1
21276,SPECIAL_LAW_SYN,SYN-03,1,1
21277,IPC_SYN,SYN-01,1,1
21278,IPC_SYN,SYN-01,1,1
21279,SPECIAL_LAW_SYN,SYN-03,1,1
21280,IPC_SYN,SYN-01,1,1
21281,IPC_SYN,SYN-01,1,1
21282,IPC_SYN,SYN-01,1,1
21283,IPC_SYN,SYN-01,1,1
21284,IPC_SYN,SYN-01,1,1
21285,IPC_SYN,SYN-01,1,1
21286,SPECIAL_LAW_SYN,SYN-03,1,1
21287,IPC_SYN,SYN-01,1,1
21288,IPC_SYN,SYN-01,1,1
21289,IPC_SYN,SYN-01,1,1
21290,IPC_SYN,SYN-01,1,1
21291,IT_ACT_SYN,SYN-02,1,1
21292,IPC_SYN,SYN-01,1,1
21293,IPC_SYN,SYN-01,1,1
21294,SPECIAL_LAW_SYN,SYN-03,1,1
21295,IPC_SYN,SYN-01,1,1
21296,IPC_SYN,SYN-01,1,1
21297,SPECIAL_LAW_SYN,SYN-03,1,1
21298,IPC_SYN,SYN-01,1,1
21299,IPC_SYN,SYN-01,1,1
21300,SPECIAL_LAW_SYN,SYN-03,1,1
21301,IPC_SYN,SYN-01,1,1
21302,SPECIAL_LAW_SYN,SYN-03,1,1
21303,SPECIAL_LAW_SYN,SYN-03,1,1
21304,SPECIAL_LAW_SYN,SYN-03,1,1
21305,IPC_SYN,SYN-01,1,1
21306,IPC_SYN,SYN-01,1,1
21307,IPC_SYN,SYN-01,1,1
21308,IPC_SYN,SYN-01,1,1
21309,IT_ACT_SYN,SYN-02,1,1
21310,IPC_SYN,SYN-01,1,1
21311,IPC_SYN,SYN-01,1,1
21312,IPC_SYN,SYN-01,1,1
21313,SPECIAL_LAW_SYN,SYN-03,1,1
21314,IPC_SYN,SYN-01,1,1
21315,IPC_SYN,SYN-01,1,1
21316,SPECIAL_LAW_SYN,SYN-03,1,1
21317,SPECIAL_LAW_SYN,SYN-03,1,1
21318,IPC_SYN,SYN-01,1,1
21319,IPC_SYN,SYN-01,1,1
21320,IPC_SYN,SYN-01,1,1
21321,SPECIAL_LAW_SYN,SYN-03,1,1
21322,IPC_SYN,SYN-01,1,1
21323,IPC_SYN,SYN-01,1,1
21324,IPC_SYN,SYN-01,1,1
21325,IPC_SYN,SYN-01,1,1
21326,IPC_SYN,SYN-01,1,1
21327,IPC_SYN,SYN-01,1,1
21328,IPC_SYN,SYN-01,1,1
21329,SPECIAL_LAW_SYN,SYN-03,1,1
21330,IPC_SYN,SYN-01,1,1
21331,SPECIAL_LAW_SYN,SYN-03,1,1
21332,IT_ACT_SYN,SYN-02,1,1
21333,IPC_SYN,SYN-01,1,1
21334,SPECIAL_LAW_SYN,SYN-03,1,1
21335,SPECIAL_LAW_SYN,SYN-03,1,1
21336,IPC_SYN,SYN-01,1,1
21337,SPECIAL_LAW_SYN,SYN-03,1,1
21338,IPC_SYN,SYN-01,1,1
21339,SPECIAL_LAW_SYN,SYN-03,1,1
21340,IT_ACT_SYN,SYN-02,1,1
21341,IPC_SYN,SYN-01,1,1
21342,SPECIAL_LAW_SYN,SYN-03,1,1
21343,IPC_SYN,SYN-01,1,1
21344,IPC_SYN,SYN-01,1,1
21345,IPC_SYN,SYN-01,1,1
21346,IPC_SYN,SYN-01,1,1
21347,IPC_SYN,SYN-01,1,1
21348,SPECIAL_LAW_SYN,SYN-03,1,1
21349,SPECIAL_LAW_SYN,SYN-03,1,1
21350,IPC_SYN,SYN-01,1,1
21351,IPC_SYN,SYN-01,1,1
21352,IPC_SYN,SYN-01,1,1
21353,IPC_SYN,SYN-01,1,1
21354,IT_ACT_SYN,SYN-02,1,1
21355,IT_ACT_SYN,SYN-02,1,1
21356,SPECIAL_LAW_SYN,SYN-03,1,1
21357,IT_ACT_SYN,SYN-02,1,1
21358,IPC_SYN,SYN-01,1,1
21359,SPECIAL_LAW_SYN,SYN-03,1,1
21360,SPECIAL_LAW_SYN,SYN-03,1,1
21361,IPC_SYN,SYN-01,1,1
21362,IPC_SYN,SYN-01,1,1
21363,IPC_SYN,SYN-01,1,1
21364,IPC_SYN,SYN-01,1,1
21365,IPC_SYN,SYN-01,1,1
21366,IPC_SYN,SYN-01,1,1
21367,IPC_SYN,SYN-01,1,1
21368,SPECIAL_LAW_SYN,SYN-03,1,1
21369,IT_ACT_SYN,SYN-02,1,1
21370,IPC_SYN,SYN-01,1,1
21371,IPC_SYN,SYN-01,1,1
21372,IT_ACT_SYN,SYN-02,1,1
21373,SPECIAL_LAW_SYN,SYN-03,1,1
21374,IPC_SYN,SYN-01,1,1
21375,IPC_SYN,SYN-01,1,1
21376,SPECIAL_LAW_SYN,SYN-03,1,1
21377,IPC_SYN,SYN-01,1,1
21378,IPC_SYN,SYN-01,1,1
21379,IPC_SYN,SYN-01,1,1
21380,IPC_SYN,SYN-01,1,1
21381,IPC_SYN,SYN-01,1,1
21382,IPC_SYN,SYN-01,1,1
21383,IPC_SYN,SYN-01,1,1
21384,IT_ACT_SYN,SYN-02,1,1
21385,IPC_SYN,SYN-01,1,1
21386,SPECIAL_LAW_SYN,SYN-03,1,1
21387,IPC_SYN,SYN-01,1,1
21388,IPC_SYN,SYN-01,1,1
21389,IPC_SYN,SYN-01,1,1
21390,IPC_SYN,SYN-01,1,1
21391,IPC_SYN,SYN-01,1,1
21392,IPC_SYN,SYN-01,1,1
21393,IPC_SYN,SYN-01,1,1
21394,IPC_SYN,SYN-01,1,1
21395,SPECIAL_LAW_SYN,SYN-03,1,1
21396,IPC_SYN,SYN-01,1,1
21397,IPC_SYN,SYN-01,1,1
21398,IPC_SYN,SYN-01,1,1
21399,IPC_SYN,SYN-01,1,1
21400,IPC_SYN,SYN-01,1,1
21401,IT_ACT_SYN,SYN-02,1,1
21402,IPC_SYN,SYN-01,1,1
21403,IT_ACT_SYN,SYN-02,1,1
21404,SPECIAL_LAW_SYN,SYN-03,1,1
21405,IPC_SYN,SYN-01,1,1
21406,IPC_SYN,SYN-01,1,1
21407,SPECIAL_LAW_SYN,SYN-03,1,1
21408,SPECIAL_LAW_SYN,SYN-03,1,1
21409,IPC_SYN,SYN-01,1,1
21410,IPC_SYN,SYN-01,1,1
21411,SPECIAL_LAW_SYN,SYN-03,1,1
21412,IPC_SYN,SYN-01,1,1
21413,IPC_SYN,SYN-01,1,1
21414,IT_ACT_SYN,SYN-02,1,1
21415,SPECIAL_LAW_SYN,SYN-03,1,1
21416,IPC_SYN,SYN-01,1,1
21417,SPECIAL_LAW_SYN,SYN-03,1,1
21418,IPC_SYN,SYN-01,1,1
21419,IPC_SYN,SYN-01,1,1
21420,SPECIAL_LAW_SYN,SYN-03,1,1
21421,IPC_SYN,SYN-01,1,1
21422,SPECIAL_LAW_SYN,SYN-03,1,1
21423,IPC_SYN,SYN-01,1,1
21424,IPC_SYN,SYN-01,1,1
21425,IT_ACT_SYN,SYN-02,1,1
21426,IPC_SYN,SYN-01,1,1
21427,IPC_SYN,SYN-01,1,1
21428,SPECIAL_LAW_SYN,SYN-03,1,1
21429,IPC_SYN,SYN-01,1,1
21430,SPECIAL_LAW_SYN,SYN-03,1,1
21431,SPECIAL_LAW_SYN,SYN-03,1,1
21432,SPECIAL_LAW_SYN,SYN-03,1,1
21433,IT_ACT_SYN,SYN-02,1,1
21434,IPC_SYN,SYN-01,1,1
21435,IPC_SYN,SYN-01,1,1
21436,IPC_SYN,SYN-01,1,1
21437,IPC_SYN,SYN-01,1,1
21438,SPECIAL_LAW_SYN,SYN-03,1,1
21439,IT_ACT_SYN,SYN-02,1,1
21440,SPECIAL_LAW_SYN,SYN-03,1,1
21441,IT_ACT_SYN,SYN-02,1,1
21442,IPC_SYN,SYN-01,1,1
21443,SPECIAL_LAW_SYN,SYN-03,1,1
21444,IPC_SYN,SYN-01,1,1
21445,IPC_SYN,SYN-01,1,1
21446,SPECIAL_LAW_SYN,SYN-03,1,1
21447,IPC_SYN,SYN-01,1,1
21448,IPC_SYN,SYN-01,1,1
21449,IPC_SYN,SYN-01,1,1
21450,IT_ACT_SYN,SYN-02,1,1
21451,IPC_SYN,SYN-01,1,1
21452,IPC_SYN,SYN-01,1,1
21453,IPC_SYN,SYN-01,1,1
21454,SPECIAL_LAW_SYN,SYN-03,1,1
21455,IPC_SYN,SYN-01,1,1
21456,IPC_SYN,SYN-01,1,1
21457,IPC_SYN,SYN-01,1,1
21458,IT_ACT_SYN,SYN-02,1,1
21459,IPC_SYN,SYN-01,1,1
21460,IPC_SYN,SYN-01,1,1
21461,IPC_SYN,SYN-01,1,1
21462,IT_ACT_SYN,SYN-02,1,1
21463,IPC_SYN,SYN-01,1,1
21464,IPC_SYN,SYN-01,1,1
21465,IPC_SYN,SYN-01,1,1
21466,IPC_SYN,SYN-01,1,1
21467,SPECIAL_LAW_SYN,SYN-03,1,1
21468,IPC_SYN,SYN-01,1,1
21469,IPC_SYN,SYN-01,1,1
21470,IPC_SYN,SYN-01,1,1
21471,SPECIAL_LAW_SYN,SYN-03,1,1
21472,SPECIAL_LAW_SYN,SYN-03,1,1
21473,SPECIAL_LAW_SYN,SYN-03,1,1
21474,IPC_SYN,SYN-01,1,1
21475,IPC_SYN,SYN-01,1,1
21476,IPC_SYN,SYN-01,1,1
21477,IPC_SYN,SYN-01,1,1
21478,IPC_SYN,SYN-01,1,1
21479,IPC_SYN,SYN-01,1,1
21480,IPC_SYN,SYN-01,1,1
21481,IPC_SYN,SYN-01,1,1
21482,SPECIAL_LAW_SYN,SYN-03,1,1
21483,IT_ACT_SYN,SYN-02,1,1
21484,IPC_SYN,SYN-01,1,1
21485,IPC_SYN,SYN-01,1,1
21486,IPC_SYN,SYN-01,1,1
21487,IT_ACT_SYN,SYN-02,1,1
21488,IT_ACT_SYN,SYN-02,1,1
21489,SPECIAL_LAW_SYN,SYN-03,1,1
21490,IPC_SYN,SYN-01,1,1
21491,IPC_SYN,SYN-01,1,1
21492,IPC_SYN,SYN-01,1,1
21493,IT_ACT_SYN,SYN-02,1,1
21494,IPC_SYN,SYN-01,1,1
21495,IPC_SYN,SYN-01,1,1
21496,IPC_SYN,SYN-01,1,1
21497,IPC_SYN,SYN-01,1,1
21498,IPC_SYN,SYN-01,1,1
21499,SPECIAL_LAW_SYN,SYN-03,1,1
21500,IPC_SYN,SYN-01,1,1
21501,SPECIAL_LAW_SYN,SYN-03,1,1
21502,IPC_SYN,SYN-01,1,1
21503,SPECIAL_LAW_SYN,SYN-03,1,1
21504,IPC_SYN,SYN-01,1,1
21505,IPC_SYN,SYN-01,1,1
21506,SPECIAL_LAW_SYN,SYN-03,1,1
21507,IPC_SYN,SYN-01,1,1
21508,SPECIAL_LAW_SYN,SYN-03,1,1
21509,IPC_SYN,SYN-01,1,1
21510,SPECIAL_LAW_SYN,SYN-03,1,1
21511,SPECIAL_LAW_SYN,SYN-03,1,1
21512,IPC_SYN,SYN-01,1,1
21513,IPC_SYN,SYN-01,1,1
21514,SPECIAL_LAW_SYN,SYN-03,1,1
21515,IPC_SYN,SYN-01,1,1
21516,IPC_SYN,SYN-01,1,1
21517,IPC_SYN,SYN-01,1,1
21518,IPC_SYN,SYN-01,1,1
21519,SPECIAL_LAW_SYN,SYN-03,1,1
21520,IT_ACT_SYN,SYN-02,1,1
21521,IPC_SYN,SYN-01,1,1
21522,IPC_SYN,SYN-01,1,1
21523,IPC_SYN,SYN-01,1,1
21524,SPECIAL_LAW_SYN,SYN-03,1,1
21525,IPC_SYN,SYN-01,1,1
21526,SPECIAL_LAW_SYN,SYN-03,1,1
21527,IT_ACT_SYN,SYN-02,1,1
21528,SPECIAL_LAW_SYN,SYN-03,1,1
21529,IPC_SYN,SYN-01,1,1
21530,IPC_SYN,SYN-01,1,1
21531,IPC_SYN,SYN-01,1,1
21532,IT_ACT_SYN,SYN-02,1,1
21533,SPECIAL_LAW_SYN,SYN-03,1,1
21534,SPECIAL_LAW_SYN,SYN-03,1,1
21535,IPC_SYN,SYN-01,1,1
21536,IPC_SYN,SYN-01,1,1
21537,IPC_SYN,SYN-01,1,1
21538,IPC_SYN,SYN-01,1,1
21539,IPC_SYN,SYN-01,1,1
21540,IPC_SYN,SYN-01,1,1
21541,IPC_SYN,SYN-01,1,1
21542,IPC_SYN,SYN-01,1,1
21543,IPC_SYN,SYN-01,1,1
21544,IPC_SYN,SYN-01,1,1
21545,IPC_SYN,SYN-01,1,1
21546,SPECIAL_LAW_SYN,SYN-03,1,1
21547,SPECIAL_LAW_SYN,SYN-03,1,1
21548,SPECIAL_LAW_SYN,SYN-03,1,1
21549,IPC_SYN,SYN-01,1,1
21550,IPC_SYN,SYN-01,1,1
21551,SPECIAL_LAW_SYN,SYN-03,1,1
21552,SPECIAL_LAW_SYN,SYN-03,1,1
21553,IPC_SYN,SYN-01,1,1
21554,IPC_SYN,SYN-01,1,1
21555,IPC_SYN,SYN-01,1,1
21556,IPC_SYN,SYN-01,1,1
21557,IPC_SYN,SYN-01,1,1
21558,IPC_SYN,SYN-01,1,1
21559,SPECIAL_LAW_SYN,SYN-03,1,1
21560,SPECIAL_LAW_SYN,SYN-03,1,1
21561,IPC_SYN,SYN-01,1,1
21562,IT_ACT_SYN,SYN-02,1,1
21563,IPC_SYN,SYN-01,1,1
21564,IPC_SYN,SYN-01,1,1
21565,IPC_SYN,SYN-01,1,1
21566,IPC_SYN,SYN-01,1,1
21567,IPC_SYN,SYN-01,1,1
21568,IPC_SYN,SYN-01,1,1
21569,IPC_SYN,SYN-01,1,1
21570,SPECIAL_LAW_SYN,SYN-03,1,1
21571,IPC_SYN,SYN-01,1,1
21572,IPC_SYN,SYN-01,1,1
21573,IPC_SYN,SYN-01,1,1
21574,SPECIAL_LAW_SYN,SYN-03,1,1
21575,IPC_SYN,SYN-01,1,1
21576,SPECIAL_LAW_SYN,SYN-03,1,1
21577,IPC_SYN,SYN-01,1,1
21578,IT_ACT_SYN,SYN-02,1,1
21579,IPC_SYN,SYN-01,1,1
21580,IPC_SYN,SYN-01,1,1
21581,IPC_SYN,SYN-01,1,1
21582,IPC_SYN,SYN-01,1,1
21583,IPC_SYN,SYN-01,1,1
21584,IPC_SYN,SYN-01,1,1
21585,IPC_SYN,SYN-01,1,1
21586,SPECIAL_LAW_SYN,SYN-03,1,1
21587,IPC_SYN,SYN-01,1,1
21588,IT_ACT_SYN,SYN-02,1,1
21589,IT_ACT_SYN,SYN-02,1,1
21590,IPC_SYN,SYN-01,1,1
21591,IPC_SYN,SYN-01,1,1
21592,IPC_SYN,SYN-01,1,1
21593,IPC_SYN,SYN-01,1,1
21594,IPC_SYN,SYN-01,1,1
21595,IPC_SYN,SYN-01,1,1
21596,IPC_SYN,SYN-01,1,1
21597,IPC_SYN,SYN-01,1,1
21598,IPC_SYN,SYN-01,1,1
21599,SPECIAL_LAW_SYN,SYN-03,1,1
21600,IPC_SYN,SYN-01,1,1
21601,IPC_SYN,SYN-01,1,1
21602,SPECIAL_LAW_SYN,SYN-03,1,1
21603,SPECIAL_LAW_SYN,SYN-03,1,1
21604,IPC_SYN,SYN-01,1,1
21605,IPC_SYN,SYN-01,1,1
21606,IT_ACT_SYN,SYN-02,1,1
21607,SPECIAL_LAW_SYN,SYN-03,1,1
21608,SPECIAL_LAW_SYN,SYN-03,1,1
21609,IT_ACT_SYN,SYN-02,1,1
21610,IPC_SYN,SYN-01,1,1
21611,IT_ACT_SYN,SYN-02,1,1
21612,SPECIAL_LAW_SYN,SYN-03,1,1
21613,IPC_SYN,SYN-01,1,1
21614,IPC_SYN,SYN-01,1,1
21615,SPECIAL_LAW_SYN,SYN-03,1,1
21616,SPECIAL_LAW_SYN,SYN-03,1,1
21617,IPC_SYN,SYN-01,1,1
21618,SPECIAL_LAW_SYN,SYN-03,1,1
21619,SPECIAL_LAW_SYN,SYN-03,1,1
21620,IPC_SYN,SYN-01,1,1
21621,SPECIAL_LAW_SYN,SYN-03,1,1
21622,IPC_SYN,SYN-01,1,1
21623,IPC_SYN,SYN-01,1,1
21624,IPC_SYN,SYN-01,1,1
21625,IPC_SYN,SYN-01,1,1
21626,IT_ACT_SYN,SYN-02,1,1
21627,SPECIAL_LAW_SYN,SYN-03,1,1
21628,IPC_SYN,SYN-01,1,1
21629,IT_ACT_SYN,SYN-02,1,1
21630,IPC_SYN,SYN-01,1,1
21631,IPC_SYN,SYN-01,1,1
21632,IPC_SYN,SYN-01,1,1
21633,IPC_SYN,SYN-01,1,1
21634,IPC_SYN,SYN-01,1,1
21635,IPC_SYN,SYN-01,1,1
21636,IPC_SYN,SYN-01,1,1
21637,IPC_SYN,SYN-01,1,1
21638,SPECIAL_LAW_SYN,SYN-03,1,1
21639,IPC_SYN,SYN-01,1,1
21640,SPECIAL_LAW_SYN,SYN-03,1,1
21641,IT_ACT_SYN,SYN-02,1,1
21642,SPECIAL_LAW_SYN,SYN-03,1,1
21643,IPC_SYN,SYN-01,1,1
21644,SPECIAL_LAW_SYN,SYN-03,1,1
21645,IPC_SYN,SYN-01,1,1
21646,IPC_SYN,SYN-01,1,1
21647,SPECIAL_LAW_SYN,SYN-03,1,1
21648,SPECIAL_LAW_SYN,SYN-03,1,1
21649,SPECIAL_LAW_SYN,SYN-03,1,1
21650,SPECIAL_LAW_SYN,SYN-03,1,1
21651,IPC_SYN,SYN-01,1,1
21652,IPC_SYN,SYN-01,1,1
21653,IT_ACT_SYN,SYN-02,1,1
21654,SPECIAL_LAW_SYN,SYN-03,1,1
21655,IPC_SYN,SYN-01,1,1
21656,SPECIAL_LAW_SYN,SYN-03,1,1
21657,IPC_SYN,SYN-01,1,1
21658,IT_ACT_SYN,SYN-02,1,1
21659,SPECIAL_LAW_SYN,SYN-03,1,1
21660,SPECIAL_LAW_SYN,SYN-03,1,1
21661,SPECIAL_LAW_SYN,SYN-03,1,1
21662,SPECIAL_LAW_SYN,SYN-03,1,1
21663,IPC_SYN,SYN-01,1,1
21664,SPECIAL_LAW_SYN,SYN-03,1,1
21665,IT_ACT_SYN,SYN-02,1,1
21666,IT_ACT_SYN,SYN-02,1,1
21667,IPC_SYN,SYN-01,1,1
21668,IPC_SYN,SYN-01,1,1
21669,IPC_SYN,SYN-01,1,1
21670,SPECIAL_LAW_SYN,SYN-03,1,1
21671,IPC_SYN,SYN-01,1,1
21672,IPC_SYN,SYN-01,1,1
21673,IPC_SYN,SYN-01,1,1
21674,IPC_SYN,SYN-01,1,1
21675,IPC_SYN,SYN-01,1,1
21676,IPC_SYN,SYN-01,1,1
21677,IPC_SYN,SYN-01,1,1
21678,SPECIAL_LAW_SYN,SYN-03,1,1
21679,SPECIAL_LAW_SYN,SYN-03,1,1
21680,SPECIAL_LAW_SYN,SYN-03,1,1
21681,IPC_SYN,SYN-01,1,1
21682,SPECIAL_LAW_SYN,SYN-03,1,1
21683,IPC_SYN,SYN-01,1,1
21684,IPC_SYN,SYN-01,1,1
21685,IT_ACT_SYN,SYN-02,1,1
21686,IPC_SYN,SYN-01,1,1
21687,IT_ACT_SYN,SYN-02,1,1
21688,SPECIAL_LAW_SYN,SYN-03,1,1
21689,IPC_SYN,SYN-01,1,1
21690,SPECIAL_LAW_SYN,SYN-03,1,1
21691,IT_ACT_SYN,SYN-02,1,1
21692,SPECIAL_LAW_SYN,SYN-03,1,1
21693,IT_ACT_SYN,SYN-02,1,1
21694,IPC_SYN,SYN-01,1,1
21695,SPECIAL_LAW_SYN,SYN-03,1,1
21696,IT_ACT_SYN,SYN-02,1,1
21697,IPC_SYN,SYN-01,1,1
21698,SPECIAL_LAW_SYN,SYN-03,1,1
21699,IPC_SYN,SYN-01,1,1
21700,IT_ACT_SYN,SYN-02,1,1
21701,SPECIAL_LAW_SYN,SYN-03,1,1
21702,SPECIAL_LAW_SYN,SYN-03,1,1
21703,SPECIAL_LAW_SYN,SYN-03,1,1
21704,SPECIAL_LAW_SYN,SYN-03,1,1
21705,IPC_SYN,SYN-01,1,1
21706,IPC_SYN,SYN-01,1,1
21707,IPC_SYN,SYN-01,1,1
21708,IPC_SYN,SYN-01,1,1
21709,SPECIAL_LAW_SYN,SYN-03,1,1
21710,IPC_SYN,SYN-01,1,1
21711,SPECIAL_LAW_SYN,SYN-03,1,1
21712,SPECIAL_LAW_SYN,SYN-03,1,1
21713,IPC_SYN,SYN-01,1,1
21714,IPC_SYN,SYN-01,1,1
21715,IPC_SYN,SYN-01,1,1
21716,SPECIAL_LAW_SYN,SYN-03,1,1
21717,SPECIAL_LAW_SYN,SYN-03,1,1
21718,IT_ACT_SYN,SYN-02,1,1
21719,IPC_SYN,SYN-01,1,1
21720,IPC_SYN,SYN-01,1,1
21721,SPECIAL_LAW_SYN,SYN-03,1,1
21722,IT_ACT_SYN,SYN-02,1,1
21723,IPC_SYN,SYN-01,1,1
21724,IPC_SYN,SYN-01,1,1
21725,IPC_SYN,SYN-01,1,1
21726,SPECIAL_LAW_SYN,SYN-03,1,1
21727,SPECIAL_LAW_SYN,SYN-03,1,1
21728,IPC_SYN,SYN-01,1,1
21729,IPC_SYN,SYN-01,1,1
21730,IPC_SYN,SYN-01,1,1
21731,IT_ACT_SYN,SYN-02,1,1
21732,IPC_SYN,SYN-01,1,1
21733,SPECIAL_LAW_SYN,SYN-03,1,1
21734,IPC_SYN,SYN-01,1,1
21735,SPECIAL_LAW_SYN,SYN-03,1,1
21736,IPC_SYN,SYN-01,1,1
21737,SPECIAL_LAW_SYN,SYN-03,1,1
21738,IPC_SYN,SYN-01,1,1
21739,IT_ACT_SYN,SYN-02,1,1
21740,IPC_SYN,SYN-01,1,1
21741,IPC_SYN,SYN-01,1,1
21742,SPECIAL_LAW_SYN,SYN-03,1,1
21743,IPC_SYN,SYN-01,1,1
21744,IPC_SYN,SYN-01,1,1
21745,IT_ACT_SYN,SYN-02,1,1
21746,IPC_SYN,SYN-01,1,1
21747,SPECIAL_LAW_SYN,SYN-03,1,1
21748,IPC_SYN,SYN-01,1,1
21749,IPC_SYN,SYN-01,1,1
21750,IT_ACT_SYN,SYN-02,1,1
21751,SPECIAL_LAW_SYN,SYN-03,1,1
21752,IT_ACT_SYN,SYN-02,1,1
21753,SPECIAL_LAW_SYN,SYN-03,1,1
21754,IPC_SYN,SYN-01,1,1
21755,SPECIAL_LAW_SYN,SYN-03,1,1
21756,IPC_SYN,SYN-01,1,1
21757,IPC_SYN,SYN-01,1,1
21758,IT_ACT_SYN,SYN-02,1,1
21759,IPC_SYN,SYN-01,1,1
21760,SPECIAL_LAW_SYN,SYN-03,1,1
21761,IPC_SYN,SYN-01,1,1
21762,SPECIAL_LAW_SYN,SYN-03,1,1
21763,IPC_SYN,SYN-01,1,1
21764,SPECIAL_LAW_SYN,SYN-03,1,1
21765,IPC_SYN,SYN-01,1,1
21766,SPECIAL_LAW_SYN,SYN-03,1,1
21767,IPC_SYN,SYN-01,1,1
21768,IPC_SYN,SYN-01,1,1
21769,SPECIAL_LAW_SYN,SYN-03,1,1
21770,IPC_SYN,SYN-01,1,1
21771,IPC_SYN,SYN-01,1,1
21772,IPC_SYN,SYN-01,1,1
21773,IPC_SYN,SYN-01,1,1
21774,IT_ACT_SYN,SYN-02,1,1
21775,IPC_SYN,SYN-01,1,1
21776,IPC_SYN,SYN-01,1,1
21777,IPC_SYN,SYN-01,1,1
21778,IPC_SYN,SYN-01,1,1
21779,SPECIAL_LAW_SYN,SYN-03,1,1
21780,IPC_SYN,SYN-01,1,1
21781,IPC_SYN,SYN-01,1,1
21782,IPC_SYN,SYN-01,1,1
21783,SPECIAL_LAW_SYN,SYN-03,1,1
21784,IT_ACT_SYN,SYN-02,1,1
21785,IPC_SYN,SYN-01,1,1
21786,IPC_SYN,SYN-01,1,1
21787,IPC_SYN,SYN-01,1,1
21788,SPECIAL_LAW_SYN,SYN-03,1,1
21789,SPECIAL_LAW_SYN,SYN-03,1,1
21790,IPC_SYN,SYN-01,1,1
21791,IPC_SYN,SYN-01,1,1
21792,SPECIAL_LAW_SYN,SYN-03,1,1
21793,IPC_SYN,SYN-01,1,1
21794,SPECIAL_LAW_SYN,SYN-03,1,1
21795,IPC_SYN,SYN-01,1,1
21796,IPC_SYN,SYN-01,1,1
21797,IPC_SYN,SYN-01,1,1
21798,IPC_SYN,SYN-01,1,1
21799,SPECIAL_LAW_SYN,SYN-03,1,1
21800,IPC_SYN,SYN-01,1,1
21801,IPC_SYN,SYN-01,1,1
21802,IPC_SYN,SYN-01,1,1
21803,IT_ACT_SYN,SYN-02,1,1
21804,IPC_SYN,SYN-01,1,1
21805,IPC_SYN,SYN-01,1,1
21806,IPC_SYN,SYN-01,1,1
21807,IPC_SYN,SYN-01,1,1
21808,IPC_SYN,SYN-01,1,1
21809,IT_ACT_SYN,SYN-02,1,1
21810,IPC_SYN,SYN-01,1,1
21811,SPECIAL_LAW_SYN,SYN-03,1,1
21812,IPC_SYN,SYN-01,1,1
21813,IPC_SYN,SYN-01,1,1
21814,IPC_SYN,SYN-01,1,1
21815,IPC_SYN,SYN-01,1,1
21816,IPC_SYN,SYN-01,1,1
21817,IPC_SYN,SYN-01,1,1
21818,IPC_SYN,SYN-01,1,1
21819,IPC_SYN,SYN-01,1,1
21820,IPC_SYN,SYN-01,1,1
21821,IPC_SYN,SYN-01,1,1
21822,IPC_SYN,SYN-01,1,1
21823,IPC_SYN,SYN-01,1,1
21824,IT_ACT_SYN,SYN-02,1,1
21825,IPC_SYN,SYN-01,1,1
21826,IPC_SYN,SYN-01,1,1
21827,IT_ACT_SYN,SYN-02,1,1
21828,SPECIAL_LAW_SYN,SYN-03,1,1
21829,IPC_SYN,SYN-01,1,1
21830,IPC_SYN,SYN-01,1,1
21831,IPC_SYN,SYN-01,1,1
21832,IPC_SYN,SYN-01,1,1
21833,IT_ACT_SYN,SYN-02,1,1
21834,SPECIAL_LAW_SYN,SYN-03,1,1
21835,SPECIAL_LAW_SYN,SYN-03,1,1
21836,IPC_SYN,SYN-01,1,1
21837,SPECIAL_LAW_SYN,SYN-03,1,1
21838,IT_ACT_SYN,SYN-02,1,1
21839,IPC_SYN,SYN-01,1,1
21840,IPC_SYN,SYN-01,1,1
21841,IPC_SYN,SYN-01,1,1
21842,IPC_SYN,SYN-01,1,1
21843,IPC_SYN,SYN-01,1,1
21844,IPC_SYN,SYN-01,1,1
21845,SPECIAL_LAW_SYN,SYN-03,1,1
21846,SPECIAL_LAW_SYN,SYN-03,1,1
21847,IPC_SYN,SYN-01,1,1
21848,SPECIAL_LAW_SYN,SYN-03,1,1
21849,IPC_SYN,SYN-01,1,1
21850,IPC_SYN,SYN-01,1,1
21851,IPC_SYN,SYN-01,1,1
21852,IPC_SYN,SYN-01,1,1
21853,SPECIAL_LAW_SYN,SYN-03,1,1
21854,SPECIAL_LAW_SYN,SYN-03,1,1
21855,IPC_SYN,SYN-01,1,1
21856,SPECIAL_LAW_SYN,SYN-03,1,1
21857,IPC_SYN,SYN-01,1,1
21858,SPECIAL_LAW_SYN,SYN-03,1,1
21859,SPECIAL_LAW_SYN,SYN-03,1,1
21860,SPECIAL_LAW_SYN,SYN-03,1,1
21861,IPC_SYN,SYN-01,1,1
21862,IPC_SYN,SYN-01,1,1
21863,IPC_SYN,SYN-01,1,1
21864,IPC_SYN,SYN-01,1,1
21865,IPC_SYN,SYN-01,1,1
21866,SPECIAL_LAW_SYN,SYN-03,1,1
21867,IPC_SYN,SYN-01,1,1
21868,IPC_SYN,SYN-01,1,1
21869,IPC_SYN,SYN-01,1,1
21870,IPC_SYN,SYN-01,1,1
21871,IPC_SYN,SYN-01,1,1
21872,IPC_SYN,SYN-01,1,1
21873,SPECIAL_LAW_SYN,SYN-03,1,1
21874,IPC_SYN,SYN-01,1,1
21875,IPC_SYN,SYN-01,1,1
21876,IPC_SYN,SYN-01,1,1
21877,SPECIAL_LAW_SYN,SYN-03,1,1
21878,IPC_SYN,SYN-01,1,1
21879,SPECIAL_LAW_SYN,SYN-03,1,1
21880,IPC_SYN,SYN-01,1,1
21881,SPECIAL_LAW_SYN,SYN-03,1,1
21882,SPECIAL_LAW_SYN,SYN-03,1,1
21883,IT_ACT_SYN,SYN-02,1,1
21884,SPECIAL_LAW_SYN,SYN-03,1,1
21885,IPC_SYN,SYN-01,1,1
21886,IPC_SYN,SYN-01,1,1
21887,IT_ACT_SYN,SYN-02,1,1
21888,SPECIAL_LAW_SYN,SYN-03,1,1
21889,IPC_SYN,SYN-01,1,1
21890,SPECIAL_LAW_SYN,SYN-03,1,1
21891,IPC_SYN,SYN-01,1,1
21892,IPC_SYN,SYN-01,1,1
21893,SPECIAL_LAW_SYN,SYN-03,1,1
21894,IPC_SYN,SYN-01,1,1
21895,IPC_SYN,SYN-01,1,1
21896,SPECIAL_LAW_SYN,SYN-03,1,1
21897,IPC_SYN,SYN-01,1,1
21898,IPC_SYN,SYN-01,1,1
21899,SPECIAL_LAW_SYN,SYN-03,1,1
21900,IPC_SYN,SYN-01,1,1
21901,IPC_SYN,SYN-01,1,1
21902,IPC_SYN,SYN-01,1,1
21903,IPC_SYN,SYN-01,1,1
21904,IPC_SYN,SYN-01,1,1
21905,IPC_SYN,SYN-01,1,1
21906,SPECIAL_LAW_SYN,SYN-03,1,1
21907,IPC_SYN,SYN-01,1,1
21908,SPECIAL_LAW_SYN,SYN-03,1,1
21909,IPC_SYN,SYN-01,1,1
21910,IPC_SYN,SYN-01,1,1
21911,SPECIAL_LAW_SYN,SYN-03,1,1
21912,IPC_SYN,SYN-01,1,1
21913,SPECIAL_LAW_SYN,SYN-03,1,1
21914,SPECIAL_LAW_SYN,SYN-03,1,1
21915,IPC_SYN,SYN-01,1,1
21916,IT_ACT_SYN,SYN-02,1,1
21917,IPC_SYN,SYN-01,1,1
21918,IPC_SYN,SYN-01,1,1
21919,IPC_SYN,SYN-01,1,1
21920,SPECIAL_LAW_SYN,SYN-03,1,1
21921,IPC_SYN,SYN-01,1,1
21922,IPC_SYN,SYN-01,1,1
21923,IPC_SYN,SYN-01,1,1
21924,IPC_SYN,SYN-01,1,1
21925,IPC_SYN,SYN-01,1,1
21926,IPC_SYN,SYN-01,1,1
21927,IPC_SYN,SYN-01,1,1
21928,IPC_SYN,SYN-01,1,1
21929,IPC_SYN,SYN-01,1,1
21930,SPECIAL_LAW_SYN,SYN-03,1,1
21931,SPECIAL_LAW_SYN,SYN-03,1,1
21932,IPC_SYN,SYN-01,1,1
21933,IT_ACT_SYN,SYN-02,1,1
21934,IPC_SYN,SYN-01,1,1
21935,SPECIAL_LAW_SYN,SYN-03,1,1
21936,IT_ACT_SYN,SYN-02,1,1
21937,SPECIAL_LAW_SYN,SYN-03,1,1
21938,SPECIAL_LAW_SYN,SYN-03,1,1
21939,IPC_SYN,SYN-01,1,1
21940,IPC_SYN,SYN-01,1,1
21941,IPC_SYN,SYN-01,1,1
21942,IPC_SYN,SYN-01,1,1
21943,IT_ACT_SYN,SYN-02,1,1
21944,IPC_SYN,SYN-01,1,1
21945,IPC_SYN,SYN-01,1,1
21946,IT_ACT_SYN,SYN-02,1,1
21947,SPECIAL_LAW_SYN,SYN-03,1,1
21948,SPECIAL_LAW_SYN,SYN-03,1,1
21949,SPECIAL_LAW_SYN,SYN-03,1,1
21950,SPECIAL_LAW_SYN,SYN-03,1,1
21951,IT_ACT_SYN,SYN-02,1,1
21952,IT_ACT_SYN,SYN-02,1,1
21953,SPECIAL_LAW_SYN,SYN-03,1,1
21954,IPC_SYN,SYN-01,1,1
21955,SPECIAL_LAW_SYN,SYN-03,1,1
21956,IPC_SYN,SYN-01,1,1
21957,IPC_SYN,SYN-01,1,1
21958,IT_ACT_SYN,SYN-02,1,1
21959,SPECIAL_LAW_SYN,SYN-03,1,1
21960,IPC_SYN,SYN-01,1,1
21961,IPC_SYN,SYN-01,1,1
21962,IPC_SYN,SYN-01,1,1
21963,IPC_SYN,SYN-01,1,1
21964,IPC_SYN,SYN-01,1,1
21965,IPC_SYN,SYN-01,1,1
21966,IPC_SYN,SYN-01,1,1
21967,IPC_SYN,SYN-01,1,1
21968,SPECIAL_LAW_SYN,SYN-03,1,1
21969,IPC_SYN,SYN-01,1,1
21970,IPC_SYN,SYN-01,1,1
21971,SPECIAL_LAW_SYN,SYN-03,1,1
21972,IPC_SYN,SYN-01,1,1
21973,IPC_SYN,SYN-01,1,1
21974,SPECIAL_LAW_SYN,SYN-03,1,1
21975,SPECIAL_LAW_SYN,SYN-03,1,1
21976,SPECIAL_LAW_SYN,SYN-03,1,1
21977,SPECIAL_LAW_SYN,SYN-03,1,1
21978,SPECIAL_LAW_SYN,SYN-03,1,1
21979,IPC_SYN,SYN-01,1,1
21980,IT_ACT_SYN,SYN-02,1,1
21981,IPC_SYN,SYN-01,1,1
21982,IPC_SYN,SYN-01,1,1
21983,SPECIAL_LAW_SYN,SYN-03,1,1
21984,IPC_SYN,SYN-01,1,1
21985,IPC_SYN,SYN-01,1,1
21986,IPC_SYN,SYN-01,1,1
21987,IPC_SYN,SYN-01,1,1
21988,IPC_SYN,SYN-01,1,1
21989,IT_ACT_SYN,SYN-02,1,1
21990,SPECIAL_LAW_SYN,SYN-03,1,1
21991,IPC_SYN,SYN-01,1,1
21992,IPC_SYN,SYN-01,1,1
21993,SPECIAL_LAW_SYN,SYN-03,1,1
21994,IPC_SYN,SYN-01,1,1
21995,IPC_SYN,SYN-01,1,1
21996,IPC_SYN,SYN-01,1,1
21997,IPC_SYN,SYN-01,1,1
21998,IPC_SYN,SYN-01,1,1
21999,IPC_SYN,SYN-01,1,1
22000,IPC_SYN,SYN-01,1,1
22001,IT_ACT_SYN,SYN-02,1,1
22002,SPECIAL_LAW_SYN,SYN-03,1,1
22003,IPC_SYN,SYN-01,1,1
22004,SPECIAL_LAW_SYN,SYN-03,1,1
22005,IPC_SYN,SYN-01,1,1
22006,IPC_SYN,SYN-01,1,1
22007,IPC_SYN,SYN-01,1,1
22008,SPECIAL_LAW_SYN,SYN-03,1,1
22009,SPECIAL_LAW_SYN,SYN-03,1,1
22010,IT_ACT_SYN,SYN-02,1,1
22011,IPC_SYN,SYN-01,1,1
22012,SPECIAL_LAW_SYN,SYN-03,1,1
22013,IPC_SYN,SYN-01,1,1
22014,IPC_SYN,SYN-01,1,1
22015,SPECIAL_LAW_SYN,SYN-03,1,1
22016,IPC_SYN,SYN-01,1,1
22017,SPECIAL_LAW_SYN,SYN-03,1,1
22018,IPC_SYN,SYN-01,1,1
22019,IT_ACT_SYN,SYN-02,1,1
22020,SPECIAL_LAW_SYN,SYN-03,1,1
22021,SPECIAL_LAW_SYN,SYN-03,1,1
22022,IPC_SYN,SYN-01,1,1
22023,IPC_SYN,SYN-01,1,1
22024,IPC_SYN,SYN-01,1,1
22025,IPC_SYN,SYN-01,1,1
22026,IPC_SYN,SYN-01,1,1
22027,IPC_SYN,SYN-01,1,1
22028,SPECIAL_LAW_SYN,SYN-03,1,1
22029,IPC_SYN,SYN-01,1,1
22030,IPC_SYN,SYN-01,1,1
22031,IPC_SYN,SYN-01,1,1
22032,IPC_SYN,SYN-01,1,1
22033,IPC_SYN,SYN-01,1,1
22034,IPC_SYN,SYN-01,1,1
22035,IT_ACT_SYN,SYN-02,1,1
22036,IT_ACT_SYN,SYN-02,1,1
22037,SPECIAL_LAW_SYN,SYN-03,1,1
22038,IPC_SYN,SYN-01,1,1
22039,SPECIAL_LAW_SYN,SYN-03,1,1
22040,IT_ACT_SYN,SYN-02,1,1
22041,SPECIAL_LAW_SYN,SYN-03,1,1
22042,IPC_SYN,SYN-01,1,1
22043,IPC_SYN,SYN-01,1,1
22044,SPECIAL_LAW_SYN,SYN-03,1,1
22045,SPECIAL_LAW_SYN,SYN-03,1,1
22046,IPC_SYN,SYN-01,1,1
22047,SPECIAL_LAW_SYN,SYN-03,1,1
22048,IPC_SYN,SYN-01,1,1
22049,IPC_SYN,SYN-01,1,1
22050,IT_ACT_SYN,SYN-02,1,1
22051,IPC_SYN,SYN-01,1,1
22052,IPC_SYN,SYN-01,1,1
22053,IPC_SYN,SYN-01,1,1
22054,SPECIAL_LAW_SYN,SYN-03,1,1
22055,IPC_SYN,SYN-01,1,1
22056,IPC_SYN,SYN-01,1,1
22057,SPECIAL_LAW_SYN,SYN-03,1,1
22058,IT_ACT_SYN,SYN-02,1,1
22059,IPC_SYN,SYN-01,1,1
22060,IPC_SYN,SYN-01,1,1
22061,IPC_SYN,SYN-01,1,1
22062,IPC_SYN,SYN-01,1,1
22063,IPC_SYN,SYN-01,1,1
22064,IPC_SYN,SYN-01,1,1
22065,IPC_SYN,SYN-01,1,1
22066,IPC_SYN,SYN-01,1,1
22067,IPC_SYN,SYN-01,1,1
22068,SPECIAL_LAW_SYN,SYN-03,1,1
22069,IPC_SYN,SYN-01,1,1
22070,IT_ACT_SYN,SYN-02,1,1
22071,SPECIAL_LAW_SYN,SYN-03,1,1
22072,IPC_SYN,SYN-01,1,1
22073,IPC_SYN,SYN-01,1,1
22074,IT_ACT_SYN,SYN-02,1,1
22075,SPECIAL_LAW_SYN,SYN-03,1,1
22076,SPECIAL_LAW_SYN,SYN-03,1,1
22077,IPC_SYN,SYN-01,1,1
22078,IPC_SYN,SYN-01,1,1
22079,IPC_SYN,SYN-01,1,1
22080,IPC_SYN,SYN-01,1,1
22081,IPC_SYN,SYN-01,1,1
22082,IPC_SYN,SYN-01,1,1
22083,IPC_SYN,SYN-01,1,1
22084,IPC_SYN,SYN-01,1,1
22085,SPECIAL_LAW_SYN,SYN-03,1,1
22086,IPC_SYN,SYN-01,1,1
22087,IPC_SYN,SYN-01,1,1
22088,SPECIAL_LAW_SYN,SYN-03,1,1
22089,IPC_SYN,SYN-01,1,1
22090,SPECIAL_LAW_SYN,SYN-03,1,1
22091,IPC_SYN,SYN-01,1,1
22092,IPC_SYN,SYN-01,1,1
22093,IT_ACT_SYN,SYN-02,1,1
22094,IPC_SYN,SYN-01,1,1
22095,SPECIAL_LAW_SYN,SYN-03,1,1
22096,IPC_SYN,SYN-01,1,1
22097,IPC_SYN,SYN-01,1,1
22098,SPECIAL_LAW_SYN,SYN-03,1,1
22099,IPC_SYN,SYN-01,1,1
22100,IPC_SYN,SYN-01,1,1
22101,IT_ACT_SYN,SYN-02,1,1
22102,IPC_SYN,SYN-01,1,1
22103,IPC_SYN,SYN-01,1,1
22104,IPC_SYN,SYN-01,1,1
22105,IPC_SYN,SYN-01,1,1
22106,IPC_SYN,SYN-01,1,1
22107,SPECIAL_LAW_SYN,SYN-03,1,1
22108,IT_ACT_SYN,SYN-02,1,1
22109,SPECIAL_LAW_SYN,SYN-03,1,1
22110,IPC_SYN,SYN-01,1,1
22111,IT_ACT_SYN,SYN-02,1,1
22112,IPC_SYN,SYN-01,1,1
22113,IPC_SYN,SYN-01,1,1
22114,SPECIAL_LAW_SYN,SYN-03,1,1
22115,IPC_SYN,SYN-01,1,1
22116,IPC_SYN,SYN-01,1,1
22117,IPC_SYN,SYN-01,1,1
22118,SPECIAL_LAW_SYN,SYN-03,1,1
22119,IPC_SYN,SYN-01,1,1
22120,IT_ACT_SYN,SYN-02,1,1
22121,IPC_SYN,SYN-01,1,1
22122,IPC_SYN,SYN-01,1,1
22123,SPECIAL_LAW_SYN,SYN-03,1,1
22124,IPC_SYN,SYN-01,1,1
22125,IPC_SYN,SYN-01,1,1
22126,SPECIAL_LAW_SYN,SYN-03,1,1
22127,SPECIAL_LAW_SYN,SYN-03,1,1
22128,IPC_SYN,SYN-01,1,1
22129,IPC_SYN,SYN-01,1,1
22130,IPC_SYN,SYN-01,1,1
22131,IPC_SYN,SYN-01,1,1
22132,IPC_SYN,SYN-01,1,1
22133,IPC_SYN,SYN-01,1,1
22134,IPC_SYN,SYN-01,1,1
22135,IPC_SYN,SYN-01,1,1
22136,SPECIAL_LAW_SYN,SYN-03,1,1
22137,SPECIAL_LAW_SYN,SYN-03,1,1
22138,IPC_SYN,SYN-01,1,1
22139,IT_ACT_SYN,SYN-02,1,1
22140,IPC_SYN,SYN-01,1,1
22141,IPC_SYN,SYN-01,1,1
22142,IPC_SYN,SYN-01,1,1
22143,IPC_SYN,SYN-01,1,1
22144,IT_ACT_SYN,SYN-02,1,1
22145,IPC_SYN,SYN-01,1,1
22146,SPECIAL_LAW_SYN,SYN-03,1,1
22147,SPECIAL_LAW_SYN,SYN-03,1,1
22148,SPECIAL_LAW_SYN,SYN-03,1,1
22149,SPECIAL_LAW_SYN,SYN-03,1,1
22150,IPC_SYN,SYN-01,1,1
22151,SPECIAL_LAW_SYN,SYN-03,1,1
22152,SPECIAL_LAW_SYN,SYN-03,1,1
22153,IPC_SYN,SYN-01,1,1
22154,IT_ACT_SYN,SYN-02,1,1
22155,IPC_SYN,SYN-01,1,1
22156,IPC_SYN,SYN-01,1,1
22157,IPC_SYN,SYN-01,1,1
22158,IPC_SYN,SYN-01,1,1
22159,IPC_SYN,SYN-01,1,1
22160,IT_ACT_SYN,SYN-02,1,1
22161,IPC_SYN,SYN-01,1,1
22162,IPC_SYN,SYN-01,1,1
22163,IPC_SYN,SYN-01,1,1
22164,IT_ACT_SYN,SYN-02,1,1
22165,SPECIAL_LAW_SYN,SYN-03,1,1
22166,SPECIAL_LAW_SYN,SYN-03,1,1
22167,SPECIAL_LAW_SYN,SYN-03,1,1
22168,IPC_SYN,SYN-01,1,1
22169,IPC_SYN,SYN-01,1,1
22170,IPC_SYN,SYN-01,1,1
22171,IPC_SYN,SYN-01,1,1
22172,IPC_SYN,SYN-01,1,1
22173,IPC_SYN,SYN-01,1,1
22174,IT_ACT_SYN,SYN-02,1,1
22175,IPC_SYN,SYN-01,1,1
22176,IPC_SYN,SYN-01,1,1
22177,IPC_SYN,SYN-01,1,1
22178,IPC_SYN,SYN-01,1,1
22179,IPC_SYN,SYN-01,1,1
22180,SPECIAL_LAW_SYN,SYN-03,1,1
22181,IPC_SYN,SYN-01,1,1
22182,SPECIAL_LAW_SYN,SYN-03,1,1
22183,IPC_SYN,SYN-01,1,1
22184,SPECIAL_LAW_SYN,SYN-03,1,1
22185,IPC_SYN,SYN-01,1,1
22186,IPC_SYN,SYN-01,1,1
22187,IPC_SYN,SYN-01,1,1
22188,IPC_SYN,SYN-01,1,1
22189,IPC_SYN,SYN-01,1,1
22190,SPECIAL_LAW_SYN,SYN-03,1,1
22191,IPC_SYN,SYN-01,1,1
22192,SPECIAL_LAW_SYN,SYN-03,1,1
22193,IPC_SYN,SYN-01,1,1
22194,IPC_SYN,SYN-01,1,1
22195,IPC_SYN,SYN-01,1,1
22196,IPC_SYN,SYN-01,1,1
22197,IPC_SYN,SYN-01,1,1
22198,SPECIAL_LAW_SYN,SYN-03,1,1
22199,SPECIAL_LAW_SYN,SYN-03,1,1
22200,IPC_SYN,SYN-01,1,1
22201,IPC_SYN,SYN-01,1,1
22202,SPECIAL_LAW_SYN,SYN-03,1,1
22203,SPECIAL_LAW_SYN,SYN-03,1,1
22204,IPC_SYN,SYN-01,1,1
22205,SPECIAL_LAW_SYN,SYN-03,1,1
22206,SPECIAL_LAW_SYN,SYN-03,1,1
22207,IPC_SYN,SYN-01,1,1
22208,SPECIAL_LAW_SYN,SYN-03,1,1
22209,IPC_SYN,SYN-01,1,1
22210,IPC_SYN,SYN-01,1,1
22211,IPC_SYN,SYN-01,1,1
22212,IPC_SYN,SYN-01,1,1
22213,IPC_SYN,SYN-01,1,1
22214,IPC_SYN,SYN-01,1,1
22215,IPC_SYN,SYN-01,1,1
22216,IPC_SYN,SYN-01,1,1
22217,IT_ACT_SYN,SYN-02,1,1
22218,SPECIAL_LAW_SYN,SYN-03,1,1
22219,SPECIAL_LAW_SYN,SYN-03,1,1
22220,IPC_SYN,SYN-01,1,1
22221,IPC_SYN,SYN-01,1,1
22222,IPC_SYN,SYN-01,1,1
22223,IPC_SYN,SYN-01,1,1
22224,SPECIAL_LAW_SYN,SYN-03,1,1
22225,SPECIAL_LAW_SYN,SYN-03,1,1
22226,IPC_SYN,SYN-01,1,1
22227,IPC_SYN,SYN-01,1,1
22228,IPC_SYN,SYN-01,1,1
22229,SPECIAL_LAW_SYN,SYN-03,1,1
22230,SPECIAL_LAW_SYN,SYN-03,1,1
22231,IPC_SYN,SYN-01,1,1
22232,IPC_SYN,SYN-01,1,1
22233,IT_ACT_SYN,SYN-02,1,1
22234,SPECIAL_LAW_SYN,SYN-03,1,1
22235,IPC_SYN,SYN-01,1,1
22236,IPC_SYN,SYN-01,1,1
22237,IPC_SYN,SYN-01,1,1
22238,IPC_SYN,SYN-01,1,1
22239,SPECIAL_LAW_SYN,SYN-03,1,1
22240,IT_ACT_SYN,SYN-02,1,1
22241,IPC_SYN,SYN-01,1,1
22242,SPECIAL_LAW_SYN,SYN-03,1,1
22243,IT_ACT_SYN,SYN-02,1,1
22244,IPC_SYN,SYN-01,1,1
22245,IPC_SYN,SYN-01,1,1
22246,IPC_SYN,SYN-01,1,1
22247,SPECIAL_LAW_SYN,SYN-03,1,1
22248,IT_ACT_SYN,SYN-02,1,1
22249,IPC_SYN,SYN-01,1,1
22250,SPECIAL_LAW_SYN,SYN-03,1,1
22251,IPC_SYN,SYN-01,1,1
22252,IPC_SYN,SYN-01,1,1
22253,SPECIAL_LAW_SYN,SYN-03,1,1
22254,IPC_SYN,SYN-01,1,1
22255,SPECIAL_LAW_SYN,SYN-03,1,1
22256,SPECIAL_LAW_SYN,SYN-03,1,1
22257,SPECIAL_LAW_SYN,SYN-03,1,1
22258,IPC_SYN,SYN-01,1,1
22259,IT_ACT_SYN,SYN-02,1,1
22260,IPC_SYN,SYN-01,1,1
22261,IPC_SYN,SYN-01,1,1
22262,SPECIAL_LAW_SYN,SYN-03,1,1
22263,IPC_SYN,SYN-01,1,1
22264,IT_ACT_SYN,SYN-02,1,1
22265,IPC_SYN,SYN-01,1,1
22266,IT_ACT_SYN,SYN-02,1,1
22267,IT_ACT_SYN,SYN-02,1,1
22268,SPECIAL_LAW_SYN,SYN-03,1,1
22269,IPC_SYN,SYN-01,1,1
22270,IPC_SYN,SYN-01,1,1
22271,SPECIAL_LAW_SYN,SYN-03,1,1
22272,SPECIAL_LAW_SYN,SYN-03,1,1
22273,IPC_SYN,SYN-01,1,1
22274,IPC_SYN,SYN-01,1,1
22275,SPECIAL_LAW_SYN,SYN-03,1,1
22276,SPECIAL_LAW_SYN,SYN-03,1,1
22277,IPC_SYN,SYN-01,1,1
22278,SPECIAL_LAW_SYN,SYN-03,1,1
22279,IPC_SYN,SYN-01,1,1
22280,IPC_SYN,SYN-01,1,1
22281,IPC_SYN,SYN-01,1,1
22282,IT_ACT_SYN,SYN-02,1,1
22283,IT_ACT_SYN,SYN-02,1,1
22284,IPC_SYN,SYN-01,1,1
22285,IPC_SYN,SYN-01,1,1
22286,IPC_SYN,SYN-01,1,1
22287,IPC_SYN,SYN-01,1,1
22288,IPC_SYN,SYN-01,1,1
22289,IPC_SYN,SYN-01,1,1
22290,IPC_SYN,SYN-01,1,1
22291,SPECIAL_LAW_SYN,SYN-03,1,1
22292,IPC_SYN,SYN-01,1,1
22293,IPC_SYN,SYN-01,1,1
22294,IPC_SYN,SYN-01,1,1
22295,IT_ACT_SYN,SYN-02,1,1
22296,SPECIAL_LAW_SYN,SYN-03,1,1
22297,IPC_SYN,SYN-01,1,1
22298,IT_ACT_SYN,SYN-02,1,1
22299,IPC_SYN,SYN-01,1,1
22300,IPC_SYN,SYN-01,1,1
22301,IPC_SYN,SYN-01,1,1
22302,SPECIAL_LAW_SYN,SYN-03,1,1
22303,IPC_SYN,SYN-01,1,1
22304,IPC_SYN,SYN-01,1,1
22305,IPC_SYN,SYN-01,1,1
22306,IT_ACT_SYN,SYN-02,1,1
22307,IPC_SYN,SYN-01,1,1
22308,IPC_SYN,SYN-01,1,1
22309,IT_ACT_SYN,SYN-02,1,1
22310,IPC_SYN,SYN-01,1,1
22311,IT_ACT_SYN,SYN-02,1,1
22312,SPECIAL_LAW_SYN,SYN-03,1,1
22313,IPC_SYN,SYN-01,1,1
22314,SPECIAL_LAW_SYN,SYN-03,1,1
22315,SPECIAL_LAW_SYN,SYN-03,1,1
22316,IPC_SYN,SYN-01,1,1
22317,SPECIAL_LAW_SYN,SYN-03,1,1
22318,SPECIAL_LAW_SYN,SYN-03,1,1
22319,IPC_SYN,SYN-01,1,1
22320,IPC_SYN,SYN-01,1,1
22321,IPC_SYN,SYN-01,1,1
22322,IPC_SYN,SYN-01,1,1
22323,IPC_SYN,SYN-01,1,1
22324,IT_ACT_SYN,SYN-02,1,1
22325,IPC_SYN,SYN-01,1,1
22326,SPECIAL_LAW_SYN,SYN-03,1,1
22327,IPC_SYN,SYN-01,1,1
22328,SPECIAL_LAW_SYN,SYN-03,1,1
22329,IPC_SYN,SYN-01,1,1
22330,SPECIAL_LAW_SYN,SYN-03,1,1
22331,SPECIAL_LAW_SYN,SYN-03,1,1
22332,SPECIAL_LAW_SYN,SYN-03,1,1
22333,IPC_SYN,SYN-01,1,1
22334,IPC_SYN,SYN-01,1,1
22335,IPC_SYN,SYN-01,1,1
22336,IPC_SYN,SYN-01,1,1
22337,SPECIAL_LAW_SYN,SYN-03,1,1
22338,SPECIAL_LAW_SYN,SYN-03,1,1
22339,IPC_SYN,SYN-01,1,1
22340,SPECIAL_LAW_SYN,SYN-03,1,1
22341,SPECIAL_LAW_SYN,SYN-03,1,1
22342,IT_ACT_SYN,SYN-02,1,1
22343,SPECIAL_LAW_SYN,SYN-03,1,1
22344,SPECIAL_LAW_SYN,SYN-03,1,1
22345,IPC_SYN,SYN-01,1,1
22346,SPECIAL_LAW_SYN,SYN-03,1,1
22347,IPC_SYN,SYN-01,1,1
22348,IPC_SYN,SYN-01,1,1
22349,SPECIAL_LAW_SYN,SYN-03,1,1
22350,SPECIAL_LAW_SYN,SYN-03,1,1
22351,SPECIAL_LAW_SYN,SYN-03,1,1
22352,SPECIAL_LAW_SYN,SYN-03,1,1
22353,SPECIAL_LAW_SYN,SYN-03,1,1
22354,IPC_SYN,SYN-01,1,1
22355,IPC_SYN,SYN-01,1,1
22356,IPC_SYN,SYN-01,1,1
22357,IPC_SYN,SYN-01,1,1
22358,IPC_SYN,SYN-01,1,1
22359,SPECIAL_LAW_SYN,SYN-03,1,1
22360,SPECIAL_LAW_SYN,SYN-03,1,1
22361,IPC_SYN,SYN-01,1,1
22362,IPC_SYN,SYN-01,1,1
22363,IPC_SYN,SYN-01,1,1
22364,SPECIAL_LAW_SYN,SYN-03,1,1
22365,SPECIAL_LAW_SYN,SYN-03,1,1
22366,IT_ACT_SYN,SYN-02,1,1
22367,IPC_SYN,SYN-01,1,1
22368,IPC_SYN,SYN-01,1,1
22369,SPECIAL_LAW_SYN,SYN-03,1,1
22370,IPC_SYN,SYN-01,1,1
22371,IPC_SYN,SYN-01,1,1
22372,IPC_SYN,SYN-01,1,1
22373,IPC_SYN,SYN-01,1,1
22374,SPECIAL_LAW_SYN,SYN-03,1,1
22375,IT_ACT_SYN,SYN-02,1,1
22376,IPC_SYN,SYN-01,1,1
22377,IPC_SYN,SYN-01,1,1
22378,IPC_SYN,SYN-01,1,1
22379,IPC_SYN,SYN-01,1,1
22380,IPC_SYN,SYN-01,1,1
22381,IPC_SYN,SYN-01,1,1
22382,IPC_SYN,SYN-01,1,1
22383,IPC_SYN,SYN-01,1,1
22384,IPC_SYN,SYN-01,1,1
22385,IT_ACT_SYN,SYN-02,1,1
22386,IPC_SYN,SYN-01,1,1
22387,IPC_SYN,SYN-01,1,1
22388,IPC_SYN,SYN-01,1,1
22389,IPC_SYN,SYN-01,1,1
22390,SPECIAL_LAW_SYN,SYN-03,1,1
22391,IPC_SYN,SYN-01,1,1
22392,IPC_SYN,SYN-01,1,1
22393,SPECIAL_LAW_SYN,SYN-03,1,1
22394,SPECIAL_LAW_SYN,SYN-03,1,1
22395,IPC_SYN,SYN-01,1,1
22396,IPC_SYN,SYN-01,1,1
22397,SPECIAL_LAW_SYN,SYN-03,1,1
22398,IPC_SYN,SYN-01,1,1
22399,IPC_SYN,SYN-01,1,1
22400,IPC_SYN,SYN-01,1,1
22401,SPECIAL_LAW_SYN,SYN-03,1,1
22402,IPC_SYN,SYN-01,1,1
22403,IPC_SYN,SYN-01,1,1
22404,IPC_SYN,SYN-01,1,1
22405,IT_ACT_SYN,SYN-02,1,1
22406,IPC_SYN,SYN-01,1,1
22407,SPECIAL_LAW_SYN,SYN-03,1,1
22408,IT_ACT_SYN,SYN-02,1,1
22409,IPC_SYN,SYN-01,1,1
22410,IT_ACT_SYN,SYN-02,1,1
22411,IPC_SYN,SYN-01,1,1
22412,IPC_SYN,SYN-01,1,1
22413,IPC_SYN,SYN-01,1,1
22414,IPC_SYN,SYN-01,1,1
22415,SPECIAL_LAW_SYN,SYN-03,1,1
22416,IPC_SYN,SYN-01,1,1
22417,IPC_SYN,SYN-01,1,1
22418,IPC_SYN,SYN-01,1,1
22419,IPC_SYN,SYN-01,1,1
22420,IPC_SYN,SYN-01,1,1
22421,IPC_SYN,SYN-01,1,1
22422,IPC_SYN,SYN-01,1,1
22423,IPC_SYN,SYN-01,1,1
22424,IPC_SYN,SYN-01,1,1
22425,IPC_SYN,SYN-01,1,1
22426,IPC_SYN,SYN-01,1,1
22427,IT_ACT_SYN,SYN-02,1,1
22428,SPECIAL_LAW_SYN,SYN-03,1,1
22429,SPECIAL_LAW_SYN,SYN-03,1,1
22430,SPECIAL_LAW_SYN,SYN-03,1,1
22431,IT_ACT_SYN,SYN-02,1,1
22432,SPECIAL_LAW_SYN,SYN-03,1,1
22433,IT_ACT_SYN,SYN-02,1,1
22434,IT_ACT_SYN,SYN-02,1,1
22435,IPC_SYN,SYN-01,1,1
22436,IPC_SYN,SYN-01,1,1
22437,IPC_SYN,SYN-01,1,1
22438,IPC_SYN,SYN-01,1,1
22439,IPC_SYN,SYN-01,1,1
22440,SPECIAL_LAW_SYN,SYN-03,1,1
22441,IPC_SYN,SYN-01,1,1
22442,IPC_SYN,SYN-01,1,1
22443,IPC_SYN,SYN-01,1,1
22444,SPECIAL_LAW_SYN,SYN-03,1,1
22445,SPECIAL_LAW_SYN,SYN-03,1,1
22446,SPECIAL_LAW_SYN,SYN-03,1,1
22447,IPC_SYN,SYN-01,1,1
22448,IPC_SYN,SYN-01,1,1
22449,SPECIAL_LAW_SYN,SYN-03,1,1
22450,IPC_SYN,SYN-01,1,1
22451,SPECIAL_LAW_SYN,SYN-03,1,1
22452,IPC_SYN,SYN-01,1,1
22453,SPECIAL_LAW_SYN,SYN-03,1,1
22454,SPECIAL_LAW_SYN,SYN-03,1,1
22455,IPC_SYN,SYN-01,1,1
22456,IPC_SYN,SYN-01,1,1
22457,SPECIAL_LAW_SYN,SYN-03,1,1
22458,SPECIAL_LAW_SYN,SYN-03,1,1
22459,SPECIAL_LAW_SYN,SYN-03,1,1
22460,IPC_SYN,SYN-01,1,1
22461,IPC_SYN,SYN-01,1,1
22462,IPC_SYN,SYN-01,1,1
22463,IPC_SYN,SYN-01,1,1
22464,IPC_SYN,SYN-01,1,1
22465,IPC_SYN,SYN-01,1,1
22466,IPC_SYN,SYN-01,1,1
22467,IPC_SYN,SYN-01,1,1
22468,SPECIAL_LAW_SYN,SYN-03,1,1
22469,IPC_SYN,SYN-01,1,1
22470,IPC_SYN,SYN-01,1,1
22471,IPC_SYN,SYN-01,1,1
22472,SPECIAL_LAW_SYN,SYN-03,1,1
22473,IPC_SYN,SYN-01,1,1
22474,IPC_SYN,SYN-01,1,1
22475,IT_ACT_SYN,SYN-02,1,1
22476,SPECIAL_LAW_SYN,SYN-03,1,1
22477,IT_ACT_SYN,SYN-02,1,1
22478,IPC_SYN,SYN-01,1,1
22479,IPC_SYN,SYN-01,1,1
22480,SPECIAL_LAW_SYN,SYN-03,1,1
22481,IPC_SYN,SYN-01,1,1
22482,IPC_SYN,SYN-01,1,1
22483,IPC_SYN,SYN-01,1,1
22484,IPC_SYN,SYN-01,1,1
22485,SPECIAL_LAW_SYN,SYN-03,1,1
22486,IPC_SYN,SYN-01,1,1
22487,IPC_SYN,SYN-01,1,1
22488,IPC_SYN,SYN-01,1,1
22489,IPC_SYN,SYN-01,1,1
22490,SPECIAL_LAW_SYN,SYN-03,1,1
22491,SPECIAL_LAW_SYN,SYN-03,1,1
22492,IPC_SYN,SYN-01,1,1
22493,IPC_SYN,SYN-01,1,1
22494,IPC_SYN,SYN-01,1,1
22495,IPC_SYN,SYN-01,1,1
22496,IPC_SYN,SYN-01,1,1
22497,IPC_SYN,SYN-01,1,1
22498,IT_ACT_SYN,SYN-02,1,1
22499,SPECIAL_LAW_SYN,SYN-03,1,1
22500,IPC_SYN,SYN-01,1,1
22501,IPC_SYN,SYN-01,1,1
22502,IPC_SYN,SYN-01,1,1
22503,SPECIAL_LAW_SYN,SYN-03,1,1
22504,IPC_SYN,SYN-01,1,1
22505,SPECIAL_LAW_SYN,SYN-03,1,1
22506,IPC_SYN,SYN-01,1,1
22507,IPC_SYN,SYN-01,1,1
22508,SPECIAL_LAW_SYN,SYN-03,1,1
22509,IPC_SYN,SYN-01,1,1
22510,IPC_SYN,SYN-01,1,1
22511,SPECIAL_LAW_SYN,SYN-03,1,1
22512,IPC_SYN,SYN-01,1,1
22513,SPECIAL_LAW_SYN,SYN-03,1,1
22514,IPC_SYN,SYN-01,1,1
22515,IPC_SYN,SYN-01,1,1
22516,SPECIAL_LAW_SYN,SYN-03,1,1
22517,IPC_SYN,SYN-01,1,1
22518,IT_ACT_SYN,SYN-02,1,1
22519,SPECIAL_LAW_SYN,SYN-03,1,1
22520,IT_ACT_SYN,SYN-02,1,1
22521,SPECIAL_LAW_SYN,SYN-03,1,1
22522,IPC_SYN,SYN-01,1,1
22523,IPC_SYN,SYN-01,1,1
22524,IPC_SYN,SYN-01,1,1
22525,IPC_SYN,SYN-01,1,1
22526,IPC_SYN,SYN-01,1,1
22527,IPC_SYN,SYN-01,1,1
22528,IPC_SYN,SYN-01,1,1
22529,SPECIAL_LAW_SYN,SYN-03,1,1
22530,SPECIAL_LAW_SYN,SYN-03,1,1
22531,IT_ACT_SYN,SYN-02,1,1
22532,IPC_SYN,SYN-01,1,1
22533,IPC_SYN,SYN-01,1,1
22534,IPC_SYN,SYN-01,1,1
22535,SPECIAL_LAW_SYN,SYN-03,1,1
22536,SPECIAL_LAW_SYN,SYN-03,1,1
22537,IPC_SYN,SYN-01,1,1
22538,IPC_SYN,SYN-01,1,1
22539,IT_ACT_SYN,SYN-02,1,1
22540,IPC_SYN,SYN-01,1,1
22541,SPECIAL_LAW_SYN,SYN-03,1,1
22542,IPC_SYN,SYN-01,1,1
22543,IT_ACT_SYN,SYN-02,1,1
22544,SPECIAL_LAW_SYN,SYN-03,1,1
22545,IT_ACT_SYN,SYN-02,1,1
22546,IPC_SYN,SYN-01,1,1
22547,IPC_SYN,SYN-01,1,1
22548,IPC_SYN,SYN-01,1,1
22549,IPC_SYN,SYN-01,1,1
22550,IPC_SYN,SYN-01,1,1
22551,SPECIAL_LAW_SYN,SYN-03,1,1
22552,IPC_SYN,SYN-01,1,1
22553,SPECIAL_LAW_SYN,SYN-03,1,1
22554,SPECIAL_LAW_SYN,SYN-03,1,1
22555,SPECIAL_LAW_SYN,SYN-03,1,1
22556,IT_ACT_SYN,SYN-02,1,1
22557,IT_ACT_SYN,SYN-02,1,1
22558,IPC_SYN,SYN-01,1,1
22559,SPECIAL_LAW_SYN,SYN-03,1,1
22560,SPECIAL_LAW_SYN,SYN-03,1,1
22561,SPECIAL_LAW_SYN,SYN-03,1,1
22562,IPC_SYN,SYN-01,1,1
22563,IT_ACT_SYN,SYN-02,1,1
22564,IPC_SYN,SYN-01,1,1
22565,IPC_SYN,SYN-01,1,1
22566,SPECIAL_LAW_SYN,SYN-03,1,1
22567,SPECIAL_LAW_SYN,SYN-03,1,1
22568,IPC_SYN,SYN-01,1,1
22569,SPECIAL_LAW_SYN,SYN-03,1,1
22570,IT_ACT_SYN,SYN-02,1,1
22571,IPC_SYN,SYN-01,1,1
22572,IPC_SYN,SYN-01,1,1
22573,SPECIAL_LAW_SYN,SYN-03,1,1
22574,IPC_SYN,SYN-01,1,1
22575,IT_ACT_SYN,SYN-02,1,1
22576,IT_ACT_SYN,SYN-02,1,1
22577,IPC_SYN,SYN-01,1,1
22578,IPC_SYN,SYN-01,1,1
22579,IT_ACT_SYN,SYN-02,1,1
22580,IPC_SYN,SYN-01,1,1
22581,IPC_SYN,SYN-01,1,1
22582,SPECIAL_LAW_SYN,SYN-03,1,1
22583,IPC_SYN,SYN-01,1,1
22584,IPC_SYN,SYN-01,1,1
22585,IPC_SYN,SYN-01,1,1
22586,IPC_SYN,SYN-01,1,1
22587,IT_ACT_SYN,SYN-02,1,1
22588,IPC_SYN,SYN-01,1,1
22589,IPC_SYN,SYN-01,1,1
22590,IPC_SYN,SYN-01,1,1
22591,SPECIAL_LAW_SYN,SYN-03,1,1
22592,IPC_SYN,SYN-01,1,1
22593,IT_ACT_SYN,SYN-02,1,1
22594,IPC_SYN,SYN-01,1,1
22595,SPECIAL_LAW_SYN,SYN-03,1,1
22596,SPECIAL_LAW_SYN,SYN-03,1,1
22597,IPC_SYN,SYN-01,1,1
22598,SPECIAL_LAW_SYN,SYN-03,1,1
22599,SPECIAL_LAW_SYN,SYN-03,1,1
22600,IT_ACT_SYN,SYN-02,1,1
22601,IPC_SYN,SYN-01,1,1
22602,IT_ACT_SYN,SYN-02,1,1
22603,SPECIAL_LAW_SYN,SYN-03,1,1
22604,IPC_SYN,SYN-01,1,1
22605,SPECIAL_LAW_SYN,SYN-03,1,1
22606,IPC_SYN,SYN-01,1,1
22607,SPECIAL_LAW_SYN,SYN-03,1,1
22608,IPC_SYN,SYN-01,1,1
22609,IPC_SYN,SYN-01,1,1
22610,IPC_SYN,SYN-01,1,1
22611,IPC_SYN,SYN-01,1,1
22612,SPECIAL_LAW_SYN,SYN-03,1,1
22613,IT_ACT_SYN,SYN-02,1,1
22614,IPC_SYN,SYN-01,1,1
22615,IPC_SYN,SYN-01,1,1
22616,IPC_SYN,SYN-01,1,1
22617,SPECIAL_LAW_SYN,SYN-03,1,1
22618,SPECIAL_LAW_SYN,SYN-03,1,1
22619,SPECIAL_LAW_SYN,SYN-03,1,1
22620,IT_ACT_SYN,SYN-02,1,1
22621,SPECIAL_LAW_SYN,SYN-03,1,1
22622,IPC_SYN,SYN-01,1,1
22623,IPC_SYN,SYN-01,1,1
22624,SPECIAL_LAW_SYN,SYN-03,1,1
22625,IT_ACT_SYN,SYN-02,1,1
22626,IPC_SYN,SYN-01,1,1
22627,SPECIAL_LAW_SYN,SYN-03,1,1
22628,SPECIAL_LAW_SYN,SYN-03,1,1
22629,IPC_SYN,SYN-01,1,1
22630,IT_ACT_SYN,SYN-02,1,1
22631,IT_ACT_SYN,SYN-02,1,1
22632,IPC_SYN,SYN-01,1,1
22633,SPECIAL_LAW_SYN,SYN-03,1,1
22634,SPECIAL_LAW_SYN,SYN-03,1,1
22635,IPC_SYN,SYN-01,1,1
22636,IPC_SYN,SYN-01,1,1
22637,SPECIAL_LAW_SYN,SYN-03,1,1
22638,IT_ACT_SYN,SYN-02,1,1
22639,IPC_SYN,SYN-01,1,1
22640,IPC_SYN,SYN-01,1,1
22641,IPC_SYN,SYN-01,1,1
22642,IPC_SYN,SYN-01,1,1
22643,SPECIAL_LAW_SYN,SYN-03,1,1
22644,IPC_SYN,SYN-01,1,1
22645,SPECIAL_LAW_SYN,SYN-03,1,1
22646,SPECIAL_LAW_SYN,SYN-03,1,1
22647,IPC_SYN,SYN-01,1,1
22648,IPC_SYN,SYN-01,1,1
22649,IT_ACT_SYN,SYN-02,1,1
22650,SPECIAL_LAW_SYN,SYN-03,1,1
22651,SPECIAL_LAW_SYN,SYN-03,1,1
22652,IT_ACT_SYN,SYN-02,1,1
22653,IT_ACT_SYN,SYN-02,1,1
22654,IPC_SYN,SYN-01,1,1
22655,IPC_SYN,SYN-01,1,1
22656,SPECIAL_LAW_SYN,SYN-03,1,1
22657,IPC_SYN,SYN-01,1,1
22658,IPC_SYN,SYN-01,1,1
22659,IPC_SYN,SYN-01,1,1
22660,IPC_SYN,SYN-01,1,1
22661,SPECIAL_LAW_SYN,SYN-03,1,1
22662,SPECIAL_LAW_SYN,SYN-03,1,1
22663,IPC_SYN,SYN-01,1,1
22664,IPC_SYN,SYN-01,1,1
22665,IPC_SYN,SYN-01,1,1
22666,IPC_SYN,SYN-01,1,1
22667,IPC_SYN,SYN-01,1,1
22668,SPECIAL_LAW_SYN,SYN-03,1,1
22669,SPECIAL_LAW_SYN,SYN-03,1,1
22670,IPC_SYN,SYN-01,1,1
22671,IT_ACT_SYN,SYN-02,1,1
22672,SPECIAL_LAW_SYN,SYN-03,1,1
22673,SPECIAL_LAW_SYN,SYN-03,1,1
22674,IT_ACT_SYN,SYN-02,1,1
22675,SPECIAL_LAW_SYN,SYN-03,1,1
22676,IPC_SYN,SYN-01,1,1
22677,IPC_SYN,SYN-01,1,1
22678,SPECIAL_LAW_SYN,SYN-03,1,1
22679,SPECIAL_LAW_SYN,SYN-03,1,1
22680,IPC_SYN,SYN-01,1,1
22681,IPC_SYN,SYN-01,1,1
22682,IPC_SYN,SYN-01,1,1
22683,IPC_SYN,SYN-01,1,1
22684,SPECIAL_LAW_SYN,SYN-03,1,1
22685,SPECIAL_LAW_SYN,SYN-03,1,1
22686,SPECIAL_LAW_SYN,SYN-03,1,1
22687,SPECIAL_LAW_SYN,SYN-03,1,1
22688,IPC_SYN,SYN-01,1,1
22689,SPECIAL_LAW_SYN,SYN-03,1,1
22690,IPC_SYN,SYN-01,1,1
22691,IPC_SYN,SYN-01,1,1
22692,IPC_SYN,SYN-01,1,1
22693,IPC_SYN,SYN-01,1,1
22694,SPECIAL_LAW_SYN,SYN-03,1,1
22695,IPC_SYN,SYN-01,1,1
22696,SPECIAL_LAW_SYN,SYN-03,1,1
22697,SPECIAL_LAW_SYN,SYN-03,1,1
22698,IT_ACT_SYN,SYN-02,1,1
22699,IPC_SYN,SYN-01,1,1
22700,IPC_SYN,SYN-01,1,1
22701,IPC_SYN,SYN-01,1,1
22702,IPC_SYN,SYN-01,1,1
22703,IPC_SYN,SYN-01,1,1
22704,IPC_SYN,SYN-01,1,1
22705,IT_ACT_SYN,SYN-02,1,1
22706,IPC_SYN,SYN-01,1,1
22707,IPC_SYN,SYN-01,1,1
22708,IPC_SYN,SYN-01,1,1
22709,SPECIAL_LAW_SYN,SYN-03,1,1
22710,IPC_SYN,SYN-01,1,1
22711,IT_ACT_SYN,SYN-02,1,1
22712,IPC_SYN,SYN-01,1,1
22713,IPC_SYN,SYN-01,1,1
22714,SPECIAL_LAW_SYN,SYN-03,1,1
22715,SPECIAL_LAW_SYN,SYN-03,1,1
22716,IPC_SYN,SYN-01,1,1
22717,IPC_SYN,SYN-01,1,1
22718,IPC_SYN,SYN-01,1,1
22719,SPECIAL_LAW_SYN,SYN-03,1,1
22720,IPC_SYN,SYN-01,1,1
22721,IT_ACT_SYN,SYN-02,1,1
22722,IPC_SYN,SYN-01,1,1
22723,IPC_SYN,SYN-01,1,1
22724,IPC_SYN,SYN-01,1,1
22725,IPC_SYN,SYN-01,1,1
22726,IPC_SYN,SYN-01,1,1
22727,IPC_SYN,SYN-01,1,1
22728,IPC_SYN,SYN-01,1,1
22729,SPECIAL_LAW_SYN,SYN-03,1,1
22730,IPC_SYN,SYN-01,1,1
22731,IPC_SYN,SYN-01,1,1
22732,IPC_SYN,SYN-01,1,1
22733,SPECIAL_LAW_SYN,SYN-03,1,1
22734,IPC_SYN,SYN-01,1,1
22735,IPC_SYN,SYN-01,1,1
22736,SPECIAL_LAW_SYN,SYN-03,1,1
22737,IPC_SYN,SYN-01,1,1
22738,SPECIAL_LAW_SYN,SYN-03,1,1
22739,SPECIAL_LAW_SYN,SYN-03,1,1
22740,IPC_SYN,SYN-01,1,1
22741,IPC_SYN,SYN-01,1,1
22742,IPC_SYN,SYN-01,1,1
22743,IPC_SYN,SYN-01,1,1
22744,IPC_SYN,SYN-01,1,1
22745,SPECIAL_LAW_SYN,SYN-03,1,1
22746,IPC_SYN,SYN-01,1,1
22747,SPECIAL_LAW_SYN,SYN-03,1,1
22748,IPC_SYN,SYN-01,1,1
22749,IPC_SYN,SYN-01,1,1
22750,IPC_SYN,SYN-01,1,1
22751,IPC_SYN,SYN-01,1,1
22752,IT_ACT_SYN,SYN-02,1,1
22753,IPC_SYN,SYN-01,1,1
22754,IPC_SYN,SYN-01,1,1
22755,SPECIAL_LAW_SYN,SYN-03,1,1
22756,SPECIAL_LAW_SYN,SYN-03,1,1
22757,SPECIAL_LAW_SYN,SYN-03,1,1
22758,SPECIAL_LAW_SYN,SYN-03,1,1
22759,IPC_SYN,SYN-01,1,1
22760,IT_ACT_SYN,SYN-02,1,1
22761,IPC_SYN,SYN-01,1,1
22762,IPC_SYN,SYN-01,1,1
22763,SPECIAL_LAW_SYN,SYN-03,1,1
22764,IT_ACT_SYN,SYN-02,1,1
22765,SPECIAL_LAW_SYN,SYN-03,1,1
22766,IPC_SYN,SYN-01,1,1
22767,SPECIAL_LAW_SYN,SYN-03,1,1
22768,IPC_SYN,SYN-01,1,1
22769,IPC_SYN,SYN-01,1,1
22770,IPC_SYN,SYN-01,1,1
22771,SPECIAL_LAW_SYN,SYN-03,1,1
22772,IPC_SYN,SYN-01,1,1
22773,IPC_SYN,SYN-01,1,1
22774,IPC_SYN,SYN-01,1,1
22775,IPC_SYN,SYN-01,1,1
22776,IT_ACT_SYN,SYN-02,1,1
22777,IPC_SYN,SYN-01,1,1
22778,IPC_SYN,SYN-01,1,1
22779,SPECIAL_LAW_SYN,SYN-03,1,1
22780,IPC_SYN,SYN-01,1,1
22781,IPC_SYN,SYN-01,1,1
22782,SPECIAL_LAW_SYN,SYN-03,1,1
22783,IPC_SYN,SYN-01,1,1
22784,SPECIAL_LAW_SYN,SYN-03,1,1
22785,IPC_SYN,SYN-01,1,1
22786,SPECIAL_LAW_SYN,SYN-03,1,1
22787,IPC_SYN,SYN-01,1,1
22788,IPC_SYN,SYN-01,1,1
22789,SPECIAL_LAW_SYN,SYN-03,1,1
22790,SPECIAL_LAW_SYN,SYN-03,1,1
22791,SPECIAL_LAW_SYN,SYN-03,1,1
22792,IT_ACT_SYN,SYN-02,1,1
22793,IPC_SYN,SYN-01,1,1
22794,IPC_SYN,SYN-01,1,1
22795,IPC_SYN,SYN-01,1,1
22796,SPECIAL_LAW_SYN,SYN-03,1,1
22797,IPC_SYN,SYN-01,1,1
22798,IPC_SYN,SYN-01,1,1
22799,IT_ACT_SYN,SYN-02,1,1
22800,IPC_SYN,SYN-01,1,1
22801,SPECIAL_LAW_SYN,SYN-03,1,1
22802,IPC_SYN,SYN-01,1,1
22803,IPC_SYN,SYN-01,1,1
22804,IPC_SYN,SYN-01,1,1
22805,SPECIAL_LAW_SYN,SYN-03,1,1
22806,IPC_SYN,SYN-01,1,1
22807,IPC_SYN,SYN-01,1,1
22808,IPC_SYN,SYN-01,1,1
22809,IPC_SYN,SYN-01,1,1
22810,IPC_SYN,SYN-01,1,1
22811,IPC_SYN,SYN-01,1,1
22812,IPC_SYN,SYN-01,1,1
22813,SPECIAL_LAW_SYN,SYN-03,1,1
22814,IPC_SYN,SYN-01,1,1
22815,IPC_SYN,SYN-01,1,1
22816,IPC_SYN,SYN-01,1,1
22817,SPECIAL_LAW_SYN,SYN-03,1,1
22818,SPECIAL_LAW_SYN,SYN-03,1,1
22819,IPC_SYN,SYN-01,1,1
22820,IT_ACT_SYN,SYN-02,1,1
22821,IPC_SYN,SYN-01,1,1
22822,IPC_SYN,SYN-01,1,1
22823,IPC_SYN,SYN-01,1,1
22824,SPECIAL_LAW_SYN,SYN-03,1,1
22825,SPECIAL_LAW_SYN,SYN-03,1,1
22826,IPC_SYN,SYN-01,1,1
22827,IT_ACT_SYN,SYN-02,1,1
22828,IPC_SYN,SYN-01,1,1
22829,IPC_SYN,SYN-01,1,1
22830,IPC_SYN,SYN-01,1,1
22831,SPECIAL_LAW_SYN,SYN-03,1,1
22832,IPC_SYN,SYN-01,1,1
22833,IPC_SYN,SYN-01,1,1
22834,SPECIAL_LAW_SYN,SYN-03,1,1
22835,IPC_SYN,SYN-01,1,1
22836,IT_ACT_SYN,SYN-02,1,1
22837,IT_ACT_SYN,SYN-02,1,1
22838,SPECIAL_LAW_SYN,SYN-03,1,1
22839,IPC_SYN,SYN-01,1,1
22840,SPECIAL_LAW_SYN,SYN-03,1,1
22841,SPECIAL_LAW_SYN,SYN-03,1,1
22842,IPC_SYN,SYN-01,1,1
22843,SPECIAL_LAW_SYN,SYN-03,1,1
22844,IPC_SYN,SYN-01,1,1
22845,SPECIAL_LAW_SYN,SYN-03,1,1
22846,IT_ACT_SYN,SYN-02,1,1
22847,IPC_SYN,SYN-01,1,1
22848,SPECIAL_LAW_SYN,SYN-03,1,1
22849,IPC_SYN,SYN-01,1,1
22850,SPECIAL_LAW_SYN,SYN-03,1,1
22851,IPC_SYN,SYN-01,1,1
22852,SPECIAL_LAW_SYN,SYN-03,1,1
22853,SPECIAL_LAW_SYN,SYN-03,1,1
22854,IPC_SYN,SYN-01,1,1
22855,IPC_SYN,SYN-01,1,1
22856,IPC_SYN,SYN-01,1,1
22857,IPC_SYN,SYN-01,1,1
22858,IPC_SYN,SYN-01,1,1
22859,SPECIAL_LAW_SYN,SYN-03,1,1
22860,IPC_SYN,SYN-01,1,1
22861,IT_ACT_SYN,SYN-02,1,1
22862,IPC_SYN,SYN-01,1,1
22863,SPECIAL_LAW_SYN,SYN-03,1,1
22864,IPC_SYN,SYN-01,1,1
22865,IPC_SYN,SYN-01,1,1
22866,SPECIAL_LAW_SYN,SYN-03,1,1
22867,IPC_SYN,SYN-01,1,1
22868,IPC_SYN,SYN-01,1,1
22869,IPC_SYN,SYN-01,1,1
22870,IPC_SYN,SYN-01,1,1
22871,IPC_SYN,SYN-01,1,1
22872,SPECIAL_LAW_SYN,SYN-03,1,1
22873,SPECIAL_LAW_SYN,SYN-03,1,1
22874,IPC_SYN,SYN-01,1,1
22875,IPC_SYN,SYN-01,1,1
22876,IPC_SYN,SYN-01,1,1
22877,IPC_SYN,SYN-01,1,1
22878,IPC_SYN,SYN-01,1,1
22879,IPC_SYN,SYN-01,1,1
22880,SPECIAL_LAW_SYN,SYN-03,1,1
22881,IPC_SYN,SYN-01,1,1
22882,IPC_SYN,SYN-01,1,1
22883,IPC_SYN,SYN-01,1,1
22884,SPECIAL_LAW_SYN,SYN-03,1,1
22885,IPC_SYN,SYN-01,1,1
22886,SPECIAL_LAW_SYN,SYN-03,1,1
22887,IT_ACT_SYN,SYN-02,1,1
22888,IPC_SYN,SYN-01,1,1
22889,IT_ACT_SYN,SYN-02,1,1
22890,IT_ACT_SYN,SYN-02,1,1
22891,IPC_SYN,SYN-01,1,1
22892,IPC_SYN,SYN-01,1,1
22893,SPECIAL_LAW_SYN,SYN-03,1,1
22894,SPECIAL_LAW_SYN,SYN-03,1,1
22895,IPC_SYN,SYN-01,1,1
22896,SPECIAL_LAW_SYN,SYN-03,1,1
22897,IPC_SYN,SYN-01,1,1
22898,IPC_SYN,SYN-01,1,1
22899,IPC_SYN,SYN-01,1,1
22900,IPC_SYN,SYN-01,1,1
22901,SPECIAL_LAW_SYN,SYN-03,1,1
22902,IT_ACT_SYN,SYN-02,1,1
22903,IPC_SYN,SYN-01,1,1
22904,IPC_SYN,SYN-01,1,1
22905,IPC_SYN,SYN-01,1,1
22906,IPC_SYN,SYN-01,1,1
22907,IPC_SYN,SYN-01,1,1
22908,IPC_SYN,SYN-01,1,1
22909,SPECIAL_LAW_SYN,SYN-03,1,1
22910,IPC_SYN,SYN-01,1,1
22911,SPECIAL_LAW_SYN,SYN-03,1,1
22912,IPC_SYN,SYN-01,1,1
22913,IT_ACT_SYN,SYN-02,1,1
22914,SPECIAL_LAW_SYN,SYN-03,1,1
22915,IT_ACT_SYN,SYN-02,1,1
22916,IPC_SYN,SYN-01,1,1
22917,SPECIAL_LAW_SYN,SYN-03,1,1
22918,SPECIAL_LAW_SYN,SYN-03,1,1
22919,IPC_SYN,SYN-01,1,1
22920,SPECIAL_LAW_SYN,SYN-03,1,1
22921,SPECIAL_LAW_SYN,SYN-03,1,1
22922,SPECIAL_LAW_SYN,SYN-03,1,1
22923,IPC_SYN,SYN-01,1,1
22924,SPECIAL_LAW_SYN,SYN-03,1,1
22925,IPC_SYN,SYN-01,1,1
22926,IPC_SYN,SYN-01,1,1
22927,SPECIAL_LAW_SYN,SYN-03,1,1
22928,IPC_SYN,SYN-01,1,1
22929,IT_ACT_SYN,SYN-02,1,1
22930,IPC_SYN,SYN-01,1,1
22931,IPC_SYN,SYN-01,1,1
22932,IPC_SYN,SYN-01,1,1
22933,SPECIAL_LAW_SYN,SYN-03,1,1
22934,SPECIAL_LAW_SYN,SYN-03,1,1
22935,IT_ACT_SYN,SYN-02,1,1
22936,IT_ACT_SYN,SYN-02,1,1
22937,IPC_SYN,SYN-01,1,1
22938,IPC_SYN,SYN-01,1,1
22939,IPC_SYN,SYN-01,1,1
22940,IPC_SYN,SYN-01,1,1
22941,IPC_SYN,SYN-01,1,1
22942,SPECIAL_LAW_SYN,SYN-03,1,1
22943,IPC_SYN,SYN-01,1,1
22944,IPC_SYN,SYN-01,1,1
22945,IPC_SYN,SYN-01,1,1
22946,SPECIAL_LAW_SYN,SYN-03,1,1
22947,SPECIAL_LAW_SYN,SYN-03,1,1
22948,IPC_SYN,SYN-01,1,1
22949,SPECIAL_LAW_SYN,SYN-03,1,1
22950,SPECIAL_LAW_SYN,SYN-03,1,1
22951,IPC_SYN,SYN-01,1,1
22952,IPC_SYN,SYN-01,1,1
22953,IPC_SYN,SYN-01,1,1
22954,SPECIAL_LAW_SYN,SYN-03,1,1
22955,IPC_SYN,SYN-01,1,1
22956,IPC_SYN,SYN-01,1,1
22957,SPECIAL_LAW_SYN,SYN-03,1,1
22958,SPECIAL_LAW_SYN,SYN-03,1,1
22959,IPC_SYN,SYN-01,1,1
22960,IPC_SYN,SYN-01,1,1
22961,IPC_SYN,SYN-01,1,1
22962,IPC_SYN,SYN-01,1,1
22963,SPECIAL_LAW_SYN,SYN-03,1,1
22964,SPECIAL_LAW_SYN,SYN-03,1,1
22965,IPC_SYN,SYN-01,1,1
22966,IPC_SYN,SYN-01,1,1
22967,IPC_SYN,SYN-01,1,1
22968,IPC_SYN,SYN-01,1,1
22969,IT_ACT_SYN,SYN-02,1,1
22970,IPC_SYN,SYN-01,1,1
22971,IPC_SYN,SYN-01,1,1
22972,IPC_SYN,SYN-01,1,1
22973,IPC_SYN,SYN-01,1,1
22974,IT_ACT_SYN,SYN-02,1,1
22975,IPC_SYN,SYN-01,1,1
22976,SPECIAL_LAW_SYN,SYN-03,1,1
22977,IPC_SYN,SYN-01,1,1
22978,IPC_SYN,SYN-01,1,1
22979,SPECIAL_LAW_SYN,SYN-03,1,1
22980,IPC_SYN,SYN-01,1,1
22981,SPECIAL_LAW_SYN,SYN-03,1,1
22982,SPECIAL_LAW_SYN,SYN-03,1,1
22983,IT_ACT_SYN,SYN-02,1,1
22984,IPC_SYN,SYN-01,1,1
22985,SPECIAL_LAW_SYN,SYN-03,1,1
22986,IPC_SYN,SYN-01,1,1
22987,SPECIAL_LAW_SYN,SYN-03,1,1
22988,IPC_SYN,SYN-01,1,1
22989,IPC_SYN,SYN-01,1,1
22990,IPC_SYN,SYN-01,1,1
22991,IPC_SYN,SYN-01,1,1
22992,IT_ACT_SYN,SYN-02,1,1
22993,IPC_SYN,SYN-01,1,1
22994,IPC_SYN,SYN-01,1,1
22995,IPC_SYN,SYN-01,1,1
22996,SPECIAL_LAW_SYN,SYN-03,1,1
22997,IPC_SYN,SYN-01,1,1
22998,SPECIAL_LAW_SYN,SYN-03,1,1
22999,SPECIAL_LAW_SYN,SYN-03,1,1
23000,SPECIAL_LAW_SYN,SYN-03,1,1
23001,IPC_SYN,SYN-01,1,1
23002,SPECIAL_LAW_SYN,SYN-03,1,1
23003,IT_ACT_SYN,SYN-02,1,1
23004,IPC_SYN,SYN-01,1,1
23005,SPECIAL_LAW_SYN,SYN-03,1,1
23006,SPECIAL_LAW_SYN,SYN-03,1,1
23007,SPECIAL_LAW_SYN,SYN-03,1,1
23008,IT_ACT_SYN,SYN-02,1,1
23009,IPC_SYN,SYN-01,1,1
23010,SPECIAL_LAW_SYN,SYN-03,1,1
23011,SPECIAL_LAW_SYN,SYN-03,1,1
23012,IPC_SYN,SYN-01,1,1
23013,IPC_SYN,SYN-01,1,1
23014,IPC_SYN,SYN-01,1,1
23015,SPECIAL_LAW_SYN,SYN-03,1,1
23016,SPECIAL_LAW_SYN,SYN-03,1,1
23017,IPC_SYN,SYN-01,1,1
23018,IPC_SYN,SYN-01,1,1
23019,SPECIAL_LAW_SYN,SYN-03,1,1
23020,IPC_SYN,SYN-01,1,1
23021,IPC_SYN,SYN-01,1,1
23022,IPC_SYN,SYN-01,1,1
23023,IPC_SYN,SYN-01,1,1
23024,SPECIAL_LAW_SYN,SYN-03,1,1
23025,IPC_SYN,SYN-01,1,1
23026,IPC_SYN,SYN-01,1,1
23027,IT_ACT_SYN,SYN-02,1,1
23028,IPC_SYN,SYN-01,1,1
23029,IPC_SYN,SYN-01,1,1
23030,IT_ACT_SYN,SYN-02,1,1
23031,IPC_SYN,SYN-01,1,1
23032,IPC_SYN,SYN-01,1,1
23033,IPC_SYN,SYN-01,1,1
23034,IPC_SYN,SYN-01,1,1
23035,IPC_SYN,SYN-01,1,1
23036,SPECIAL_LAW_SYN,SYN-03,1,1
23037,IPC_SYN,SYN-01,1,1
23038,SPECIAL_LAW_SYN,SYN-03,1,1
23039,SPECIAL_LAW_SYN,SYN-03,1,1
23040,IT_ACT_SYN,SYN-02,1,1
23041,SPECIAL_LAW_SYN,SYN-03,1,1
23042,IPC_SYN,SYN-01,1,1
23043,IPC_SYN,SYN-01,1,1
23044,IPC_SYN,SYN-01,1,1
23045,IPC_SYN,SYN-01,1,1
23046,IPC_SYN,SYN-01,1,1
23047,IPC_SYN,SYN-01,1,1
23048,IT_ACT_SYN,SYN-02,1,1
23049,SPECIAL_LAW_SYN,SYN-03,1,1
23050,IT_ACT_SYN,SYN-02,1,1
23051,SPECIAL_LAW_SYN,SYN-03,1,1
23052,IPC_SYN,SYN-01,1,1
23053,IT_ACT_SYN,SYN-02,1,1
23054,IT_ACT_SYN,SYN-02,1,1
23055,IT_ACT_SYN,SYN-02,1,1
23056,SPECIAL_LAW_SYN,SYN-03,1,1
23057,SPECIAL_LAW_SYN,SYN-03,1,1
23058,IPC_SYN,SYN-01,1,1
23059,IPC_SYN,SYN-01,1,1
23060,SPECIAL_LAW_SYN,SYN-03,1,1
23061,IPC_SYN,SYN-01,1,1
23062,SPECIAL_LAW_SYN,SYN-03,1,1
23063,SPECIAL_LAW_SYN,SYN-03,1,1
23064,IPC_SYN,SYN-01,1,1
23065,SPECIAL_LAW_SYN,SYN-03,1,1
23066,IPC_SYN,SYN-01,1,1
23067,IPC_SYN,SYN-01,1,1
23068,IPC_SYN,SYN-01,1,1
23069,IPC_SYN,SYN-01,1,1
23070,SPECIAL_LAW_SYN,SYN-03,1,1
23071,SPECIAL_LAW_SYN,SYN-03,1,1
23072,SPECIAL_LAW_SYN,SYN-03,1,1
23073,IPC_SYN,SYN-01,1,1
23074,SPECIAL_LAW_SYN,SYN-03,1,1
23075,IPC_SYN,SYN-01,1,1
23076,IPC_SYN,SYN-01,1,1
23077,IPC_SYN,SYN-01,1,1
23078,IPC_SYN,SYN-01,1,1
23079,IPC_SYN,SYN-01,1,1
23080,IPC_SYN,SYN-01,1,1
23081,SPECIAL_LAW_SYN,SYN-03,1,1
23082,IPC_SYN,SYN-01,1,1
23083,IPC_SYN,SYN-01,1,1
23084,SPECIAL_LAW_SYN,SYN-03,1,1
23085,IPC_SYN,SYN-01,1,1
23086,IPC_SYN,SYN-01,1,1
23087,IPC_SYN,SYN-01,1,1
23088,SPECIAL_LAW_SYN,SYN-03,1,1
23089,IT_ACT_SYN,SYN-02,1,1
23090,IPC_SYN,SYN-01,1,1
23091,SPECIAL_LAW_SYN,SYN-03,1,1
23092,IPC_SYN,SYN-01,1,1
23093,IT_ACT_SYN,SYN-02,1,1
23094,SPECIAL_LAW_SYN,SYN-03,1,1
23095,IPC_SYN,SYN-01,1,1
23096,IPC_SYN,SYN-01,1,1
23097,IT_ACT_SYN,SYN-02,1,1
23098,IPC_SYN,SYN-01,1,1
23099,IPC_SYN,SYN-01,1,1
23100,IPC_SYN,SYN-01,1,1
23101,IT_ACT_SYN,SYN-02,1,1
23102,IPC_SYN,SYN-01,1,1
23103,IPC_SYN,SYN-01,1,1
23104,IPC_SYN,SYN-01,1,1
23105,IPC_SYN,SYN-01,1,1
23106,IPC_SYN,SYN-01,1,1
23107,SPECIAL_LAW_SYN,SYN-03,1,1
23108,IPC_SYN,SYN-01,1,1
23109,IPC_SYN,SYN-01,1,1
23110,IPC_SYN,SYN-01,1,1
23111,SPECIAL_LAW_SYN,SYN-03,1,1
23112,IPC_SYN,SYN-01,1,1
23113,IT_ACT_SYN,SYN-02,1,1
23114,SPECIAL_LAW_SYN,SYN-03,1,1
23115,IPC_SYN,SYN-01,1,1
23116,IPC_SYN,SYN-01,1,1
23117,SPECIAL_LAW_SYN,SYN-03,1,1
23118,IPC_SYN,SYN-01,1,1
23119,IPC_SYN,SYN-01,1,1
23120,IPC_SYN,SYN-01,1,1
23121,IPC_SYN,SYN-01,1,1
23122,IPC_SYN,SYN-01,1,1
23123,IPC_SYN,SYN-01,1,1
23124,IPC_SYN,SYN-01,1,1
23125,SPECIAL_LAW_SYN,SYN-03,1,1
23126,SPECIAL_LAW_SYN,SYN-03,1,1
23127,IPC_SYN,SYN-01,1,1
23128,SPECIAL_LAW_SYN,SYN-03,1,1
23129,IT_ACT_SYN,SYN-02,1,1
23130,IPC_SYN,SYN-01,1,1
23131,IPC_SYN,SYN-01,1,1
23132,IPC_SYN,SYN-01,1,1
23133,SPECIAL_LAW_SYN,SYN-03,1,1
23134,SPECIAL_LAW_SYN,SYN-03,1,1
23135,IPC_SYN,SYN-01,1,1
23136,IPC_SYN,SYN-01,1,1
23137,IPC_SYN,SYN-01,1,1
23138,IPC_SYN,SYN-01,1,1
23139,IPC_SYN,SYN-01,1,1
23140,SPECIAL_LAW_SYN,SYN-03,1,1
23141,SPECIAL_LAW_SYN,SYN-03,1,1
23142,SPECIAL_LAW_SYN,SYN-03,1,1
23143,IPC_SYN,SYN-01,1,1
23144,SPECIAL_LAW_SYN,SYN-03,1,1
23145,IPC_SYN,SYN-01,1,1
23146,IPC_SYN,SYN-01,1,1
23147,IPC_SYN,SYN-01,1,1
23148,IPC_SYN,SYN-01,1,1
23149,IT_ACT_SYN,SYN-02,1,1
23150,IPC_SYN,SYN-01,1,1
23151,IPC_SYN,SYN-01,1,1
23152,IPC_SYN,SYN-01,1,1
23153,SPECIAL_LAW_SYN,SYN-03,1,1
23154,IPC_SYN,SYN-01,1,1
23155,SPECIAL_LAW_SYN,SYN-03,1,1
23156,IPC_SYN,SYN-01,1,1
23157,IPC_SYN,SYN-01,1,1
23158,IT_ACT_SYN,SYN-02,1,1
23159,IPC_SYN,SYN-01,1,1
23160,IPC_SYN,SYN-01,1,1
23161,IPC_SYN,SYN-01,1,1
23162,IPC_SYN,SYN-01,1,1
23163,IT_ACT_SYN,SYN-02,1,1
23164,IPC_SYN,SYN-01,1,1
23165,IPC_SYN,SYN-01,1,1
23166,IPC_SYN,SYN-01,1,1
23167,IPC_SYN,SYN-01,1,1
23168,IPC_SYN,SYN-01,1,1
23169,IPC_SYN,SYN-01,1,1
23170,IPC_SYN,SYN-01,1,1
23171,SPECIAL_LAW_SYN,SYN-03,1,1
23172,IPC_SYN,SYN-01,1,1
23173,IPC_SYN,SYN-01,1,1
23174,SPECIAL_LAW_SYN,SYN-03,1,1
23175,IPC_SYN,SYN-01,1,1
23176,IT_ACT_SYN,SYN-02,1,1
23177,IPC_SYN,SYN-01,1,1
23178,SPECIAL_LAW_SYN,SYN-03,1,1
23179,SPECIAL_LAW_SYN,SYN-03,1,1
23180,IPC_SYN,SYN-01,1,1
23181,IPC_SYN,SYN-01,1,1
23182,SPECIAL_LAW_SYN,SYN-03,1,1
23183,IPC_SYN,SYN-01,1,1
23184,IT_ACT_SYN,SYN-02,1,1
23185,IPC_SYN,SYN-01,1,1
23186,IPC_SYN,SYN-01,1,1
23187,SPECIAL_LAW_SYN,SYN-03,1,1
23188,IPC_SYN,SYN-01,1,1
23189,SPECIAL_LAW_SYN,SYN-03,1,1
23190,SPECIAL_LAW_SYN,SYN-03,1,1
23191,SPECIAL_LAW_SYN,SYN-03,1,1
23192,IPC_SYN,SYN-01,1,1
23193,IPC_SYN,SYN-01,1,1
23194,IPC_SYN,SYN-01,1,1
23195,IT_ACT_SYN,SYN-02,1,1
23196,IPC_SYN,SYN-01,1,1
23197,SPECIAL_LAW_SYN,SYN-03,1,1
23198,IPC_SYN,SYN-01,1,1
23199,IPC_SYN,SYN-01,1,1
23200,IT_ACT_SYN,SYN-02,1,1
23201,SPECIAL_LAW_SYN,SYN-03,1,1
23202,IT_ACT_SYN,SYN-02,1,1
23203,IPC_SYN,SYN-01,1,1
23204,IPC_SYN,SYN-01,1,1
23205,SPECIAL_LAW_SYN,SYN-03,1,1
23206,IT_ACT_SYN,SYN-02,1,1
23207,SPECIAL_LAW_SYN,SYN-03,1,1
23208,SPECIAL_LAW_SYN,SYN-03,1,1
23209,IPC_SYN,SYN-01,1,1
23210,IPC_SYN,SYN-01,1,1
23211,IPC_SYN,SYN-01,1,1
23212,IPC_SYN,SYN-01,1,1
23213,IPC_SYN,SYN-01,1,1
23214,SPECIAL_LAW_SYN,SYN-03,1,1
23215,IPC_SYN,SYN-01,1,1
23216,SPECIAL_LAW_SYN,SYN-03,1,1
23217,IPC_SYN,SYN-01,1,1
23218,IPC_SYN,SYN-01,1,1
23219,IPC_SYN,SYN-01,1,1
23220,IPC_SYN,SYN-01,1,1
23221,IT_ACT_SYN,SYN-02,1,1
23222,IPC_SYN,SYN-01,1,1
23223,IPC_SYN,SYN-01,1,1
23224,IPC_SYN,SYN-01,1,1
23225,IPC_SYN,SYN-01,1,1
23226,IT_ACT_SYN,SYN-02,1,1
23227,SPECIAL_LAW_SYN,SYN-03,1,1
23228,IPC_SYN,SYN-01,1,1
23229,IPC_SYN,SYN-01,1,1
23230,IPC_SYN,SYN-01,1,1
23231,IPC_SYN,SYN-01,1,1
23232,SPECIAL_LAW_SYN,SYN-03,1,1
23233,IPC_SYN,SYN-01,1,1
23234,SPECIAL_LAW_SYN,SYN-03,1,1
23235,IPC_SYN,SYN-01,1,1
23236,SPECIAL_LAW_SYN,SYN-03,1,1
23237,IPC_SYN,SYN-01,1,1
23238,IPC_SYN,SYN-01,1,1
23239,IPC_SYN,SYN-01,1,1
23240,IPC_SYN,SYN-01,1,1
23241,IPC_SYN,SYN-01,1,1
23242,SPECIAL_LAW_SYN,SYN-03,1,1
23243,SPECIAL_LAW_SYN,SYN-03,1,1
23244,IPC_SYN,SYN-01,1,1
23245,IPC_SYN,SYN-01,1,1
23246,IPC_SYN,SYN-01,1,1
23247,IPC_SYN,SYN-01,1,1
23248,SPECIAL_LAW_SYN,SYN-03,1,1
23249,SPECIAL_LAW_SYN,SYN-03,1,1
23250,SPECIAL_LAW_SYN,SYN-03,1,1
23251,IPC_SYN,SYN-01,1,1
23252,IPC_SYN,SYN-01,1,1
23253,IPC_SYN,SYN-01,1,1
23254,SPECIAL_LAW_SYN,SYN-03,1,1
23255,SPECIAL_LAW_SYN,SYN-03,1,1
23256,IPC_SYN,SYN-01,1,1
23257,IT_ACT_SYN,SYN-02,1,1
23258,IPC_SYN,SYN-01,1,1
23259,IT_ACT_SYN,SYN-02,1,1
23260,IPC_SYN,SYN-01,1,1
23261,IPC_SYN,SYN-01,1,1
23262,IPC_SYN,SYN-01,1,1
23263,IPC_SYN,SYN-01,1,1
23264,IPC_SYN,SYN-01,1,1
23265,SPECIAL_LAW_SYN,SYN-03,1,1
23266,SPECIAL_LAW_SYN,SYN-03,1,1
23267,SPECIAL_LAW_SYN,SYN-03,1,1
23268,IT_ACT_SYN,SYN-02,1,1
23269,IPC_SYN,SYN-01,1,1
23270,IPC_SYN,SYN-01,1,1
23271,SPECIAL_LAW_SYN,SYN-03,1,1
23272,IPC_SYN,SYN-01,1,1
23273,IPC_SYN,SYN-01,1,1
23274,IT_ACT_SYN,SYN-02,1,1
23275,IT_ACT_SYN,SYN-02,1,1
23276,SPECIAL_LAW_SYN,SYN-03,1,1
23277,SPECIAL_LAW_SYN,SYN-03,1,1
23278,IPC_SYN,SYN-01,1,1
23279,SPECIAL_LAW_SYN,SYN-03,1,1
23280,IT_ACT_SYN,SYN-02,1,1
23281,IPC_SYN,SYN-01,1,1
23282,IPC_SYN,SYN-01,1,1
23283,IT_ACT_SYN,SYN-02,1,1
23284,IPC_SYN,SYN-01,1,1
23285,IPC_SYN,SYN-01,1,1
23286,SPECIAL_LAW_SYN,SYN-03,1,1
23287,SPECIAL_LAW_SYN,SYN-03,1,1
23288,IPC_SYN,SYN-01,1,1
23289,IPC_SYN,SYN-01,1,1
23290,SPECIAL_LAW_SYN,SYN-03,1,1
23291,IPC_SYN,SYN-01,1,1
23292,IPC_SYN,SYN-01,1,1
23293,IPC_SYN,SYN-01,1,1
23294,IPC_SYN,SYN-01,1,1
23295,IPC_SYN,SYN-01,1,1
23296,IPC_SYN,SYN-01,1,1
23297,IPC_SYN,SYN-01,1,1
23298,IPC_SYN,SYN-01,1,1
23299,IPC_SYN,SYN-01,1,1
23300,IPC_SYN,SYN-01,1,1
23301,IPC_SYN,SYN-01,1,1
23302,SPECIAL_LAW_SYN,SYN-03,1,1
23303,SPECIAL_LAW_SYN,SYN-03,1,1
23304,IPC_SYN,SYN-01,1,1
23305,SPECIAL_LAW_SYN,SYN-03,1,1
23306,IT_ACT_SYN,SYN-02,1,1
23307,IPC_SYN,SYN-01,1,1
23308,IPC_SYN,SYN-01,1,1
23309,SPECIAL_LAW_SYN,SYN-03,1,1
23310,SPECIAL_LAW_SYN,SYN-03,1,1
23311,SPECIAL_LAW_SYN,SYN-03,1,1
23312,IPC_SYN,SYN-01,1,1
23313,IPC_SYN,SYN-01,1,1
23314,IT_ACT_SYN,SYN-02,1,1
23315,IPC_SYN,SYN-01,1,1
23316,SPECIAL_LAW_SYN,SYN-03,1,1
23317,IPC_SYN,SYN-01,1,1
23318,IPC_SYN,SYN-01,1,1
23319,IT_ACT_SYN,SYN-02,1,1
23320,IPC_SYN,SYN-01,1,1
23321,SPECIAL_LAW_SYN,SYN-03,1,1
23322,IPC_SYN,SYN-01,1,1
23323,IPC_SYN,SYN-01,1,1
23324,SPECIAL_LAW_SYN,SYN-03,1,1
23325,IPC_SYN,SYN-01,1,1
23326,IT_ACT_SYN,SYN-02,1,1
23327,SPECIAL_LAW_SYN,SYN-03,1,1
23328,IPC_SYN,SYN-01,1,1
23329,IT_ACT_SYN,SYN-02,1,1
23330,SPECIAL_LAW_SYN,SYN-03,1,1
23331,SPECIAL_LAW_SYN,SYN-03,1,1
23332,SPECIAL_LAW_SYN,SYN-03,1,1
23333,IT_ACT_SYN,SYN-02,1,1
23334,IT_ACT_SYN,SYN-02,1,1
23335,IPC_SYN,SYN-01,1,1
23336,SPECIAL_LAW_SYN,SYN-03,1,1
23337,SPECIAL_LAW_SYN,SYN-03,1,1
23338,IPC_SYN,SYN-01,1,1
23339,SPECIAL_LAW_SYN,SYN-03,1,1
23340,IPC_SYN,SYN-01,1,1
23341,IT_ACT_SYN,SYN-02,1,1
23342,IT_ACT_SYN,SYN-02,1,1
23343,IPC_SYN,SYN-01,1,1
23344,SPECIAL_LAW_SYN,SYN-03,1,1
23345,SPECIAL_LAW_SYN,SYN-03,1,1
23346,IPC_SYN,SYN-01,1,1
23347,SPECIAL_LAW_SYN,SYN-03,1,1
23348,IPC_SYN,SYN-01,1,1
23349,IT_ACT_SYN,SYN-02,1,1
23350,IPC_SYN,SYN-01,1,1
23351,SPECIAL_LAW_SYN,SYN-03,1,1
23352,IPC_SYN,SYN-01,1,1
23353,IPC_SYN,SYN-01,1,1
23354,IPC_SYN,SYN-01,1,1
23355,SPECIAL_LAW_SYN,SYN-03,1,1
23356,SPECIAL_LAW_SYN,SYN-03,1,1
23357,SPECIAL_LAW_SYN,SYN-03,1,1
23358,IPC_SYN,SYN-01,1,1
23359,IPC_SYN,SYN-01,1,1
23360,IPC_SYN,SYN-01,1,1
23361,IT_ACT_SYN,SYN-02,1,1
23362,SPECIAL_LAW_SYN,SYN-03,1,1
23363,SPECIAL_LAW_SYN,SYN-03,1,1
23364,IPC_SYN,SYN-01,1,1
23365,SPECIAL_LAW_SYN,SYN-03,1,1
23366,IPC_SYN,SYN-01,1,1
23367,IPC_SYN,SYN-01,1,1
23368,IPC_SYN,SYN-01,1,1
23369,IPC_SYN,SYN-01,1,1
23370,SPECIAL_LAW_SYN,SYN-03,1,1
23371,IPC_SYN,SYN-01,1,1
23372,IT_ACT_SYN,SYN-02,1,1
23373,IPC_SYN,SYN-01,1,1
23374,IPC_SYN,SYN-01,1,1
23375,SPECIAL_LAW_SYN,SYN-03,1,1
23376,IT_ACT_SYN,SYN-02,1,1
23377,IPC_SYN,SYN-01,1,1
23378,SPECIAL_LAW_SYN,SYN-03,1,1
23379,IPC_SYN,SYN-01,1,1
23380,IPC_SYN,SYN-01,1,1
23381,IPC_SYN,SYN-01,1,1
23382,IPC_SYN,SYN-01,1,1
23383,IPC_SYN,SYN-01,1,1
23384,IPC_SYN,SYN-01,1,1
23385,SPECIAL_LAW_SYN,SYN-03,1,1
23386,IT_ACT_SYN,SYN-02,1,1
23387,IPC_SYN,SYN-01,1,1
23388,IPC_SYN,SYN-01,1,1
23389,SPECIAL_LAW_SYN,SYN-03,1,1
23390,SPECIAL_LAW_SYN,SYN-03,1,1
23391,SPECIAL_LAW_SYN,SYN-03,1,1
23392,IPC_SYN,SYN-01,1,1
23393,IPC_SYN,SYN-01,1,1
23394,IT_ACT_SYN,SYN-02,1,1
23395,IT_ACT_SYN,SYN-02,1,1
23396,SPECIAL_LAW_SYN,SYN-03,1,1
23397,IT_ACT_SYN,SYN-02,1,1
23398,IPC_SYN,SYN-01,1,1
23399,IT_ACT_SYN,SYN-02,1,1
23400,IPC_SYN,SYN-01,1,1
23401,SPECIAL_LAW_SYN,SYN-03,1,1
23402,SPECIAL_LAW_SYN,SYN-03,1,1
23403,IPC_SYN,SYN-01,1,1
23404,IPC_SYN,SYN-01,1,1
23405,IPC_SYN,SYN-01,1,1
23406,IPC_SYN,SYN-01,1,1
23407,IPC_SYN,SYN-01,1,1
23408,IT_ACT_SYN,SYN-02,1,1
23409,IPC_SYN,SYN-01,1,1
23410,IPC_SYN,SYN-01,1,1
23411,SPECIAL_LAW_SYN,SYN-03,1,1
23412,SPECIAL_LAW_SYN,SYN-03,1,1
23413,IPC_SYN,SYN-01,1,1
23414,IPC_SYN,SYN-01,1,1
23415,IPC_SYN,SYN-01,1,1
23416,SPECIAL_LAW_SYN,SYN-03,1,1
23417,SPECIAL_LAW_SYN,SYN-03,1,1
23418,IT_ACT_SYN,SYN-02,1,1
23419,IPC_SYN,SYN-01,1,1
23420,IPC_SYN,SYN-01,1,1
23421,IT_ACT_SYN,SYN-02,1,1
23422,IT_ACT_SYN,SYN-02,1,1
23423,IPC_SYN,SYN-01,1,1
23424,SPECIAL_LAW_SYN,SYN-03,1,1
23425,IPC_SYN,SYN-01,1,1
23426,IPC_SYN,SYN-01,1,1
23427,IPC_SYN,SYN-01,1,1
23428,IPC_SYN,SYN-01,1,1
23429,IPC_SYN,SYN-01,1,1
23430,IPC_SYN,SYN-01,1,1
23431,IPC_SYN,SYN-01,1,1
23432,SPECIAL_LAW_SYN,SYN-03,1,1
23433,IPC_SYN,SYN-01,1,1
23434,IPC_SYN,SYN-01,1,1
23435,IPC_SYN,SYN-01,1,1
23436,IPC_SYN,SYN-01,1,1
23437,SPECIAL_LAW_SYN,SYN-03,1,1
23438,IPC_SYN,SYN-01,1,1
23439,SPECIAL_LAW_SYN,SYN-03,1,1
23440,IPC_SYN,SYN-01,1,1
23441,IPC_SYN,SYN-01,1,1
23442,SPECIAL_LAW_SYN,SYN-03,1,1
23443,IPC_SYN,SYN-01,1,1
23444,IPC_SYN,SYN-01,1,1
23445,IPC_SYN,SYN-01,1,1
23446,IPC_SYN,SYN-01,1,1
23447,IT_ACT_SYN,SYN-02,1,1
23448,IPC_SYN,SYN-01,1,1
23449,IT_ACT_SYN,SYN-02,1,1
23450,SPECIAL_LAW_SYN,SYN-03,1,1
23451,IT_ACT_SYN,SYN-02,1,1
23452,IPC_SYN,SYN-01,1,1
23453,SPECIAL_LAW_SYN,SYN-03,1,1
23454,IT_ACT_SYN,SYN-02,1,1
23455,IT_ACT_SYN,SYN-02,1,1
23456,IPC_SYN,SYN-01,1,1
23457,IPC_SYN,SYN-01,1,1
23458,IPC_SYN,SYN-01,1,1
23459,IPC_SYN,SYN-01,1,1
23460,IPC_SYN,SYN-01,1,1
23461,SPECIAL_LAW_SYN,SYN-03,1,1
23462,SPECIAL_LAW_SYN,SYN-03,1,1
23463,IPC_SYN,SYN-01,1,1
23464,IPC_SYN,SYN-01,1,1
23465,IT_ACT_SYN,SYN-02,1,1
23466,IPC_SYN,SYN-01,1,1
23467,IPC_SYN,SYN-01,1,1
23468,IPC_SYN,SYN-01,1,1
23469,IPC_SYN,SYN-01,1,1
23470,IPC_SYN,SYN-01,1,1
23471,IT_ACT_SYN,SYN-02,1,1
23472,IPC_SYN,SYN-01,1,1
23473,SPECIAL_LAW_SYN,SYN-03,1,1
23474,IPC_SYN,SYN-01,1,1
23475,SPECIAL_LAW_SYN,SYN-03,1,1
23476,SPECIAL_LAW_SYN,SYN-03,1,1
23477,IPC_SYN,SYN-01,1,1
23478,IPC_SYN,SYN-01,1,1
23479,IPC_SYN,SYN-01,1,1
23480,IPC_SYN,SYN-01,1,1
23481,IPC_SYN,SYN-01,1,1
23482,IPC_SYN,SYN-01,1,1
23483,IPC_SYN,SYN-01,1,1
23484,IPC_SYN,SYN-01,1,1
23485,IPC_SYN,SYN-01,1,1
23486,SPECIAL_LAW_SYN,SYN-03,1,1
23487,IPC_SYN,SYN-01,1,1
23488,SPECIAL_LAW_SYN,SYN-03,1,1
23489,IPC_SYN,SYN-01,1,1
23490,IPC_SYN,SYN-01,1,1
23491,IPC_SYN,SYN-01,1,1
23492,SPECIAL_LAW_SYN,SYN-03,1,1
23493,IPC_SYN,SYN-01,1,1
23494,SPECIAL_LAW_SYN,SYN-03,1,1
23495,IPC_SYN,SYN-01,1,1
23496,SPECIAL_LAW_SYN,SYN-03,1,1
23497,IPC_SYN,SYN-01,1,1
23498,SPECIAL_LAW_SYN,SYN-03,1,1
23499,SPECIAL_LAW_SYN,SYN-03,1,1
23500,IPC_SYN,SYN-01,1,1
23501,IPC_SYN,SYN-01,1,1
23502,IPC_SYN,SYN-01,1,1
23503,IPC_SYN,SYN-01,1,1
23504,SPECIAL_LAW_SYN,SYN-03,1,1
23505,IPC_SYN,SYN-01,1,1
23506,IPC_SYN,SYN-01,1,1
23507,IPC_SYN,SYN-01,1,1
23508,IT_ACT_SYN,SYN-02,1,1
23509,IPC_SYN,SYN-01,1,1
23510,IPC_SYN,SYN-01,1,1
23511,SPECIAL_LAW_SYN,SYN-03,1,1
23512,IPC_SYN,SYN-01,1,1
23513,IPC_SYN,SYN-01,1,1
23514,IPC_SYN,SYN-01,1,1
23515,SPECIAL_LAW_SYN,SYN-03,1,1
23516,IPC_SYN,SYN-01,1,1
23517,IPC_SYN,SYN-01,1,1
23518,IPC_SYN,SYN-01,1,1
23519,IPC_SYN,SYN-01,1,1
23520,SPECIAL_LAW_SYN,SYN-03,1,1
23521,IPC_SYN,SYN-01,1,1
23522,IPC_SYN,SYN-01,1,1
23523,SPECIAL_LAW_SYN,SYN-03,1,1
23524,IPC_SYN,SYN-01,1,1
23525,IPC_SYN,SYN-01,1,1
23526,IPC_SYN,SYN-01,1,1
23527,IT_ACT_SYN,SYN-02,1,1
23528,SPECIAL_LAW_SYN,SYN-03,1,1
23529,IPC_SYN,SYN-01,1,1
23530,IPC_SYN,SYN-01,1,1
23531,IT_ACT_SYN,SYN-02,1,1
23532,IPC_SYN,SYN-01,1,1
23533,IPC_SYN,SYN-01,1,1
23534,IPC_SYN,SYN-01,1,1
23535,IPC_SYN,SYN-01,1,1
23536,IT_ACT_SYN,SYN-02,1,1
23537,SPECIAL_LAW_SYN,SYN-03,1,1
23538,IPC_SYN,SYN-01,1,1
23539,IPC_SYN,SYN-01,1,1
23540,IPC_SYN,SYN-01,1,1
23541,IPC_SYN,SYN-01,1,1
23542,IPC_SYN,SYN-01,1,1
23543,IPC_SYN,SYN-01,1,1
23544,SPECIAL_LAW_SYN,SYN-03,1,1
23545,SPECIAL_LAW_SYN,SYN-03,1,1
23546,IPC_SYN,SYN-01,1,1
23547,IPC_SYN,SYN-01,1,1
23548,IPC_SYN,SYN-01,1,1
23549,IPC_SYN,SYN-01,1,1
23550,SPECIAL_LAW_SYN,SYN-03,1,1
23551,IPC_SYN,SYN-01,1,1
23552,IPC_SYN,SYN-01,1,1
23553,SPECIAL_LAW_SYN,SYN-03,1,1
23554,SPECIAL_LAW_SYN,SYN-03,1,1
23555,IPC_SYN,SYN-01,1,1
23556,IPC_SYN,SYN-01,1,1
23557,IPC_SYN,SYN-01,1,1
23558,IPC_SYN,SYN-01,1,1
23559,SPECIAL_LAW_SYN,SYN-03,1,1
23560,IPC_SYN,SYN-01,1,1
23561,IPC_SYN,SYN-01,1,1
23562,IPC_SYN,SYN-01,1,1
23563,IT_ACT_SYN,SYN-02,1,1
23564,SPECIAL_LAW_SYN,SYN-03,1,1
23565,IPC_SYN,SYN-01,1,1
23566,SPECIAL_LAW_SYN,SYN-03,1,1
23567,SPECIAL_LAW_SYN,SYN-03,1,1
23568,IPC_SYN,SYN-01,1,1
23569,SPECIAL_LAW_SYN,SYN-03,1,1
23570,SPECIAL_LAW_SYN,SYN-03,1,1
23571,IPC_SYN,SYN-01,1,1
23572,SPECIAL_LAW_SYN,SYN-03,1,1
23573,IPC_SYN,SYN-01,1,1
23574,IPC_SYN,SYN-01,1,1
23575,IPC_SYN,SYN-01,1,1
23576,IT_ACT_SYN,SYN-02,1,1
23577,SPECIAL_LAW_SYN,SYN-03,1,1
23578,IPC_SYN,SYN-01,1,1
23579,IT_ACT_SYN,SYN-02,1,1
23580,IPC_SYN,SYN-01,1,1
23581,SPECIAL_LAW_SYN,SYN-03,1,1
23582,IPC_SYN,SYN-01,1,1
23583,SPECIAL_LAW_SYN,SYN-03,1,1
23584,IPC_SYN,SYN-01,1,1
23585,IPC_SYN,SYN-01,1,1
23586,SPECIAL_LAW_SYN,SYN-03,1,1
23587,IPC_SYN,SYN-01,1,1
23588,IPC_SYN,SYN-01,1,1
23589,IPC_SYN,SYN-01,1,1
23590,IPC_SYN,SYN-01,1,1
23591,IPC_SYN,SYN-01,1,1
23592,SPECIAL_LAW_SYN,SYN-03,1,1
23593,IPC_SYN,SYN-01,1,1
23594,IPC_SYN,SYN-01,1,1
23595,SPECIAL_LAW_SYN,SYN-03,1,1
23596,IPC_SYN,SYN-01,1,1
23597,IPC_SYN,SYN-01,1,1
23598,SPECIAL_LAW_SYN,SYN-03,1,1
23599,IPC_SYN,SYN-01,1,1
23600,IPC_SYN,SYN-01,1,1
23601,IPC_SYN,SYN-01,1,1
23602,IPC_SYN,SYN-01,1,1
23603,SPECIAL_LAW_SYN,SYN-03,1,1
23604,SPECIAL_LAW_SYN,SYN-03,1,1
23605,IPC_SYN,SYN-01,1,1
23606,IPC_SYN,SYN-01,1,1
23607,IT_ACT_SYN,SYN-02,1,1
23608,IPC_SYN,SYN-01,1,1
23609,SPECIAL_LAW_SYN,SYN-03,1,1
23610,IT_ACT_SYN,SYN-02,1,1
23611,SPECIAL_LAW_SYN,SYN-03,1,1
23612,IT_ACT_SYN,SYN-02,1,1
23613,IPC_SYN,SYN-01,1,1
23614,IT_ACT_SYN,SYN-02,1,1
23615,IPC_SYN,SYN-01,1,1
23616,IPC_SYN,SYN-01,1,1
23617,IPC_SYN,SYN-01,1,1
23618,IPC_SYN,SYN-01,1,1
23619,IPC_SYN,SYN-01,1,1
23620,IPC_SYN,SYN-01,1,1
23621,IPC_SYN,SYN-01,1,1
23622,IPC_SYN,SYN-01,1,1
23623,IPC_SYN,SYN-01,1,1
23624,IPC_SYN,SYN-01,1,1
23625,SPECIAL_LAW_SYN,SYN-03,1,1
23626,SPECIAL_LAW_SYN,SYN-03,1,1
23627,IPC_SYN,SYN-01,1,1
23628,IPC_SYN,SYN-01,1,1
23629,IPC_SYN,SYN-01,1,1
23630,IT_ACT_SYN,SYN-02,1,1
23631,IPC_SYN,SYN-01,1,1
23632,IT_ACT_SYN,SYN-02,1,1
23633,SPECIAL_LAW_SYN,SYN-03,1,1
23634,IPC_SYN,SYN-01,1,1
23635,SPECIAL_LAW_SYN,SYN-03,1,1
23636,IPC_SYN,SYN-01,1,1
23637,SPECIAL_LAW_SYN,SYN-03,1,1
23638,IPC_SYN,SYN-01,1,1
23639,IT_ACT_SYN,SYN-02,1,1
23640,IPC_SYN,SYN-01,1,1
23641,IT_ACT_SYN,SYN-02,1,1
23642,IPC_SYN,SYN-01,1,1
23643,IPC_SYN,SYN-01,1,1
23644,IPC_SYN,SYN-01,1,1
23645,IPC_SYN,SYN-01,1,1
23646,IPC_SYN,SYN-01,1,1
23647,IPC_SYN,SYN-01,1,1
23648,IPC_SYN,SYN-01,1,1
23649,IPC_SYN,SYN-01,1,1
23650,IPC_SYN,SYN-01,1,1
23651,SPECIAL_LAW_SYN,SYN-03,1,1
23652,IPC_SYN,SYN-01,1,1
23653,IPC_SYN,SYN-01,1,1
23654,IT_ACT_SYN,SYN-02,1,1
23655,IPC_SYN,SYN-01,1,1
23656,IPC_SYN,SYN-01,1,1
23657,IT_ACT_SYN,SYN-02,1,1
23658,IT_ACT_SYN,SYN-02,1,1
23659,IPC_SYN,SYN-01,1,1
23660,IPC_SYN,SYN-01,1,1
23661,SPECIAL_LAW_SYN,SYN-03,1,1
23662,SPECIAL_LAW_SYN,SYN-03,1,1
23663,IPC_SYN,SYN-01,1,1
23664,SPECIAL_LAW_SYN,SYN-03,1,1
23665,SPECIAL_LAW_SYN,SYN-03,1,1
23666,IPC_SYN,SYN-01,1,1
23667,IPC_SYN,SYN-01,1,1
23668,IPC_SYN,SYN-01,1,1
23669,SPECIAL_LAW_SYN,SYN-03,1,1
23670,IPC_SYN,SYN-01,1,1
23671,IPC_SYN,SYN-01,1,1
23672,IPC_SYN,SYN-01,1,1
23673,IPC_SYN,SYN-01,1,1
23674,IPC_SYN,SYN-01,1,1
23675,SPECIAL_LAW_SYN,SYN-03,1,1
23676,IT_ACT_SYN,SYN-02,1,1
23677,SPECIAL_LAW_SYN,SYN-03,1,1
23678,IPC_SYN,SYN-01,1,1
23679,SPECIAL_LAW_SYN,SYN-03,1,1
23680,SPECIAL_LAW_SYN,SYN-03,1,1
23681,IPC_SYN,SYN-01,1,1
23682,SPECIAL_LAW_SYN,SYN-03,1,1
23683,SPECIAL_LAW_SYN,SYN-03,1,1
23684,IPC_SYN,SYN-01,1,1
23685,SPECIAL_LAW_SYN,SYN-03,1,1
23686,SPECIAL_LAW_SYN,SYN-03,1,1
23687,IPC_SYN,SYN-01,1,1
23688,IPC_SYN,SYN-01,1,1
23689,IT_ACT_SYN,SYN-02,1,1
23690,IT_ACT_SYN,SYN-02,1,1
23691,SPECIAL_LAW_SYN,SYN-03,1,1
23692,SPECIAL_LAW_SYN,SYN-03,1,1
23693,SPECIAL_LAW_SYN,SYN-03,1,1
23694,IPC_SYN,SYN-01,1,1
23695,SPECIAL_LAW_SYN,SYN-03,1,1
23696,IPC_SYN,SYN-01,1,1
23697,SPECIAL_LAW_SYN,SYN-03,1,1
23698,SPECIAL_LAW_SYN,SYN-03,1,1
23699,IPC_SYN,SYN-01,1,1
23700,IPC_SYN,SYN-01,1,1
23701,IPC_SYN,SYN-01,1,1
23702,IT_ACT_SYN,SYN-02,1,1
23703,IPC_SYN,SYN-01,1,1
23704,IPC_SYN,SYN-01,1,1
23705,IPC_SYN,SYN-01,1,1
23706,IPC_SYN,SYN-01,1,1
23707,SPECIAL_LAW_SYN,SYN-03,1,1
23708,IT_ACT_SYN,SYN-02,1,1
23709,SPECIAL_LAW_SYN,SYN-03,1,1
23710,IT_ACT_SYN,SYN-02,1,1
23711,IT_ACT_SYN,SYN-02,1,1
23712,IPC_SYN,SYN-01,1,1
23713,SPECIAL_LAW_SYN,SYN-03,1,1
23714,SPECIAL_LAW_SYN,SYN-03,1,1
23715,SPECIAL_LAW_SYN,SYN-03,1,1
23716,IPC_SYN,SYN-01,1,1
23717,IPC_SYN,SYN-01,1,1
23718,IPC_SYN,SYN-01,1,1
23719,IPC_SYN,SYN-01,1,1
23720,IPC_SYN,SYN-01,1,1
23721,IPC_SYN,SYN-01,1,1
23722,IPC_SYN,SYN-01,1,1
23723,IPC_SYN,SYN-01,1,1
23724,IPC_SYN,SYN-01,1,1
23725,IPC_SYN,SYN-01,1,1
23726,IPC_SYN,SYN-01,1,1
23727,IPC_SYN,SYN-01,1,1
23728,IPC_SYN,SYN-01,1,1
23729,SPECIAL_LAW_SYN,SYN-03,1,1
23730,IPC_SYN,SYN-01,1,1
23731,IT_ACT_SYN,SYN-02,1,1
23732,IPC_SYN,SYN-01,1,1
23733,IPC_SYN,SYN-01,1,1
23734,IPC_SYN,SYN-01,1,1
23735,IPC_SYN,SYN-01,1,1
23736,IT_ACT_SYN,SYN-02,1,1
23737,IT_ACT_SYN,SYN-02,1,1
23738,IPC_SYN,SYN-01,1,1
23739,IPC_SYN,SYN-01,1,1
23740,IT_ACT_SYN,SYN-02,1,1
23741,IPC_SYN,SYN-01,1,1
23742,SPECIAL_LAW_SYN,SYN-03,1,1
23743,SPECIAL_LAW_SYN,SYN-03,1,1
23744,IPC_SYN,SYN-01,1,1
23745,IPC_SYN,SYN-01,1,1
23746,IPC_SYN,SYN-01,1,1
23747,SPECIAL_LAW_SYN,SYN-03,1,1
23748,IPC_SYN,SYN-01,1,1
23749,IPC_SYN,SYN-01,1,1
23750,IPC_SYN,SYN-01,1,1
23751,IPC_SYN,SYN-01,1,1
23752,SPECIAL_LAW_SYN,SYN-03,1,1
23753,IPC_SYN,SYN-01,1,1
23754,IPC_SYN,SYN-01,1,1
23755,IT_ACT_SYN,SYN-02,1,1
23756,IPC_SYN,SYN-01,1,1
23757,IT_ACT_SYN,SYN-02,1,1
23758,IPC_SYN,SYN-01,1,1
23759,IPC_SYN,SYN-01,1,1
23760,SPECIAL_LAW_SYN,SYN-03,1,1
23761,SPECIAL_LAW_SYN,SYN-03,1,1
23762,IPC_SYN,SYN-01,1,1
23763,IPC_SYN,SYN-01,1,1
23764,SPECIAL_LAW_SYN,SYN-03,1,1
23765,SPECIAL_LAW_SYN,SYN-03,1,1
23766,IPC_SYN,SYN-01,1,1
23767,IPC_SYN,SYN-01,1,1
23768,IT_ACT_SYN,SYN-02,1,1
23769,IPC_SYN,SYN-01,1,1
23770,SPECIAL_LAW_SYN,SYN-03,1,1
23771,IPC_SYN,SYN-01,1,1
23772,IPC_SYN,SYN-01,1,1
23773,IPC_SYN,SYN-01,1,1
23774,IPC_SYN,SYN-01,1,1
23775,SPECIAL_LAW_SYN,SYN-03,1,1
23776,SPECIAL_LAW_SYN,SYN-03,1,1
23777,SPECIAL_LAW_SYN,SYN-03,1,1
23778,IPC_SYN,SYN-01,1,1
23779,IPC_SYN,SYN-01,1,1
23780,IPC_SYN,SYN-01,1,1
23781,IPC_SYN,SYN-01,1,1
23782,IPC_SYN,SYN-01,1,1
23783,SPECIAL_LAW_SYN,SYN-03,1,1
23784,IPC_SYN,SYN-01,1,1
23785,IPC_SYN,SYN-01,1,1
23786,IPC_SYN,SYN-01,1,1
23787,IPC_SYN,SYN-01,1,1
23788,IPC_SYN,SYN-01,1,1
23789,IPC_SYN,SYN-01,1,1
23790,SPECIAL_LAW_SYN,SYN-03,1,1
23791,IPC_SYN,SYN-01,1,1
23792,SPECIAL_LAW_SYN,SYN-03,1,1
23793,SPECIAL_LAW_SYN,SYN-03,1,1
23794,IPC_SYN,SYN-01,1,1
23795,IPC_SYN,SYN-01,1,1
23796,IPC_SYN,SYN-01,1,1
23797,SPECIAL_LAW_SYN,SYN-03,1,1
23798,SPECIAL_LAW_SYN,SYN-03,1,1
23799,SPECIAL_LAW_SYN,SYN-03,1,1
23800,IPC_SYN,SYN-01,1,1
23801,SPECIAL_LAW_SYN,SYN-03,1,1
23802,IT_ACT_SYN,SYN-02,1,1
23803,IT_ACT_SYN,SYN-02,1,1
23804,IPC_SYN,SYN-01,1,1
23805,IPC_SYN,SYN-01,1,1
23806,IT_ACT_SYN,SYN-02,1,1
23807,IPC_SYN,SYN-01,1,1
23808,SPECIAL_LAW_SYN,SYN-03,1,1
23809,IPC_SYN,SYN-01,1,1
23810,IPC_SYN,SYN-01,1,1
23811,SPECIAL_LAW_SYN,SYN-03,1,1
23812,IPC_SYN,SYN-01,1,1
23813,SPECIAL_LAW_SYN,SYN-03,1,1
23814,IPC_SYN,SYN-01,1,1
23815,SPECIAL_LAW_SYN,SYN-03,1,1
23816,IPC_SYN,SYN-01,1,1
23817,IPC_SYN,SYN-01,1,1
23818,IPC_SYN,SYN-01,1,1
23819,IT_ACT_SYN,SYN-02,1,1
23820,IPC_SYN,SYN-01,1,1
23821,IPC_SYN,SYN-01,1,1
23822,IT_ACT_SYN,SYN-02,1,1
23823,IT_ACT_SYN,SYN-02,1,1
23824,SPECIAL_LAW_SYN,SYN-03,1,1
23825,IT_ACT_SYN,SYN-02,1,1
23826,IPC_SYN,SYN-01,1,1
23827,IPC_SYN,SYN-01,1,1
23828,IPC_SYN,SYN-01,1,1
23829,IPC_SYN,SYN-01,1,1
23830,IPC_SYN,SYN-01,1,1
23831,IT_ACT_SYN,SYN-02,1,1
23832,IT_ACT_SYN,SYN-02,1,1
23833,IPC_SYN,SYN-01,1,1
23834,IPC_SYN,SYN-01,1,1
23835,IPC_SYN,SYN-01,1,1
23836,IPC_SYN,SYN-01,1,1
23837,SPECIAL_LAW_SYN,SYN-03,1,1
23838,IPC_SYN,SYN-01,1,1
23839,IPC_SYN,SYN-01,1,1
23840,IPC_SYN,SYN-01,1,1
23841,IT_ACT_SYN,SYN-02,1,1
23842,SPECIAL_LAW_SYN,SYN-03,1,1
23843,SPECIAL_LAW_SYN,SYN-03,1,1
23844,SPECIAL_LAW_SYN,SYN-03,1,1
23845,IPC_SYN,SYN-01,1,1
23846,SPECIAL_LAW_SYN,SYN-03,1,1
23847,IPC_SYN,SYN-01,1,1
23848,SPECIAL_LAW_SYN,SYN-03,1,1
23849,IPC_SYN,SYN-01,1,1
23850,IPC_SYN,SYN-01,1,1
23851,IPC_SYN,SYN-01,1,1
23852,IT_ACT_SYN,SYN-02,1,1
23853,IPC_SYN,SYN-01,1,1
23854,IPC_SYN,SYN-01,1,1
23855,IPC_SYN,SYN-01,1,1
23856,IPC_SYN,SYN-01,1,1
23857,SPECIAL_LAW_SYN,SYN-03,1,1
23858,IPC_SYN,SYN-01,1,1
23859,IPC_SYN,SYN-01,1,1
23860,IPC_SYN,SYN-01,1,1
23861,IPC_SYN,SYN-01,1,1
23862,SPECIAL_LAW_SYN,SYN-03,1,1
23863,IPC_SYN,SYN-01,1,1
23864,IPC_SYN,SYN-01,1,1
23865,IPC_SYN,SYN-01,1,1
23866,IPC_SYN,SYN-01,1,1
23867,SPECIAL_LAW_SYN,SYN-03,1,1
23868,IT_ACT_SYN,SYN-02,1,1
23869,IPC_SYN,SYN-01,1,1
23870,SPECIAL_LAW_SYN,SYN-03,1,1
23871,SPECIAL_LAW_SYN,SYN-03,1,1
23872,IPC_SYN,SYN-01,1,1
23873,IPC_SYN,SYN-01,1,1
23874,SPECIAL_LAW_SYN,SYN-03,1,1
23875,IPC_SYN,SYN-01,1,1
23876,IT_ACT_SYN,SYN-02,1,1
23877,SPECIAL_LAW_SYN,SYN-03,1,1
23878,SPECIAL_LAW_SYN,SYN-03,1,1
23879,IT_ACT_SYN,SYN-02,1,1
23880,IPC_SYN,SYN-01,1,1
23881,IPC_SYN,SYN-01,1,1
23882,IPC_SYN,SYN-01,1,1
23883,IPC_SYN,SYN-01,1,1
23884,IPC_SYN,SYN-01,1,1
23885,IPC_SYN,SYN-01,1,1
23886,IPC_SYN,SYN-01,1,1
23887,IPC_SYN,SYN-01,1,1
23888,SPECIAL_LAW_SYN,SYN-03,1,1
23889,SPECIAL_LAW_SYN,SYN-03,1,1
23890,IPC_SYN,SYN-01,1,1
23891,IPC_SYN,SYN-01,1,1
23892,IPC_SYN,SYN-01,1,1
23893,IPC_SYN,SYN-01,1,1
23894,IPC_SYN,SYN-01,1,1
23895,IPC_SYN,SYN-01,1,1
23896,IPC_SYN,SYN-01,1,1
23897,IT_ACT_SYN,SYN-02,1,1
23898,IPC_SYN,SYN-01,1,1
23899,IPC_SYN,SYN-01,1,1
23900,IPC_SYN,SYN-01,1,1
23901,SPECIAL_LAW_SYN,SYN-03,1,1
23902,SPECIAL_LAW_SYN,SYN-03,1,1
23903,IT_ACT_SYN,SYN-02,1,1
23904,SPECIAL_LAW_SYN,SYN-03,1,1
23905,IPC_SYN,SYN-01,1,1
23906,SPECIAL_LAW_SYN,SYN-03,1,1
23907,IPC_SYN,SYN-01,1,1
23908,SPECIAL_LAW_SYN,SYN-03,1,1
23909,IPC_SYN,SYN-01,1,1
23910,IPC_SYN,SYN-01,1,1
23911,IPC_SYN,SYN-01,1,1
23912,IPC_SYN,SYN-01,1,1
23913,IPC_SYN,SYN-01,1,1
23914,IT_ACT_SYN,SYN-02,1,1
23915,IPC_SYN,SYN-01,1,1
23916,IPC_SYN,SYN-01,1,1
23917,IPC_SYN,SYN-01,1,1
23918,IPC_SYN,SYN-01,1,1
23919,IPC_SYN,SYN-01,1,1
23920,SPECIAL_LAW_SYN,SYN-03,1,1
23921,IPC_SYN,SYN-01,1,1
23922,IPC_SYN,SYN-01,1,1
23923,IPC_SYN,SYN-01,1,1
23924,SPECIAL_LAW_SYN,SYN-03,1,1
23925,IPC_SYN,SYN-01,1,1
23926,IPC_SYN,SYN-01,1,1
23927,IT_ACT_SYN,SYN-02,1,1
23928,IPC_SYN,SYN-01,1,1
23929,IPC_SYN,SYN-01,1,1
23930,IPC_SYN,SYN-01,1,1
23931,IPC_SYN,SYN-01,1,1
23932,SPECIAL_LAW_SYN,SYN-03,1,1
23933,SPECIAL_LAW_SYN,SYN-03,1,1
23934,SPECIAL_LAW_SYN,SYN-03,1,1
23935,IPC_SYN,SYN-01,1,1
23936,IPC_SYN,SYN-01,1,1
23937,IPC_SYN,SYN-01,1,1
23938,IPC_SYN,SYN-01,1,1
23939,IPC_SYN,SYN-01,1,1
23940,IPC_SYN,SYN-01,1,1
23941,IPC_SYN,SYN-01,1,1
23942,IT_ACT_SYN,SYN-02,1,1
23943,IPC_SYN,SYN-01,1,1
23944,IPC_SYN,SYN-01,1,1
23945,SPECIAL_LAW_SYN,SYN-03,1,1
23946,SPECIAL_LAW_SYN,SYN-03,1,1
23947,IPC_SYN,SYN-01,1,1
23948,IPC_SYN,SYN-01,1,1
23949,IPC_SYN,SYN-01,1,1
23950,SPECIAL_LAW_SYN,SYN-03,1,1
23951,IPC_SYN,SYN-01,1,1
23952,IPC_SYN,SYN-01,1,1
23953,IPC_SYN,SYN-01,1,1
23954,IPC_SYN,SYN-01,1,1
23955,IPC_SYN,SYN-01,1,1
23956,SPECIAL_LAW_SYN,SYN-03,1,1
23957,IPC_SYN,SYN-01,1,1
23958,IPC_SYN,SYN-01,1,1
23959,IPC_SYN,SYN-01,1,1
23960,IPC_SYN,SYN-01,1,1
23961,IT_ACT_SYN,SYN-02,1,1
23962,IPC_SYN,SYN-01,1,1
23963,SPECIAL_LAW_SYN,SYN-03,1,1
23964,IPC_SYN,SYN-01,1,1
23965,IPC_SYN,SYN-01,1,1
23966,IT_ACT_SYN,SYN-02,1,1
23967,IT_ACT_SYN,SYN-02,1,1
23968,IPC_SYN,SYN-01,1,1
23969,IPC_SYN,SYN-01,1,1
23970,IPC_SYN,SYN-01,1,1
23971,IPC_SYN,SYN-01,1,1
23972,IPC_SYN,SYN-01,1,1
23973,IPC_SYN,SYN-01,1,1
23974,IPC_SYN,SYN-01,1,1
23975,SPECIAL_LAW_SYN,SYN-03,1,1
23976,IPC_SYN,SYN-01,1,1
23977,SPECIAL_LAW_SYN,SYN-03,1,1
23978,IPC_SYN,SYN-01,1,1
23979,IT_ACT_SYN,SYN-02,1,1
23980,IPC_SYN,SYN-01,1,1
23981,IPC_SYN,SYN-01,1,1
23982,IPC_SYN,SYN-01,1,1
23983,IT_ACT_SYN,SYN-02,1,1
23984,IPC_SYN,SYN-01,1,1
23985,SPECIAL_LAW_SYN,SYN-03,1,1
23986,IPC_SYN,SYN-01,1,1
23987,SPECIAL_LAW_SYN,SYN-03,1,1
23988,IPC_SYN,SYN-01,1,1
23989,IPC_SYN,SYN-01,1,1
23990,IPC_SYN,SYN-01,1,1
23991,IPC_SYN,SYN-01,1,1
23992,SPECIAL_LAW_SYN,SYN-03,1,1
23993,IPC_SYN,SYN-01,1,1
23994,IPC_SYN,SYN-01,1,1
23995,IPC_SYN,SYN-01,1,1
23996,IPC_SYN,SYN-01,1,1
23997,SPECIAL_LAW_SYN,SYN-03,1,1
23998,SPECIAL_LAW_SYN,SYN-03,1,1
23999,SPECIAL_LAW_SYN,SYN-03,1,1
24000,SPECIAL_LAW_SYN,SYN-03,1,1
24001,IPC_SYN,SYN-01,1,1
24002,SPECIAL_LAW_SYN,SYN-03,1,1
24003,IPC_SYN,SYN-01,1,1
24004,SPECIAL_LAW_SYN,SYN-03,1,1
24005,IT_ACT_SYN,SYN-02,1,1
24006,IT_ACT_SYN,SYN-02,1,1
24007,IPC_SYN,SYN-01,1,1
24008,SPECIAL_LAW_SYN,SYN-03,1,1
24009,IPC_SYN,SYN-01,1,1
24010,SPECIAL_LAW_SYN,SYN-03,1,1
24011,IPC_SYN,SYN-01,1,1
24012,IPC_SYN,SYN-01,1,1
24013,IPC_SYN,SYN-01,1,1
24014,IPC_SYN,SYN-01,1,1
24015,IT_ACT_SYN,SYN-02,1,1
24016,IPC_SYN,SYN-01,1,1
24017,IT_ACT_SYN,SYN-02,1,1
24018,IPC_SYN,SYN-01,1,1
24019,IPC_SYN,SYN-01,1,1
24020,IPC_SYN,SYN-01,1,1
24021,SPECIAL_LAW_SYN,SYN-03,1,1
24022,SPECIAL_LAW_SYN,SYN-03,1,1
24023,IT_ACT_SYN,SYN-02,1,1
24024,IPC_SYN,SYN-01,1,1
24025,IPC_SYN,SYN-01,1,1
24026,SPECIAL_LAW_SYN,SYN-03,1,1
24027,IPC_SYN,SYN-01,1,1
24028,IT_ACT_SYN,SYN-02,1,1
24029,SPECIAL_LAW_SYN,SYN-03,1,1
24030,IPC_SYN,SYN-01,1,1
24031,IPC_SYN,SYN-01,1,1
24032,SPECIAL_LAW_SYN,SYN-03,1,1
24033,IPC_SYN,SYN-01,1,1
24034,IPC_SYN,SYN-01,1,1
24035,IPC_SYN,SYN-01,1,1
24036,SPECIAL_LAW_SYN,SYN-03,1,1
24037,IPC_SYN,SYN-01,1,1
24038,IPC_SYN,SYN-01,1,1
24039,IT_ACT_SYN,SYN-02,1,1
24040,SPECIAL_LAW_SYN,SYN-03,1,1
24041,SPECIAL_LAW_SYN,SYN-03,1,1
24042,SPECIAL_LAW_SYN,SYN-03,1,1
24043,SPECIAL_LAW_SYN,SYN-03,1,1
24044,IPC_SYN,SYN-01,1,1
24045,IPC_SYN,SYN-01,1,1
24046,IPC_SYN,SYN-01,1,1
24047,IPC_SYN,SYN-01,1,1
24048,IPC_SYN,SYN-01,1,1
24049,SPECIAL_LAW_SYN,SYN-03,1,1
24050,IPC_SYN,SYN-01,1,1
24051,IPC_SYN,SYN-01,1,1
24052,IPC_SYN,SYN-01,1,1
24053,SPECIAL_LAW_SYN,SYN-03,1,1
24054,IPC_SYN,SYN-01,1,1
24055,IPC_SYN,SYN-01,1,1
24056,SPECIAL_LAW_SYN,SYN-03,1,1
24057,IPC_SYN,SYN-01,1,1
24058,SPECIAL_LAW_SYN,SYN-03,1,1
24059,IPC_SYN,SYN-01,1,1
24060,IT_ACT_SYN,SYN-02,1,1
24061,IPC_SYN,SYN-01,1,1
24062,SPECIAL_LAW_SYN,SYN-03,1,1
24063,IPC_SYN,SYN-01,1,1
24064,SPECIAL_LAW_SYN,SYN-03,1,1
24065,IPC_SYN,SYN-01,1,1
24066,SPECIAL_LAW_SYN,SYN-03,1,1
24067,SPECIAL_LAW_SYN,SYN-03,1,1
24068,IPC_SYN,SYN-01,1,1
24069,SPECIAL_LAW_SYN,SYN-03,1,1
24070,SPECIAL_LAW_SYN,SYN-03,1,1
24071,SPECIAL_LAW_SYN,SYN-03,1,1
24072,IT_ACT_SYN,SYN-02,1,1
24073,IPC_SYN,SYN-01,1,1
24074,IPC_SYN,SYN-01,1,1
24075,IPC_SYN,SYN-01,1,1
24076,IPC_SYN,SYN-01,1,1
24077,IPC_SYN,SYN-01,1,1
24078,SPECIAL_LAW_SYN,SYN-03,1,1
24079,IPC_SYN,SYN-01,1,1
24080,IT_ACT_SYN,SYN-02,1,1
24081,IPC_SYN,SYN-01,1,1
24082,IPC_SYN,SYN-01,1,1
24083,IPC_SYN,SYN-01,1,1
24084,IPC_SYN,SYN-01,1,1
24085,SPECIAL_LAW_SYN,SYN-03,1,1
24086,IT_ACT_SYN,SYN-02,1,1
24087,SPECIAL_LAW_SYN,SYN-03,1,1
24088,IPC_SYN,SYN-01,1,1
24089,IPC_SYN,SYN-01,1,1
24090,IPC_SYN,SYN-01,1,1
24091,SPECIAL_LAW_SYN,SYN-03,1,1
24092,SPECIAL_LAW_SYN,SYN-03,1,1
24093,IPC_SYN,SYN-01,1,1
24094,IPC_SYN,SYN-01,1,1
24095,IT_ACT_SYN,SYN-02,1,1
24096,IPC_SYN,SYN-01,1,1
24097,IPC_SYN,SYN-01,1,1
24098,IPC_SYN,SYN-01,1,1
24099,SPECIAL_LAW_SYN,SYN-03,1,1
24100,IPC_SYN,SYN-01,1,1
24101,IPC_SYN,SYN-01,1,1
24102,IPC_SYN,SYN-01,1,1
24103,IPC_SYN,SYN-01,1,1
24104,SPECIAL_LAW_SYN,SYN-03,1,1
24105,IPC_SYN,SYN-01,1,1
24106,SPECIAL_LAW_SYN,SYN-03,1,1
24107,IPC_SYN,SYN-01,1,1
24108,IPC_SYN,SYN-01,1,1
24109,SPECIAL_LAW_SYN,SYN-03,1,1
24110,IPC_SYN,SYN-01,1,1
24111,SPECIAL_LAW_SYN,SYN-03,1,1
24112,SPECIAL_LAW_SYN,SYN-03,1,1
24113,IPC_SYN,SYN-01,1,1
24114,SPECIAL_LAW_SYN,SYN-03,1,1
24115,IPC_SYN,SYN-01,1,1
24116,SPECIAL_LAW_SYN,SYN-03,1,1
24117,IPC_SYN,SYN-01,1,1
24118,IPC_SYN,SYN-01,1,1
24119,SPECIAL_LAW_SYN,SYN-03,1,1
24120,IPC_SYN,SYN-01,1,1
24121,SPECIAL_LAW_SYN,SYN-03,1,1
24122,SPECIAL_LAW_SYN,SYN-03,1,1
24123,IPC_SYN,SYN-01,1,1
24124,IPC_SYN,SYN-01,1,1
24125,IPC_SYN,SYN-01,1,1
24126,IPC_SYN,SYN-01,1,1
24127,IPC_SYN,SYN-01,1,1
24128,IPC_SYN,SYN-01,1,1
24129,IPC_SYN,SYN-01,1,1
24130,IPC_SYN,SYN-01,1,1
24131,SPECIAL_LAW_SYN,SYN-03,1,1
24132,IPC_SYN,SYN-01,1,1
24133,IPC_SYN,SYN-01,1,1
24134,SPECIAL_LAW_SYN,SYN-03,1,1
24135,IPC_SYN,SYN-01,1,1
24136,IPC_SYN,SYN-01,1,1
24137,IT_ACT_SYN,SYN-02,1,1
24138,IPC_SYN,SYN-01,1,1
24139,IPC_SYN,SYN-01,1,1
24140,SPECIAL_LAW_SYN,SYN-03,1,1
24141,IT_ACT_SYN,SYN-02,1,1
24142,IPC_SYN,SYN-01,1,1
24143,IPC_SYN,SYN-01,1,1
24144,IPC_SYN,SYN-01,1,1
24145,IPC_SYN,SYN-01,1,1
24146,IPC_SYN,SYN-01,1,1
24147,IPC_SYN,SYN-01,1,1
24148,IT_ACT_SYN,SYN-02,1,1
24149,IPC_SYN,SYN-01,1,1
24150,SPECIAL_LAW_SYN,SYN-03,1,1
24151,IPC_SYN,SYN-01,1,1
24152,SPECIAL_LAW_SYN,SYN-03,1,1
24153,SPECIAL_LAW_SYN,SYN-03,1,1
24154,IPC_SYN,SYN-01,1,1
24155,SPECIAL_LAW_SYN,SYN-03,1,1
24156,IT_ACT_SYN,SYN-02,1,1
24157,IPC_SYN,SYN-01,1,1
24158,SPECIAL_LAW_SYN,SYN-03,1,1
24159,IPC_SYN,SYN-01,1,1
24160,IPC_SYN,SYN-01,1,1
24161,IPC_SYN,SYN-01,1,1
24162,IPC_SYN,SYN-01,1,1
24163,IT_ACT_SYN,SYN-02,1,1
24164,IT_ACT_SYN,SYN-02,1,1
24165,SPECIAL_LAW_SYN,SYN-03,1,1
24166,IPC_SYN,SYN-01,1,1
24167,IT_ACT_SYN,SYN-02,1,1
24168,SPECIAL_LAW_SYN,SYN-03,1,1
24169,IPC_SYN,SYN-01,1,1
24170,IPC_SYN,SYN-01,1,1
24171,IPC_SYN,SYN-01,1,1
24172,IPC_SYN,SYN-01,1,1
24173,IPC_SYN,SYN-01,1,1
24174,IPC_SYN,SYN-01,1,1
24175,IPC_SYN,SYN-01,1,1
24176,SPECIAL_LAW_SYN,SYN-03,1,1
24177,IPC_SYN,SYN-01,1,1
24178,SPECIAL_LAW_SYN,SYN-03,1,1
24179,SPECIAL_LAW_SYN,SYN-03,1,1
24180,SPECIAL_LAW_SYN,SYN-03,1,1
24181,SPECIAL_LAW_SYN,SYN-03,1,1
24182,IPC_SYN,SYN-01,1,1
24183,IPC_SYN,SYN-01,1,1
24184,IPC_SYN,SYN-01,1,1
24185,SPECIAL_LAW_SYN,SYN-03,1,1
24186,IPC_SYN,SYN-01,1,1
24187,IPC_SYN,SYN-01,1,1
24188,SPECIAL_LAW_SYN,SYN-03,1,1
24189,IPC_SYN,SYN-01,1,1
24190,SPECIAL_LAW_SYN,SYN-03,1,1
24191,IPC_SYN,SYN-01,1,1
24192,SPECIAL_LAW_SYN,SYN-03,1,1
24193,IPC_SYN,SYN-01,1,1
24194,IPC_SYN,SYN-01,1,1
24195,IPC_SYN,SYN-01,1,1
24196,IPC_SYN,SYN-01,1,1
24197,IPC_SYN,SYN-01,1,1
24198,IT_ACT_SYN,SYN-02,1,1
24199,SPECIAL_LAW_SYN,SYN-03,1,1
24200,IPC_SYN,SYN-01,1,1
24201,SPECIAL_LAW_SYN,SYN-03,1,1
24202,IPC_SYN,SYN-01,1,1
24203,IPC_SYN,SYN-01,1,1
24204,IPC_SYN,SYN-01,1,1
24205,SPECIAL_LAW_SYN,SYN-03,1,1
24206,IPC_SYN,SYN-01,1,1
24207,SPECIAL_LAW_SYN,SYN-03,1,1
24208,IPC_SYN,SYN-01,1,1
24209,SPECIAL_LAW_SYN,SYN-03,1,1
24210,IT_ACT_SYN,SYN-02,1,1
24211,SPECIAL_LAW_SYN,SYN-03,1,1
24212,IPC_SYN,SYN-01,1,1
24213,IPC_SYN,SYN-01,1,1
24214,IPC_SYN,SYN-01,1,1
24215,IPC_SYN,SYN-01,1,1
24216,SPECIAL_LAW_SYN,SYN-03,1,1
24217,IPC_SYN,SYN-01,1,1
24218,IPC_SYN,SYN-01,1,1
24219,SPECIAL_LAW_SYN,SYN-03,1,1
24220,SPECIAL_LAW_SYN,SYN-03,1,1
24221,IPC_SYN,SYN-01,1,1
24222,IPC_SYN,SYN-01,1,1
24223,IT_ACT_SYN,SYN-02,1,1
24224,IT_ACT_SYN,SYN-02,1,1
24225,IPC_SYN,SYN-01,1,1
24226,IPC_SYN,SYN-01,1,1
24227,IT_ACT_SYN,SYN-02,1,1
24228,IPC_SYN,SYN-01,1,1
24229,SPECIAL_LAW_SYN,SYN-03,1,1
24230,IPC_SYN,SYN-01,1,1
24231,SPECIAL_LAW_SYN,SYN-03,1,1
24232,IPC_SYN,SYN-01,1,1
24233,IT_ACT_SYN,SYN-02,1,1
24234,IPC_SYN,SYN-01,1,1
24235,SPECIAL_LAW_SYN,SYN-03,1,1
24236,SPECIAL_LAW_SYN,SYN-03,1,1
24237,SPECIAL_LAW_SYN,SYN-03,1,1
24238,SPECIAL_LAW_SYN,SYN-03,1,1
24239,IPC_SYN,SYN-01,1,1
24240,IPC_SYN,SYN-01,1,1
24241,IPC_SYN,SYN-01,1,1
24242,IT_ACT_SYN,SYN-02,1,1
24243,SPECIAL_LAW_SYN,SYN-03,1,1
24244,IPC_SYN,SYN-01,1,1
24245,SPECIAL_LAW_SYN,SYN-03,1,1
24246,IPC_SYN,SYN-01,1,1
24247,SPECIAL_LAW_SYN,SYN-03,1,1
24248,SPECIAL_LAW_SYN,SYN-03,1,1
24249,IT_ACT_SYN,SYN-02,1,1
24250,IT_ACT_SYN,SYN-02,1,1
24251,IPC_SYN,SYN-01,1,1
24252,IT_ACT_SYN,SYN-02,1,1
24253,IPC_SYN,SYN-01,1,1
24254,IPC_SYN,SYN-01,1,1
24255,IPC_SYN,SYN-01,1,1
24256,IPC_SYN,SYN-01,1,1
24257,IPC_SYN,SYN-01,1,1
24258,IPC_SYN,SYN-01,1,1
24259,IPC_SYN,SYN-01,1,1
24260,IPC_SYN,SYN-01,1,1
24261,IPC_SYN,SYN-01,1,1
24262,IPC_SYN,SYN-01,1,1
24263,IPC_SYN,SYN-01,1,1
24264,SPECIAL_LAW_SYN,SYN-03,1,1
24265,IPC_SYN,SYN-01,1,1
24266,IT_ACT_SYN,SYN-02,1,1
24267,IPC_SYN,SYN-01,1,1
24268,SPECIAL_LAW_SYN,SYN-03,1,1
24269,IPC_SYN,SYN-01,1,1
24270,IPC_SYN,SYN-01,1,1
24271,IPC_SYN,SYN-01,1,1
24272,IPC_SYN,SYN-01,1,1
24273,IPC_SYN,SYN-01,1,1
24274,IPC_SYN,SYN-01,1,1
24275,IT_ACT_SYN,SYN-02,1,1
24276,IT_ACT_SYN,SYN-02,1,1
24277,SPECIAL_LAW_SYN,SYN-03,1,1
24278,IT_ACT_SYN,SYN-02,1,1
24279,IPC_SYN,SYN-01,1,1
24280,IPC_SYN,SYN-01,1,1
24281,IT_ACT_SYN,SYN-02,1,1
24282,SPECIAL_LAW_SYN,SYN-03,1,1
24283,IT_ACT_SYN,SYN-02,1,1
24284,IPC_SYN,SYN-01,1,1
24285,IPC_SYN,SYN-01,1,1
24286,IPC_SYN,SYN-01,1,1
24287,IPC_SYN,SYN-01,1,1
24288,IT_ACT_SYN,SYN-02,1,1
24289,IPC_SYN,SYN-01,1,1
24290,IT_ACT_SYN,SYN-02,1,1
24291,SPECIAL_LAW_SYN,SYN-03,1,1
24292,IT_ACT_SYN,SYN-02,1,1
24293,IPC_SYN,SYN-01,1,1
24294,IT_ACT_SYN,SYN-02,1,1
24295,IT_ACT_SYN,SYN-02,1,1
24296,IT_ACT_SYN,SYN-02,1,1
24297,IPC_SYN,SYN-01,1,1
24298,SPECIAL_LAW_SYN,SYN-03,1,1
24299,IT_ACT_SYN,SYN-02,1,1
24300,IPC_SYN,SYN-01,1,1
24301,IPC_SYN,SYN-01,1,1
24302,IPC_SYN,SYN-01,1,1
24303,IPC_SYN,SYN-01,1,1
24304,IT_ACT_SYN,SYN-02,1,1
24305,IPC_SYN,SYN-01,1,1
24306,IPC_SYN,SYN-01,1,1
24307,SPECIAL_LAW_SYN,SYN-03,1,1
24308,IPC_SYN,SYN-01,1,1
24309,IPC_SYN,SYN-01,1,1
24310,IPC_SYN,SYN-01,1,1
24311,SPECIAL_LAW_SYN,SYN-03,1,1
24312,IT_ACT_SYN,SYN-02,1,1
24313,IPC_SYN,SYN-01,1,1
24314,SPECIAL_LAW_SYN,SYN-03,1,1
24315,IT_ACT_SYN,SYN-02,1,1
24316,IPC_SYN,SYN-01,1,1
24317,IPC_SYN,SYN-01,1,1
24318,IPC_SYN,SYN-01,1,1
24319,IPC_SYN,SYN-01,1,1
24320,IPC_SYN,SYN-01,1,1
24321,IPC_SYN,SYN-01,1,1
24322,IT_ACT_SYN,SYN-02,1,1
24323,SPECIAL_LAW_SYN,SYN-03,1,1
24324,IPC_SYN,SYN-01,1,1
24325,IPC_SYN,SYN-01,1,1
24326,IPC_SYN,SYN-01,1,1
24327,SPECIAL_LAW_SYN,SYN-03,1,1
24328,IPC_SYN,SYN-01,1,1
24329,SPECIAL_LAW_SYN,SYN-03,1,1
24330,IPC_SYN,SYN-01,1,1
24331,IPC_SYN,SYN-01,1,1
24332,IPC_SYN,SYN-01,1,1
24333,IPC_SYN,SYN-01,1,1
24334,IPC_SYN,SYN-01,1,1
24335,SPECIAL_LAW_SYN,SYN-03,1,1
24336,IPC_SYN,SYN-01,1,1
24337,IPC_SYN,SYN-01,1,1
24338,IPC_SYN,SYN-01,1,1
24339,IPC_SYN,SYN-01,1,1
24340,IPC_SYN,SYN-01,1,1
24341,SPECIAL_LAW_SYN,SYN-03,1,1
24342,SPECIAL_LAW_SYN,SYN-03,1,1
24343,SPECIAL_LAW_SYN,SYN-03,1,1
24344,IPC_SYN,SYN-01,1,1
24345,IPC_SYN,SYN-01,1,1
24346,IPC_SYN,SYN-01,1,1
24347,IPC_SYN,SYN-01,1,1
24348,IPC_SYN,SYN-01,1,1
24349,SPECIAL_LAW_SYN,SYN-03,1,1
24350,IPC_SYN,SYN-01,1,1
24351,IPC_SYN,SYN-01,1,1
24352,IT_ACT_SYN,SYN-02,1,1
24353,SPECIAL_LAW_SYN,SYN-03,1,1
24354,IPC_SYN,SYN-01,1,1
24355,SPECIAL_LAW_SYN,SYN-03,1,1
24356,IPC_SYN,SYN-01,1,1
24357,IPC_SYN,SYN-01,1,1
24358,IPC_SYN,SYN-01,1,1
24359,SPECIAL_LAW_SYN,SYN-03,1,1
24360,IPC_SYN,SYN-01,1,1
24361,IPC_SYN,SYN-01,1,1
24362,IPC_SYN,SYN-01,1,1
24363,SPECIAL_LAW_SYN,SYN-03,1,1
24364,IPC_SYN,SYN-01,1,1
24365,SPECIAL_LAW_SYN,SYN-03,1,1
24366,SPECIAL_LAW_SYN,SYN-03,1,1
24367,IT_ACT_SYN,SYN-02,1,1
24368,IPC_SYN,SYN-01,1,1
24369,SPECIAL_LAW_SYN,SYN-03,1,1
24370,IPC_SYN,SYN-01,1,1
24371,IPC_SYN,SYN-01,1,1
24372,IPC_SYN,SYN-01,1,1
24373,IPC_SYN,SYN-01,1,1
24374,SPECIAL_LAW_SYN,SYN-03,1,1
24375,SPECIAL_LAW_SYN,SYN-03,1,1
24376,IPC_SYN,SYN-01,1,1
24377,IPC_SYN,SYN-01,1,1
24378,IPC_SYN,SYN-01,1,1
24379,SPECIAL_LAW_SYN,SYN-03,1,1
24380,SPECIAL_LAW_SYN,SYN-03,1,1
24381,IPC_SYN,SYN-01,1,1
24382,IPC_SYN,SYN-01,1,1
24383,SPECIAL_LAW_SYN,SYN-03,1,1
24384,IPC_SYN,SYN-01,1,1
24385,IPC_SYN,SYN-01,1,1
24386,IPC_SYN,SYN-01,1,1
24387,IPC_SYN,SYN-01,1,1
24388,IPC_SYN,SYN-01,1,1
24389,IPC_SYN,SYN-01,1,1
24390,IPC_SYN,SYN-01,1,1
24391,SPECIAL_LAW_SYN,SYN-03,1,1
24392,IPC_SYN,SYN-01,1,1
24393,IPC_SYN,SYN-01,1,1
24394,IT_ACT_SYN,SYN-02,1,1
24395,IPC_SYN,SYN-01,1,1
24396,IPC_SYN,SYN-01,1,1
24397,IPC_SYN,SYN-01,1,1
24398,IPC_SYN,SYN-01,1,1
24399,SPECIAL_LAW_SYN,SYN-03,1,1
24400,IPC_SYN,SYN-01,1,1
24401,SPECIAL_LAW_SYN,SYN-03,1,1
24402,SPECIAL_LAW_SYN,SYN-03,1,1
24403,SPECIAL_LAW_SYN,SYN-03,1,1
24404,IPC_SYN,SYN-01,1,1
24405,IPC_SYN,SYN-01,1,1
24406,IPC_SYN,SYN-01,1,1
24407,IPC_SYN,SYN-01,1,1
24408,IPC_SYN,SYN-01,1,1
24409,SPECIAL_LAW_SYN,SYN-03,1,1
24410,IPC_SYN,SYN-01,1,1
24411,IPC_SYN,SYN-01,1,1
24412,SPECIAL_LAW_SYN,SYN-03,1,1
24413,SPECIAL_LAW_SYN,SYN-03,1,1
24414,SPECIAL_LAW_SYN,SYN-03,1,1
24415,IT_ACT_SYN,SYN-02,1,1
24416,SPECIAL_LAW_SYN,SYN-03,1,1
24417,IPC_SYN,SYN-01,1,1
24418,IPC_SYN,SYN-01,1,1
24419,SPECIAL_LAW_SYN,SYN-03,1,1
24420,SPECIAL_LAW_SYN,SYN-03,1,1
24421,IPC_SYN,SYN-01,1,1
24422,IPC_SYN,SYN-01,1,1
24423,SPECIAL_LAW_SYN,SYN-03,1,1
24424,SPECIAL_LAW_SYN,SYN-03,1,1
24425,IPC_SYN,SYN-01,1,1
24426,IT_ACT_SYN,SYN-02,1,1
24427,SPECIAL_LAW_SYN,SYN-03,1,1
24428,IPC_SYN,SYN-01,1,1
24429,IPC_SYN,SYN-01,1,1
24430,IPC_SYN,SYN-01,1,1
24431,IPC_SYN,SYN-01,1,1
24432,IPC_SYN,SYN-01,1,1
24433,IPC_SYN,SYN-01,1,1
24434,IT_ACT_SYN,SYN-02,1,1
24435,IPC_SYN,SYN-01,1,1
24436,SPECIAL_LAW_SYN,SYN-03,1,1
24437,SPECIAL_LAW_SYN,SYN-03,1,1
24438,IT_ACT_SYN,SYN-02,1,1
24439,SPECIAL_LAW_SYN,SYN-03,1,1
24440,SPECIAL_LAW_SYN,SYN-03,1,1
24441,IPC_SYN,SYN-01,1,1
24442,IPC_SYN,SYN-01,1,1
24443,SPECIAL_LAW_SYN,SYN-03,1,1
24444,IPC_SYN,SYN-01,1,1
24445,IPC_SYN,SYN-01,1,1
24446,SPECIAL_LAW_SYN,SYN-03,1,1
24447,IPC_SYN,SYN-01,1,1
24448,SPECIAL_LAW_SYN,SYN-03,1,1
24449,IPC_SYN,SYN-01,1,1
24450,IPC_SYN,SYN-01,1,1
24451,IPC_SYN,SYN-01,1,1
24452,IPC_SYN,SYN-01,1,1
24453,IT_ACT_SYN,SYN-02,1,1
24454,IT_ACT_SYN,SYN-02,1,1
24455,SPECIAL_LAW_SYN,SYN-03,1,1
24456,IPC_SYN,SYN-01,1,1
24457,IT_ACT_SYN,SYN-02,1,1
24458,IPC_SYN,SYN-01,1,1
24459,IT_ACT_SYN,SYN-02,1,1
24460,IPC_SYN,SYN-01,1,1
24461,SPECIAL_LAW_SYN,SYN-03,1,1
24462,IPC_SYN,SYN-01,1,1
24463,IPC_SYN,SYN-01,1,1
24464,IPC_SYN,SYN-01,1,1
24465,IT_ACT_SYN,SYN-02,1,1
24466,SPECIAL_LAW_SYN,SYN-03,1,1
24467,IPC_SYN,SYN-01,1,1
24468,IT_ACT_SYN,SYN-02,1,1
24469,IPC_SYN,SYN-01,1,1
24470,SPECIAL_LAW_SYN,SYN-03,1,1
24471,IPC_SYN,SYN-01,1,1
24472,IPC_SYN,SYN-01,1,1
24473,IPC_SYN,SYN-01,1,1
24474,SPECIAL_LAW_SYN,SYN-03,1,1
24475,IPC_SYN,SYN-01,1,1
24476,SPECIAL_LAW_SYN,SYN-03,1,1
24477,SPECIAL_LAW_SYN,SYN-03,1,1
24478,IT_ACT_SYN,SYN-02,1,1
24479,IPC_SYN,SYN-01,1,1
24480,IPC_SYN,SYN-01,1,1
24481,IPC_SYN,SYN-01,1,1
24482,IPC_SYN,SYN-01,1,1
24483,SPECIAL_LAW_SYN,SYN-03,1,1
24484,IPC_SYN,SYN-01,1,1
24485,IT_ACT_SYN,SYN-02,1,1
24486,IT_ACT_SYN,SYN-02,1,1
24487,IPC_SYN,SYN-01,1,1
24488,SPECIAL_LAW_SYN,SYN-03,1,1
24489,IPC_SYN,SYN-01,1,1
24490,SPECIAL_LAW_SYN,SYN-03,1,1
24491,IPC_SYN,SYN-01,1,1
24492,IPC_SYN,SYN-01,1,1
24493,IPC_SYN,SYN-01,1,1
24494,IT_ACT_SYN,SYN-02,1,1
24495,IPC_SYN,SYN-01,1,1
24496,IPC_SYN,SYN-01,1,1
24497,IPC_SYN,SYN-01,1,1
24498,IPC_SYN,SYN-01,1,1
24499,SPECIAL_LAW_SYN,SYN-03,1,1
24500,IPC_SYN,SYN-01,1,1
24501,SPECIAL_LAW_SYN,SYN-03,1,1
24502,SPECIAL_LAW_SYN,SYN-03,1,1
24503,IPC_SYN,SYN-01,1,1
24504,IPC_SYN,SYN-01,1,1
24505,IPC_SYN,SYN-01,1,1
24506,IPC_SYN,SYN-01,1,1
24507,SPECIAL_LAW_SYN,SYN-03,1,1
24508,SPECIAL_LAW_SYN,SYN-03,1,1
24509,IPC_SYN,SYN-01,1,1
24510,IPC_SYN,SYN-01,1,1
24511,IT_ACT_SYN,SYN-02,1,1
24512,IPC_SYN,SYN-01,1,1
24513,IPC_SYN,SYN-01,1,1
24514,IPC_SYN,SYN-01,1,1
24515,IPC_SYN,SYN-01,1,1
24516,IT_ACT_SYN,SYN-02,1,1
24517,IPC_SYN,SYN-01,1,1
24518,IPC_SYN,SYN-01,1,1
24519,IPC_SYN,SYN-01,1,1
24520,IPC_SYN,SYN-01,1,1
24521,SPECIAL_LAW_SYN,SYN-03,1,1
24522,IT_ACT_SYN,SYN-02,1,1
24523,IPC_SYN,SYN-01,1,1
24524,IPC_SYN,SYN-01,1,1
24525,SPECIAL_LAW_SYN,SYN-03,1,1
24526,IPC_SYN,SYN-01,1,1
24527,IT_ACT_SYN,SYN-02,1,1
24528,IPC_SYN,SYN-01,1,1
24529,IPC_SYN,SYN-01,1,1
24530,SPECIAL_LAW_SYN,SYN-03,1,1
24531,SPECIAL_LAW_SYN,SYN-03,1,1
24532,SPECIAL_LAW_SYN,SYN-03,1,1
24533,IPC_SYN,SYN-01,1,1
24534,IPC_SYN,SYN-01,1,1
24535,IPC_SYN,SYN-01,1,1
24536,IPC_SYN,SYN-01,1,1
24537,SPECIAL_LAW_SYN,SYN-03,1,1
24538,SPECIAL_LAW_SYN,SYN-03,1,1
24539,SPECIAL_LAW_SYN,SYN-03,1,1
24540,IPC_SYN,SYN-01,1,1
24541,SPECIAL_LAW_SYN,SYN-03,1,1
24542,IPC_SYN,SYN-01,1,1
24543,SPECIAL_LAW_SYN,SYN-03,1,1
24544,IPC_SYN,SYN-01,1,1
24545,SPECIAL_LAW_SYN,SYN-03,1,1
24546,SPECIAL_LAW_SYN,SYN-03,1,1
24547,IPC_SYN,SYN-01,1,1
24548,IPC_SYN,SYN-01,1,1
24549,IPC_SYN,SYN-01,1,1
24550,SPECIAL_LAW_SYN,SYN-03,1,1
24551,IPC_SYN,SYN-01,1,1
24552,IPC_SYN,SYN-01,1,1
24553,IPC_SYN,SYN-01,1,1
24554,IPC_SYN,SYN-01,1,1
24555,SPECIAL_LAW_SYN,SYN-03,1,1
24556,IPC_SYN,SYN-01,1,1
24557,IT_ACT_SYN,SYN-02,1,1
24558,IPC_SYN,SYN-01,1,1
24559,SPECIAL_LAW_SYN,SYN-03,1,1
24560,SPECIAL_LAW_SYN,SYN-03,1,1
24561,IPC_SYN,SYN-01,1,1
24562,SPECIAL_LAW_SYN,SYN-03,1,1
24563,IPC_SYN,SYN-01,1,1
24564,IPC_SYN,SYN-01,1,1
24565,IPC_SYN,SYN-01,1,1
24566,SPECIAL_LAW_SYN,SYN-03,1,1
24567,IPC_SYN,SYN-01,1,1
24568,IPC_SYN,SYN-01,1,1
24569,SPECIAL_LAW_SYN,SYN-03,1,1
24570,SPECIAL_LAW_SYN,SYN-03,1,1
24571,IPC_SYN,SYN-01,1,1
24572,IPC_SYN,SYN-01,1,1
24573,IT_ACT_SYN,SYN-02,1,1
24574,IPC_SYN,SYN-01,1,1
24575,IPC_SYN,SYN-01,1,1
24576,SPECIAL_LAW_SYN,SYN-03,1,1
24577,SPECIAL_LAW_SYN,SYN-03,1,1
24578,IPC_SYN,SYN-01,1,1
24579,IPC_SYN,SYN-01,1,1
24580,IPC_SYN,SYN-01,1,1
24581,IPC_SYN,SYN-01,1,1
24582,IPC_SYN,SYN-01,1,1
24583,SPECIAL_LAW_SYN,SYN-03,1,1
24584,SPECIAL_LAW_SYN,SYN-03,1,1
24585,SPECIAL_LAW_SYN,SYN-03,1,1
24586,IPC_SYN,SYN-01,1,1
24587,SPECIAL_LAW_SYN,SYN-03,1,1
24588,SPECIAL_LAW_SYN,SYN-03,1,1
24589,IT_ACT_SYN,SYN-02,1,1
24590,SPECIAL_LAW_SYN,SYN-03,1,1
24591,IPC_SYN,SYN-01,1,1
24592,IPC_SYN,SYN-01,1,1
24593,SPECIAL_LAW_SYN,SYN-03,1,1
24594,SPECIAL_LAW_SYN,SYN-03,1,1
24595,IT_ACT_SYN,SYN-02,1,1
24596,IT_ACT_SYN,SYN-02,1,1
24597,IPC_SYN,SYN-01,1,1
24598,IPC_SYN,SYN-01,1,1
24599,IPC_SYN,SYN-01,1,1
24600,IPC_SYN,SYN-01,1,1
24601,IPC_SYN,SYN-01,1,1
24602,SPECIAL_LAW_SYN,SYN-03,1,1
24603,SPECIAL_LAW_SYN,SYN-03,1,1
24604,IPC_SYN,SYN-01,1,1
24605,SPECIAL_LAW_SYN,SYN-03,1,1
24606,IPC_SYN,SYN-01,1,1
24607,IPC_SYN,SYN-01,1,1
24608,SPECIAL_LAW_SYN,SYN-03,1,1
24609,IT_ACT_SYN,SYN-02,1,1
24610,IPC_SYN,SYN-01,1,1
24611,SPECIAL_LAW_SYN,SYN-03,1,1
24612,IPC_SYN,SYN-01,1,1
24613,SPECIAL_LAW_SYN,SYN-03,1,1
24614,IPC_SYN,SYN-01,1,1
24615,SPECIAL_LAW_SYN,SYN-03,1,1
24616,SPECIAL_LAW_SYN,SYN-03,1,1
24617,IT_ACT_SYN,SYN-02,1,1
24618,SPECIAL_LAW_SYN,SYN-03,1,1
24619,IPC_SYN,SYN-01,1,1
24620,SPECIAL_LAW_SYN,SYN-03,1,1
24621,SPECIAL_LAW_SYN,SYN-03,1,1
24622,IPC_SYN,SYN-01,1,1
24623,IPC_SYN,SYN-01,1,1
24624,IPC_SYN,SYN-01,1,1
24625,SPECIAL_LAW_SYN,SYN-03,1,1
24626,IT_ACT_SYN,SYN-02,1,1
24627,IPC_SYN,SYN-01,1,1
24628,IPC_SYN,SYN-01,1,1
24629,SPECIAL_LAW_SYN,SYN-03,1,1
24630,IPC_SYN,SYN-01,1,1
24631,IPC_SYN,SYN-01,1,1
24632,IPC_SYN,SYN-01,1,1
24633,IPC_SYN,SYN-01,1,1
24634,IPC_SYN,SYN-01,1,1
24635,SPECIAL_LAW_SYN,SYN-03,1,1
24636,SPECIAL_LAW_SYN,SYN-03,1,1
24637,IPC_SYN,SYN-01,1,1
24638,IPC_SYN,SYN-01,1,1
24639,IT_ACT_SYN,SYN-02,1,1
24640,IT_ACT_SYN,SYN-02,1,1
24641,IPC_SYN,SYN-01,1,1
24642,IPC_SYN,SYN-01,1,1
24643,IPC_SYN,SYN-01,1,1
24644,IPC_SYN,SYN-01,1,1
24645,SPECIAL_LAW_SYN,SYN-03,1,1
24646,IPC_SYN,SYN-01,1,1
24647,IPC_SYN,SYN-01,1,1
24648,SPECIAL_LAW_SYN,SYN-03,1,1
24649,IPC_SYN,SYN-01,1,1
24650,IPC_SYN,SYN-01,1,1
24651,IPC_SYN,SYN-01,1,1
24652,IPC_SYN,SYN-01,1,1
24653,IPC_SYN,SYN-01,1,1
24654,IPC_SYN,SYN-01,1,1
24655,IPC_SYN,SYN-01,1,1
24656,IPC_SYN,SYN-01,1,1
24657,IPC_SYN,SYN-01,1,1
24658,SPECIAL_LAW_SYN,SYN-03,1,1
24659,IPC_SYN,SYN-01,1,1
24660,IPC_SYN,SYN-01,1,1
24661,SPECIAL_LAW_SYN,SYN-03,1,1
24662,IPC_SYN,SYN-01,1,1
24663,SPECIAL_LAW_SYN,SYN-03,1,1
24664,IPC_SYN,SYN-01,1,1
24665,SPECIAL_LAW_SYN,SYN-03,1,1
24666,IPC_SYN,SYN-01,1,1
24667,IPC_SYN,SYN-01,1,1
24668,SPECIAL_LAW_SYN,SYN-03,1,1
24669,IT_ACT_SYN,SYN-02,1,1
24670,SPECIAL_LAW_SYN,SYN-03,1,1
24671,IPC_SYN,SYN-01,1,1
24672,IPC_SYN,SYN-01,1,1
24673,IPC_SYN,SYN-01,1,1
24674,IPC_SYN,SYN-01,1,1
24675,IPC_SYN,SYN-01,1,1
24676,IPC_SYN,SYN-01,1,1
24677,SPECIAL_LAW_SYN,SYN-03,1,1
24678,IPC_SYN,SYN-01,1,1
24679,SPECIAL_LAW_SYN,SYN-03,1,1
24680,SPECIAL_LAW_SYN,SYN-03,1,1
24681,IPC_SYN,SYN-01,1,1
24682,SPECIAL_LAW_SYN,SYN-03,1,1
24683,SPECIAL_LAW_SYN,SYN-03,1,1
24684,IPC_SYN,SYN-01,1,1
24685,IPC_SYN,SYN-01,1,1
24686,IPC_SYN,SYN-01,1,1
24687,IT_ACT_SYN,SYN-02,1,1
24688,IT_ACT_SYN,SYN-02,1,1
24689,IPC_SYN,SYN-01,1,1
24690,IPC_SYN,SYN-01,1,1
24691,IPC_SYN,SYN-01,1,1
24692,IPC_SYN,SYN-01,1,1
24693,SPECIAL_LAW_SYN,SYN-03,1,1
24694,SPECIAL_LAW_SYN,SYN-03,1,1
24695,IT_ACT_SYN,SYN-02,1,1
24696,IPC_SYN,SYN-01,1,1
24697,IT_ACT_SYN,SYN-02,1,1
24698,IT_ACT_SYN,SYN-02,1,1
24699,SPECIAL_LAW_SYN,SYN-03,1,1
24700,IPC_SYN,SYN-01,1,1
24701,IPC_SYN,SYN-01,1,1
24702,SPECIAL_LAW_SYN,SYN-03,1,1
24703,SPECIAL_LAW_SYN,SYN-03,1,1
24704,SPECIAL_LAW_SYN,SYN-03,1,1
24705,IPC_SYN,SYN-01,1,1
24706,SPECIAL_LAW_SYN,SYN-03,1,1
24707,IPC_SYN,SYN-01,1,1
24708,IPC_SYN,SYN-01,1,1
24709,SPECIAL_LAW_SYN,SYN-03,1,1
24710,IPC_SYN,SYN-01,1,1
24711,IT_ACT_SYN,SYN-02,1,1
24712,IPC_SYN,SYN-01,1,1
24713,IPC_SYN,SYN-01,1,1
24714,IPC_SYN,SYN-01,1,1
24715,IPC_SYN,SYN-01,1,1
24716,IPC_SYN,SYN-01,1,1
24717,IT_ACT_SYN,SYN-02,1,1
24718,IT_ACT_SYN,SYN-02,1,1
24719,IT_ACT_SYN,SYN-02,1,1
24720,IPC_SYN,SYN-01,1,1
24721,SPECIAL_LAW_SYN,SYN-03,1,1
24722,SPECIAL_LAW_SYN,SYN-03,1,1
24723,IPC_SYN,SYN-01,1,1
24724,IPC_SYN,SYN-01,1,1
24725,IPC_SYN,SYN-01,1,1
24726,IPC_SYN,SYN-01,1,1
24727,IPC_SYN,SYN-01,1,1
24728,IT_ACT_SYN,SYN-02,1,1
24729,SPECIAL_LAW_SYN,SYN-03,1,1
24730,IPC_SYN,SYN-01,1,1
24731,SPECIAL_LAW_SYN,SYN-03,1,1
24732,IPC_SYN,SYN-01,1,1
24733,SPECIAL_LAW_SYN,SYN-03,1,1
24734,SPECIAL_LAW_SYN,SYN-03,1,1
24735,IPC_SYN,SYN-01,1,1
24736,IT_ACT_SYN,SYN-02,1,1
24737,IT_ACT_SYN,SYN-02,1,1
24738,IPC_SYN,SYN-01,1,1
24739,SPECIAL_LAW_SYN,SYN-03,1,1
24740,IT_ACT_SYN,SYN-02,1,1
24741,IPC_SYN,SYN-01,1,1
24742,IPC_SYN,SYN-01,1,1
24743,IPC_SYN,SYN-01,1,1
24744,IPC_SYN,SYN-01,1,1
24745,SPECIAL_LAW_SYN,SYN-03,1,1
24746,IT_ACT_SYN,SYN-02,1,1
24747,IPC_SYN,SYN-01,1,1
24748,IPC_SYN,SYN-01,1,1
24749,SPECIAL_LAW_SYN,SYN-03,1,1
24750,IPC_SYN,SYN-01,1,1
24751,IPC_SYN,SYN-01,1,1
24752,IPC_SYN,SYN-01,1,1
24753,SPECIAL_LAW_SYN,SYN-03,1,1
24754,IT_ACT_SYN,SYN-02,1,1
24755,IPC_SYN,SYN-01,1,1
24756,IPC_SYN,SYN-01,1,1
24757,IPC_SYN,SYN-01,1,1
24758,IPC_SYN,SYN-01,1,1
24759,SPECIAL_LAW_SYN,SYN-03,1,1
24760,IPC_SYN,SYN-01,1,1
24761,IT_ACT_SYN,SYN-02,1,1
24762,IT_ACT_SYN,SYN-02,1,1
24763,IPC_SYN,SYN-01,1,1
24764,IPC_SYN,SYN-01,1,1
24765,IPC_SYN,SYN-01,1,1
24766,IPC_SYN,SYN-01,1,1
24767,SPECIAL_LAW_SYN,SYN-03,1,1
24768,IPC_SYN,SYN-01,1,1
24769,IPC_SYN,SYN-01,1,1
24770,IPC_SYN,SYN-01,1,1
24771,IPC_SYN,SYN-01,1,1
24772,IPC_SYN,SYN-01,1,1
24773,IPC_SYN,SYN-01,1,1
24774,SPECIAL_LAW_SYN,SYN-03,1,1
24775,IPC_SYN,SYN-01,1,1
24776,IPC_SYN,SYN-01,1,1
24777,IT_ACT_SYN,SYN-02,1,1
24778,SPECIAL_LAW_SYN,SYN-03,1,1
24779,IPC_SYN,SYN-01,1,1
24780,IPC_SYN,SYN-01,1,1
24781,IPC_SYN,SYN-01,1,1
24782,IT_ACT_SYN,SYN-02,1,1
24783,IPC_SYN,SYN-01,1,1
24784,SPECIAL_LAW_SYN,SYN-03,1,1
24785,IPC_SYN,SYN-01,1,1
24786,IT_ACT_SYN,SYN-02,1,1
24787,SPECIAL_LAW_SYN,SYN-03,1,1
24788,IPC_SYN,SYN-01,1,1
24789,IPC_SYN,SYN-01,1,1
24790,IPC_SYN,SYN-01,1,1
24791,IPC_SYN,SYN-01,1,1
24792,IPC_SYN,SYN-01,1,1
24793,IPC_SYN,SYN-01,1,1
24794,IPC_SYN,SYN-01,1,1
24795,IPC_SYN,SYN-01,1,1
24796,SPECIAL_LAW_SYN,SYN-03,1,1
24797,SPECIAL_LAW_SYN,SYN-03,1,1
24798,IPC_SYN,SYN-01,1,1
24799,IPC_SYN,SYN-01,1,1
24800,IPC_SYN,SYN-01,1,1
24801,IT_ACT_SYN,SYN-02,1,1
24802,IT_ACT_SYN,SYN-02,1,1
24803,IPC_SYN,SYN-01,1,1
24804,IPC_SYN,SYN-01,1,1
24805,IPC_SYN,SYN-01,1,1
24806,IPC_SYN,SYN-01,1,1
24807,IPC_SYN,SYN-01,1,1
24808,IT_ACT_SYN,SYN-02,1,1
24809,IPC_SYN,SYN-01,1,1
24810,IPC_SYN,SYN-01,1,1
24811,IPC_SYN,SYN-01,1,1
24812,SPECIAL_LAW_SYN,SYN-03,1,1
24813,IT_ACT_SYN,SYN-02,1,1
24814,SPECIAL_LAW_SYN,SYN-03,1,1
24815,IPC_SYN,SYN-01,1,1
24816,IPC_SYN,SYN-01,1,1
24817,IPC_SYN,SYN-01,1,1
24818,IT_ACT_SYN,SYN-02,1,1
24819,SPECIAL_LAW_SYN,SYN-03,1,1
24820,IPC_SYN,SYN-01,1,1
24821,IPC_SYN,SYN-01,1,1
24822,IPC_SYN,SYN-01,1,1
24823,IPC_SYN,SYN-01,1,1
24824,IT_ACT_SYN,SYN-02,1,1
24825,IPC_SYN,SYN-01,1,1
24826,SPECIAL_LAW_SYN,SYN-03,1,1
24827,IPC_SYN,SYN-01,1,1
24828,IPC_SYN,SYN-01,1,1
24829,IPC_SYN,SYN-01,1,1
24830,IT_ACT_SYN,SYN-02,1,1
24831,IT_ACT_SYN,SYN-02,1,1
24832,IT_ACT_SYN,SYN-02,1,1
24833,IPC_SYN,SYN-01,1,1
24834,IPC_SYN,SYN-01,1,1
24835,IPC_SYN,SYN-01,1,1
24836,IPC_SYN,SYN-01,1,1
24837,SPECIAL_LAW_SYN,SYN-03,1,1
24838,SPECIAL_LAW_SYN,SYN-03,1,1
24839,IPC_SYN,SYN-01,1,1
24840,IPC_SYN,SYN-01,1,1
24841,SPECIAL_LAW_SYN,SYN-03,1,1
24842,IPC_SYN,SYN-01,1,1
24843,IPC_SYN,SYN-01,1,1
24844,IPC_SYN,SYN-01,1,1
24845,IPC_SYN,SYN-01,1,1
24846,SPECIAL_LAW_SYN,SYN-03,1,1
24847,SPECIAL_LAW_SYN,SYN-03,1,1
24848,IT_ACT_SYN,SYN-02,1,1
24849,SPECIAL_LAW_SYN,SYN-03,1,1
24850,IPC_SYN,SYN-01,1,1
24851,IT_ACT_SYN,SYN-02,1,1
24852,IPC_SYN,SYN-01,1,1
24853,IPC_SYN,SYN-01,1,1
24854,IPC_SYN,SYN-01,1,1
24855,SPECIAL_LAW_SYN,SYN-03,1,1
24856,IPC_SYN,SYN-01,1,1
24857,IPC_SYN,SYN-01,1,1
24858,IPC_SYN,SYN-01,1,1
24859,SPECIAL_LAW_SYN,SYN-03,1,1
24860,IPC_SYN,SYN-01,1,1
24861,IPC_SYN,SYN-01,1,1
24862,IT_ACT_SYN,SYN-02,1,1
24863,SPECIAL_LAW_SYN,SYN-03,1,1
24864,IPC_SYN,SYN-01,1,1
24865,IPC_SYN,SYN-01,1,1
24866,IT_ACT_SYN,SYN-02,1,1
24867,IPC_SYN,SYN-01,1,1
24868,IPC_SYN,SYN-01,1,1
24869,IPC_SYN,SYN-01,1,1
24870,SPECIAL_LAW_SYN,SYN-03,1,1
24871,IPC_SYN,SYN-01,1,1
24872,IT_ACT_SYN,SYN-02,1,1
24873,IPC_SYN,SYN-01,1,1
24874,IPC_SYN,SYN-01,1,1
24875,IPC_SYN,SYN-01,1,1
24876,IT_ACT_SYN,SYN-02,1,1
24877,IPC_SYN,SYN-01,1,1
24878,IPC_SYN,SYN-01,1,1
24879,IPC_SYN,SYN-01,1,1
24880,IPC_SYN,SYN-01,1,1
24881,IPC_SYN,SYN-01,1,1
24882,IT_ACT_SYN,SYN-02,1,1
24883,IPC_SYN,SYN-01,1,1
24884,IPC_SYN,SYN-01,1,1
24885,SPECIAL_LAW_SYN,SYN-03,1,1
24886,IPC_SYN,SYN-01,1,1
24887,SPECIAL_LAW_SYN,SYN-03,1,1
24888,SPECIAL_LAW_SYN,SYN-03,1,1
24889,IPC_SYN,SYN-01,1,1
24890,SPECIAL_LAW_SYN,SYN-03,1,1
24891,SPECIAL_LAW_SYN,SYN-03,1,1
24892,SPECIAL_LAW_SYN,SYN-03,1,1
24893,IT_ACT_SYN,SYN-02,1,1
24894,IPC_SYN,SYN-01,1,1
24895,IT_ACT_SYN,SYN-02,1,1
24896,IPC_SYN,SYN-01,1,1
24897,SPECIAL_LAW_SYN,SYN-03,1,1
24898,IT_ACT_SYN,SYN-02,1,1
24899,IPC_SYN,SYN-01,1,1
24900,IPC_SYN,SYN-01,1,1
24901,SPECIAL_LAW_SYN,SYN-03,1,1
24902,IPC_SYN,SYN-01,1,1
24903,IPC_SYN,SYN-01,1,1
24904,IPC_SYN,SYN-01,1,1
24905,IPC_SYN,SYN-01,1,1
24906,IPC_SYN,SYN-01,1,1
24907,SPECIAL_LAW_SYN,SYN-03,1,1
24908,SPECIAL_LAW_SYN,SYN-03,1,1
24909,SPECIAL_LAW_SYN,SYN-03,1,1
24910,SPECIAL_LAW_SYN,SYN-03,1,1
24911,IPC_SYN,SYN-01,1,1
24912,IPC_SYN,SYN-01,1,1
24913,SPECIAL_LAW_SYN,SYN-03,1,1
24914,IPC_SYN,SYN-01,1,1
24915,IPC_SYN,SYN-01,1,1
24916,IPC_SYN,SYN-01,1,1
24917,IPC_SYN,SYN-01,1,1
24918,IPC_SYN,SYN-01,1,1
24919,SPECIAL_LAW_SYN,SYN-03,1,1
24920,SPECIAL_LAW_SYN,SYN-03,1,1
24921,IPC_SYN,SYN-01,1,1
24922,IPC_SYN,SYN-01,1,1
24923,IPC_SYN,SYN-01,1,1
24924,IPC_SYN,SYN-01,1,1
24925,SPECIAL_LAW_SYN,SYN-03,1,1
24926,SPECIAL_LAW_SYN,SYN-03,1,1
24927,IPC_SYN,SYN-01,1,1
24928,IPC_SYN,SYN-01,1,1
24929,IPC_SYN,SYN-01,1,1
24930,IPC_SYN,SYN-01,1,1
24931,IPC_SYN,SYN-01,1,1
24932,IT_ACT_SYN,SYN-02,1,1
24933,IPC_SYN,SYN-01,1,1
24934,IT_ACT_SYN,SYN-02,1,1
24935,SPECIAL_LAW_SYN,SYN-03,1,1
24936,IPC_SYN,SYN-01,1,1
24937,SPECIAL_LAW_SYN,SYN-03,1,1
24938,IT_ACT_SYN,SYN-02,1,1
24939,IPC_SYN,SYN-01,1,1
24940,IPC_SYN,SYN-01,1,1
24941,IPC_SYN,SYN-01,1,1
24942,IPC_SYN,SYN-01,1,1
24943,IPC_SYN,SYN-01,1,1
24944,SPECIAL_LAW_SYN,SYN-03,1,1
24945,IPC_SYN,SYN-01,1,1
24946,SPECIAL_LAW_SYN,SYN-03,1,1
24947,IPC_SYN,SYN-01,1,1
24948,IT_ACT_SYN,SYN-02,1,1
24949,SPECIAL_LAW_SYN,SYN-03,1,1
24950,IPC_SYN,SYN-01,1,1
24951,SPECIAL_LAW_SYN,SYN-03,1,1
24952,IPC_SYN,SYN-01,1,1
24953,IPC_SYN,SYN-01,1,1
24954,IPC_SYN,SYN-01,1,1
24955,IPC_SYN,SYN-01,1,1
24956,IPC_SYN,SYN-01,1,1
24957,IPC_SYN,SYN-01,1,1
24958,SPECIAL_LAW_SYN,SYN-03,1,1
24959,IPC_SYN,SYN-01,1,1
24960,SPECIAL_LAW_SYN,SYN-03,1,1
24961,SPECIAL_LAW_SYN,SYN-03,1,1
24962,SPECIAL_LAW_SYN,SYN-03,1,1
24963,SPECIAL_LAW_SYN,SYN-03,1,1
24964,SPECIAL_LAW_SYN,SYN-03,1,1
24965,IPC_SYN,SYN-01,1,1
24966,IPC_SYN,SYN-01,1,1
24967,IPC_SYN,SYN-01,1,1
24968,IPC_SYN,SYN-01,1,1
24969,IPC_SYN,SYN-01,1,1
24970,IT_ACT_SYN,SYN-02,1,1
24971,IPC_SYN,SYN-01,1,1
24972,IT_ACT_SYN,SYN-02,1,1
24973,IT_ACT_SYN,SYN-02,1,1
24974,SPECIAL_LAW_SYN,SYN-03,1,1
24975,IPC_SYN,SYN-01,1,1
24976,IPC_SYN,SYN-01,1,1
24977,IPC_SYN,SYN-01,1,1
24978,IPC_SYN,SYN-01,1,1
24979,IPC_SYN,SYN-01,1,1
24980,IPC_SYN,SYN-01,1,1
24981,SPECIAL_LAW_SYN,SYN-03,1,1
24982,SPECIAL_LAW_SYN,SYN-03,1,1
24983,SPECIAL_LAW_SYN,SYN-03,1,1
24984,IPC_SYN,SYN-01,1,1
24985,SPECIAL_LAW_SYN,SYN-03,1,1
24986,IPC_SYN,SYN-01,1,1
24987,IPC_SYN,SYN-01,1,1
24988,IT_ACT_SYN,SYN-02,1,1
24989,IPC_SYN,SYN-01,1,1
24990,IPC_SYN,SYN-01,1,1
24991,IPC_SYN,SYN-01,1,1
24992,SPECIAL_LAW_SYN,SYN-03,1,1
24993,IPC_SYN,SYN-01,1,1
24994,IPC_SYN,SYN-01,1,1
24995,SPECIAL_LAW_SYN,SYN-03,1,1
24996,IPC_SYN,SYN-01,1,1
24997,IPC_SYN,SYN-01,1,1
24998,IT_ACT_SYN,SYN-02,1,1
24999,IPC_SYN,SYN-01,1,1
25000,IPC_SYN,SYN-01,1,1
25001,SPECIAL_LAW_SYN,SYN-03,1,1
25002,SPECIAL_LAW_SYN,SYN-03,1,1
25003,IPC_SYN,SYN-01,1,1
25004,IPC_SYN,SYN-01,1,1
25005,IPC_SYN,SYN-01,1,1
25006,IPC_SYN,SYN-01,1,1
25007,IPC_SYN,SYN-01,1,1
25008,IPC_SYN,SYN-01,1,1
25009,IPC_SYN,SYN-01,1,1
25010,IPC_SYN,SYN-01,1,1
25011,IPC_SYN,SYN-01,1,1
25012,IPC_SYN,SYN-01,1,1
25013,IT_ACT_SYN,SYN-02,1,1
25014,IT_ACT_SYN,SYN-02,1,1
25015,IT_ACT_SYN,SYN-02,1,1
25016,IPC_SYN,SYN-01,1,1
25017,IPC_SYN,SYN-01,1,1
25018,IPC_SYN,SYN-01,1,1
25019,SPECIAL_LAW_SYN,SYN-03,1,1
25020,IT_ACT_SYN,SYN-02,1,1
25021,IPC_SYN,SYN-01,1,1
25022,IT_ACT_SYN,SYN-02,1,1
25023,IT_ACT_SYN,SYN-02,1,1
25024,IPC_SYN,SYN-01,1,1
25025,IPC_SYN,SYN-01,1,1
25026,IPC_SYN,SYN-01,1,1
25027,SPECIAL_LAW_SYN,SYN-03,1,1
25028,IPC_SYN,SYN-01,1,1
25029,IPC_SYN,SYN-01,1,1
25030,IPC_SYN,SYN-01,1,1
25031,IT_ACT_SYN,SYN-02,1,1
25032,IPC_SYN,SYN-01,1,1
25033,SPECIAL_LAW_SYN,SYN-03,1,1
25034,IPC_SYN,SYN-01,1,1
25035,IPC_SYN,SYN-01,1,1
25036,SPECIAL_LAW_SYN,SYN-03,1,1
25037,SPECIAL_LAW_SYN,SYN-03,1,1
25038,IPC_SYN,SYN-01,1,1
25039,IPC_SYN,SYN-01,1,1
25040,IPC_SYN,SYN-01,1,1
25041,SPECIAL_LAW_SYN,SYN-03,1,1
25042,SPECIAL_LAW_SYN,SYN-03,1,1
25043,IPC_SYN,SYN-01,1,1
25044,SPECIAL_LAW_SYN,SYN-03,1,1
25045,IPC_SYN,SYN-01,1,1
25046,SPECIAL_LAW_SYN,SYN-03,1,1
25047,IPC_SYN,SYN-01,1,1
25048,IPC_SYN,SYN-01,1,1
25049,SPECIAL_LAW_SYN,SYN-03,1,1
25050,SPECIAL_LAW_SYN,SYN-03,1,1
25051,IT_ACT_SYN,SYN-02,1,1
25052,IPC_SYN,SYN-01,1,1
25053,IPC_SYN,SYN-01,1,1
25054,IPC_SYN,SYN-01,1,1
25055,IPC_SYN,SYN-01,1,1
25056,SPECIAL_LAW_SYN,SYN-03,1,1
25057,SPECIAL_LAW_SYN,SYN-03,1,1
25058,IPC_SYN,SYN-01,1,1
25059,IPC_SYN,SYN-01,1,1
25060,IPC_SYN,SYN-01,1,1
25061,SPECIAL_LAW_SYN,SYN-03,1,1
25062,SPECIAL_LAW_SYN,SYN-03,1,1
25063,IPC_SYN,SYN-01,1,1
25064,IPC_SYN,SYN-01,1,1
25065,IPC_SYN,SYN-01,1,1
25066,IPC_SYN,SYN-01,1,1
25067,IPC_SYN,SYN-01,1,1
25068,IT_ACT_SYN,SYN-02,1,1
25069,SPECIAL_LAW_SYN,SYN-03,1,1
25070,IPC_SYN,SYN-01,1,1
25071,IPC_SYN,SYN-01,1,1
25072,IPC_SYN,SYN-01,1,1
25073,SPECIAL_LAW_SYN,SYN-03,1,1
25074,IPC_SYN,SYN-01,1,1
25075,IPC_SYN,SYN-01,1,1
25076,IPC_SYN,SYN-01,1,1
25077,IPC_SYN,SYN-01,1,1
25078,IPC_SYN,SYN-01,1,1
25079,IPC_SYN,SYN-01,1,1
25080,SPECIAL_LAW_SYN,SYN-03,1,1
25081,IPC_SYN,SYN-01,1,1
25082,IPC_SYN,SYN-01,1,1
25083,IPC_SYN,SYN-01,1,1
25084,IPC_SYN,SYN-01,1,1
25085,SPECIAL_LAW_SYN,SYN-03,1,1
25086,SPECIAL_LAW_SYN,SYN-03,1,1
25087,SPECIAL_LAW_SYN,SYN-03,1,1
25088,IPC_SYN,SYN-01,1,1
25089,IPC_SYN,SYN-01,1,1
25090,IPC_SYN,SYN-01,1,1
25091,SPECIAL_LAW_SYN,SYN-03,1,1
25092,IT_ACT_SYN,SYN-02,1,1
25093,SPECIAL_LAW_SYN,SYN-03,1,1
25094,IPC_SYN,SYN-01,1,1
25095,IT_ACT_SYN,SYN-02,1,1
25096,IPC_SYN,SYN-01,1,1
25097,SPECIAL_LAW_SYN,SYN-03,1,1
25098,SPECIAL_LAW_SYN,SYN-03,1,1
25099,IPC_SYN,SYN-01,1,1
25100,IPC_SYN,SYN-01,1,1
25101,IPC_SYN,SYN-01,1,1
25102,IPC_SYN,SYN-01,1,1
25103,SPECIAL_LAW_SYN,SYN-03,1,1
25104,IPC_SYN,SYN-01,1,1
25105,SPECIAL_LAW_SYN,SYN-03,1,1
25106,IT_ACT_SYN,SYN-02,1,1
25107,SPECIAL_LAW_SYN,SYN-03,1,1
25108,SPECIAL_LAW_SYN,SYN-03,1,1
25109,IPC_SYN,SYN-01,1,1
25110,SPECIAL_LAW_SYN,SYN-03,1,1
25111,IPC_SYN,SYN-01,1,1
25112,SPECIAL_LAW_SYN,SYN-03,1,1
25113,IPC_SYN,SYN-01,1,1
25114,IT_ACT_SYN,SYN-02,1,1
25115,IPC_SYN,SYN-01,1,1
25116,SPECIAL_LAW_SYN,SYN-03,1,1
25117,SPECIAL_LAW_SYN,SYN-03,1,1
25118,IT_ACT_SYN,SYN-02,1,1
25119,IPC_SYN,SYN-01,1,1
25120,IPC_SYN,SYN-01,1,1
25121,IPC_SYN,SYN-01,1,1
25122,IT_ACT_SYN,SYN-02,1,1
25123,IT_ACT_SYN,SYN-02,1,1
25124,IPC_SYN,SYN-01,1,1
25125,SPECIAL_LAW_SYN,SYN-03,1,1
25126,IPC_SYN,SYN-01,1,1
25127,SPECIAL_LAW_SYN,SYN-03,1,1
25128,IPC_SYN,SYN-01,1,1
25129,IPC_SYN,SYN-01,1,1
25130,SPECIAL_LAW_SYN,SYN-03,1,1
25131,IPC_SYN,SYN-01,1,1
25132,SPECIAL_LAW_SYN,SYN-03,1,1
25133,IT_ACT_SYN,SYN-02,1,1
25134,IPC_SYN,SYN-01,1,1
25135,IPC_SYN,SYN-01,1,1
25136,IPC_SYN,SYN-01,1,1
25137,IT_ACT_SYN,SYN-02,1,1
25138,IPC_SYN,SYN-01,1,1
25139,IPC_SYN,SYN-01,1,1
25140,IPC_SYN,SYN-01,1,1
25141,IPC_SYN,SYN-01,1,1
25142,IPC_SYN,SYN-01,1,1
25143,SPECIAL_LAW_SYN,SYN-03,1,1
25144,IPC_SYN,SYN-01,1,1
25145,IPC_SYN,SYN-01,1,1
25146,SPECIAL_LAW_SYN,SYN-03,1,1
25147,IPC_SYN,SYN-01,1,1
25148,IPC_SYN,SYN-01,1,1
25149,IPC_SYN,SYN-01,1,1
25150,IPC_SYN,SYN-01,1,1
25151,SPECIAL_LAW_SYN,SYN-03,1,1
25152,IPC_SYN,SYN-01,1,1
25153,IPC_SYN,SYN-01,1,1
25154,IT_ACT_SYN,SYN-02,1,1
25155,SPECIAL_LAW_SYN,SYN-03,1,1
25156,IPC_SYN,SYN-01,1,1
25157,SPECIAL_LAW_SYN,SYN-03,1,1
25158,IT_ACT_SYN,SYN-02,1,1
25159,SPECIAL_LAW_SYN,SYN-03,1,1
25160,SPECIAL_LAW_SYN,SYN-03,1,1
25161,IPC_SYN,SYN-01,1,1
25162,SPECIAL_LAW_SYN,SYN-03,1,1
25163,IT_ACT_SYN,SYN-02,1,1
25164,SPECIAL_LAW_SYN,SYN-03,1,1
25165,IPC_SYN,SYN-01,1,1
25166,IPC_SYN,SYN-01,1,1
25167,SPECIAL_LAW_SYN,SYN-03,1,1
25168,IPC_SYN,SYN-01,1,1
25169,IPC_SYN,SYN-01,1,1
25170,IPC_SYN,SYN-01,1,1
25171,IPC_SYN,SYN-01,1,1
25172,SPECIAL_LAW_SYN,SYN-03,1,1
25173,IT_ACT_SYN,SYN-02,1,1
25174,IT_ACT_SYN,SYN-02,1,1
25175,IT_ACT_SYN,SYN-02,1,1
25176,SPECIAL_LAW_SYN,SYN-03,1,1
25177,IT_ACT_SYN,SYN-02,1,1
25178,IPC_SYN,SYN-01,1,1
25179,SPECIAL_LAW_SYN,SYN-03,1,1
25180,IPC_SYN,SYN-01,1,1
25181,IPC_SYN,SYN-01,1,1
25182,IPC_SYN,SYN-01,1,1
25183,IPC_SYN,SYN-01,1,1
25184,IPC_SYN,SYN-01,1,1
25185,IPC_SYN,SYN-01,1,1
25186,SPECIAL_LAW_SYN,SYN-03,1,1
25187,IT_ACT_SYN,SYN-02,1,1
25188,IPC_SYN,SYN-01,1,1
25189,IPC_SYN,SYN-01,1,1
25190,SPECIAL_LAW_SYN,SYN-03,1,1
25191,IPC_SYN,SYN-01,1,1
25192,SPECIAL_LAW_SYN,SYN-03,1,1
25193,IT_ACT_SYN,SYN-02,1,1
25194,IPC_SYN,SYN-01,1,1
25195,IT_ACT_SYN,SYN-02,1,1
25196,SPECIAL_LAW_SYN,SYN-03,1,1
25197,IT_ACT_SYN,SYN-02,1,1
25198,IT_ACT_SYN,SYN-02,1,1
25199,IPC_SYN,SYN-01,1,1
25200,IPC_SYN,SYN-01,1,1
25201,SPECIAL_LAW_SYN,SYN-03,1,1
25202,IPC_SYN,SYN-01,1,1
25203,IT_ACT_SYN,SYN-02,1,1
25204,IPC_SYN,SYN-01,1,1
25205,IPC_SYN,SYN-01,1,1
25206,IPC_SYN,SYN-01,1,1
25207,IPC_SYN,SYN-01,1,1
25208,IPC_SYN,SYN-01,1,1
25209,IPC_SYN,SYN-01,1,1
25210,IPC_SYN,SYN-01,1,1
25211,SPECIAL_LAW_SYN,SYN-03,1,1
25212,SPECIAL_LAW_SYN,SYN-03,1,1
25213,IT_ACT_SYN,SYN-02,1,1
25214,IPC_SYN,SYN-01,1,1
25215,IT_ACT_SYN,SYN-02,1,1
25216,IPC_SYN,SYN-01,1,1
25217,IPC_SYN,SYN-01,1,1
25218,IPC_SYN,SYN-01,1,1
25219,IPC_SYN,SYN-01,1,1
25220,IPC_SYN,SYN-01,1,1
25221,IPC_SYN,SYN-01,1,1
25222,SPECIAL_LAW_SYN,SYN-03,1,1
25223,SPECIAL_LAW_SYN,SYN-03,1,1
25224,SPECIAL_LAW_SYN,SYN-03,1,1
25225,IPC_SYN,SYN-01,1,1
25226,IPC_SYN,SYN-01,1,1
25227,SPECIAL_LAW_SYN,SYN-03,1,1
25228,IT_ACT_SYN,SYN-02,1,1
25229,IPC_SYN,SYN-01,1,1
25230,IPC_SYN,SYN-01,1,1
25231,IT_ACT_SYN,SYN-02,1,1
25232,IT_ACT_SYN,SYN-02,1,1
25233,IT_ACT_SYN,SYN-02,1,1
25234,IPC_SYN,SYN-01,1,1
25235,IPC_SYN,SYN-01,1,1
25236,IPC_SYN,SYN-01,1,1
25237,IPC_SYN,SYN-01,1,1
25238,IPC_SYN,SYN-01,1,1
25239,SPECIAL_LAW_SYN,SYN-03,1,1
25240,IPC_SYN,SYN-01,1,1
25241,IT_ACT_SYN,SYN-02,1,1
25242,IPC_SYN,SYN-01,1,1
25243,IPC_SYN,SYN-01,1,1
25244,IPC_SYN,SYN-01,1,1
25245,SPECIAL_LAW_SYN,SYN-03,1,1
25246,IT_ACT_SYN,SYN-02,1,1
25247,SPECIAL_LAW_SYN,SYN-03,1,1
25248,IPC_SYN,SYN-01,1,1
25249,IT_ACT_SYN,SYN-02,1,1
25250,SPECIAL_LAW_SYN,SYN-03,1,1
25251,IPC_SYN,SYN-01,1,1
25252,SPECIAL_LAW_SYN,SYN-03,1,1
25253,IPC_SYN,SYN-01,1,1
25254,IPC_SYN,SYN-01,1,1
25255,IT_ACT_SYN,SYN-02,1,1
25256,IPC_SYN,SYN-01,1,1
25257,IPC_SYN,SYN-01,1,1
25258,SPECIAL_LAW_SYN,SYN-03,1,1
25259,IPC_SYN,SYN-01,1,1
25260,IPC_SYN,SYN-01,1,1
25261,IPC_SYN,SYN-01,1,1
25262,IPC_SYN,SYN-01,1,1
25263,IPC_SYN,SYN-01,1,1
25264,IPC_SYN,SYN-01,1,1
25265,SPECIAL_LAW_SYN,SYN-03,1,1
25266,IPC_SYN,SYN-01,1,1
25267,SPECIAL_LAW_SYN,SYN-03,1,1
25268,SPECIAL_LAW_SYN,SYN-03,1,1
25269,SPECIAL_LAW_SYN,SYN-03,1,1
25270,SPECIAL_LAW_SYN,SYN-03,1,1
25271,IPC_SYN,SYN-01,1,1
25272,IPC_SYN,SYN-01,1,1
25273,IPC_SYN,SYN-01,1,1
25274,IT_ACT_SYN,SYN-02,1,1
25275,IT_ACT_SYN,SYN-02,1,1
25276,SPECIAL_LAW_SYN,SYN-03,1,1
25277,IT_ACT_SYN,SYN-02,1,1
25278,IPC_SYN,SYN-01,1,1
25279,IT_ACT_SYN,SYN-02,1,1
25280,SPECIAL_LAW_SYN,SYN-03,1,1
25281,IPC_SYN,SYN-01,1,1
25282,SPECIAL_LAW_SYN,SYN-03,1,1
25283,IT_ACT_SYN,SYN-02,1,1
25284,IT_ACT_SYN,SYN-02,1,1
25285,IT_ACT_SYN,SYN-02,1,1
25286,IPC_SYN,SYN-01,1,1
25287,IPC_SYN,SYN-01,1,1
25288,SPECIAL_LAW_SYN,SYN-03,1,1
25289,SPECIAL_LAW_SYN,SYN-03,1,1
25290,IPC_SYN,SYN-01,1,1
25291,IT_ACT_SYN,SYN-02,1,1
25292,IPC_SYN,SYN-01,1,1
25293,IPC_SYN,SYN-01,1,1
25294,IPC_SYN,SYN-01,1,1
25295,IPC_SYN,SYN-01,1,1
25296,SPECIAL_LAW_SYN,SYN-03,1,1
25297,IPC_SYN,SYN-01,1,1
25298,IPC_SYN,SYN-01,1,1
25299,IT_ACT_SYN,SYN-02,1,1
25300,IPC_SYN,SYN-01,1,1
25301,IPC_SYN,SYN-01,1,1
25302,IPC_SYN,SYN-01,1,1
25303,SPECIAL_LAW_SYN,SYN-03,1,1
25304,IPC_SYN,SYN-01,1,1
25305,SPECIAL_LAW_SYN,SYN-03,1,1
25306,IPC_SYN,SYN-01,1,1
25307,IT_ACT_SYN,SYN-02,1,1
25308,IPC_SYN,SYN-01,1,1
25309,SPECIAL_LAW_SYN,SYN-03,1,1
25310,IPC_SYN,SYN-01,1,1
25311,SPECIAL_LAW_SYN,SYN-03,1,1
25312,IPC_SYN,SYN-01,1,1
25313,IPC_SYN,SYN-01,1,1
25314,SPECIAL_LAW_SYN,SYN-03,1,1
25315,IPC_SYN,SYN-01,1,1
25316,IT_ACT_SYN,SYN-02,1,1
25317,IT_ACT_SYN,SYN-02,1,1
25318,SPECIAL_LAW_SYN,SYN-03,1,1
25319,IPC_SYN,SYN-01,1,1
25320,IPC_SYN,SYN-01,1,1
25321,IPC_SYN,SYN-01,1,1
25322,IT_ACT_SYN,SYN-02,1,1
25323,IPC_SYN,SYN-01,1,1
25324,IT_ACT_SYN,SYN-02,1,1
25325,SPECIAL_LAW_SYN,SYN-03,1,1
25326,IPC_SYN,SYN-01,1,1
25327,SPECIAL_LAW_SYN,SYN-03,1,1
25328,IPC_SYN,SYN-01,1,1
25329,IT_ACT_SYN,SYN-02,1,1
25330,IPC_SYN,SYN-01,1,1
25331,IPC_SYN,SYN-01,1,1
25332,IPC_SYN,SYN-01,1,1
25333,IPC_SYN,SYN-01,1,1
25334,SPECIAL_LAW_SYN,SYN-03,1,1
25335,IPC_SYN,SYN-01,1,1
25336,SPECIAL_LAW_SYN,SYN-03,1,1
25337,IPC_SYN,SYN-01,1,1
25338,IPC_SYN,SYN-01,1,1
25339,IPC_SYN,SYN-01,1,1
25340,SPECIAL_LAW_SYN,SYN-03,1,1
25341,IPC_SYN,SYN-01,1,1
25342,IPC_SYN,SYN-01,1,1
25343,IPC_SYN,SYN-01,1,1
25344,IPC_SYN,SYN-01,1,1
25345,IPC_SYN,SYN-01,1,1
25346,SPECIAL_LAW_SYN,SYN-03,1,1
25347,IPC_SYN,SYN-01,1,1
25348,IT_ACT_SYN,SYN-02,1,1
25349,IPC_SYN,SYN-01,1,1
25350,IPC_SYN,SYN-01,1,1
25351,IPC_SYN,SYN-01,1,1
25352,IPC_SYN,SYN-01,1,1
25353,IPC_SYN,SYN-01,1,1
25354,IPC_SYN,SYN-01,1,1
25355,SPECIAL_LAW_SYN,SYN-03,1,1
25356,IPC_SYN,SYN-01,1,1
25357,IPC_SYN,SYN-01,1,1
25358,SPECIAL_LAW_SYN,SYN-03,1,1
25359,IPC_SYN,SYN-01,1,1
25360,SPECIAL_LAW_SYN,SYN-03,1,1
25361,IPC_SYN,SYN-01,1,1
25362,IPC_SYN,SYN-01,1,1
25363,IPC_SYN,SYN-01,1,1
25364,IPC_SYN,SYN-01,1,1
25365,IPC_SYN,SYN-01,1,1
25366,IPC_SYN,SYN-01,1,1
25367,IPC_SYN,SYN-01,1,1
25368,SPECIAL_LAW_SYN,SYN-03,1,1
25369,SPECIAL_LAW_SYN,SYN-03,1,1
25370,IPC_SYN,SYN-01,1,1
25371,IT_ACT_SYN,SYN-02,1,1
25372,IT_ACT_SYN,SYN-02,1,1
25373,SPECIAL_LAW_SYN,SYN-03,1,1
25374,SPECIAL_LAW_SYN,SYN-03,1,1
25375,SPECIAL_LAW_SYN,SYN-03,1,1
25376,IPC_SYN,SYN-01,1,1
25377,SPECIAL_LAW_SYN,SYN-03,1,1
25378,SPECIAL_LAW_SYN,SYN-03,1,1
25379,IPC_SYN,SYN-01,1,1
25380,IPC_SYN,SYN-01,1,1
25381,IPC_SYN,SYN-01,1,1
25382,IPC_SYN,SYN-01,1,1
25383,IPC_SYN,SYN-01,1,1
25384,IT_ACT_SYN,SYN-02,1,1
25385,SPECIAL_LAW_SYN,SYN-03,1,1
25386,IPC_SYN,SYN-01,1,1
25387,IPC_SYN,SYN-01,1,1
25388,IPC_SYN,SYN-01,1,1
25389,IPC_SYN,SYN-01,1,1
25390,IPC_SYN,SYN-01,1,1
25391,IPC_SYN,SYN-01,1,1
25392,IPC_SYN,SYN-01,1,1
25393,IPC_SYN,SYN-01,1,1
25394,IPC_SYN,SYN-01,1,1
25395,SPECIAL_LAW_SYN,SYN-03,1,1
25396,IPC_SYN,SYN-01,1,1
25397,IPC_SYN,SYN-01,1,1
25398,SPECIAL_LAW_SYN,SYN-03,1,1
25399,IPC_SYN,SYN-01,1,1
25400,SPECIAL_LAW_SYN,SYN-03,1,1
25401,IT_ACT_SYN,SYN-02,1,1
25402,SPECIAL_LAW_SYN,SYN-03,1,1
25403,IPC_SYN,SYN-01,1,1
25404,IPC_SYN,SYN-01,1,1
25405,SPECIAL_LAW_SYN,SYN-03,1,1
25406,SPECIAL_LAW_SYN,SYN-03,1,1
25407,IT_ACT_SYN,SYN-02,1,1
25408,IPC_SYN,SYN-01,1,1
25409,IPC_SYN,SYN-01,1,1
25410,IPC_SYN,SYN-01,1,1
25411,IPC_SYN,SYN-01,1,1
25412,IPC_SYN,SYN-01,1,1
25413,IPC_SYN,SYN-01,1,1
25414,IPC_SYN,SYN-01,1,1
25415,IPC_SYN,SYN-01,1,1
25416,IPC_SYN,SYN-01,1,1
25417,IPC_SYN,SYN-01,1,1
25418,SPECIAL_LAW_SYN,SYN-03,1,1
25419,IPC_SYN,SYN-01,1,1
25420,IPC_SYN,SYN-01,1,1
25421,IT_ACT_SYN,SYN-02,1,1
25422,IPC_SYN,SYN-01,1,1
25423,IPC_SYN,SYN-01,1,1
25424,IPC_SYN,SYN-01,1,1
25425,IT_ACT_SYN,SYN-02,1,1
25426,SPECIAL_LAW_SYN,SYN-03,1,1
25427,IPC_SYN,SYN-01,1,1
25428,IPC_SYN,SYN-01,1,1
25429,SPECIAL_LAW_SYN,SYN-03,1,1
25430,IPC_SYN,SYN-01,1,1
25431,IPC_SYN,SYN-01,1,1
25432,IT_ACT_SYN,SYN-02,1,1
25433,IPC_SYN,SYN-01,1,1
25434,IPC_SYN,SYN-01,1,1
25435,IT_ACT_SYN,SYN-02,1,1
25436,IPC_SYN,SYN-01,1,1
25437,SPECIAL_LAW_SYN,SYN-03,1,1
25438,IPC_SYN,SYN-01,1,1
25439,IPC_SYN,SYN-01,1,1
25440,IPC_SYN,SYN-01,1,1
25441,IPC_SYN,SYN-01,1,1
25442,IPC_SYN,SYN-01,1,1
25443,IPC_SYN,SYN-01,1,1
25444,IPC_SYN,SYN-01,1,1
25445,IPC_SYN,SYN-01,1,1
25446,IPC_SYN,SYN-01,1,1
25447,IPC_SYN,SYN-01,1,1
25448,IPC_SYN,SYN-01,1,1
25449,IPC_SYN,SYN-01,1,1
25450,IPC_SYN,SYN-01,1,1
25451,IPC_SYN,SYN-01,1,1
25452,SPECIAL_LAW_SYN,SYN-03,1,1
25453,IPC_SYN,SYN-01,1,1
25454,IPC_SYN,SYN-01,1,1
25455,SPECIAL_LAW_SYN,SYN-03,1,1
25456,SPECIAL_LAW_SYN,SYN-03,1,1
25457,IPC_SYN,SYN-01,1,1
25458,IPC_SYN,SYN-01,1,1
25459,IPC_SYN,SYN-01,1,1
25460,SPECIAL_LAW_SYN,SYN-03,1,1
25461,IT_ACT_SYN,SYN-02,1,1
25462,SPECIAL_LAW_SYN,SYN-03,1,1
25463,SPECIAL_LAW_SYN,SYN-03,1,1
25464,IPC_SYN,SYN-01,1,1
25465,IT_ACT_SYN,SYN-02,1,1
25466,IPC_SYN,SYN-01,1,1
25467,IPC_SYN,SYN-01,1,1
25468,SPECIAL_LAW_SYN,SYN-03,1,1
25469,IPC_SYN,SYN-01,1,1
25470,IT_ACT_SYN,SYN-02,1,1
25471,IPC_SYN,SYN-01,1,1
25472,IPC_SYN,SYN-01,1,1
25473,IPC_SYN,SYN-01,1,1
25474,SPECIAL_LAW_SYN,SYN-03,1,1
25475,IPC_SYN,SYN-01,1,1
25476,IPC_SYN,SYN-01,1,1
25477,SPECIAL_LAW_SYN,SYN-03,1,1
25478,SPECIAL_LAW_SYN,SYN-03,1,1
25479,IPC_SYN,SYN-01,1,1
25480,IPC_SYN,SYN-01,1,1
25481,IPC_SYN,SYN-01,1,1
25482,SPECIAL_LAW_SYN,SYN-03,1,1
25483,SPECIAL_LAW_SYN,SYN-03,1,1
25484,SPECIAL_LAW_SYN,SYN-03,1,1
25485,IPC_SYN,SYN-01,1,1
25486,IT_ACT_SYN,SYN-02,1,1
25487,IPC_SYN,SYN-01,1,1
25488,IPC_SYN,SYN-01,1,1
25489,SPECIAL_LAW_SYN,SYN-03,1,1
25490,SPECIAL_LAW_SYN,SYN-03,1,1
25491,IPC_SYN,SYN-01,1,1
25492,IPC_SYN,SYN-01,1,1
25493,SPECIAL_LAW_SYN,SYN-03,1,1
25494,IT_ACT_SYN,SYN-02,1,1
25495,IPC_SYN,SYN-01,1,1
25496,SPECIAL_LAW_SYN,SYN-03,1,1
25497,IPC_SYN,SYN-01,1,1
25498,IPC_SYN,SYN-01,1,1
25499,IPC_SYN,SYN-01,1,1
25500,IPC_SYN,SYN-01,1,1
25501,SPECIAL_LAW_SYN,SYN-03,1,1
25502,IPC_SYN,SYN-01,1,1
25503,IT_ACT_SYN,SYN-02,1,1
25504,IPC_SYN,SYN-01,1,1
25505,IT_ACT_SYN,SYN-02,1,1
25506,IPC_SYN,SYN-01,1,1
25507,IT_ACT_SYN,SYN-02,1,1
25508,IPC_SYN,SYN-01,1,1
25509,SPECIAL_LAW_SYN,SYN-03,1,1
25510,SPECIAL_LAW_SYN,SYN-03,1,1
25511,SPECIAL_LAW_SYN,SYN-03,1,1
25512,IT_ACT_SYN,SYN-02,1,1
25513,IPC_SYN,SYN-01,1,1
25514,SPECIAL_LAW_SYN,SYN-03,1,1
25515,IPC_SYN,SYN-01,1,1
25516,SPECIAL_LAW_SYN,SYN-03,1,1
25517,IPC_SYN,SYN-01,1,1
25518,SPECIAL_LAW_SYN,SYN-03,1,1
25519,IT_ACT_SYN,SYN-02,1,1
25520,IPC_SYN,SYN-01,1,1
25521,IPC_SYN,SYN-01,1,1
25522,SPECIAL_LAW_SYN,SYN-03,1,1
25523,IPC_SYN,SYN-01,1,1
25524,IPC_SYN,SYN-01,1,1
25525,IPC_SYN,SYN-01,1,1
25526,SPECIAL_LAW_SYN,SYN-03,1,1
25527,IPC_SYN,SYN-01,1,1
25528,SPECIAL_LAW_SYN,SYN-03,1,1
25529,IPC_SYN,SYN-01,1,1
25530,IT_ACT_SYN,SYN-02,1,1
25531,IPC_SYN,SYN-01,1,1
25532,SPECIAL_LAW_SYN,SYN-03,1,1
25533,IPC_SYN,SYN-01,1,1
25534,IPC_SYN,SYN-01,1,1
25535,IPC_SYN,SYN-01,1,1
25536,IPC_SYN,SYN-01,1,1
25537,SPECIAL_LAW_SYN,SYN-03,1,1
25538,IPC_SYN,SYN-01,1,1
25539,SPECIAL_LAW_SYN,SYN-03,1,1
25540,IPC_SYN,SYN-01,1,1
25541,IPC_SYN,SYN-01,1,1
25542,IT_ACT_SYN,SYN-02,1,1
25543,SPECIAL_LAW_SYN,SYN-03,1,1
25544,IPC_SYN,SYN-01,1,1
25545,IPC_SYN,SYN-01,1,1
25546,IPC_SYN,SYN-01,1,1
25547,IPC_SYN,SYN-01,1,1
25548,IPC_SYN,SYN-01,1,1
25549,IPC_SYN,SYN-01,1,1
25550,IPC_SYN,SYN-01,1,1
25551,IT_ACT_SYN,SYN-02,1,1
25552,SPECIAL_LAW_SYN,SYN-03,1,1
25553,IT_ACT_SYN,SYN-02,1,1
25554,IPC_SYN,SYN-01,1,1
25555,IPC_SYN,SYN-01,1,1
25556,IPC_SYN,SYN-01,1,1
25557,IPC_SYN,SYN-01,1,1
25558,IPC_SYN,SYN-01,1,1
25559,IPC_SYN,SYN-01,1,1
25560,IPC_SYN,SYN-01,1,1
25561,IT_ACT_SYN,SYN-02,1,1
25562,SPECIAL_LAW_SYN,SYN-03,1,1
25563,IPC_SYN,SYN-01,1,1
25564,IPC_SYN,SYN-01,1,1
25565,IPC_SYN,SYN-01,1,1
25566,IPC_SYN,SYN-01,1,1
25567,IPC_SYN,SYN-01,1,1
25568,IT_ACT_SYN,SYN-02,1,1
25569,IPC_SYN,SYN-01,1,1
25570,SPECIAL_LAW_SYN,SYN-03,1,1
25571,IPC_SYN,SYN-01,1,1
25572,SPECIAL_LAW_SYN,SYN-03,1,1
25573,SPECIAL_LAW_SYN,SYN-03,1,1
25574,IPC_SYN,SYN-01,1,1
25575,SPECIAL_LAW_SYN,SYN-03,1,1
25576,SPECIAL_LAW_SYN,SYN-03,1,1
25577,IPC_SYN,SYN-01,1,1
25578,IT_ACT_SYN,SYN-02,1,1
25579,IPC_SYN,SYN-01,1,1
25580,IPC_SYN,SYN-01,1,1
25581,IPC_SYN,SYN-01,1,1
25582,IPC_SYN,SYN-01,1,1
25583,IPC_SYN,SYN-01,1,1
25584,IPC_SYN,SYN-01,1,1
25585,SPECIAL_LAW_SYN,SYN-03,1,1
25586,SPECIAL_LAW_SYN,SYN-03,1,1
25587,IPC_SYN,SYN-01,1,1
25588,SPECIAL_LAW_SYN,SYN-03,1,1
25589,SPECIAL_LAW_SYN,SYN-03,1,1
25590,IPC_SYN,SYN-01,1,1
25591,SPECIAL_LAW_SYN,SYN-03,1,1
25592,SPECIAL_LAW_SYN,SYN-03,1,1
25593,IPC_SYN,SYN-01,1,1
25594,IPC_SYN,SYN-01,1,1
25595,IPC_SYN,SYN-01,1,1
25596,IT_ACT_SYN,SYN-02,1,1
25597,IPC_SYN,SYN-01,1,1
25598,IPC_SYN,SYN-01,1,1
25599,SPECIAL_LAW_SYN,SYN-03,1,1
25600,IPC_SYN,SYN-01,1,1
25601,IT_ACT_SYN,SYN-02,1,1
25602,SPECIAL_LAW_SYN,SYN-03,1,1
25603,IPC_SYN,SYN-01,1,1
25604,SPECIAL_LAW_SYN,SYN-03,1,1
25605,IPC_SYN,SYN-01,1,1
25606,IPC_SYN,SYN-01,1,1
25607,IPC_SYN,SYN-01,1,1
25608,IPC_SYN,SYN-01,1,1
25609,IPC_SYN,SYN-01,1,1
25610,IPC_SYN,SYN-01,1,1
25611,IPC_SYN,SYN-01,1,1
25612,IPC_SYN,SYN-01,1,1
25613,IPC_SYN,SYN-01,1,1
25614,SPECIAL_LAW_SYN,SYN-03,1,1
25615,IPC_SYN,SYN-01,1,1
25616,IPC_SYN,SYN-01,1,1
25617,SPECIAL_LAW_SYN,SYN-03,1,1
25618,IPC_SYN,SYN-01,1,1
25619,IPC_SYN,SYN-01,1,1
25620,IPC_SYN,SYN-01,1,1
25621,IPC_SYN,SYN-01,1,1
25622,IT_ACT_SYN,SYN-02,1,1
25623,SPECIAL_LAW_SYN,SYN-03,1,1
25624,SPECIAL_LAW_SYN,SYN-03,1,1
25625,IPC_SYN,SYN-01,1,1
25626,IPC_SYN,SYN-01,1,1
25627,IPC_SYN,SYN-01,1,1
25628,IPC_SYN,SYN-01,1,1
25629,IPC_SYN,SYN-01,1,1
25630,IPC_SYN,SYN-01,1,1
25631,IPC_SYN,SYN-01,1,1
25632,IPC_SYN,SYN-01,1,1
25633,IT_ACT_SYN,SYN-02,1,1
25634,IT_ACT_SYN,SYN-02,1,1
25635,SPECIAL_LAW_SYN,SYN-03,1,1
25636,IPC_SYN,SYN-01,1,1
25637,SPECIAL_LAW_SYN,SYN-03,1,1
25638,IPC_SYN,SYN-01,1,1
25639,SPECIAL_LAW_SYN,SYN-03,1,1
25640,SPECIAL_LAW_SYN,SYN-03,1,1
25641,SPECIAL_LAW_SYN,SYN-03,1,1
25642,IPC_SYN,SYN-01,1,1
25643,IPC_SYN,SYN-01,1,1
25644,SPECIAL_LAW_SYN,SYN-03,1,1
25645,IT_ACT_SYN,SYN-02,1,1
25646,IPC_SYN,SYN-01,1,1
25647,IPC_SYN,SYN-01,1,1
25648,IPC_SYN,SYN-01,1,1
25649,SPECIAL_LAW_SYN,SYN-03,1,1
25650,IPC_SYN,SYN-01,1,1
25651,IPC_SYN,SYN-01,1,1
25652,IPC_SYN,SYN-01,1,1
25653,IPC_SYN,SYN-01,1,1
25654,IT_ACT_SYN,SYN-02,1,1
25655,IPC_SYN,SYN-01,1,1
25656,IPC_SYN,SYN-01,1,1
25657,SPECIAL_LAW_SYN,SYN-03,1,1
25658,IPC_SYN,SYN-01,1,1
25659,IPC_SYN,SYN-01,1,1
25660,SPECIAL_LAW_SYN,SYN-03,1,1
25661,IPC_SYN,SYN-01,1,1
25662,SPECIAL_LAW_SYN,SYN-03,1,1
25663,SPECIAL_LAW_SYN,SYN-03,1,1
25664,IPC_SYN,SYN-01,1,1
25665,IPC_SYN,SYN-01,1,1
25666,SPECIAL_LAW_SYN,SYN-03,1,1
25667,IPC_SYN,SYN-01,1,1
25668,IPC_SYN,SYN-01,1,1
25669,SPECIAL_LAW_SYN,SYN-03,1,1
25670,IPC_SYN,SYN-01,1,1
25671,SPECIAL_LAW_SYN,SYN-03,1,1
25672,IPC_SYN,SYN-01,1,1
25673,IPC_SYN,SYN-01,1,1
25674,IT_ACT_SYN,SYN-02,1,1
25675,IPC_SYN,SYN-01,1,1
25676,IPC_SYN,SYN-01,1,1
25677,IPC_SYN,SYN-01,1,1
25678,SPECIAL_LAW_SYN,SYN-03,1,1
25679,IPC_SYN,SYN-01,1,1
25680,IPC_SYN,SYN-01,1,1
25681,IPC_SYN,SYN-01,1,1
25682,IPC_SYN,SYN-01,1,1
25683,SPECIAL_LAW_SYN,SYN-03,1,1
25684,IPC_SYN,SYN-01,1,1
25685,IPC_SYN,SYN-01,1,1
25686,IPC_SYN,SYN-01,1,1
25687,SPECIAL_LAW_SYN,SYN-03,1,1
25688,SPECIAL_LAW_SYN,SYN-03,1,1
25689,IPC_SYN,SYN-01,1,1
25690,IPC_SYN,SYN-01,1,1
25691,IPC_SYN,SYN-01,1,1
25692,SPECIAL_LAW_SYN,SYN-03,1,1
25693,SPECIAL_LAW_SYN,SYN-03,1,1
25694,IPC_SYN,SYN-01,1,1
25695,IPC_SYN,SYN-01,1,1
25696,SPECIAL_LAW_SYN,SYN-03,1,1
25697,IPC_SYN,SYN-01,1,1
25698,IPC_SYN,SYN-01,1,1
25699,SPECIAL_LAW_SYN,SYN-03,1,1
25700,IPC_SYN,SYN-01,1,1
25701,IPC_SYN,SYN-01,1,1
25702,SPECIAL_LAW_SYN,SYN-03,1,1
25703,IPC_SYN,SYN-01,1,1
25704,SPECIAL_LAW_SYN,SYN-03,1,1
25705,SPECIAL_LAW_SYN,SYN-03,1,1
25706,IPC_SYN,SYN-01,1,1
25707,IPC_SYN,SYN-01,1,1
25708,SPECIAL_LAW_SYN,SYN-03,1,1
25709,SPECIAL_LAW_SYN,SYN-03,1,1
25710,IPC_SYN,SYN-01,1,1
25711,SPECIAL_LAW_SYN,SYN-03,1,1
25712,IPC_SYN,SYN-01,1,1
25713,SPECIAL_LAW_SYN,SYN-03,1,1
25714,IPC_SYN,SYN-01,1,1
25715,IPC_SYN,SYN-01,1,1
25716,IPC_SYN,SYN-01,1,1
25717,IT_ACT_SYN,SYN-02,1,1
25718,SPECIAL_LAW_SYN,SYN-03,1,1
25719,IPC_SYN,SYN-01,1,1
25720,IT_ACT_SYN,SYN-02,1,1
25721,IPC_SYN,SYN-01,1,1
25722,IPC_SYN,SYN-01,1,1
25723,IPC_SYN,SYN-01,1,1
25724,IPC_SYN,SYN-01,1,1
25725,IPC_SYN,SYN-01,1,1
25726,SPECIAL_LAW_SYN,SYN-03,1,1
25727,IPC_SYN,SYN-01,1,1
25728,IT_ACT_SYN,SYN-02,1,1
25729,IPC_SYN,SYN-01,1,1
25730,SPECIAL_LAW_SYN,SYN-03,1,1
25731,IPC_SYN,SYN-01,1,1
25732,IPC_SYN,SYN-01,1,1
25733,IPC_SYN,SYN-01,1,1
25734,SPECIAL_LAW_SYN,SYN-03,1,1
25735,IT_ACT_SYN,SYN-02,1,1
25736,IPC_SYN,SYN-01,1,1
25737,IPC_SYN,SYN-01,1,1
25738,IPC_SYN,SYN-01,1,1
25739,IT_ACT_SYN,SYN-02,1,1
25740,IPC_SYN,SYN-01,1,1
25741,IPC_SYN,SYN-01,1,1
25742,IPC_SYN,SYN-01,1,1
25743,SPECIAL_LAW_SYN,SYN-03,1,1
25744,SPECIAL_LAW_SYN,SYN-03,1,1
25745,IT_ACT_SYN,SYN-02,1,1
25746,IPC_SYN,SYN-01,1,1
25747,SPECIAL_LAW_SYN,SYN-03,1,1
25748,IPC_SYN,SYN-01,1,1
25749,IPC_SYN,SYN-01,1,1
25750,IPC_SYN,SYN-01,1,1
25751,IPC_SYN,SYN-01,1,1
25752,IT_ACT_SYN,SYN-02,1,1
25753,IT_ACT_SYN,SYN-02,1,1
25754,IPC_SYN,SYN-01,1,1
25755,IPC_SYN,SYN-01,1,1
25756,IPC_SYN,SYN-01,1,1
25757,IPC_SYN,SYN-01,1,1
25758,IPC_SYN,SYN-01,1,1
25759,IPC_SYN,SYN-01,1,1
25760,IT_ACT_SYN,SYN-02,1,1
25761,IT_ACT_SYN,SYN-02,1,1
25762,IPC_SYN,SYN-01,1,1
25763,IPC_SYN,SYN-01,1,1
25764,IT_ACT_SYN,SYN-02,1,1
25765,IPC_SYN,SYN-01,1,1
25766,SPECIAL_LAW_SYN,SYN-03,1,1
25767,IPC_SYN,SYN-01,1,1
25768,IPC_SYN,SYN-01,1,1
25769,IPC_SYN,SYN-01,1,1
25770,IPC_SYN,SYN-01,1,1
25771,SPECIAL_LAW_SYN,SYN-03,1,1
25772,IPC_SYN,SYN-01,1,1
25773,IPC_SYN,SYN-01,1,1
25774,IPC_SYN,SYN-01,1,1
25775,IT_ACT_SYN,SYN-02,1,1
25776,IPC_SYN,SYN-01,1,1
25777,IPC_SYN,SYN-01,1,1
25778,IT_ACT_SYN,SYN-02,1,1
25779,IPC_SYN,SYN-01,1,1
25780,IPC_SYN,SYN-01,1,1
25781,SPECIAL_LAW_SYN,SYN-03,1,1
25782,IPC_SYN,SYN-01,1,1
25783,IPC_SYN,SYN-01,1,1
25784,IPC_SYN,SYN-01,1,1
25785,SPECIAL_LAW_SYN,SYN-03,1,1
25786,IPC_SYN,SYN-01,1,1
25787,IPC_SYN,SYN-01,1,1
25788,IPC_SYN,SYN-01,1,1
25789,IPC_SYN,SYN-01,1,1
25790,SPECIAL_LAW_SYN,SYN-03,1,1
25791,SPECIAL_LAW_SYN,SYN-03,1,1
25792,IPC_SYN,SYN-01,1,1
25793,IPC_SYN,SYN-01,1,1
25794,IPC_SYN,SYN-01,1,1
25795,IPC_SYN,SYN-01,1,1
25796,SPECIAL_LAW_SYN,SYN-03,1,1
25797,SPECIAL_LAW_SYN,SYN-03,1,1
25798,SPECIAL_LAW_SYN,SYN-03,1,1
25799,SPECIAL_LAW_SYN,SYN-03,1,1
25800,IPC_SYN,SYN-01,1,1
25801,SPECIAL_LAW_SYN,SYN-03,1,1
25802,IPC_SYN,SYN-01,1,1
25803,SPECIAL_LAW_SYN,SYN-03,1,1
25804,IPC_SYN,SYN-01,1,1
25805,IPC_SYN,SYN-01,1,1
25806,IPC_SYN,SYN-01,1,1
25807,IPC_SYN,SYN-01,1,1
25808,IPC_SYN,SYN-01,1,1
25809,IPC_SYN,SYN-01,1,1
25810,IPC_SYN,SYN-01,1,1
25811,IPC_SYN,SYN-01,1,1
25812,IPC_SYN,SYN-01,1,1
25813,SPECIAL_LAW_SYN,SYN-03,1,1
25814,IPC_SYN,SYN-01,1,1
25815,IPC_SYN,SYN-01,1,1
25816,IPC_SYN,SYN-01,1,1
25817,SPECIAL_LAW_SYN,SYN-03,1,1
25818,SPECIAL_LAW_SYN,SYN-03,1,1
25819,IPC_SYN,SYN-01,1,1
25820,IPC_SYN,SYN-01,1,1
25821,IPC_SYN,SYN-01,1,1
25822,IPC_SYN,SYN-01,1,1
25823,IPC_SYN,SYN-01,1,1
25824,IPC_SYN,SYN-01,1,1
25825,IPC_SYN,SYN-01,1,1
25826,IT_ACT_SYN,SYN-02,1,1
25827,IPC_SYN,SYN-01,1,1
25828,IPC_SYN,SYN-01,1,1
25829,SPECIAL_LAW_SYN,SYN-03,1,1
25830,IPC_SYN,SYN-01,1,1
25831,IPC_SYN,SYN-01,1,1
25832,IPC_SYN,SYN-01,1,1
25833,IPC_SYN,SYN-01,1,1
25834,IPC_SYN,SYN-01,1,1
25835,IPC_SYN,SYN-01,1,1
25836,SPECIAL_LAW_SYN,SYN-03,1,1
25837,SPECIAL_LAW_SYN,SYN-03,1,1
25838,IPC_SYN,SYN-01,1,1
25839,SPECIAL_LAW_SYN,SYN-03,1,1
25840,SPECIAL_LAW_SYN,SYN-03,1,1
25841,IPC_SYN,SYN-01,1,1
25842,IPC_SYN,SYN-01,1,1
25843,IPC_SYN,SYN-01,1,1
25844,SPECIAL_LAW_SYN,SYN-03,1,1
25845,IPC_SYN,SYN-01,1,1
25846,SPECIAL_LAW_SYN,SYN-03,1,1
25847,IPC_SYN,SYN-01,1,1
25848,IPC_SYN,SYN-01,1,1
25849,IPC_SYN,SYN-01,1,1
25850,IPC_SYN,SYN-01,1,1
25851,IPC_SYN,SYN-01,1,1
25852,SPECIAL_LAW_SYN,SYN-03,1,1
25853,IPC_SYN,SYN-01,1,1
25854,IT_ACT_SYN,SYN-02,1,1
25855,IT_ACT_SYN,SYN-02,1,1
25856,IT_ACT_SYN,SYN-02,1,1
25857,IPC_SYN,SYN-01,1,1
25858,IPC_SYN,SYN-01,1,1
25859,IPC_SYN,SYN-01,1,1
25860,SPECIAL_LAW_SYN,SYN-03,1,1
25861,IPC_SYN,SYN-01,1,1
25862,IPC_SYN,SYN-01,1,1
25863,IPC_SYN,SYN-01,1,1
25864,SPECIAL_LAW_SYN,SYN-03,1,1
25865,IPC_SYN,SYN-01,1,1
25866,IPC_SYN,SYN-01,1,1
25867,IPC_SYN,SYN-01,1,1
25868,IPC_SYN,SYN-01,1,1
25869,IPC_SYN,SYN-01,1,1
25870,IPC_SYN,SYN-01,1,1
25871,IPC_SYN,SYN-01,1,1
25872,IPC_SYN,SYN-01,1,1
25873,IPC_SYN,SYN-01,1,1
25874,SPECIAL_LAW_SYN,SYN-03,1,1
25875,SPECIAL_LAW_SYN,SYN-03,1,1
25876,IPC_SYN,SYN-01,1,1
25877,IPC_SYN,SYN-01,1,1
25878,IPC_SYN,SYN-01,1,1
25879,IPC_SYN,SYN-01,1,1
25880,IPC_SYN,SYN-01,1,1
25881,SPECIAL_LAW_SYN,SYN-03,1,1
25882,SPECIAL_LAW_SYN,SYN-03,1,1
25883,IPC_SYN,SYN-01,1,1
25884,IPC_SYN,SYN-01,1,1
25885,IPC_SYN,SYN-01,1,1
25886,IPC_SYN,SYN-01,1,1
25887,IPC_SYN,SYN-01,1,1
25888,IT_ACT_SYN,SYN-02,1,1
25889,IPC_SYN,SYN-01,1,1
25890,IPC_SYN,SYN-01,1,1
25891,IPC_SYN,SYN-01,1,1
25892,IPC_SYN,SYN-01,1,1
25893,SPECIAL_LAW_SYN,SYN-03,1,1
25894,IPC_SYN,SYN-01,1,1
25895,IPC_SYN,SYN-01,1,1
25896,IPC_SYN,SYN-01,1,1
25897,IPC_SYN,SYN-01,1,1
25898,IPC_SYN,SYN-01,1,1
25899,IT_ACT_SYN,SYN-02,1,1
25900,IPC_SYN,SYN-01,1,1
25901,IT_ACT_SYN,SYN-02,1,1
25902,IPC_SYN,SYN-01,1,1
25903,IPC_SYN,SYN-01,1,1
25904,IPC_SYN,SYN-01,1,1
25905,IPC_SYN,SYN-01,1,1
25906,IPC_SYN,SYN-01,1,1
25907,SPECIAL_LAW_SYN,SYN-03,1,1
25908,IPC_SYN,SYN-01,1,1
25909,SPECIAL_LAW_SYN,SYN-03,1,1
25910,IPC_SYN,SYN-01,1,1
25911,IPC_SYN,SYN-01,1,1
25912,IPC_SYN,SYN-01,1,1
25913,IPC_SYN,SYN-01,1,1
25914,IPC_SYN,SYN-01,1,1
25915,SPECIAL_LAW_SYN,SYN-03,1,1
25916,IT_ACT_SYN,SYN-02,1,1
25917,SPECIAL_LAW_SYN,SYN-03,1,1
25918,IT_ACT_SYN,SYN-02,1,1
25919,IT_ACT_SYN,SYN-02,1,1
25920,IPC_SYN,SYN-01,1,1
25921,IPC_SYN,SYN-01,1,1
25922,IPC_SYN,SYN-01,1,1
25923,IPC_SYN,SYN-01,1,1
25924,IPC_SYN,SYN-01,1,1
25925,IT_ACT_SYN,SYN-02,1,1
25926,SPECIAL_LAW_SYN,SYN-03,1,1
25927,IPC_SYN,SYN-01,1,1
25928,IPC_SYN,SYN-01,1,1
25929,SPECIAL_LAW_SYN,SYN-03,1,1
25930,IT_ACT_SYN,SYN-02,1,1
25931,SPECIAL_LAW_SYN,SYN-03,1,1
25932,SPECIAL_LAW_SYN,SYN-03,1,1
25933,IPC_SYN,SYN-01,1,1
25934,IPC_SYN,SYN-01,1,1
25935,IPC_SYN,SYN-01,1,1
25936,SPECIAL_LAW_SYN,SYN-03,1,1
25937,IPC_SYN,SYN-01,1,1
25938,IPC_SYN,SYN-01,1,1
25939,IPC_SYN,SYN-01,1,1
25940,IPC_SYN,SYN-01,1,1
25941,IPC_SYN,SYN-01,1,1
25942,IPC_SYN,SYN-01,1,1
25943,IPC_SYN,SYN-01,1,1
25944,IPC_SYN,SYN-01,1,1
25945,IPC_SYN,SYN-01,1,1
25946,IT_ACT_SYN,SYN-02,1,1
25947,SPECIAL_LAW_SYN,SYN-03,1,1
25948,IT_ACT_SYN,SYN-02,1,1
25949,SPECIAL_LAW_SYN,SYN-03,1,1
25950,IPC_SYN,SYN-01,1,1
25951,IPC_SYN,SYN-01,1,1
25952,IPC_SYN,SYN-01,1,1
25953,IPC_SYN,SYN-01,1,1
25954,SPECIAL_LAW_SYN,SYN-03,1,1
25955,IT_ACT_SYN,SYN-02,1,1
25956,IPC_SYN,SYN-01,1,1
25957,SPECIAL_LAW_SYN,SYN-03,1,1
25958,SPECIAL_LAW_SYN,SYN-03,1,1
25959,IPC_SYN,SYN-01,1,1
25960,IPC_SYN,SYN-01,1,1
25961,IPC_SYN,SYN-01,1,1
25962,IPC_SYN,SYN-01,1,1
25963,IPC_SYN,SYN-01,1,1
25964,SPECIAL_LAW_SYN,SYN-03,1,1
25965,SPECIAL_LAW_SYN,SYN-03,1,1
25966,IPC_SYN,SYN-01,1,1
25967,IT_ACT_SYN,SYN-02,1,1
25968,SPECIAL_LAW_SYN,SYN-03,1,1
25969,IPC_SYN,SYN-01,1,1
25970,IPC_SYN,SYN-01,1,1
25971,IPC_SYN,SYN-01,1,1
25972,IPC_SYN,SYN-01,1,1
25973,IPC_SYN,SYN-01,1,1
25974,SPECIAL_LAW_SYN,SYN-03,1,1
25975,SPECIAL_LAW_SYN,SYN-03,1,1
25976,SPECIAL_LAW_SYN,SYN-03,1,1
25977,SPECIAL_LAW_SYN,SYN-03,1,1
25978,IPC_SYN,SYN-01,1,1
25979,SPECIAL_LAW_SYN,SYN-03,1,1
25980,IT_ACT_SYN,SYN-02,1,1
25981,IPC_SYN,SYN-01,1,1
25982,SPECIAL_LAW_SYN,SYN-03,1,1
25983,IPC_SYN,SYN-01,1,1
25984,IPC_SYN,SYN-01,1,1
25985,IT_ACT_SYN,SYN-02,1,1
25986,SPECIAL_LAW_SYN,SYN-03,1,1
25987,SPECIAL_LAW_SYN,SYN-03,1,1
25988,SPECIAL_LAW_SYN,SYN-03,1,1
25989,IPC_SYN,SYN-01,1,1
25990,SPECIAL_LAW_SYN,SYN-03,1,1
25991,IPC_SYN,SYN-01,1,1
25992,IPC_SYN,SYN-01,1,1
25993,SPECIAL_LAW_SYN,SYN-03,1,1
25994,IPC_SYN,SYN-01,1,1
25995,IT_ACT_SYN,SYN-02,1,1
25996,SPECIAL_LAW_SYN,SYN-03,1,1
25997,IT_ACT_SYN,SYN-02,1,1
25998,SPECIAL_LAW_SYN,SYN-03,1,1
25999,IPC_SYN,SYN-01,1,1
26000,SPECIAL_LAW_SYN,SYN-03,1,1
26001,IPC_SYN,SYN-01,1,1
26002,IPC_SYN,SYN-01,1,1
26003,IPC_SYN,SYN-01,1,1
26004,IPC_SYN,SYN-01,1,1
26005,IPC_SYN,SYN-01,1,1
26006,IPC_SYN,SYN-01,1,1
26007,IPC_SYN,SYN-01,1,1
26008,IPC_SYN,SYN-01,1,1
26009,SPECIAL_LAW_SYN,SYN-03,1,1
26010,SPECIAL_LAW_SYN,SYN-03,1,1
26011,IPC_SYN,SYN-01,1,1
26012,IT_ACT_SYN,SYN-02,1,1
26013,IT_ACT_SYN,SYN-02,1,1
26014,IPC_SYN,SYN-01,1,1
26015,IT_ACT_SYN,SYN-02,1,1
26016,IPC_SYN,SYN-01,1,1
26017,IPC_SYN,SYN-01,1,1
26018,IPC_SYN,SYN-01,1,1
26019,IT_ACT_SYN,SYN-02,1,1
26020,IT_ACT_SYN,SYN-02,1,1
26021,SPECIAL_LAW_SYN,SYN-03,1,1
26022,SPECIAL_LAW_SYN,SYN-03,1,1
26023,IPC_SYN,SYN-01,1,1
26024,IPC_SYN,SYN-01,1,1
26025,IPC_SYN,SYN-01,1,1
26026,IPC_SYN,SYN-01,1,1
26027,IPC_SYN,SYN-01,1,1
26028,SPECIAL_LAW_SYN,SYN-03,1,1
26029,IPC_SYN,SYN-01,1,1
26030,IPC_SYN,SYN-01,1,1
26031,SPECIAL_LAW_SYN,SYN-03,1,1
26032,IPC_SYN,SYN-01,1,1
26033,SPECIAL_LAW_SYN,SYN-03,1,1
26034,IPC_SYN,SYN-01,1,1
26035,IT_ACT_SYN,SYN-02,1,1
26036,IPC_SYN,SYN-01,1,1
26037,IPC_SYN,SYN-01,1,1
26038,IPC_SYN,SYN-01,1,1
26039,IPC_SYN,SYN-01,1,1
26040,IPC_SYN,SYN-01,1,1
26041,SPECIAL_LAW_SYN,SYN-03,1,1
26042,IPC_SYN,SYN-01,1,1
26043,IT_ACT_SYN,SYN-02,1,1
26044,SPECIAL_LAW_SYN,SYN-03,1,1
26045,SPECIAL_LAW_SYN,SYN-03,1,1
26046,IPC_SYN,SYN-01,1,1
26047,IPC_SYN,SYN-01,1,1
26048,SPECIAL_LAW_SYN,SYN-03,1,1
26049,SPECIAL_LAW_SYN,SYN-03,1,1
26050,IT_ACT_SYN,SYN-02,1,1
26051,SPECIAL_LAW_SYN,SYN-03,1,1
26052,SPECIAL_LAW_SYN,SYN-03,1,1
26053,IPC_SYN,SYN-01,1,1
26054,SPECIAL_LAW_SYN,SYN-03,1,1
26055,IPC_SYN,SYN-01,1,1
26056,IPC_SYN,SYN-01,1,1
26057,IPC_SYN,SYN-01,1,1
26058,SPECIAL_LAW_SYN,SYN-03,1,1
26059,IPC_SYN,SYN-01,1,1
26060,IPC_SYN,SYN-01,1,1
26061,IPC_SYN,SYN-01,1,1
26062,IPC_SYN,SYN-01,1,1
26063,IPC_SYN,SYN-01,1,1
26064,IPC_SYN,SYN-01,1,1
26065,SPECIAL_LAW_SYN,SYN-03,1,1
26066,IPC_SYN,SYN-01,1,1
26067,IT_ACT_SYN,SYN-02,1,1
26068,SPECIAL_LAW_SYN,SYN-03,1,1
26069,SPECIAL_LAW_SYN,SYN-03,1,1
26070,IPC_SYN,SYN-01,1,1
26071,SPECIAL_LAW_SYN,SYN-03,1,1
26072,IPC_SYN,SYN-01,1,1
26073,SPECIAL_LAW_SYN,SYN-03,1,1
26074,SPECIAL_LAW_SYN,SYN-03,1,1
26075,IPC_SYN,SYN-01,1,1
26076,IPC_SYN,SYN-01,1,1
26077,IPC_SYN,SYN-01,1,1
26078,SPECIAL_LAW_SYN,SYN-03,1,1
26079,IPC_SYN,SYN-01,1,1
26080,IPC_SYN,SYN-01,1,1
26081,SPECIAL_LAW_SYN,SYN-03,1,1
26082,SPECIAL_LAW_SYN,SYN-03,1,1
26083,SPECIAL_LAW_SYN,SYN-03,1,1
26084,IPC_SYN,SYN-01,1,1
26085,IPC_SYN,SYN-01,1,1
26086,IPC_SYN,SYN-01,1,1
26087,IPC_SYN,SYN-01,1,1
26088,SPECIAL_LAW_SYN,SYN-03,1,1
26089,SPECIAL_LAW_SYN,SYN-03,1,1
26090,IPC_SYN,SYN-01,1,1
26091,SPECIAL_LAW_SYN,SYN-03,1,1
26092,SPECIAL_LAW_SYN,SYN-03,1,1
26093,IPC_SYN,SYN-01,1,1
26094,IPC_SYN,SYN-01,1,1
26095,IPC_SYN,SYN-01,1,1
26096,SPECIAL_LAW_SYN,SYN-03,1,1
26097,IPC_SYN,SYN-01,1,1
26098,IPC_SYN,SYN-01,1,1
26099,IPC_SYN,SYN-01,1,1
26100,IPC_SYN,SYN-01,1,1
26101,SPECIAL_LAW_SYN,SYN-03,1,1
26102,SPECIAL_LAW_SYN,SYN-03,1,1
26103,IPC_SYN,SYN-01,1,1
26104,IPC_SYN,SYN-01,1,1
26105,IPC_SYN,SYN-01,1,1
26106,IPC_SYN,SYN-01,1,1
26107,IPC_SYN,SYN-01,1,1
26108,SPECIAL_LAW_SYN,SYN-03,1,1
26109,SPECIAL_LAW_SYN,SYN-03,1,1
26110,IPC_SYN,SYN-01,1,1
26111,IPC_SYN,SYN-01,1,1
26112,IT_ACT_SYN,SYN-02,1,1
26113,IT_ACT_SYN,SYN-02,1,1
26114,IPC_SYN,SYN-01,1,1
26115,SPECIAL_LAW_SYN,SYN-03,1,1
26116,SPECIAL_LAW_SYN,SYN-03,1,1
26117,IPC_SYN,SYN-01,1,1
26118,IPC_SYN,SYN-01,1,1
26119,IPC_SYN,SYN-01,1,1
26120,SPECIAL_LAW_SYN,SYN-03,1,1
26121,IPC_SYN,SYN-01,1,1
26122,IT_ACT_SYN,SYN-02,1,1
26123,IT_ACT_SYN,SYN-02,1,1
26124,IPC_SYN,SYN-01,1,1
26125,IPC_SYN,SYN-01,1,1
26126,IPC_SYN,SYN-01,1,1
26127,IPC_SYN,SYN-01,1,1
26128,SPECIAL_LAW_SYN,SYN-03,1,1
26129,IPC_SYN,SYN-01,1,1
26130,SPECIAL_LAW_SYN,SYN-03,1,1
26131,SPECIAL_LAW_SYN,SYN-03,1,1
26132,IPC_SYN,SYN-01,1,1
26133,SPECIAL_LAW_SYN,SYN-03,1,1
26134,IPC_SYN,SYN-01,1,1
26135,SPECIAL_LAW_SYN,SYN-03,1,1
26136,IPC_SYN,SYN-01,1,1
26137,IPC_SYN,SYN-01,1,1
26138,SPECIAL_LAW_SYN,SYN-03,1,1
26139,IPC_SYN,SYN-01,1,1
26140,IPC_SYN,SYN-01,1,1
26141,IPC_SYN,SYN-01,1,1
26142,SPECIAL_LAW_SYN,SYN-03,1,1
26143,IPC_SYN,SYN-01,1,1
26144,IPC_SYN,SYN-01,1,1
26145,SPECIAL_LAW_SYN,SYN-03,1,1
26146,IPC_SYN,SYN-01,1,1
26147,IPC_SYN,SYN-01,1,1
26148,SPECIAL_LAW_SYN,SYN-03,1,1
26149,IPC_SYN,SYN-01,1,1
26150,SPECIAL_LAW_SYN,SYN-03,1,1
26151,IPC_SYN,SYN-01,1,1
26152,IPC_SYN,SYN-01,1,1
26153,IPC_SYN,SYN-01,1,1
26154,IPC_SYN,SYN-01,1,1
26155,IPC_SYN,SYN-01,1,1
26156,IPC_SYN,SYN-01,1,1
26157,SPECIAL_LAW_SYN,SYN-03,1,1
26158,SPECIAL_LAW_SYN,SYN-03,1,1
26159,IPC_SYN,SYN-01,1,1
26160,IPC_SYN,SYN-01,1,1
26161,SPECIAL_LAW_SYN,SYN-03,1,1
26162,IPC_SYN,SYN-01,1,1
26163,IPC_SYN,SYN-01,1,1
26164,SPECIAL_LAW_SYN,SYN-03,1,1
26165,IPC_SYN,SYN-01,1,1
26166,IPC_SYN,SYN-01,1,1
26167,IT_ACT_SYN,SYN-02,1,1
26168,IPC_SYN,SYN-01,1,1
26169,IT_ACT_SYN,SYN-02,1,1
26170,IPC_SYN,SYN-01,1,1
26171,IPC_SYN,SYN-01,1,1
26172,IPC_SYN,SYN-01,1,1
26173,IPC_SYN,SYN-01,1,1
26174,IPC_SYN,SYN-01,1,1
26175,IT_ACT_SYN,SYN-02,1,1
26176,IPC_SYN,SYN-01,1,1
26177,IPC_SYN,SYN-01,1,1
26178,SPECIAL_LAW_SYN,SYN-03,1,1
26179,IPC_SYN,SYN-01,1,1
26180,IPC_SYN,SYN-01,1,1
26181,SPECIAL_LAW_SYN,SYN-03,1,1
26182,IPC_SYN,SYN-01,1,1
26183,SPECIAL_LAW_SYN,SYN-03,1,1
26184,IPC_SYN,SYN-01,1,1
26185,IPC_SYN,SYN-01,1,1
26186,SPECIAL_LAW_SYN,SYN-03,1,1
26187,SPECIAL_LAW_SYN,SYN-03,1,1
26188,IPC_SYN,SYN-01,1,1
26189,IPC_SYN,SYN-01,1,1
26190,IPC_SYN,SYN-01,1,1
26191,IPC_SYN,SYN-01,1,1
26192,IPC_SYN,SYN-01,1,1
26193,IPC_SYN,SYN-01,1,1
26194,SPECIAL_LAW_SYN,SYN-03,1,1
26195,IPC_SYN,SYN-01,1,1
26196,IPC_SYN,SYN-01,1,1
26197,IPC_SYN,SYN-01,1,1
26198,SPECIAL_LAW_SYN,SYN-03,1,1
26199,IPC_SYN,SYN-01,1,1
26200,IPC_SYN,SYN-01,1,1
26201,SPECIAL_LAW_SYN,SYN-03,1,1
26202,IPC_SYN,SYN-01,1,1
26203,IPC_SYN,SYN-01,1,1
26204,IPC_SYN,SYN-01,1,1
26205,IPC_SYN,SYN-01,1,1
26206,IPC_SYN,SYN-01,1,1
26207,IT_ACT_SYN,SYN-02,1,1
26208,SPECIAL_LAW_SYN,SYN-03,1,1
26209,IT_ACT_SYN,SYN-02,1,1
26210,IPC_SYN,SYN-01,1,1
26211,IPC_SYN,SYN-01,1,1
26212,SPECIAL_LAW_SYN,SYN-03,1,1
26213,SPECIAL_LAW_SYN,SYN-03,1,1
26214,IPC_SYN,SYN-01,1,1
26215,IPC_SYN,SYN-01,1,1
26216,IPC_SYN,SYN-01,1,1
26217,SPECIAL_LAW_SYN,SYN-03,1,1
26218,SPECIAL_LAW_SYN,SYN-03,1,1
26219,SPECIAL_LAW_SYN,SYN-03,1,1
26220,IPC_SYN,SYN-01,1,1
26221,IPC_SYN,SYN-01,1,1
26222,IPC_SYN,SYN-01,1,1
26223,IPC_SYN,SYN-01,1,1
26224,IPC_SYN,SYN-01,1,1
26225,IPC_SYN,SYN-01,1,1
26226,IPC_SYN,SYN-01,1,1
26227,SPECIAL_LAW_SYN,SYN-03,1,1
26228,IPC_SYN,SYN-01,1,1
26229,IPC_SYN,SYN-01,1,1
26230,SPECIAL_LAW_SYN,SYN-03,1,1
26231,IPC_SYN,SYN-01,1,1
26232,IT_ACT_SYN,SYN-02,1,1
26233,SPECIAL_LAW_SYN,SYN-03,1,1
26234,IT_ACT_SYN,SYN-02,1,1
26235,IPC_SYN,SYN-01,1,1
26236,IPC_SYN,SYN-01,1,1
26237,IPC_SYN,SYN-01,1,1
26238,IPC_SYN,SYN-01,1,1
26239,IPC_SYN,SYN-01,1,1
26240,IPC_SYN,SYN-01,1,1
26241,IPC_SYN,SYN-01,1,1
26242,IPC_SYN,SYN-01,1,1
26243,IPC_SYN,SYN-01,1,1
26244,IPC_SYN,SYN-01,1,1
26245,IPC_SYN,SYN-01,1,1
26246,IPC_SYN,SYN-01,1,1
26247,IPC_SYN,SYN-01,1,1
26248,IT_ACT_SYN,SYN-02,1,1
26249,IT_ACT_SYN,SYN-02,1,1
26250,IT_ACT_SYN,SYN-02,1,1
26251,IPC_SYN,SYN-01,1,1
26252,IPC_SYN,SYN-01,1,1
26253,IPC_SYN,SYN-01,1,1
26254,IPC_SYN,SYN-01,1,1
26255,IT_ACT_SYN,SYN-02,1,1
26256,IPC_SYN,SYN-01,1,1
26257,IPC_SYN,SYN-01,1,1
26258,IT_ACT_SYN,SYN-02,1,1
26259,IPC_SYN,SYN-01,1,1
26260,IPC_SYN,SYN-01,1,1
26261,IPC_SYN,SYN-01,1,1
26262,IPC_SYN,SYN-01,1,1
26263,IPC_SYN,SYN-01,1,1
26264,IT_ACT_SYN,SYN-02,1,1
26265,IPC_SYN,SYN-01,1,1
26266,SPECIAL_LAW_SYN,SYN-03,1,1
26267,IPC_SYN,SYN-01,1,1
26268,IPC_SYN,SYN-01,1,1
26269,IT_ACT_SYN,SYN-02,1,1
26270,IT_ACT_SYN,SYN-02,1,1
26271,SPECIAL_LAW_SYN,SYN-03,1,1
26272,IT_ACT_SYN,SYN-02,1,1
26273,IT_ACT_SYN,SYN-02,1,1
26274,IPC_SYN,SYN-01,1,1
26275,SPECIAL_LAW_SYN,SYN-03,1,1
26276,IPC_SYN,SYN-01,1,1
26277,SPECIAL_LAW_SYN,SYN-03,1,1
26278,SPECIAL_LAW_SYN,SYN-03,1,1
26279,SPECIAL_LAW_SYN,SYN-03,1,1
26280,IPC_SYN,SYN-01,1,1
26281,IT_ACT_SYN,SYN-02,1,1
26282,SPECIAL_LAW_SYN,SYN-03,1,1
26283,IPC_SYN,SYN-01,1,1
26284,IPC_SYN,SYN-01,1,1
26285,IPC_SYN,SYN-01,1,1
26286,IPC_SYN,SYN-01,1,1
26287,IPC_SYN,SYN-01,1,1
26288,IPC_SYN,SYN-01,1,1
26289,IPC_SYN,SYN-01,1,1
26290,SPECIAL_LAW_SYN,SYN-03,1,1
26291,SPECIAL_LAW_SYN,SYN-03,1,1
26292,SPECIAL_LAW_SYN,SYN-03,1,1
26293,IPC_SYN,SYN-01,1,1
26294,IPC_SYN,SYN-01,1,1
26295,IPC_SYN,SYN-01,1,1
26296,IPC_SYN,SYN-01,1,1
26297,IPC_SYN,SYN-01,1,1
26298,IPC_SYN,SYN-01,1,1
26299,IPC_SYN,SYN-01,1,1
26300,IPC_SYN,SYN-01,1,1
26301,IPC_SYN,SYN-01,1,1
26302,IPC_SYN,SYN-01,1,1
26303,SPECIAL_LAW_SYN,SYN-03,1,1
26304,SPECIAL_LAW_SYN,SYN-03,1,1
26305,IPC_SYN,SYN-01,1,1
26306,IPC_SYN,SYN-01,1,1
26307,SPECIAL_LAW_SYN,SYN-03,1,1
26308,IPC_SYN,SYN-01,1,1
26309,IPC_SYN,SYN-01,1,1
26310,IPC_SYN,SYN-01,1,1
26311,IPC_SYN,SYN-01,1,1
26312,IT_ACT_SYN,SYN-02,1,1
26313,IPC_SYN,SYN-01,1,1
26314,IT_ACT_SYN,SYN-02,1,1
26315,IT_ACT_SYN,SYN-02,1,1
26316,IT_ACT_SYN,SYN-02,1,1
26317,IPC_SYN,SYN-01,1,1
26318,IT_ACT_SYN,SYN-02,1,1
26319,IPC_SYN,SYN-01,1,1
26320,IPC_SYN,SYN-01,1,1
26321,SPECIAL_LAW_SYN,SYN-03,1,1
26322,IT_ACT_SYN,SYN-02,1,1
26323,IPC_SYN,SYN-01,1,1
26324,IPC_SYN,SYN-01,1,1
26325,SPECIAL_LAW_SYN,SYN-03,1,1
26326,SPECIAL_LAW_SYN,SYN-03,1,1
26327,SPECIAL_LAW_SYN,SYN-03,1,1
26328,SPECIAL_LAW_SYN,SYN-03,1,1
26329,IPC_SYN,SYN-01,1,1
26330,IPC_SYN,SYN-01,1,1
26331,SPECIAL_LAW_SYN,SYN-03,1,1
26332,IT_ACT_SYN,SYN-02,1,1
26333,IT_ACT_SYN,SYN-02,1,1
26334,IT_ACT_SYN,SYN-02,1,1
26335,SPECIAL_LAW_SYN,SYN-03,1,1
26336,SPECIAL_LAW_SYN,SYN-03,1,1
26337,SPECIAL_LAW_SYN,SYN-03,1,1
26338,SPECIAL_LAW_SYN,SYN-03,1,1
26339,IPC_SYN,SYN-01,1,1
26340,IPC_SYN,SYN-01,1,1
26341,IPC_SYN,SYN-01,1,1
26342,SPECIAL_LAW_SYN,SYN-03,1,1
26343,IPC_SYN,SYN-01,1,1
26344,IPC_SYN,SYN-01,1,1
26345,IT_ACT_SYN,SYN-02,1,1
26346,IPC_SYN,SYN-01,1,1
26347,IPC_SYN,SYN-01,1,1
26348,IPC_SYN,SYN-01,1,1
26349,SPECIAL_LAW_SYN,SYN-03,1,1
26350,IPC_SYN,SYN-01,1,1
26351,IPC_SYN,SYN-01,1,1
26352,IPC_SYN,SYN-01,1,1
26353,IPC_SYN,SYN-01,1,1
26354,SPECIAL_LAW_SYN,SYN-03,1,1
26355,IPC_SYN,SYN-01,1,1
26356,SPECIAL_LAW_SYN,SYN-03,1,1
26357,IPC_SYN,SYN-01,1,1
26358,SPECIAL_LAW_SYN,SYN-03,1,1
26359,SPECIAL_LAW_SYN,SYN-03,1,1
26360,IPC_SYN,SYN-01,1,1
26361,IPC_SYN,SYN-01,1,1
26362,IT_ACT_SYN,SYN-02,1,1
26363,IPC_SYN,SYN-01,1,1
26364,SPECIAL_LAW_SYN,SYN-03,1,1
26365,IT_ACT_SYN,SYN-02,1,1
26366,IPC_SYN,SYN-01,1,1
26367,IPC_SYN,SYN-01,1,1
26368,IT_ACT_SYN,SYN-02,1,1
26369,IPC_SYN,SYN-01,1,1
26370,IPC_SYN,SYN-01,1,1
26371,SPECIAL_LAW_SYN,SYN-03,1,1
26372,SPECIAL_LAW_SYN,SYN-03,1,1
26373,IPC_SYN,SYN-01,1,1
26374,IPC_SYN,SYN-01,1,1
26375,IPC_SYN,SYN-01,1,1
26376,IPC_SYN,SYN-01,1,1
26377,IT_ACT_SYN,SYN-02,1,1
26378,IPC_SYN,SYN-01,1,1
26379,SPECIAL_LAW_SYN,SYN-03,1,1
26380,IPC_SYN,SYN-01,1,1
26381,SPECIAL_LAW_SYN,SYN-03,1,1
26382,IPC_SYN,SYN-01,1,1
26383,IT_ACT_SYN,SYN-02,1,1
26384,IPC_SYN,SYN-01,1,1
26385,IPC_SYN,SYN-01,1,1
26386,IPC_SYN,SYN-01,1,1
26387,SPECIAL_LAW_SYN,SYN-03,1,1
26388,IPC_SYN,SYN-01,1,1
26389,IPC_SYN,SYN-01,1,1
26390,IPC_SYN,SYN-01,1,1
26391,IT_ACT_SYN,SYN-02,1,1
26392,IPC_SYN,SYN-01,1,1
26393,IPC_SYN,SYN-01,1,1
26394,SPECIAL_LAW_SYN,SYN-03,1,1
26395,SPECIAL_LAW_SYN,SYN-03,1,1
26396,IPC_SYN,SYN-01,1,1
26397,SPECIAL_LAW_SYN,SYN-03,1,1
26398,IPC_SYN,SYN-01,1,1
26399,IPC_SYN,SYN-01,1,1
26400,IPC_SYN,SYN-01,1,1
26401,SPECIAL_LAW_SYN,SYN-03,1,1
26402,IPC_SYN,SYN-01,1,1
26403,IT_ACT_SYN,SYN-02,1,1
26404,IPC_SYN,SYN-01,1,1
26405,SPECIAL_LAW_SYN,SYN-03,1,1
26406,IPC_SYN,SYN-01,1,1
26407,SPECIAL_LAW_SYN,SYN-03,1,1
26408,IPC_SYN,SYN-01,1,1
26409,IPC_SYN,SYN-01,1,1
26410,SPECIAL_LAW_SYN,SYN-03,1,1
26411,SPECIAL_LAW_SYN,SYN-03,1,1
26412,IPC_SYN,SYN-01,1,1
26413,IT_ACT_SYN,SYN-02,1,1
26414,IPC_SYN,SYN-01,1,1
26415,IPC_SYN,SYN-01,1,1
26416,IPC_SYN,SYN-01,1,1
26417,IPC_SYN,SYN-01,1,1
26418,SPECIAL_LAW_SYN,SYN-03,1,1
26419,IPC_SYN,SYN-01,1,1
26420,IPC_SYN,SYN-01,1,1
26421,SPECIAL_LAW_SYN,SYN-03,1,1
26422,SPECIAL_LAW_SYN,SYN-03,1,1
26423,IPC_SYN,SYN-01,1,1
26424,IPC_SYN,SYN-01,1,1
26425,IPC_SYN,SYN-01,1,1
26426,SPECIAL_LAW_SYN,SYN-03,1,1
26427,IPC_SYN,SYN-01,1,1
26428,IPC_SYN,SYN-01,1,1
26429,IT_ACT_SYN,SYN-02,1,1
26430,IPC_SYN,SYN-01,1,1
26431,SPECIAL_LAW_SYN,SYN-03,1,1
26432,IPC_SYN,SYN-01,1,1
26433,SPECIAL_LAW_SYN,SYN-03,1,1
26434,IPC_SYN,SYN-01,1,1
26435,IPC_SYN,SYN-01,1,1
26436,IPC_SYN,SYN-01,1,1
26437,IT_ACT_SYN,SYN-02,1,1
26438,IPC_SYN,SYN-01,1,1
26439,IPC_SYN,SYN-01,1,1
26440,IPC_SYN,SYN-01,1,1
26441,IPC_SYN,SYN-01,1,1
26442,IPC_SYN,SYN-01,1,1
26443,IPC_SYN,SYN-01,1,1
26444,SPECIAL_LAW_SYN,SYN-03,1,1
26445,SPECIAL_LAW_SYN,SYN-03,1,1
26446,IPC_SYN,SYN-01,1,1
26447,IPC_SYN,SYN-01,1,1
26448,IT_ACT_SYN,SYN-02,1,1
26449,IPC_SYN,SYN-01,1,1
26450,SPECIAL_LAW_SYN,SYN-03,1,1
26451,IPC_SYN,SYN-01,1,1
26452,IPC_SYN,SYN-01,1,1
26453,IPC_SYN,SYN-01,1,1
26454,IT_ACT_SYN,SYN-02,1,1
26455,SPECIAL_LAW_SYN,SYN-03,1,1
26456,IPC_SYN,SYN-01,1,1
26457,IPC_SYN,SYN-01,1,1
26458,IPC_SYN,SYN-01,1,1
26459,SPECIAL_LAW_SYN,SYN-03,1,1
26460,IPC_SYN,SYN-01,1,1
26461,IPC_SYN,SYN-01,1,1
26462,IPC_SYN,SYN-01,1,1
26463,IPC_SYN,SYN-01,1,1
26464,SPECIAL_LAW_SYN,SYN-03,1,1
26465,IPC_SYN,SYN-01,1,1
26466,IPC_SYN,SYN-01,1,1
26467,IPC_SYN,SYN-01,1,1
26468,IPC_SYN,SYN-01,1,1
26469,SPECIAL_LAW_SYN,SYN-03,1,1
26470,IPC_SYN,SYN-01,1,1
26471,IPC_SYN,SYN-01,1,1
26472,IPC_SYN,SYN-01,1,1
26473,SPECIAL_LAW_SYN,SYN-03,1,1
26474,IPC_SYN,SYN-01,1,1
26475,IPC_SYN,SYN-01,1,1
26476,IPC_SYN,SYN-01,1,1
26477,IPC_SYN,SYN-01,1,1
26478,SPECIAL_LAW_SYN,SYN-03,1,1
26479,SPECIAL_LAW_SYN,SYN-03,1,1
26480,IPC_SYN,SYN-01,1,1
26481,SPECIAL_LAW_SYN,SYN-03,1,1
26482,IPC_SYN,SYN-01,1,1
26483,IPC_SYN,SYN-01,1,1
26484,SPECIAL_LAW_SYN,SYN-03,1,1
26485,IT_ACT_SYN,SYN-02,1,1
26486,SPECIAL_LAW_SYN,SYN-03,1,1
26487,IPC_SYN,SYN-01,1,1
26488,SPECIAL_LAW_SYN,SYN-03,1,1
26489,SPECIAL_LAW_SYN,SYN-03,1,1
26490,SPECIAL_LAW_SYN,SYN-03,1,1
26491,IPC_SYN,SYN-01,1,1
26492,SPECIAL_LAW_SYN,SYN-03,1,1
26493,IPC_SYN,SYN-01,1,1
26494,IPC_SYN,SYN-01,1,1
26495,SPECIAL_LAW_SYN,SYN-03,1,1
26496,IPC_SYN,SYN-01,1,1
26497,IPC_SYN,SYN-01,1,1
26498,SPECIAL_LAW_SYN,SYN-03,1,1
26499,IPC_SYN,SYN-01,1,1
26500,SPECIAL_LAW_SYN,SYN-03,1,1
26501,IPC_SYN,SYN-01,1,1
26502,IPC_SYN,SYN-01,1,1
26503,IPC_SYN,SYN-01,1,1
26504,IPC_SYN,SYN-01,1,1
26505,SPECIAL_LAW_SYN,SYN-03,1,1
26506,IPC_SYN,SYN-01,1,1
26507,IPC_SYN,SYN-01,1,1
26508,SPECIAL_LAW_SYN,SYN-03,1,1
26509,IT_ACT_SYN,SYN-02,1,1
26510,IPC_SYN,SYN-01,1,1
26511,IPC_SYN,SYN-01,1,1
26512,IPC_SYN,SYN-01,1,1
26513,SPECIAL_LAW_SYN,SYN-03,1,1
26514,SPECIAL_LAW_SYN,SYN-03,1,1
26515,SPECIAL_LAW_SYN,SYN-03,1,1
26516,IPC_SYN,SYN-01,1,1
26517,SPECIAL_LAW_SYN,SYN-03,1,1
26518,IPC_SYN,SYN-01,1,1
26519,IPC_SYN,SYN-01,1,1
26520,SPECIAL_LAW_SYN,SYN-03,1,1
26521,IPC_SYN,SYN-01,1,1
26522,SPECIAL_LAW_SYN,SYN-03,1,1
26523,IT_ACT_SYN,SYN-02,1,1
26524,IPC_SYN,SYN-01,1,1
26525,SPECIAL_LAW_SYN,SYN-03,1,1
26526,IPC_SYN,SYN-01,1,1
26527,IPC_SYN,SYN-01,1,1
26528,SPECIAL_LAW_SYN,SYN-03,1,1
26529,SPECIAL_LAW_SYN,SYN-03,1,1
26530,IT_ACT_SYN,SYN-02,1,1
26531,IPC_SYN,SYN-01,1,1
26532,IPC_SYN,SYN-01,1,1
26533,IPC_SYN,SYN-01,1,1
26534,IPC_SYN,SYN-01,1,1
26535,IPC_SYN,SYN-01,1,1
26536,SPECIAL_LAW_SYN,SYN-03,1,1
26537,IT_ACT_SYN,SYN-02,1,1
26538,IPC_SYN,SYN-01,1,1
26539,SPECIAL_LAW_SYN,SYN-03,1,1
26540,SPECIAL_LAW_SYN,SYN-03,1,1
26541,IPC_SYN,SYN-01,1,1
26542,IPC_SYN,SYN-01,1,1
26543,IPC_SYN,SYN-01,1,1
26544,IPC_SYN,SYN-01,1,1
26545,SPECIAL_LAW_SYN,SYN-03,1,1
26546,IPC_SYN,SYN-01,1,1
26547,IPC_SYN,SYN-01,1,1
26548,IPC_SYN,SYN-01,1,1
26549,SPECIAL_LAW_SYN,SYN-03,1,1
26550,SPECIAL_LAW_SYN,SYN-03,1,1
26551,SPECIAL_LAW_SYN,SYN-03,1,1
26552,IPC_SYN,SYN-01,1,1
26553,SPECIAL_LAW_SYN,SYN-03,1,1
26554,IPC_SYN,SYN-01,1,1
26555,IPC_SYN,SYN-01,1,1
26556,SPECIAL_LAW_SYN,SYN-03,1,1
26557,IPC_SYN,SYN-01,1,1
26558,SPECIAL_LAW_SYN,SYN-03,1,1
26559,IT_ACT_SYN,SYN-02,1,1
26560,IPC_SYN,SYN-01,1,1
26561,IPC_SYN,SYN-01,1,1
26562,IT_ACT_SYN,SYN-02,1,1
26563,SPECIAL_LAW_SYN,SYN-03,1,1
26564,IT_ACT_SYN,SYN-02,1,1
26565,IT_ACT_SYN,SYN-02,1,1
26566,IPC_SYN,SYN-01,1,1
26567,IPC_SYN,SYN-01,1,1
26568,IPC_SYN,SYN-01,1,1
26569,SPECIAL_LAW_SYN,SYN-03,1,1
26570,IPC_SYN,SYN-01,1,1
26571,IPC_SYN,SYN-01,1,1
26572,IPC_SYN,SYN-01,1,1
26573,IPC_SYN,SYN-01,1,1
26574,IPC_SYN,SYN-01,1,1
26575,IPC_SYN,SYN-01,1,1
26576,IPC_SYN,SYN-01,1,1
26577,IPC_SYN,SYN-01,1,1
26578,SPECIAL_LAW_SYN,SYN-03,1,1
26579,IPC_SYN,SYN-01,1,1
26580,IPC_SYN,SYN-01,1,1
26581,IPC_SYN,SYN-01,1,1
26582,IPC_SYN,SYN-01,1,1
26583,IPC_SYN,SYN-01,1,1
26584,IPC_SYN,SYN-01,1,1
26585,SPECIAL_LAW_SYN,SYN-03,1,1
26586,SPECIAL_LAW_SYN,SYN-03,1,1
26587,IPC_SYN,SYN-01,1,1
26588,IPC_SYN,SYN-01,1,1
26589,IT_ACT_SYN,SYN-02,1,1
26590,SPECIAL_LAW_SYN,SYN-03,1,1
26591,IT_ACT_SYN,SYN-02,1,1
26592,IPC_SYN,SYN-01,1,1
26593,SPECIAL_LAW_SYN,SYN-03,1,1
26594,IPC_SYN,SYN-01,1,1
26595,SPECIAL_LAW_SYN,SYN-03,1,1
26596,IPC_SYN,SYN-01,1,1
26597,IPC_SYN,SYN-01,1,1
26598,SPECIAL_LAW_SYN,SYN-03,1,1
26599,SPECIAL_LAW_SYN,SYN-03,1,1
26600,IT_ACT_SYN,SYN-02,1,1
26601,SPECIAL_LAW_SYN,SYN-03,1,1
26602,IPC_SYN,SYN-01,1,1
26603,SPECIAL_LAW_SYN,SYN-03,1,1
26604,SPECIAL_LAW_SYN,SYN-03,1,1
26605,SPECIAL_LAW_SYN,SYN-03,1,1
26606,SPECIAL_LAW_SYN,SYN-03,1,1
26607,IPC_SYN,SYN-01,1,1
26608,IPC_SYN,SYN-01,1,1
26609,SPECIAL_LAW_SYN,SYN-03,1,1
26610,IPC_SYN,SYN-01,1,1
26611,SPECIAL_LAW_SYN,SYN-03,1,1
26612,SPECIAL_LAW_SYN,SYN-03,1,1
26613,IPC_SYN,SYN-01,1,1
26614,SPECIAL_LAW_SYN,SYN-03,1,1
26615,IPC_SYN,SYN-01,1,1
26616,IPC_SYN,SYN-01,1,1
26617,SPECIAL_LAW_SYN,SYN-03,1,1
26618,IPC_SYN,SYN-01,1,1
26619,IPC_SYN,SYN-01,1,1
26620,SPECIAL_LAW_SYN,SYN-03,1,1
26621,SPECIAL_LAW_SYN,SYN-03,1,1
26622,SPECIAL_LAW_SYN,SYN-03,1,1
26623,IPC_SYN,SYN-01,1,1
26624,IPC_SYN,SYN-01,1,1
26625,SPECIAL_LAW_SYN,SYN-03,1,1
26626,IT_ACT_SYN,SYN-02,1,1
26627,IPC_SYN,SYN-01,1,1
26628,IPC_SYN,SYN-01,1,1
26629,SPECIAL_LAW_SYN,SYN-03,1,1
26630,IT_ACT_SYN,SYN-02,1,1
26631,IPC_SYN,SYN-01,1,1
26632,SPECIAL_LAW_SYN,SYN-03,1,1
26633,IPC_SYN,SYN-01,1,1
26634,IPC_SYN,SYN-01,1,1
26635,IPC_SYN,SYN-01,1,1
26636,IPC_SYN,SYN-01,1,1
26637,IT_ACT_SYN,SYN-02,1,1
26638,IPC_SYN,SYN-01,1,1
26639,IPC_SYN,SYN-01,1,1
26640,IPC_SYN,SYN-01,1,1
26641,IPC_SYN,SYN-01,1,1
26642,IPC_SYN,SYN-01,1,1
26643,IPC_SYN,SYN-01,1,1
26644,IT_ACT_SYN,SYN-02,1,1
26645,IPC_SYN,SYN-01,1,1
26646,SPECIAL_LAW_SYN,SYN-03,1,1
26647,IPC_SYN,SYN-01,1,1
26648,SPECIAL_LAW_SYN,SYN-03,1,1
26649,IPC_SYN,SYN-01,1,1
26650,IPC_SYN,SYN-01,1,1
26651,IPC_SYN,SYN-01,1,1
26652,SPECIAL_LAW_SYN,SYN-03,1,1
26653,IPC_SYN,SYN-01,1,1
26654,SPECIAL_LAW_SYN,SYN-03,1,1
26655,IPC_SYN,SYN-01,1,1
26656,IPC_SYN,SYN-01,1,1
26657,SPECIAL_LAW_SYN,SYN-03,1,1
26658,IPC_SYN,SYN-01,1,1
26659,SPECIAL_LAW_SYN,SYN-03,1,1
26660,SPECIAL_LAW_SYN,SYN-03,1,1
26661,IPC_SYN,SYN-01,1,1
26662,IPC_SYN,SYN-01,1,1
26663,IPC_SYN,SYN-01,1,1
26664,SPECIAL_LAW_SYN,SYN-03,1,1
26665,IPC_SYN,SYN-01,1,1
26666,IT_ACT_SYN,SYN-02,1,1
26667,IPC_SYN,SYN-01,1,1
26668,IPC_SYN,SYN-01,1,1
26669,SPECIAL_LAW_SYN,SYN-03,1,1
26670,SPECIAL_LAW_SYN,SYN-03,1,1
26671,SPECIAL_LAW_SYN,SYN-03,1,1
26672,IPC_SYN,SYN-01,1,1
26673,IPC_SYN,SYN-01,1,1
26674,SPECIAL_LAW_SYN,SYN-03,1,1
26675,IPC_SYN,SYN-01,1,1
26676,SPECIAL_LAW_SYN,SYN-03,1,1
26677,SPECIAL_LAW_SYN,SYN-03,1,1
26678,IPC_SYN,SYN-01,1,1
26679,SPECIAL_LAW_SYN,SYN-03,1,1
26680,SPECIAL_LAW_SYN,SYN-03,1,1
26681,IPC_SYN,SYN-01,1,1
26682,IPC_SYN,SYN-01,1,1
26683,IPC_SYN,SYN-01,1,1
26684,IPC_SYN,SYN-01,1,1
26685,IPC_SYN,SYN-01,1,1
26686,SPECIAL_LAW_SYN,SYN-03,1,1
26687,IPC_SYN,SYN-01,1,1
26688,IPC_SYN,SYN-01,1,1
26689,IPC_SYN,SYN-01,1,1
26690,SPECIAL_LAW_SYN,SYN-03,1,1
26691,IPC_SYN,SYN-01,1,1
26692,SPECIAL_LAW_SYN,SYN-03,1,1
26693,IT_ACT_SYN,SYN-02,1,1
26694,IPC_SYN,SYN-01,1,1
26695,SPECIAL_LAW_SYN,SYN-03,1,1
26696,IPC_SYN,SYN-01,1,1
26697,IPC_SYN,SYN-01,1,1
26698,IPC_SYN,SYN-01,1,1
26699,IPC_SYN,SYN-01,1,1
26700,IPC_SYN,SYN-01,1,1
26701,IPC_SYN,SYN-01,1,1
26702,IPC_SYN,SYN-01,1,1
26703,SPECIAL_LAW_SYN,SYN-03,1,1
26704,SPECIAL_LAW_SYN,SYN-03,1,1
26705,IPC_SYN,SYN-01,1,1
26706,IPC_SYN,SYN-01,1,1
26707,IT_ACT_SYN,SYN-02,1,1
26708,IPC_SYN,SYN-01,1,1
26709,IPC_SYN,SYN-01,1,1
26710,IPC_SYN,SYN-01,1,1
26711,IPC_SYN,SYN-01,1,1
26712,IPC_SYN,SYN-01,1,1
26713,SPECIAL_LAW_SYN,SYN-03,1,1
26714,IPC_SYN,SYN-01,1,1
26715,SPECIAL_LAW_SYN,SYN-03,1,1
26716,IPC_SYN,SYN-01,1,1
26717,IPC_SYN,SYN-01,1,1
26718,IT_ACT_SYN,SYN-02,1,1
26719,IT_ACT_SYN,SYN-02,1,1
26720,IPC_SYN,SYN-01,1,1
26721,IPC_SYN,SYN-01,1,1
26722,IPC_SYN,SYN-01,1,1
26723,SPECIAL_LAW_SYN,SYN-03,1,1
26724,IPC_SYN,SYN-01,1,1
26725,IPC_SYN,SYN-01,1,1
26726,SPECIAL_LAW_SYN,SYN-03,1,1
26727,IPC_SYN,SYN-01,1,1
26728,SPECIAL_LAW_SYN,SYN-03,1,1
26729,IPC_SYN,SYN-01,1,1
26730,IT_ACT_SYN,SYN-02,1,1
26731,IT_ACT_SYN,SYN-02,1,1
26732,IPC_SYN,SYN-01,1,1
26733,SPECIAL_LAW_SYN,SYN-03,1,1
26734,IPC_SYN,SYN-01,1,1
26735,IPC_SYN,SYN-01,1,1
26736,IPC_SYN,SYN-01,1,1
26737,IPC_SYN,SYN-01,1,1
26738,SPECIAL_LAW_SYN,SYN-03,1,1
26739,SPECIAL_LAW_SYN,SYN-03,1,1
26740,IPC_SYN,SYN-01,1,1
26741,IPC_SYN,SYN-01,1,1
26742,IPC_SYN,SYN-01,1,1
26743,IPC_SYN,SYN-01,1,1
26744,IPC_SYN,SYN-01,1,1
26745,SPECIAL_LAW_SYN,SYN-03,1,1
26746,SPECIAL_LAW_SYN,SYN-03,1,1
26747,IPC_SYN,SYN-01,1,1
26748,IPC_SYN,SYN-01,1,1
26749,IPC_SYN,SYN-01,1,1
26750,IPC_SYN,SYN-01,1,1
26751,IT_ACT_SYN,SYN-02,1,1
26752,IT_ACT_SYN,SYN-02,1,1
26753,IPC_SYN,SYN-01,1,1
26754,SPECIAL_LAW_SYN,SYN-03,1,1
26755,IPC_SYN,SYN-01,1,1
26756,IPC_SYN,SYN-01,1,1
26757,IPC_SYN,SYN-01,1,1
26758,IPC_SYN,SYN-01,1,1
26759,IT_ACT_SYN,SYN-02,1,1
26760,IPC_SYN,SYN-01,1,1
26761,IPC_SYN,SYN-01,1,1
26762,IT_ACT_SYN,SYN-02,1,1
26763,SPECIAL_LAW_SYN,SYN-03,1,1
26764,IPC_SYN,SYN-01,1,1
26765,IPC_SYN,SYN-01,1,1
26766,IPC_SYN,SYN-01,1,1
26767,SPECIAL_LAW_SYN,SYN-03,1,1
26768,SPECIAL_LAW_SYN,SYN-03,1,1
26769,IPC_SYN,SYN-01,1,1
26770,SPECIAL_LAW_SYN,SYN-03,1,1
26771,IT_ACT_SYN,SYN-02,1,1
26772,IPC_SYN,SYN-01,1,1
26773,IPC_SYN,SYN-01,1,1
26774,IPC_SYN,SYN-01,1,1
26775,IPC_SYN,SYN-01,1,1
26776,IPC_SYN,SYN-01,1,1
26777,SPECIAL_LAW_SYN,SYN-03,1,1
26778,IPC_SYN,SYN-01,1,1
26779,SPECIAL_LAW_SYN,SYN-03,1,1
26780,IPC_SYN,SYN-01,1,1
26781,SPECIAL_LAW_SYN,SYN-03,1,1
26782,IPC_SYN,SYN-01,1,1
26783,SPECIAL_LAW_SYN,SYN-03,1,1
26784,IPC_SYN,SYN-01,1,1
26785,IPC_SYN,SYN-01,1,1
26786,IPC_SYN,SYN-01,1,1
26787,IT_ACT_SYN,SYN-02,1,1
26788,IPC_SYN,SYN-01,1,1
26789,IT_ACT_SYN,SYN-02,1,1
26790,IPC_SYN,SYN-01,1,1
26791,SPECIAL_LAW_SYN,SYN-03,1,1
26792,IPC_SYN,SYN-01,1,1
26793,SPECIAL_LAW_SYN,SYN-03,1,1
26794,IPC_SYN,SYN-01,1,1
26795,IPC_SYN,SYN-01,1,1
26796,SPECIAL_LAW_SYN,SYN-03,1,1
26797,IT_ACT_SYN,SYN-02,1,1
26798,SPECIAL_LAW_SYN,SYN-03,1,1
26799,SPECIAL_LAW_SYN,SYN-03,1,1
26800,IPC_SYN,SYN-01,1,1
26801,IPC_SYN,SYN-01,1,1
26802,IPC_SYN,SYN-01,1,1
26803,SPECIAL_LAW_SYN,SYN-03,1,1
26804,SPECIAL_LAW_SYN,SYN-03,1,1
26805,SPECIAL_LAW_SYN,SYN-03,1,1
26806,IPC_SYN,SYN-01,1,1
26807,SPECIAL_LAW_SYN,SYN-03,1,1
26808,IT_ACT_SYN,SYN-02,1,1
26809,IPC_SYN,SYN-01,1,1
26810,IPC_SYN,SYN-01,1,1
26811,IT_ACT_SYN,SYN-02,1,1
26812,SPECIAL_LAW_SYN,SYN-03,1,1
26813,SPECIAL_LAW_SYN,SYN-03,1,1
26814,SPECIAL_LAW_SYN,SYN-03,1,1
26815,IPC_SYN,SYN-01,1,1
26816,IPC_SYN,SYN-01,1,1
26817,IPC_SYN,SYN-01,1,1
26818,IPC_SYN,SYN-01,1,1
26819,SPECIAL_LAW_SYN,SYN-03,1,1
26820,IPC_SYN,SYN-01,1,1
26821,IPC_SYN,SYN-01,1,1
26822,SPECIAL_LAW_SYN,SYN-03,1,1
26823,IPC_SYN,SYN-01,1,1
26824,IPC_SYN,SYN-01,1,1
26825,IT_ACT_SYN,SYN-02,1,1
26826,IT_ACT_SYN,SYN-02,1,1
26827,IPC_SYN,SYN-01,1,1
26828,IPC_SYN,SYN-01,1,1
26829,IPC_SYN,SYN-01,1,1
26830,IPC_SYN,SYN-01,1,1
26831,IPC_SYN,SYN-01,1,1
26832,SPECIAL_LAW_SYN,SYN-03,1,1
26833,IPC_SYN,SYN-01,1,1
26834,IPC_SYN,SYN-01,1,1
26835,SPECIAL_LAW_SYN,SYN-03,1,1
26836,IPC_SYN,SYN-01,1,1
26837,SPECIAL_LAW_SYN,SYN-03,1,1
26838,SPECIAL_LAW_SYN,SYN-03,1,1
26839,IPC_SYN,SYN-01,1,1
26840,IPC_SYN,SYN-01,1,1
26841,IPC_SYN,SYN-01,1,1
26842,SPECIAL_LAW_SYN,SYN-03,1,1
26843,IPC_SYN,SYN-01,1,1
26844,IPC_SYN,SYN-01,1,1
26845,IT_ACT_SYN,SYN-02,1,1
26846,SPECIAL_LAW_SYN,SYN-03,1,1
26847,IPC_SYN,SYN-01,1,1
26848,SPECIAL_LAW_SYN,SYN-03,1,1
26849,IPC_SYN,SYN-01,1,1
26850,SPECIAL_LAW_SYN,SYN-03,1,1
26851,IPC_SYN,SYN-01,1,1
26852,IPC_SYN,SYN-01,1,1
26853,IT_ACT_SYN,SYN-02,1,1
26854,IPC_SYN,SYN-01,1,1
26855,IPC_SYN,SYN-01,1,1
26856,IPC_SYN,SYN-01,1,1
26857,IPC_SYN,SYN-01,1,1
26858,IPC_SYN,SYN-01,1,1
26859,IPC_SYN,SYN-01,1,1
26860,IPC_SYN,SYN-01,1,1
26861,SPECIAL_LAW_SYN,SYN-03,1,1
26862,IPC_SYN,SYN-01,1,1
26863,IPC_SYN,SYN-01,1,1
26864,SPECIAL_LAW_SYN,SYN-03,1,1
26865,IPC_SYN,SYN-01,1,1
26866,IPC_SYN,SYN-01,1,1
26867,SPECIAL_LAW_SYN,SYN-03,1,1
26868,SPECIAL_LAW_SYN,SYN-03,1,1
26869,IPC_SYN,SYN-01,1,1
26870,IT_ACT_SYN,SYN-02,1,1
26871,SPECIAL_LAW_SYN,SYN-03,1,1
26872,IPC_SYN,SYN-01,1,1
26873,IT_ACT_SYN,SYN-02,1,1
26874,SPECIAL_LAW_SYN,SYN-03,1,1
26875,IPC_SYN,SYN-01,1,1
26876,IT_ACT_SYN,SYN-02,1,1
26877,IPC_SYN,SYN-01,1,1
26878,SPECIAL_LAW_SYN,SYN-03,1,1
26879,IPC_SYN,SYN-01,1,1
26880,IPC_SYN,SYN-01,1,1
26881,IT_ACT_SYN,SYN-02,1,1
26882,IPC_SYN,SYN-01,1,1
26883,IPC_SYN,SYN-01,1,1
26884,SPECIAL_LAW_SYN,SYN-03,1,1
26885,IPC_SYN,SYN-01,1,1
26886,SPECIAL_LAW_SYN,SYN-03,1,1
26887,IPC_SYN,SYN-01,1,1
26888,IT_ACT_SYN,SYN-02,1,1
26889,IPC_SYN,SYN-01,1,1
26890,IPC_SYN,SYN-01,1,1
26891,IPC_SYN,SYN-01,1,1
26892,IT_ACT_SYN,SYN-02,1,1
26893,IT_ACT_SYN,SYN-02,1,1
26894,IPC_SYN,SYN-01,1,1
26895,IPC_SYN,SYN-01,1,1
26896,IPC_SYN,SYN-01,1,1
26897,IPC_SYN,SYN-01,1,1
26898,IPC_SYN,SYN-01,1,1
26899,SPECIAL_LAW_SYN,SYN-03,1,1
26900,SPECIAL_LAW_SYN,SYN-03,1,1
26901,SPECIAL_LAW_SYN,SYN-03,1,1
26902,IPC_SYN,SYN-01,1,1
26903,IPC_SYN,SYN-01,1,1
26904,IPC_SYN,SYN-01,1,1
26905,IPC_SYN,SYN-01,1,1
26906,IPC_SYN,SYN-01,1,1
26907,IT_ACT_SYN,SYN-02,1,1
26908,IPC_SYN,SYN-01,1,1
26909,IPC_SYN,SYN-01,1,1
26910,IPC_SYN,SYN-01,1,1
26911,IT_ACT_SYN,SYN-02,1,1
26912,IPC_SYN,SYN-01,1,1
26913,IT_ACT_SYN,SYN-02,1,1
26914,IT_ACT_SYN,SYN-02,1,1
26915,IPC_SYN,SYN-01,1,1
26916,IPC_SYN,SYN-01,1,1
26917,IPC_SYN,SYN-01,1,1
26918,IPC_SYN,SYN-01,1,1
26919,IPC_SYN,SYN-01,1,1
26920,IT_ACT_SYN,SYN-02,1,1
26921,IPC_SYN,SYN-01,1,1
26922,IT_ACT_SYN,SYN-02,1,1
26923,SPECIAL_LAW_SYN,SYN-03,1,1
26924,IPC_SYN,SYN-01,1,1
26925,IPC_SYN,SYN-01,1,1
26926,IPC_SYN,SYN-01,1,1
26927,IPC_SYN,SYN-01,1,1
26928,IPC_SYN,SYN-01,1,1
26929,IPC_SYN,SYN-01,1,1
26930,IPC_SYN,SYN-01,1,1
26931,IT_ACT_SYN,SYN-02,1,1
26932,IT_ACT_SYN,SYN-02,1,1
26933,IPC_SYN,SYN-01,1,1
26934,IPC_SYN,SYN-01,1,1
26935,IPC_SYN,SYN-01,1,1
26936,SPECIAL_LAW_SYN,SYN-03,1,1
26937,IPC_SYN,SYN-01,1,1
26938,IT_ACT_SYN,SYN-02,1,1
26939,IT_ACT_SYN,SYN-02,1,1
26940,IPC_SYN,SYN-01,1,1
26941,SPECIAL_LAW_SYN,SYN-03,1,1
26942,IT_ACT_SYN,SYN-02,1,1
26943,IT_ACT_SYN,SYN-02,1,1
26944,IT_ACT_SYN,SYN-02,1,1
26945,IT_ACT_SYN,SYN-02,1,1
26946,IT_ACT_SYN,SYN-02,1,1
26947,IPC_SYN,SYN-01,1,1
26948,SPECIAL_LAW_SYN,SYN-03,1,1
26949,IPC_SYN,SYN-01,1,1
26950,IPC_SYN,SYN-01,1,1
26951,IPC_SYN,SYN-01,1,1
26952,SPECIAL_LAW_SYN,SYN-03,1,1
26953,IT_ACT_SYN,SYN-02,1,1
26954,IPC_SYN,SYN-01,1,1
26955,IPC_SYN,SYN-01,1,1
26956,IT_ACT_SYN,SYN-02,1,1
26957,SPECIAL_LAW_SYN,SYN-03,1,1
26958,IPC_SYN,SYN-01,1,1
26959,IT_ACT_SYN,SYN-02,1,1
26960,IPC_SYN,SYN-01,1,1
26961,IPC_SYN,SYN-01,1,1
26962,SPECIAL_LAW_SYN,SYN-03,1,1
26963,IPC_SYN,SYN-01,1,1
26964,IPC_SYN,SYN-01,1,1
26965,IPC_SYN,SYN-01,1,1
26966,SPECIAL_LAW_SYN,SYN-03,1,1
26967,IPC_SYN,SYN-01,1,1
26968,SPECIAL_LAW_SYN,SYN-03,1,1
26969,IPC_SYN,SYN-01,1,1
26970,IPC_SYN,SYN-01,1,1
26971,SPECIAL_LAW_SYN,SYN-03,1,1
26972,SPECIAL_LAW_SYN,SYN-03,1,1
26973,SPECIAL_LAW_SYN,SYN-03,1,1
26974,IPC_SYN,SYN-01,1,1
26975,IPC_SYN,SYN-01,1,1
26976,IPC_SYN,SYN-01,1,1
26977,IPC_SYN,SYN-01,1,1
26978,IPC_SYN,SYN-01,1,1
26979,IPC_SYN,SYN-01,1,1
26980,IT_ACT_SYN,SYN-02,1,1
26981,IPC_SYN,SYN-01,1,1
26982,IPC_SYN,SYN-01,1,1
26983,IPC_SYN,SYN-01,1,1
26984,IPC_SYN,SYN-01,1,1
26985,IPC_SYN,SYN-01,1,1
26986,IPC_SYN,SYN-01,1,1
26987,SPECIAL_LAW_SYN,SYN-03,1,1
26988,SPECIAL_LAW_SYN,SYN-03,1,1
26989,SPECIAL_LAW_SYN,SYN-03,1,1
26990,SPECIAL_LAW_SYN,SYN-03,1,1
26991,IPC_SYN,SYN-01,1,1
26992,IPC_SYN,SYN-01,1,1
26993,SPECIAL_LAW_SYN,SYN-03,1,1
26994,IPC_SYN,SYN-01,1,1
26995,IPC_SYN,SYN-01,1,1
26996,IPC_SYN,SYN-01,1,1
26997,IPC_SYN,SYN-01,1,1
26998,IPC_SYN,SYN-01,1,1
26999,SPECIAL_LAW_SYN,SYN-03,1,1
27000,IT_ACT_SYN,SYN-02,1,1
27001,SPECIAL_LAW_SYN,SYN-03,1,1
27002,IPC_SYN,SYN-01,1,1
27003,IPC_SYN,SYN-01,1,1
27004,IPC_SYN,SYN-01,1,1
27005,IPC_SYN,SYN-01,1,1
27006,IPC_SYN,SYN-01,1,1
27007,IPC_SYN,SYN-01,1,1
27008,SPECIAL_LAW_SYN,SYN-03,1,1
27009,IPC_SYN,SYN-01,1,1
27010,SPECIAL_LAW_SYN,SYN-03,1,1
27011,IPC_SYN,SYN-01,1,1
27012,SPECIAL_LAW_SYN,SYN-03,1,1
27013,IPC_SYN,SYN-01,1,1
27014,SPECIAL_LAW_SYN,SYN-03,1,1
27015,SPECIAL_LAW_SYN,SYN-03,1,1
27016,IPC_SYN,SYN-01,1,1
27017,IPC_SYN,SYN-01,1,1
27018,IPC_SYN,SYN-01,1,1
27019,IPC_SYN,SYN-01,1,1
27020,IPC_SYN,SYN-01,1,1
27021,IPC_SYN,SYN-01,1,1
27022,IPC_SYN,SYN-01,1,1
27023,IPC_SYN,SYN-01,1,1
27024,SPECIAL_LAW_SYN,SYN-03,1,1
27025,IPC_SYN,SYN-01,1,1
27026,IPC_SYN,SYN-01,1,1
27027,SPECIAL_LAW_SYN,SYN-03,1,1
27028,IPC_SYN,SYN-01,1,1
27029,IPC_SYN,SYN-01,1,1
27030,SPECIAL_LAW_SYN,SYN-03,1,1
27031,SPECIAL_LAW_SYN,SYN-03,1,1
27032,IPC_SYN,SYN-01,1,1
27033,IPC_SYN,SYN-01,1,1
27034,SPECIAL_LAW_SYN,SYN-03,1,1
27035,IPC_SYN,SYN-01,1,1
27036,IPC_SYN,SYN-01,1,1
27037,IPC_SYN,SYN-01,1,1
27038,IPC_SYN,SYN-01,1,1
27039,IPC_SYN,SYN-01,1,1
27040,IT_ACT_SYN,SYN-02,1,1
27041,IPC_SYN,SYN-01,1,1
27042,SPECIAL_LAW_SYN,SYN-03,1,1
27043,SPECIAL_LAW_SYN,SYN-03,1,1
27044,IPC_SYN,SYN-01,1,1
27045,IPC_SYN,SYN-01,1,1
27046,IPC_SYN,SYN-01,1,1
27047,SPECIAL_LAW_SYN,SYN-03,1,1
27048,IPC_SYN,SYN-01,1,1
27049,SPECIAL_LAW_SYN,SYN-03,1,1
27050,IPC_SYN,SYN-01,1,1
27051,SPECIAL_LAW_SYN,SYN-03,1,1
27052,IPC_SYN,SYN-01,1,1
27053,IPC_SYN,SYN-01,1,1
27054,SPECIAL_LAW_SYN,SYN-03,1,1
27055,IT_ACT_SYN,SYN-02,1,1
27056,SPECIAL_LAW_SYN,SYN-03,1,1
27057,IPC_SYN,SYN-01,1,1
27058,IT_ACT_SYN,SYN-02,1,1
27059,IT_ACT_SYN,SYN-02,1,1
27060,SPECIAL_LAW_SYN,SYN-03,1,1
27061,SPECIAL_LAW_SYN,SYN-03,1,1
27062,IPC_SYN,SYN-01,1,1
27063,SPECIAL_LAW_SYN,SYN-03,1,1
27064,IPC_SYN,SYN-01,1,1
27065,SPECIAL_LAW_SYN,SYN-03,1,1
27066,IPC_SYN,SYN-01,1,1
27067,SPECIAL_LAW_SYN,SYN-03,1,1
27068,IPC_SYN,SYN-01,1,1
27069,SPECIAL_LAW_SYN,SYN-03,1,1
27070,IPC_SYN,SYN-01,1,1
27071,SPECIAL_LAW_SYN,SYN-03,1,1
27072,IPC_SYN,SYN-01,1,1
27073,IPC_SYN,SYN-01,1,1
27074,SPECIAL_LAW_SYN,SYN-03,1,1
27075,SPECIAL_LAW_SYN,SYN-03,1,1
27076,IT_ACT_SYN,SYN-02,1,1
27077,IPC_SYN,SYN-01,1,1
27078,IPC_SYN,SYN-01,1,1
27079,IPC_SYN,SYN-01,1,1
27080,IPC_SYN,SYN-01,1,1
27081,SPECIAL_LAW_SYN,SYN-03,1,1
27082,IPC_SYN,SYN-01,1,1
27083,SPECIAL_LAW_SYN,SYN-03,1,1
27084,IPC_SYN,SYN-01,1,1
27085,IT_ACT_SYN,SYN-02,1,1
27086,SPECIAL_LAW_SYN,SYN-03,1,1
27087,SPECIAL_LAW_SYN,SYN-03,1,1
27088,IPC_SYN,SYN-01,1,1
27089,IPC_SYN,SYN-01,1,1
27090,IPC_SYN,SYN-01,1,1
27091,SPECIAL_LAW_SYN,SYN-03,1,1
27092,IPC_SYN,SYN-01,1,1
27093,SPECIAL_LAW_SYN,SYN-03,1,1
27094,IPC_SYN,SYN-01,1,1
27095,IPC_SYN,SYN-01,1,1
27096,IPC_SYN,SYN-01,1,1
27097,SPECIAL_LAW_SYN,SYN-03,1,1
27098,SPECIAL_LAW_SYN,SYN-03,1,1
27099,IPC_SYN,SYN-01,1,1
27100,IPC_SYN,SYN-01,1,1
27101,SPECIAL_LAW_SYN,SYN-03,1,1
27102,IT_ACT_SYN,SYN-02,1,1
27103,IT_ACT_SYN,SYN-02,1,1
27104,IPC_SYN,SYN-01,1,1
27105,IPC_SYN,SYN-01,1,1
27106,IT_ACT_SYN,SYN-02,1,1
27107,SPECIAL_LAW_SYN,SYN-03,1,1
27108,IPC_SYN,SYN-01,1,1
27109,IPC_SYN,SYN-01,1,1
27110,IPC_SYN,SYN-01,1,1
27111,IT_ACT_SYN,SYN-02,1,1
27112,SPECIAL_LAW_SYN,SYN-03,1,1
27113,IT_ACT_SYN,SYN-02,1,1
27114,IT_ACT_SYN,SYN-02,1,1
27115,IPC_SYN,SYN-01,1,1
27116,SPECIAL_LAW_SYN,SYN-03,1,1
27117,IPC_SYN,SYN-01,1,1
27118,SPECIAL_LAW_SYN,SYN-03,1,1
27119,IT_ACT_SYN,SYN-02,1,1
27120,IPC_SYN,SYN-01,1,1
27121,IPC_SYN,SYN-01,1,1
27122,IPC_SYN,SYN-01,1,1
27123,SPECIAL_LAW_SYN,SYN-03,1,1
27124,IPC_SYN,SYN-01,1,1
27125,IPC_SYN,SYN-01,1,1
27126,IT_ACT_SYN,SYN-02,1,1
27127,IPC_SYN,SYN-01,1,1
27128,IPC_SYN,SYN-01,1,1
27129,IPC_SYN,SYN-01,1,1
27130,SPECIAL_LAW_SYN,SYN-03,1,1
27131,IPC_SYN,SYN-01,1,1
27132,IPC_SYN,SYN-01,1,1
27133,IPC_SYN,SYN-01,1,1
27134,SPECIAL_LAW_SYN,SYN-03,1,1
27135,SPECIAL_LAW_SYN,SYN-03,1,1
27136,IPC_SYN,SYN-01,1,1
27137,IPC_SYN,SYN-01,1,1
27138,IPC_SYN,SYN-01,1,1
27139,SPECIAL_LAW_SYN,SYN-03,1,1
27140,IPC_SYN,SYN-01,1,1
27141,IPC_SYN,SYN-01,1,1
27142,SPECIAL_LAW_SYN,SYN-03,1,1
27143,SPECIAL_LAW_SYN,SYN-03,1,1
27144,IPC_SYN,SYN-01,1,1
27145,IPC_SYN,SYN-01,1,1
27146,IT_ACT_SYN,SYN-02,1,1
27147,IPC_SYN,SYN-01,1,1
27148,SPECIAL_LAW_SYN,SYN-03,1,1
27149,IPC_SYN,SYN-01,1,1
27150,SPECIAL_LAW_SYN,SYN-03,1,1
27151,SPECIAL_LAW_SYN,SYN-03,1,1
27152,IPC_SYN,SYN-01,1,1
27153,IPC_SYN,SYN-01,1,1
27154,SPECIAL_LAW_SYN,SYN-03,1,1
27155,IPC_SYN,SYN-01,1,1
27156,IPC_SYN,SYN-01,1,1
27157,IPC_SYN,SYN-01,1,1
27158,IPC_SYN,SYN-01,1,1
27159,IPC_SYN,SYN-01,1,1
27160,IPC_SYN,SYN-01,1,1
27161,IPC_SYN,SYN-01,1,1
27162,IPC_SYN,SYN-01,1,1
27163,IT_ACT_SYN,SYN-02,1,1
27164,SPECIAL_LAW_SYN,SYN-03,1,1
27165,SPECIAL_LAW_SYN,SYN-03,1,1
27166,IPC_SYN,SYN-01,1,1
27167,IPC_SYN,SYN-01,1,1
27168,SPECIAL_LAW_SYN,SYN-03,1,1
27169,IPC_SYN,SYN-01,1,1
27170,SPECIAL_LAW_SYN,SYN-03,1,1
27171,SPECIAL_LAW_SYN,SYN-03,1,1
27172,SPECIAL_LAW_SYN,SYN-03,1,1
27173,SPECIAL_LAW_SYN,SYN-03,1,1
27174,SPECIAL_LAW_SYN,SYN-03,1,1
27175,IPC_SYN,SYN-01,1,1
27176,IPC_SYN,SYN-01,1,1
27177,IPC_SYN,SYN-01,1,1
27178,IT_ACT_SYN,SYN-02,1,1
27179,IT_ACT_SYN,SYN-02,1,1
27180,IPC_SYN,SYN-01,1,1
27181,IPC_SYN,SYN-01,1,1
27182,IPC_SYN,SYN-01,1,1
27183,IPC_SYN,SYN-01,1,1
27184,SPECIAL_LAW_SYN,SYN-03,1,1
27185,SPECIAL_LAW_SYN,SYN-03,1,1
27186,IPC_SYN,SYN-01,1,1
27187,IPC_SYN,SYN-01,1,1
27188,IT_ACT_SYN,SYN-02,1,1
27189,SPECIAL_LAW_SYN,SYN-03,1,1
27190,IPC_SYN,SYN-01,1,1
27191,IPC_SYN,SYN-01,1,1
27192,SPECIAL_LAW_SYN,SYN-03,1,1
27193,IPC_SYN,SYN-01,1,1
27194,IPC_SYN,SYN-01,1,1
27195,IPC_SYN,SYN-01,1,1
27196,IPC_SYN,SYN-01,1,1
27197,IPC_SYN,SYN-01,1,1
27198,IPC_SYN,SYN-01,1,1
27199,IT_ACT_SYN,SYN-02,1,1
27200,IT_ACT_SYN,SYN-02,1,1
27201,IPC_SYN,SYN-01,1,1
27202,IT_ACT_SYN,SYN-02,1,1
27203,IPC_SYN,SYN-01,1,1
27204,IPC_SYN,SYN-01,1,1
27205,SPECIAL_LAW_SYN,SYN-03,1,1
27206,SPECIAL_LAW_SYN,SYN-03,1,1
27207,SPECIAL_LAW_SYN,SYN-03,1,1
27208,IPC_SYN,SYN-01,1,1
27209,IPC_SYN,SYN-01,1,1
27210,IPC_SYN,SYN-01,1,1
27211,IPC_SYN,SYN-01,1,1
27212,IPC_SYN,SYN-01,1,1
27213,IPC_SYN,SYN-01,1,1
27214,IPC_SYN,SYN-01,1,1
27215,SPECIAL_LAW_SYN,SYN-03,1,1
27216,SPECIAL_LAW_SYN,SYN-03,1,1
27217,IPC_SYN,SYN-01,1,1
27218,IPC_SYN,SYN-01,1,1
27219,IPC_SYN,SYN-01,1,1
27220,IT_ACT_SYN,SYN-02,1,1
27221,IPC_SYN,SYN-01,1,1
27222,IT_ACT_SYN,SYN-02,1,1
27223,IPC_SYN,SYN-01,1,1
27224,SPECIAL_LAW_SYN,SYN-03,1,1
27225,IPC_SYN,SYN-01,1,1
27226,IPC_SYN,SYN-01,1,1
27227,IPC_SYN,SYN-01,1,1
27228,IPC_SYN,SYN-01,1,1
27229,IPC_SYN,SYN-01,1,1
27230,SPECIAL_LAW_SYN,SYN-03,1,1
27231,SPECIAL_LAW_SYN,SYN-03,1,1
27232,IT_ACT_SYN,SYN-02,1,1
27233,IPC_SYN,SYN-01,1,1
27234,IPC_SYN,SYN-01,1,1
27235,IT_ACT_SYN,SYN-02,1,1
27236,IPC_SYN,SYN-01,1,1
27237,IPC_SYN,SYN-01,1,1
27238,IPC_SYN,SYN-01,1,1
27239,SPECIAL_LAW_SYN,SYN-03,1,1
27240,IT_ACT_SYN,SYN-02,1,1
27241,IPC_SYN,SYN-01,1,1
27242,IT_ACT_SYN,SYN-02,1,1
27243,SPECIAL_LAW_SYN,SYN-03,1,1
27244,SPECIAL_LAW_SYN,SYN-03,1,1
27245,IPC_SYN,SYN-01,1,1
27246,IPC_SYN,SYN-01,1,1
27247,IPC_SYN,SYN-01,1,1
27248,IPC_SYN,SYN-01,1,1
27249,SPECIAL_LAW_SYN,SYN-03,1,1
27250,IPC_SYN,SYN-01,1,1
27251,SPECIAL_LAW_SYN,SYN-03,1,1
27252,IT_ACT_SYN,SYN-02,1,1
27253,IT_ACT_SYN,SYN-02,1,1
27254,IT_ACT_SYN,SYN-02,1,1
27255,IPC_SYN,SYN-01,1,1
27256,IPC_SYN,SYN-01,1,1
27257,SPECIAL_LAW_SYN,SYN-03,1,1
27258,IPC_SYN,SYN-01,1,1
27259,IT_ACT_SYN,SYN-02,1,1
27260,SPECIAL_LAW_SYN,SYN-03,1,1
27261,SPECIAL_LAW_SYN,SYN-03,1,1
27262,SPECIAL_LAW_SYN,SYN-03,1,1
27263,IPC_SYN,SYN-01,1,1
27264,SPECIAL_LAW_SYN,SYN-03,1,1
27265,IPC_SYN,SYN-01,1,1
27266,IPC_SYN,SYN-01,1,1
27267,IPC_SYN,SYN-01,1,1
27268,IPC_SYN,SYN-01,1,1
27269,SPECIAL_LAW_SYN,SYN-03,1,1
27270,IT_ACT_SYN,SYN-02,1,1
27271,IPC_SYN,SYN-01,1,1
27272,IPC_SYN,SYN-01,1,1
27273,IT_ACT_SYN,SYN-02,1,1
27274,IPC_SYN,SYN-01,1,1
27275,IPC_SYN,SYN-01,1,1
27276,IPC_SYN,SYN-01,1,1
27277,SPECIAL_LAW_SYN,SYN-03,1,1
27278,IPC_SYN,SYN-01,1,1
27279,IT_ACT_SYN,SYN-02,1,1
27280,IPC_SYN,SYN-01,1,1
27281,IPC_SYN,SYN-01,1,1
27282,SPECIAL_LAW_SYN,SYN-03,1,1
27283,IT_ACT_SYN,SYN-02,1,1
27284,IPC_SYN,SYN-01,1,1
27285,IPC_SYN,SYN-01,1,1
27286,IPC_SYN,SYN-01,1,1
27287,IPC_SYN,SYN-01,1,1
27288,IT_ACT_SYN,SYN-02,1,1
27289,SPECIAL_LAW_SYN,SYN-03,1,1
27290,IPC_SYN,SYN-01,1,1
27291,IPC_SYN,SYN-01,1,1
27292,SPECIAL_LAW_SYN,SYN-03,1,1
27293,IT_ACT_SYN,SYN-02,1,1
27294,IPC_SYN,SYN-01,1,1
27295,SPECIAL_LAW_SYN,SYN-03,1,1
27296,IPC_SYN,SYN-01,1,1
27297,IPC_SYN,SYN-01,1,1
27298,IPC_SYN,SYN-01,1,1
27299,IPC_SYN,SYN-01,1,1
27300,IPC_SYN,SYN-01,1,1
27301,SPECIAL_LAW_SYN,SYN-03,1,1
27302,IPC_SYN,SYN-01,1,1
27303,IPC_SYN,SYN-01,1,1
27304,IPC_SYN,SYN-01,1,1
27305,SPECIAL_LAW_SYN,SYN-03,1,1
27306,IPC_SYN,SYN-01,1,1
27307,IPC_SYN,SYN-01,1,1
27308,SPECIAL_LAW_SYN,SYN-03,1,1
27309,IPC_SYN,SYN-01,1,1
27310,IT_ACT_SYN,SYN-02,1,1
27311,IPC_SYN,SYN-01,1,1
27312,IT_ACT_SYN,SYN-02,1,1
27313,IPC_SYN,SYN-01,1,1
27314,IPC_SYN,SYN-01,1,1
27315,SPECIAL_LAW_SYN,SYN-03,1,1
27316,SPECIAL_LAW_SYN,SYN-03,1,1
27317,IPC_SYN,SYN-01,1,1
27318,SPECIAL_LAW_SYN,SYN-03,1,1
27319,IPC_SYN,SYN-01,1,1
27320,IPC_SYN,SYN-01,1,1
27321,SPECIAL_LAW_SYN,SYN-03,1,1
27322,IPC_SYN,SYN-01,1,1
27323,IT_ACT_SYN,SYN-02,1,1
27324,IPC_SYN,SYN-01,1,1
27325,IPC_SYN,SYN-01,1,1
27326,SPECIAL_LAW_SYN,SYN-03,1,1
27327,IPC_SYN,SYN-01,1,1
27328,IPC_SYN,SYN-01,1,1
27329,IPC_SYN,SYN-01,1,1
27330,IPC_SYN,SYN-01,1,1
27331,IPC_SYN,SYN-01,1,1
27332,SPECIAL_LAW_SYN,SYN-03,1,1
27333,IPC_SYN,SYN-01,1,1
27334,SPECIAL_LAW_SYN,SYN-03,1,1
27335,IT_ACT_SYN,SYN-02,1,1
27336,SPECIAL_LAW_SYN,SYN-03,1,1
27337,SPECIAL_LAW_SYN,SYN-03,1,1
27338,IPC_SYN,SYN-01,1,1
27339,IPC_SYN,SYN-01,1,1
27340,IPC_SYN,SYN-01,1,1
27341,IPC_SYN,SYN-01,1,1
27342,SPECIAL_LAW_SYN,SYN-03,1,1
27343,SPECIAL_LAW_SYN,SYN-03,1,1
27344,IPC_SYN,SYN-01,1,1
27345,IPC_SYN,SYN-01,1,1
27346,IPC_SYN,SYN-01,1,1
27347,IPC_SYN,SYN-01,1,1
27348,IT_ACT_SYN,SYN-02,1,1
27349,IPC_SYN,SYN-01,1,1
27350,IPC_SYN,SYN-01,1,1
27351,IPC_SYN,SYN-01,1,1
27352,IPC_SYN,SYN-01,1,1
27353,IPC_SYN,SYN-01,1,1
27354,SPECIAL_LAW_SYN,SYN-03,1,1
27355,SPECIAL_LAW_SYN,SYN-03,1,1
27356,SPECIAL_LAW_SYN,SYN-03,1,1
27357,IPC_SYN,SYN-01,1,1
27358,IPC_SYN,SYN-01,1,1
27359,IPC_SYN,SYN-01,1,1
27360,IPC_SYN,SYN-01,1,1
27361,SPECIAL_LAW_SYN,SYN-03,1,1
27362,IT_ACT_SYN,SYN-02,1,1
27363,IPC_SYN,SYN-01,1,1
27364,IPC_SYN,SYN-01,1,1
27365,IPC_SYN,SYN-01,1,1
27366,IPC_SYN,SYN-01,1,1
27367,IPC_SYN,SYN-01,1,1
27368,IPC_SYN,SYN-01,1,1
27369,SPECIAL_LAW_SYN,SYN-03,1,1
27370,IPC_SYN,SYN-01,1,1
27371,IPC_SYN,SYN-01,1,1
27372,SPECIAL_LAW_SYN,SYN-03,1,1
27373,IPC_SYN,SYN-01,1,1
27374,IPC_SYN,SYN-01,1,1
27375,IPC_SYN,SYN-01,1,1
27376,IPC_SYN,SYN-01,1,1
27377,IPC_SYN,SYN-01,1,1
27378,SPECIAL_LAW_SYN,SYN-03,1,1
27379,IT_ACT_SYN,SYN-02,1,1
27380,IPC_SYN,SYN-01,1,1
27381,SPECIAL_LAW_SYN,SYN-03,1,1
27382,IPC_SYN,SYN-01,1,1
27383,IPC_SYN,SYN-01,1,1
27384,IPC_SYN,SYN-01,1,1
27385,IPC_SYN,SYN-01,1,1
27386,SPECIAL_LAW_SYN,SYN-03,1,1
27387,IPC_SYN,SYN-01,1,1
27388,SPECIAL_LAW_SYN,SYN-03,1,1
27389,IPC_SYN,SYN-01,1,1
27390,IPC_SYN,SYN-01,1,1
27391,IPC_SYN,SYN-01,1,1
27392,IT_ACT_SYN,SYN-02,1,1
27393,SPECIAL_LAW_SYN,SYN-03,1,1
27394,SPECIAL_LAW_SYN,SYN-03,1,1
27395,IT_ACT_SYN,SYN-02,1,1
27396,IPC_SYN,SYN-01,1,1
27397,SPECIAL_LAW_SYN,SYN-03,1,1
27398,IPC_SYN,SYN-01,1,1
27399,IPC_SYN,SYN-01,1,1
27400,SPECIAL_LAW_SYN,SYN-03,1,1
27401,IPC_SYN,SYN-01,1,1
27402,SPECIAL_LAW_SYN,SYN-03,1,1
27403,SPECIAL_LAW_SYN,SYN-03,1,1
27404,IPC_SYN,SYN-01,1,1
27405,IPC_SYN,SYN-01,1,1
27406,IPC_SYN,SYN-01,1,1
27407,SPECIAL_LAW_SYN,SYN-03,1,1
27408,IPC_SYN,SYN-01,1,1
27409,IT_ACT_SYN,SYN-02,1,1
27410,IPC_SYN,SYN-01,1,1
27411,IPC_SYN,SYN-01,1,1
27412,IPC_SYN,SYN-01,1,1
27413,IT_ACT_SYN,SYN-02,1,1
27414,IPC_SYN,SYN-01,1,1
27415,SPECIAL_LAW_SYN,SYN-03,1,1
27416,IPC_SYN,SYN-01,1,1
27417,SPECIAL_LAW_SYN,SYN-03,1,1
27418,SPECIAL_LAW_SYN,SYN-03,1,1
27419,IPC_SYN,SYN-01,1,1
27420,IPC_SYN,SYN-01,1,1
27421,SPECIAL_LAW_SYN,SYN-03,1,1
27422,IPC_SYN,SYN-01,1,1
27423,IT_ACT_SYN,SYN-02,1,1
27424,IPC_SYN,SYN-01,1,1
27425,IPC_SYN,SYN-01,1,1
27426,SPECIAL_LAW_SYN,SYN-03,1,1
27427,SPECIAL_LAW_SYN,SYN-03,1,1
27428,IPC_SYN,SYN-01,1,1
27429,SPECIAL_LAW_SYN,SYN-03,1,1
27430,IPC_SYN,SYN-01,1,1
27431,SPECIAL_LAW_SYN,SYN-03,1,1
27432,IPC_SYN,SYN-01,1,1
27433,SPECIAL_LAW_SYN,SYN-03,1,1
27434,IPC_SYN,SYN-01,1,1
27435,SPECIAL_LAW_SYN,SYN-03,1,1
27436,SPECIAL_LAW_SYN,SYN-03,1,1
27437,IPC_SYN,SYN-01,1,1
27438,IPC_SYN,SYN-01,1,1
27439,IPC_SYN,SYN-01,1,1
27440,SPECIAL_LAW_SYN,SYN-03,1,1
27441,SPECIAL_LAW_SYN,SYN-03,1,1
27442,IT_ACT_SYN,SYN-02,1,1
27443,IT_ACT_SYN,SYN-02,1,1
27444,IPC_SYN,SYN-01,1,1
27445,SPECIAL_LAW_SYN,SYN-03,1,1
27446,IPC_SYN,SYN-01,1,1
27447,IPC_SYN,SYN-01,1,1
27448,IPC_SYN,SYN-01,1,1
27449,IT_ACT_SYN,SYN-02,1,1
27450,SPECIAL_LAW_SYN,SYN-03,1,1
27451,IT_ACT_SYN,SYN-02,1,1
27452,SPECIAL_LAW_SYN,SYN-03,1,1
27453,IPC_SYN,SYN-01,1,1
27454,IPC_SYN,SYN-01,1,1
27455,SPECIAL_LAW_SYN,SYN-03,1,1
27456,IPC_SYN,SYN-01,1,1
27457,IPC_SYN,SYN-01,1,1
27458,IPC_SYN,SYN-01,1,1
27459,IT_ACT_SYN,SYN-02,1,1
27460,IPC_SYN,SYN-01,1,1
27461,SPECIAL_LAW_SYN,SYN-03,1,1
27462,IT_ACT_SYN,SYN-02,1,1
27463,SPECIAL_LAW_SYN,SYN-03,1,1
27464,IPC_SYN,SYN-01,1,1
27465,IPC_SYN,SYN-01,1,1
27466,IPC_SYN,SYN-01,1,1
27467,IPC_SYN,SYN-01,1,1
27468,IPC_SYN,SYN-01,1,1
27469,IPC_SYN,SYN-01,1,1
27470,IPC_SYN,SYN-01,1,1
27471,IPC_SYN,SYN-01,1,1
27472,SPECIAL_LAW_SYN,SYN-03,1,1
27473,IPC_SYN,SYN-01,1,1
27474,IT_ACT_SYN,SYN-02,1,1
27475,IPC_SYN,SYN-01,1,1
27476,IPC_SYN,SYN-01,1,1
27477,IT_ACT_SYN,SYN-02,1,1
27478,IPC_SYN,SYN-01,1,1
27479,IT_ACT_SYN,SYN-02,1,1
27480,IPC_SYN,SYN-01,1,1
27481,SPECIAL_LAW_SYN,SYN-03,1,1
27482,IPC_SYN,SYN-01,1,1
27483,IPC_SYN,SYN-01,1,1
27484,IT_ACT_SYN,SYN-02,1,1
27485,IPC_SYN,SYN-01,1,1
27486,IT_ACT_SYN,SYN-02,1,1
27487,IT_ACT_SYN,SYN-02,1,1
27488,IPC_SYN,SYN-01,1,1
27489,IT_ACT_SYN,SYN-02,1,1
27490,IPC_SYN,SYN-01,1,1
27491,IPC_SYN,SYN-01,1,1
27492,IPC_SYN,SYN-01,1,1
27493,IPC_SYN,SYN-01,1,1
27494,IPC_SYN,SYN-01,1,1
27495,IT_ACT_SYN,SYN-02,1,1
27496,SPECIAL_LAW_SYN,SYN-03,1,1
27497,IPC_SYN,SYN-01,1,1
27498,IPC_SYN,SYN-01,1,1
27499,IPC_SYN,SYN-01,1,1
27500,IT_ACT_SYN,SYN-02,1,1
27501,IPC_SYN,SYN-01,1,1
27502,SPECIAL_LAW_SYN,SYN-03,1,1
27503,IPC_SYN,SYN-01,1,1
27504,IT_ACT_SYN,SYN-02,1,1
27505,IT_ACT_SYN,SYN-02,1,1
27506,IT_ACT_SYN,SYN-02,1,1
27507,IPC_SYN,SYN-01,1,1
27508,IPC_SYN,SYN-01,1,1
27509,SPECIAL_LAW_SYN,SYN-03,1,1
27510,SPECIAL_LAW_SYN,SYN-03,1,1
27511,SPECIAL_LAW_SYN,SYN-03,1,1
27512,IPC_SYN,SYN-01,1,1
27513,IPC_SYN,SYN-01,1,1
27514,IPC_SYN,SYN-01,1,1
27515,IPC_SYN,SYN-01,1,1
27516,IT_ACT_SYN,SYN-02,1,1
27517,SPECIAL_LAW_SYN,SYN-03,1,1
27518,IPC_SYN,SYN-01,1,1
27519,IPC_SYN,SYN-01,1,1
27520,IPC_SYN,SYN-01,1,1
27521,IPC_SYN,SYN-01,1,1
27522,IPC_SYN,SYN-01,1,1
27523,IPC_SYN,SYN-01,1,1
27524,SPECIAL_LAW_SYN,SYN-03,1,1
27525,SPECIAL_LAW_SYN,SYN-03,1,1
27526,IPC_SYN,SYN-01,1,1
27527,IPC_SYN,SYN-01,1,1
27528,SPECIAL_LAW_SYN,SYN-03,1,1
27529,SPECIAL_LAW_SYN,SYN-03,1,1
27530,IPC_SYN,SYN-01,1,1
27531,IT_ACT_SYN,SYN-02,1,1
27532,IPC_SYN,SYN-01,1,1
27533,IPC_SYN,SYN-01,1,1
27534,IPC_SYN,SYN-01,1,1
27535,SPECIAL_LAW_SYN,SYN-03,1,1
27536,SPECIAL_LAW_SYN,SYN-03,1,1
27537,IPC_SYN,SYN-01,1,1
27538,IPC_SYN,SYN-01,1,1
27539,SPECIAL_LAW_SYN,SYN-03,1,1
27540,SPECIAL_LAW_SYN,SYN-03,1,1
27541,SPECIAL_LAW_SYN,SYN-03,1,1
27542,IT_ACT_SYN,SYN-02,1,1
27543,SPECIAL_LAW_SYN,SYN-03,1,1
27544,IT_ACT_SYN,SYN-02,1,1
27545,IT_ACT_SYN,SYN-02,1,1
27546,IPC_SYN,SYN-01,1,1
27547,SPECIAL_LAW_SYN,SYN-03,1,1
27548,IPC_SYN,SYN-01,1,1
27549,SPECIAL_LAW_SYN,SYN-03,1,1
27550,SPECIAL_LAW_SYN,SYN-03,1,1
27551,IPC_SYN,SYN-01,1,1
27552,IPC_SYN,SYN-01,1,1
27553,IPC_SYN,SYN-01,1,1
27554,SPECIAL_LAW_SYN,SYN-03,1,1
27555,SPECIAL_LAW_SYN,SYN-03,1,1
27556,IPC_SYN,SYN-01,1,1
27557,IPC_SYN,SYN-01,1,1
27558,IPC_SYN,SYN-01,1,1
27559,IPC_SYN,SYN-01,1,1
27560,IPC_SYN,SYN-01,1,1
27561,IT_ACT_SYN,SYN-02,1,1
27562,IPC_SYN,SYN-01,1,1
27563,IPC_SYN,SYN-01,1,1
27564,SPECIAL_LAW_SYN,SYN-03,1,1
27565,SPECIAL_LAW_SYN,SYN-03,1,1
27566,IPC_SYN,SYN-01,1,1
27567,SPECIAL_LAW_SYN,SYN-03,1,1
27568,IPC_SYN,SYN-01,1,1
27569,IPC_SYN,SYN-01,1,1
27570,IPC_SYN,SYN-01,1,1
27571,IPC_SYN,SYN-01,1,1
27572,IT_ACT_SYN,SYN-02,1,1
27573,IPC_SYN,SYN-01,1,1
27574,IPC_SYN,SYN-01,1,1
27575,IPC_SYN,SYN-01,1,1
27576,IPC_SYN,SYN-01,1,1
27577,IPC_SYN,SYN-01,1,1
27578,IT_ACT_SYN,SYN-02,1,1
27579,IPC_SYN,SYN-01,1,1
27580,IPC_SYN,SYN-01,1,1
27581,IPC_SYN,SYN-01,1,1
27582,SPECIAL_LAW_SYN,SYN-03,1,1
27583,IPC_SYN,SYN-01,1,1
27584,IPC_SYN,SYN-01,1,1
27585,IPC_SYN,SYN-01,1,1
27586,IPC_SYN,SYN-01,1,1
27587,IPC_SYN,SYN-01,1,1
27588,IPC_SYN,SYN-01,1,1
27589,IPC_SYN,SYN-01,1,1
27590,SPECIAL_LAW_SYN,SYN-03,1,1
27591,IPC_SYN,SYN-01,1,1
27592,IT_ACT_SYN,SYN-02,1,1
27593,IPC_SYN,SYN-01,1,1
27594,IPC_SYN,SYN-01,1,1
27595,IPC_SYN,SYN-01,1,1
27596,IPC_SYN,SYN-01,1,1
27597,IPC_SYN,SYN-01,1,1
27598,SPECIAL_LAW_SYN,SYN-03,1,1
27599,SPECIAL_LAW_SYN,SYN-03,1,1
27600,IPC_SYN,SYN-01,1,1
27601,IPC_SYN,SYN-01,1,1
27602,IT_ACT_SYN,SYN-02,1,1
27603,SPECIAL_LAW_SYN,SYN-03,1,1
27604,SPECIAL_LAW_SYN,SYN-03,1,1
27605,SPECIAL_LAW_SYN,SYN-03,1,1
27606,IT_ACT_SYN,SYN-02,1,1
27607,IPC_SYN,SYN-01,1,1
27608,SPECIAL_LAW_SYN,SYN-03,1,1
27609,IPC_SYN,SYN-01,1,1
27610,IPC_SYN,SYN-01,1,1
27611,IT_ACT_SYN,SYN-02,1,1
27612,IPC_SYN,SYN-01,1,1
27613,IPC_SYN,SYN-01,1,1
27614,SPECIAL_LAW_SYN,SYN-03,1,1
27615,SPECIAL_LAW_SYN,SYN-03,1,1
27616,SPECIAL_LAW_SYN,SYN-03,1,1
27617,SPECIAL_LAW_SYN,SYN-03,1,1
27618,IPC_SYN,SYN-01,1,1
27619,IPC_SYN,SYN-01,1,1
27620,IPC_SYN,SYN-01,1,1
27621,IPC_SYN,SYN-01,1,1
27622,IT_ACT_SYN,SYN-02,1,1
27623,SPECIAL_LAW_SYN,SYN-03,1,1
27624,IPC_SYN,SYN-01,1,1
27625,SPECIAL_LAW_SYN,SYN-03,1,1
27626,IT_ACT_SYN,SYN-02,1,1
27627,IT_ACT_SYN,SYN-02,1,1
27628,IPC_SYN,SYN-01,1,1
27629,IT_ACT_SYN,SYN-02,1,1
27630,SPECIAL_LAW_SYN,SYN-03,1,1
27631,IPC_SYN,SYN-01,1,1
27632,SPECIAL_LAW_SYN,SYN-03,1,1
27633,SPECIAL_LAW_SYN,SYN-03,1,1
27634,SPECIAL_LAW_SYN,SYN-03,1,1
27635,IPC_SYN,SYN-01,1,1
27636,IPC_SYN,SYN-01,1,1
27637,IPC_SYN,SYN-01,1,1
27638,SPECIAL_LAW_SYN,SYN-03,1,1
27639,IT_ACT_SYN,SYN-02,1,1
27640,IPC_SYN,SYN-01,1,1
27641,IPC_SYN,SYN-01,1,1
27642,IPC_SYN,SYN-01,1,1
27643,SPECIAL_LAW_SYN,SYN-03,1,1
27644,IPC_SYN,SYN-01,1,1
27645,IPC_SYN,SYN-01,1,1
27646,IPC_SYN,SYN-01,1,1
27647,IPC_SYN,SYN-01,1,1
27648,IPC_SYN,SYN-01,1,1
27649,IT_ACT_SYN,SYN-02,1,1
27650,IPC_SYN,SYN-01,1,1
27651,IPC_SYN,SYN-01,1,1
27652,SPECIAL_LAW_SYN,SYN-03,1,1
27653,IPC_SYN,SYN-01,1,1
27654,IPC_SYN,SYN-01,1,1
27655,IPC_SYN,SYN-01,1,1
27656,SPECIAL_LAW_SYN,SYN-03,1,1
27657,IT_ACT_SYN,SYN-02,1,1
27658,IPC_SYN,SYN-01,1,1
27659,IPC_SYN,SYN-01,1,1
27660,IPC_SYN,SYN-01,1,1
27661,IPC_SYN,SYN-01,1,1
27662,SPECIAL_LAW_SYN,SYN-03,1,1
27663,IPC_SYN,SYN-01,1,1
27664,IPC_SYN,SYN-01,1,1
27665,IPC_SYN,SYN-01,1,1
27666,IPC_SYN,SYN-01,1,1
27667,IT_ACT_SYN,SYN-02,1,1
27668,IPC_SYN,SYN-01,1,1
27669,IPC_SYN,SYN-01,1,1
27670,SPECIAL_LAW_SYN,SYN-03,1,1
27671,SPECIAL_LAW_SYN,SYN-03,1,1
27672,IPC_SYN,SYN-01,1,1
27673,IPC_SYN,SYN-01,1,1
27674,IPC_SYN,SYN-01,1,1
27675,IPC_SYN,SYN-01,1,1
27676,SPECIAL_LAW_SYN,SYN-03,1,1
27677,IPC_SYN,SYN-01,1,1
27678,IPC_SYN,SYN-01,1,1
27679,SPECIAL_LAW_SYN,SYN-03,1,1
27680,IPC_SYN,SYN-01,1,1
27681,IPC_SYN,SYN-01,1,1
27682,SPECIAL_LAW_SYN,SYN-03,1,1
27683,IPC_SYN,SYN-01,1,1
27684,SPECIAL_LAW_SYN,SYN-03,1,1
27685,SPECIAL_LAW_SYN,SYN-03,1,1
27686,IPC_SYN,SYN-01,1,1
27687,IPC_SYN,SYN-01,1,1
27688,IPC_SYN,SYN-01,1,1
27689,IPC_SYN,SYN-01,1,1
27690,IPC_SYN,SYN-01,1,1
27691,IPC_SYN,SYN-01,1,1
27692,IPC_SYN,SYN-01,1,1
27693,SPECIAL_LAW_SYN,SYN-03,1,1
27694,IPC_SYN,SYN-01,1,1
27695,IPC_SYN,SYN-01,1,1
27696,SPECIAL_LAW_SYN,SYN-03,1,1
27697,IPC_SYN,SYN-01,1,1
27698,IT_ACT_SYN,SYN-02,1,1
27699,IPC_SYN,SYN-01,1,1
27700,SPECIAL_LAW_SYN,SYN-03,1,1
27701,IPC_SYN,SYN-01,1,1
27702,IPC_SYN,SYN-01,1,1
27703,IPC_SYN,SYN-01,1,1
27704,IPC_SYN,SYN-01,1,1
27705,SPECIAL_LAW_SYN,SYN-03,1,1
27706,SPECIAL_LAW_SYN,SYN-03,1,1
27707,SPECIAL_LAW_SYN,SYN-03,1,1
27708,IPC_SYN,SYN-01,1,1
27709,SPECIAL_LAW_SYN,SYN-03,1,1
27710,SPECIAL_LAW_SYN,SYN-03,1,1
27711,IPC_SYN,SYN-01,1,1
27712,SPECIAL_LAW_SYN,SYN-03,1,1
27713,IPC_SYN,SYN-01,1,1
27714,IT_ACT_SYN,SYN-02,1,1
27715,SPECIAL_LAW_SYN,SYN-03,1,1
27716,IPC_SYN,SYN-01,1,1
27717,IPC_SYN,SYN-01,1,1
27718,SPECIAL_LAW_SYN,SYN-03,1,1
27719,IT_ACT_SYN,SYN-02,1,1
27720,IPC_SYN,SYN-01,1,1
27721,SPECIAL_LAW_SYN,SYN-03,1,1
27722,IPC_SYN,SYN-01,1,1
27723,IPC_SYN,SYN-01,1,1
27724,SPECIAL_LAW_SYN,SYN-03,1,1
27725,IPC_SYN,SYN-01,1,1
27726,IPC_SYN,SYN-01,1,1
27727,IPC_SYN,SYN-01,1,1
27728,IPC_SYN,SYN-01,1,1
27729,IT_ACT_SYN,SYN-02,1,1
27730,SPECIAL_LAW_SYN,SYN-03,1,1
27731,IPC_SYN,SYN-01,1,1
27732,IPC_SYN,SYN-01,1,1
27733,IT_ACT_SYN,SYN-02,1,1
27734,IPC_SYN,SYN-01,1,1
27735,IT_ACT_SYN,SYN-02,1,1
27736,SPECIAL_LAW_SYN,SYN-03,1,1
27737,SPECIAL_LAW_SYN,SYN-03,1,1
27738,IPC_SYN,SYN-01,1,1
27739,IPC_SYN,SYN-01,1,1
27740,IT_ACT_SYN,SYN-02,1,1
27741,IPC_SYN,SYN-01,1,1
27742,SPECIAL_LAW_SYN,SYN-03,1,1
27743,SPECIAL_LAW_SYN,SYN-03,1,1
27744,IPC_SYN,SYN-01,1,1
27745,SPECIAL_LAW_SYN,SYN-03,1,1
27746,IPC_SYN,SYN-01,1,1
27747,IPC_SYN,SYN-01,1,1
27748,IPC_SYN,SYN-01,1,1
27749,SPECIAL_LAW_SYN,SYN-03,1,1
27750,SPECIAL_LAW_SYN,SYN-03,1,1
27751,IPC_SYN,SYN-01,1,1
27752,IPC_SYN,SYN-01,1,1
27753,IT_ACT_SYN,SYN-02,1,1
27754,IPC_SYN,SYN-01,1,1
27755,IPC_SYN,SYN-01,1,1
27756,IPC_SYN,SYN-01,1,1
27757,IPC_SYN,SYN-01,1,1
27758,IPC_SYN,SYN-01,1,1
27759,SPECIAL_LAW_SYN,SYN-03,1,1
27760,IT_ACT_SYN,SYN-02,1,1
27761,IPC_SYN,SYN-01,1,1
27762,IT_ACT_SYN,SYN-02,1,1
27763,IT_ACT_SYN,SYN-02,1,1
27764,IT_ACT_SYN,SYN-02,1,1
27765,IPC_SYN,SYN-01,1,1
27766,IPC_SYN,SYN-01,1,1
27767,IPC_SYN,SYN-01,1,1
27768,IPC_SYN,SYN-01,1,1
27769,SPECIAL_LAW_SYN,SYN-03,1,1
27770,SPECIAL_LAW_SYN,SYN-03,1,1
27771,IPC_SYN,SYN-01,1,1
27772,IPC_SYN,SYN-01,1,1
27773,IPC_SYN,SYN-01,1,1
27774,IPC_SYN,SYN-01,1,1
27775,SPECIAL_LAW_SYN,SYN-03,1,1
27776,SPECIAL_LAW_SYN,SYN-03,1,1
27777,IPC_SYN,SYN-01,1,1
27778,IT_ACT_SYN,SYN-02,1,1
27779,IPC_SYN,SYN-01,1,1
27780,IPC_SYN,SYN-01,1,1
27781,IT_ACT_SYN,SYN-02,1,1
27782,SPECIAL_LAW_SYN,SYN-03,1,1
27783,IPC_SYN,SYN-01,1,1
27784,SPECIAL_LAW_SYN,SYN-03,1,1
27785,IPC_SYN,SYN-01,1,1
27786,IPC_SYN,SYN-01,1,1
27787,IPC_SYN,SYN-01,1,1
27788,IT_ACT_SYN,SYN-02,1,1
27789,IPC_SYN,SYN-01,1,1
27790,SPECIAL_LAW_SYN,SYN-03,1,1
27791,IPC_SYN,SYN-01,1,1
27792,IPC_SYN,SYN-01,1,1
27793,IPC_SYN,SYN-01,1,1
27794,IT_ACT_SYN,SYN-02,1,1
27795,IPC_SYN,SYN-01,1,1
27796,IPC_SYN,SYN-01,1,1
27797,SPECIAL_LAW_SYN,SYN-03,1,1
27798,SPECIAL_LAW_SYN,SYN-03,1,1
27799,IPC_SYN,SYN-01,1,1
27800,IPC_SYN,SYN-01,1,1
27801,SPECIAL_LAW_SYN,SYN-03,1,1
27802,SPECIAL_LAW_SYN,SYN-03,1,1
27803,SPECIAL_LAW_SYN,SYN-03,1,1
27804,IPC_SYN,SYN-01,1,1
27805,IPC_SYN,SYN-01,1,1
27806,IPC_SYN,SYN-01,1,1
27807,SPECIAL_LAW_SYN,SYN-03,1,1
27808,SPECIAL_LAW_SYN,SYN-03,1,1
27809,IPC_SYN,SYN-01,1,1
27810,IT_ACT_SYN,SYN-02,1,1
27811,IPC_SYN,SYN-01,1,1
27812,IPC_SYN,SYN-01,1,1
27813,IPC_SYN,SYN-01,1,1
27814,IPC_SYN,SYN-01,1,1
27815,IPC_SYN,SYN-01,1,1
27816,IPC_SYN,SYN-01,1,1
27817,SPECIAL_LAW_SYN,SYN-03,1,1
27818,SPECIAL_LAW_SYN,SYN-03,1,1
27819,IPC_SYN,SYN-01,1,1
27820,IPC_SYN,SYN-01,1,1
27821,SPECIAL_LAW_SYN,SYN-03,1,1
27822,IPC_SYN,SYN-01,1,1
27823,IT_ACT_SYN,SYN-02,1,1
27824,IPC_SYN,SYN-01,1,1
27825,IPC_SYN,SYN-01,1,1
27826,IPC_SYN,SYN-01,1,1
27827,IPC_SYN,SYN-01,1,1
27828,SPECIAL_LAW_SYN,SYN-03,1,1
27829,IPC_SYN,SYN-01,1,1
27830,IPC_SYN,SYN-01,1,1
27831,IT_ACT_SYN,SYN-02,1,1
27832,IT_ACT_SYN,SYN-02,1,1
27833,IPC_SYN,SYN-01,1,1
27834,IPC_SYN,SYN-01,1,1
27835,SPECIAL_LAW_SYN,SYN-03,1,1
27836,SPECIAL_LAW_SYN,SYN-03,1,1
27837,SPECIAL_LAW_SYN,SYN-03,1,1
27838,IPC_SYN,SYN-01,1,1
27839,SPECIAL_LAW_SYN,SYN-03,1,1
27840,IPC_SYN,SYN-01,1,1
27841,IPC_SYN,SYN-01,1,1
27842,SPECIAL_LAW_SYN,SYN-03,1,1
27843,IT_ACT_SYN,SYN-02,1,1
27844,IPC_SYN,SYN-01,1,1
27845,SPECIAL_LAW_SYN,SYN-03,1,1
27846,SPECIAL_LAW_SYN,SYN-03,1,1
27847,SPECIAL_LAW_SYN,SYN-03,1,1
27848,IPC_SYN,SYN-01,1,1
27849,IPC_SYN,SYN-01,1,1
27850,IPC_SYN,SYN-01,1,1
27851,IPC_SYN,SYN-01,1,1
27852,IPC_SYN,SYN-01,1,1
27853,IPC_SYN,SYN-01,1,1
27854,SPECIAL_LAW_SYN,SYN-03,1,1
27855,SPECIAL_LAW_SYN,SYN-03,1,1
27856,SPECIAL_LAW_SYN,SYN-03,1,1
27857,IPC_SYN,SYN-01,1,1
27858,IPC_SYN,SYN-01,1,1
27859,IPC_SYN,SYN-01,1,1
27860,SPECIAL_LAW_SYN,SYN-03,1,1
27861,IPC_SYN,SYN-01,1,1
27862,IPC_SYN,SYN-01,1,1
27863,SPECIAL_LAW_SYN,SYN-03,1,1
27864,IT_ACT_SYN,SYN-02,1,1
27865,IPC_SYN,SYN-01,1,1
27866,SPECIAL_LAW_SYN,SYN-03,1,1
27867,IPC_SYN,SYN-01,1,1
27868,IPC_SYN,SYN-01,1,1
27869,IPC_SYN,SYN-01,1,1
27870,IT_ACT_SYN,SYN-02,1,1
27871,IPC_SYN,SYN-01,1,1
27872,IT_ACT_SYN,SYN-02,1,1
27873,IPC_SYN,SYN-01,1,1
27874,IPC_SYN,SYN-01,1,1
27875,SPECIAL_LAW_SYN,SYN-03,1,1
27876,IPC_SYN,SYN-01,1,1
27877,IPC_SYN,SYN-01,1,1
27878,IPC_SYN,SYN-01,1,1
27879,IPC_SYN,SYN-01,1,1
27880,SPECIAL_LAW_SYN,SYN-03,1,1
27881,SPECIAL_LAW_SYN,SYN-03,1,1
27882,IPC_SYN,SYN-01,1,1
27883,IPC_SYN,SYN-01,1,1
27884,IPC_SYN,SYN-01,1,1
27885,IPC_SYN,SYN-01,1,1
27886,SPECIAL_LAW_SYN,SYN-03,1,1
27887,IPC_SYN,SYN-01,1,1
27888,SPECIAL_LAW_SYN,SYN-03,1,1
27889,IPC_SYN,SYN-01,1,1
27890,IPC_SYN,SYN-01,1,1
27891,IPC_SYN,SYN-01,1,1
27892,SPECIAL_LAW_SYN,SYN-03,1,1
27893,SPECIAL_LAW_SYN,SYN-03,1,1
27894,SPECIAL_LAW_SYN,SYN-03,1,1
27895,IPC_SYN,SYN-01,1,1
27896,IPC_SYN,SYN-01,1,1
27897,IPC_SYN,SYN-01,1,1
27898,IT_ACT_SYN,SYN-02,1,1
27899,IPC_SYN,SYN-01,1,1
27900,IPC_SYN,SYN-01,1,1
27901,IPC_SYN,SYN-01,1,1
27902,IPC_SYN,SYN-01,1,1
27903,SPECIAL_LAW_SYN,SYN-03,1,1
27904,SPECIAL_LAW_SYN,SYN-03,1,1
27905,IPC_SYN,SYN-01,1,1
27906,IPC_SYN,SYN-01,1,1
27907,IPC_SYN,SYN-01,1,1
27908,IPC_SYN,SYN-01,1,1
27909,IT_ACT_SYN,SYN-02,1,1
27910,IPC_SYN,SYN-01,1,1
27911,SPECIAL_LAW_SYN,SYN-03,1,1
27912,IPC_SYN,SYN-01,1,1
27913,IPC_SYN,SYN-01,1,1
27914,IPC_SYN,SYN-01,1,1
27915,IT_ACT_SYN,SYN-02,1,1
27916,IPC_SYN,SYN-01,1,1
27917,SPECIAL_LAW_SYN,SYN-03,1,1
27918,IPC_SYN,SYN-01,1,1
27919,IPC_SYN,SYN-01,1,1
27920,IPC_SYN,SYN-01,1,1
27921,IPC_SYN,SYN-01,1,1
27922,SPECIAL_LAW_SYN,SYN-03,1,1
27923,IPC_SYN,SYN-01,1,1
27924,IPC_SYN,SYN-01,1,1
27925,IPC_SYN,SYN-01,1,1
27926,SPECIAL_LAW_SYN,SYN-03,1,1
27927,IT_ACT_SYN,SYN-02,1,1
27928,IPC_SYN,SYN-01,1,1
27929,SPECIAL_LAW_SYN,SYN-03,1,1
27930,IPC_SYN,SYN-01,1,1
27931,IPC_SYN,SYN-01,1,1
27932,IPC_SYN,SYN-01,1,1
27933,IT_ACT_SYN,SYN-02,1,1
27934,IT_ACT_SYN,SYN-02,1,1
27935,SPECIAL_LAW_SYN,SYN-03,1,1
27936,SPECIAL_LAW_SYN,SYN-03,1,1
27937,IPC_SYN,SYN-01,1,1
27938,IPC_SYN,SYN-01,1,1
27939,IPC_SYN,SYN-01,1,1
27940,IT_ACT_SYN,SYN-02,1,1
27941,IPC_SYN,SYN-01,1,1
27942,IPC_SYN,SYN-01,1,1
27943,IPC_SYN,SYN-01,1,1
27944,SPECIAL_LAW_SYN,SYN-03,1,1
27945,IPC_SYN,SYN-01,1,1
27946,IPC_SYN,SYN-01,1,1
27947,IPC_SYN,SYN-01,1,1
27948,SPECIAL_LAW_SYN,SYN-03,1,1
27949,IPC_SYN,SYN-01,1,1
27950,IPC_SYN,SYN-01,1,1
27951,SPECIAL_LAW_SYN,SYN-03,1,1
27952,IPC_SYN,SYN-01,1,1
27953,IPC_SYN,SYN-01,1,1
27954,IPC_SYN,SYN-01,1,1
27955,SPECIAL_LAW_SYN,SYN-03,1,1
27956,IPC_SYN,SYN-01,1,1
27957,SPECIAL_LAW_SYN,SYN-03,1,1
27958,SPECIAL_LAW_SYN,SYN-03,1,1
27959,IPC_SYN,SYN-01,1,1
27960,SPECIAL_LAW_SYN,SYN-03,1,1
27961,SPECIAL_LAW_SYN,SYN-03,1,1
27962,IPC_SYN,SYN-01,1,1
27963,IPC_SYN,SYN-01,1,1
27964,IPC_SYN,SYN-01,1,1
27965,IPC_SYN,SYN-01,1,1
27966,IPC_SYN,SYN-01,1,1
27967,SPECIAL_LAW_SYN,SYN-03,1,1
27968,IPC_SYN,SYN-01,1,1
27969,IPC_SYN,SYN-01,1,1
27970,SPECIAL_LAW_SYN,SYN-03,1,1
27971,IPC_SYN,SYN-01,1,1
27972,IPC_SYN,SYN-01,1,1
27973,IPC_SYN,SYN-01,1,1
27974,IPC_SYN,SYN-01,1,1
27975,IPC_SYN,SYN-01,1,1
27976,IPC_SYN,SYN-01,1,1
27977,IT_ACT_SYN,SYN-02,1,1
27978,SPECIAL_LAW_SYN,SYN-03,1,1
27979,IPC_SYN,SYN-01,1,1
27980,IPC_SYN,SYN-01,1,1
27981,SPECIAL_LAW_SYN,SYN-03,1,1
27982,IPC_SYN,SYN-01,1,1
27983,IPC_SYN,SYN-01,1,1
27984,IT_ACT_SYN,SYN-02,1,1
27985,IPC_SYN,SYN-01,1,1
27986,SPECIAL_LAW_SYN,SYN-03,1,1
27987,IPC_SYN,SYN-01,1,1
27988,IPC_SYN,SYN-01,1,1
27989,IPC_SYN,SYN-01,1,1
27990,IPC_SYN,SYN-01,1,1
27991,IPC_SYN,SYN-01,1,1
27992,IPC_SYN,SYN-01,1,1
27993,SPECIAL_LAW_SYN,SYN-03,1,1
27994,IPC_SYN,SYN-01,1,1
27995,IPC_SYN,SYN-01,1,1
27996,SPECIAL_LAW_SYN,SYN-03,1,1
27997,IPC_SYN,SYN-01,1,1
27998,SPECIAL_LAW_SYN,SYN-03,1,1
27999,SPECIAL_LAW_SYN,SYN-03,1,1
28000,IPC_SYN,SYN-01,1,1
28001,SPECIAL_LAW_SYN,SYN-03,1,1
28002,IPC_SYN,SYN-01,1,1
28003,IPC_SYN,SYN-01,1,1
28004,IPC_SYN,SYN-01,1,1
28005,IPC_SYN,SYN-01,1,1
28006,IT_ACT_SYN,SYN-02,1,1
28007,SPECIAL_LAW_SYN,SYN-03,1,1
28008,IPC_SYN,SYN-01,1,1
28009,IPC_SYN,SYN-01,1,1
28010,SPECIAL_LAW_SYN,SYN-03,1,1
28011,IPC_SYN,SYN-01,1,1
28012,IPC_SYN,SYN-01,1,1
28013,IPC_SYN,SYN-01,1,1
28014,IPC_SYN,SYN-01,1,1
28015,IT_ACT_SYN,SYN-02,1,1
28016,IPC_SYN,SYN-01,1,1
28017,IPC_SYN,SYN-01,1,1
28018,IPC_SYN,SYN-01,1,1
28019,IT_ACT_SYN,SYN-02,1,1
28020,IPC_SYN,SYN-01,1,1
28021,SPECIAL_LAW_SYN,SYN-03,1,1
28022,SPECIAL_LAW_SYN,SYN-03,1,1
28023,IPC_SYN,SYN-01,1,1
28024,IT_ACT_SYN,SYN-02,1,1
28025,SPECIAL_LAW_SYN,SYN-03,1,1
28026,SPECIAL_LAW_SYN,SYN-03,1,1
28027,SPECIAL_LAW_SYN,SYN-03,1,1
28028,IPC_SYN,SYN-01,1,1
28029,IPC_SYN,SYN-01,1,1
28030,IPC_SYN,SYN-01,1,1
28031,IT_ACT_SYN,SYN-02,1,1
28032,SPECIAL_LAW_SYN,SYN-03,1,1
28033,SPECIAL_LAW_SYN,SYN-03,1,1
28034,IPC_SYN,SYN-01,1,1
28035,SPECIAL_LAW_SYN,SYN-03,1,1
28036,IPC_SYN,SYN-01,1,1
28037,SPECIAL_LAW_SYN,SYN-03,1,1
28038,SPECIAL_LAW_SYN,SYN-03,1,1
28039,SPECIAL_LAW_SYN,SYN-03,1,1
28040,IPC_SYN,SYN-01,1,1
28041,SPECIAL_LAW_SYN,SYN-03,1,1
28042,IPC_SYN,SYN-01,1,1
28043,IPC_SYN,SYN-01,1,1
28044,SPECIAL_LAW_SYN,SYN-03,1,1
28045,IPC_SYN,SYN-01,1,1
28046,SPECIAL_LAW_SYN,SYN-03,1,1
28047,IPC_SYN,SYN-01,1,1
28048,IPC_SYN,SYN-01,1,1
28049,SPECIAL_LAW_SYN,SYN-03,1,1
28050,SPECIAL_LAW_SYN,SYN-03,1,1
28051,SPECIAL_LAW_SYN,SYN-03,1,1
28052,IT_ACT_SYN,SYN-02,1,1
28053,IPC_SYN,SYN-01,1,1
28054,IPC_SYN,SYN-01,1,1
28055,IPC_SYN,SYN-01,1,1
28056,IPC_SYN,SYN-01,1,1
28057,IPC_SYN,SYN-01,1,1
28058,SPECIAL_LAW_SYN,SYN-03,1,1
28059,IPC_SYN,SYN-01,1,1
28060,IPC_SYN,SYN-01,1,1
28061,SPECIAL_LAW_SYN,SYN-03,1,1
28062,IPC_SYN,SYN-01,1,1
28063,IT_ACT_SYN,SYN-02,1,1
28064,IPC_SYN,SYN-01,1,1
28065,IT_ACT_SYN,SYN-02,1,1
28066,IPC_SYN,SYN-01,1,1
28067,IPC_SYN,SYN-01,1,1
28068,SPECIAL_LAW_SYN,SYN-03,1,1
28069,IPC_SYN,SYN-01,1,1
28070,SPECIAL_LAW_SYN,SYN-03,1,1
28071,IPC_SYN,SYN-01,1,1
28072,IPC_SYN,SYN-01,1,1
28073,IPC_SYN,SYN-01,1,1
28074,IPC_SYN,SYN-01,1,1
28075,IT_ACT_SYN,SYN-02,1,1
28076,IPC_SYN,SYN-01,1,1
28077,IPC_SYN,SYN-01,1,1
28078,IPC_SYN,SYN-01,1,1
28079,IT_ACT_SYN,SYN-02,1,1
28080,IPC_SYN,SYN-01,1,1
28081,SPECIAL_LAW_SYN,SYN-03,1,1
28082,IPC_SYN,SYN-01,1,1
28083,IPC_SYN,SYN-01,1,1
28084,IT_ACT_SYN,SYN-02,1,1
28085,IPC_SYN,SYN-01,1,1
28086,IPC_SYN,SYN-01,1,1
28087,IPC_SYN,SYN-01,1,1
28088,IT_ACT_SYN,SYN-02,1,1
28089,IPC_SYN,SYN-01,1,1
28090,SPECIAL_LAW_SYN,SYN-03,1,1
28091,IPC_SYN,SYN-01,1,1
28092,IT_ACT_SYN,SYN-02,1,1
28093,IPC_SYN,SYN-01,1,1
28094,IPC_SYN,SYN-01,1,1
28095,IPC_SYN,SYN-01,1,1
28096,IPC_SYN,SYN-01,1,1
28097,SPECIAL_LAW_SYN,SYN-03,1,1
28098,IPC_SYN,SYN-01,1,1
28099,SPECIAL_LAW_SYN,SYN-03,1,1
28100,IT_ACT_SYN,SYN-02,1,1
28101,IPC_SYN,SYN-01,1,1
28102,SPECIAL_LAW_SYN,SYN-03,1,1
28103,IPC_SYN,SYN-01,1,1
28104,IPC_SYN,SYN-01,1,1
28105,IPC_SYN,SYN-01,1,1
28106,IT_ACT_SYN,SYN-02,1,1
28107,IPC_SYN,SYN-01,1,1
28108,IPC_SYN,SYN-01,1,1
28109,IT_ACT_SYN,SYN-02,1,1
28110,IT_ACT_SYN,SYN-02,1,1
28111,IPC_SYN,SYN-01,1,1
28112,IPC_SYN,SYN-01,1,1
28113,IPC_SYN,SYN-01,1,1
28114,SPECIAL_LAW_SYN,SYN-03,1,1
28115,IPC_SYN,SYN-01,1,1
28116,IPC_SYN,SYN-01,1,1
28117,SPECIAL_LAW_SYN,SYN-03,1,1
28118,SPECIAL_LAW_SYN,SYN-03,1,1
28119,IT_ACT_SYN,SYN-02,1,1
28120,SPECIAL_LAW_SYN,SYN-03,1,1
28121,IPC_SYN,SYN-01,1,1
28122,IT_ACT_SYN,SYN-02,1,1
28123,IPC_SYN,SYN-01,1,1
28124,SPECIAL_LAW_SYN,SYN-03,1,1
28125,IT_ACT_SYN,SYN-02,1,1
28126,IPC_SYN,SYN-01,1,1
28127,IPC_SYN,SYN-01,1,1
28128,IT_ACT_SYN,SYN-02,1,1
28129,SPECIAL_LAW_SYN,SYN-03,1,1
28130,IT_ACT_SYN,SYN-02,1,1
28131,SPECIAL_LAW_SYN,SYN-03,1,1
28132,IPC_SYN,SYN-01,1,1
28133,SPECIAL_LAW_SYN,SYN-03,1,1
28134,IPC_SYN,SYN-01,1,1
28135,IPC_SYN,SYN-01,1,1
28136,SPECIAL_LAW_SYN,SYN-03,1,1
28137,SPECIAL_LAW_SYN,SYN-03,1,1
28138,SPECIAL_LAW_SYN,SYN-03,1,1
28139,SPECIAL_LAW_SYN,SYN-03,1,1
28140,SPECIAL_LAW_SYN,SYN-03,1,1
28141,IPC_SYN,SYN-01,1,1
28142,IPC_SYN,SYN-01,1,1
28143,SPECIAL_LAW_SYN,SYN-03,1,1
28144,IPC_SYN,SYN-01,1,1
28145,IPC_SYN,SYN-01,1,1
28146,IPC_SYN,SYN-01,1,1
28147,SPECIAL_LAW_SYN,SYN-03,1,1
28148,IPC_SYN,SYN-01,1,1
28149,IPC_SYN,SYN-01,1,1
28150,IPC_SYN,SYN-01,1,1
28151,IPC_SYN,SYN-01,1,1
28152,IPC_SYN,SYN-01,1,1
28153,IPC_SYN,SYN-01,1,1
28154,IPC_SYN,SYN-01,1,1
28155,IT_ACT_SYN,SYN-02,1,1
28156,IPC_SYN,SYN-01,1,1
28157,SPECIAL_LAW_SYN,SYN-03,1,1
28158,IPC_SYN,SYN-01,1,1
28159,IT_ACT_SYN,SYN-02,1,1
28160,IPC_SYN,SYN-01,1,1
28161,IPC_SYN,SYN-01,1,1
28162,IPC_SYN,SYN-01,1,1
28163,IPC_SYN,SYN-01,1,1
28164,IPC_SYN,SYN-01,1,1
28165,IPC_SYN,SYN-01,1,1
28166,SPECIAL_LAW_SYN,SYN-03,1,1
28167,SPECIAL_LAW_SYN,SYN-03,1,1
28168,IT_ACT_SYN,SYN-02,1,1
28169,IPC_SYN,SYN-01,1,1
28170,IPC_SYN,SYN-01,1,1
28171,IPC_SYN,SYN-01,1,1
28172,SPECIAL_LAW_SYN,SYN-03,1,1
28173,SPECIAL_LAW_SYN,SYN-03,1,1
28174,IPC_SYN,SYN-01,1,1
28175,SPECIAL_LAW_SYN,SYN-03,1,1
28176,IPC_SYN,SYN-01,1,1
28177,IPC_SYN,SYN-01,1,1
28178,IPC_SYN,SYN-01,1,1
28179,SPECIAL_LAW_SYN,SYN-03,1,1
28180,IT_ACT_SYN,SYN-02,1,1
28181,IPC_SYN,SYN-01,1,1
28182,IT_ACT_SYN,SYN-02,1,1
28183,IPC_SYN,SYN-01,1,1
28184,SPECIAL_LAW_SYN,SYN-03,1,1
28185,IPC_SYN,SYN-01,1,1
28186,IPC_SYN,SYN-01,1,1
28187,IPC_SYN,SYN-01,1,1
28188,IPC_SYN,SYN-01,1,1
28189,IPC_SYN,SYN-01,1,1
28190,IPC_SYN,SYN-01,1,1
28191,IPC_SYN,SYN-01,1,1
28192,SPECIAL_LAW_SYN,SYN-03,1,1
28193,IPC_SYN,SYN-01,1,1
28194,IPC_SYN,SYN-01,1,1
28195,IPC_SYN,SYN-01,1,1
28196,IPC_SYN,SYN-01,1,1
28197,IT_ACT_SYN,SYN-02,1,1
28198,SPECIAL_LAW_SYN,SYN-03,1,1
28199,SPECIAL_LAW_SYN,SYN-03,1,1
28200,IPC_SYN,SYN-01,1,1
28201,SPECIAL_LAW_SYN,SYN-03,1,1
28202,SPECIAL_LAW_SYN,SYN-03,1,1
28203,IPC_SYN,SYN-01,1,1
28204,IPC_SYN,SYN-01,1,1
28205,IPC_SYN,SYN-01,1,1
28206,IPC_SYN,SYN-01,1,1
28207,IPC_SYN,SYN-01,1,1
28208,IPC_SYN,SYN-01,1,1
28209,IPC_SYN,SYN-01,1,1
28210,IPC_SYN,SYN-01,1,1
28211,IPC_SYN,SYN-01,1,1
28212,IPC_SYN,SYN-01,1,1
28213,IPC_SYN,SYN-01,1,1
28214,IPC_SYN,SYN-01,1,1
28215,SPECIAL_LAW_SYN,SYN-03,1,1
28216,SPECIAL_LAW_SYN,SYN-03,1,1
28217,IPC_SYN,SYN-01,1,1
28218,IPC_SYN,SYN-01,1,1
28219,IPC_SYN,SYN-01,1,1
28220,IT_ACT_SYN,SYN-02,1,1
28221,IPC_SYN,SYN-01,1,1
28222,SPECIAL_LAW_SYN,SYN-03,1,1
28223,IPC_SYN,SYN-01,1,1
28224,IPC_SYN,SYN-01,1,1
28225,SPECIAL_LAW_SYN,SYN-03,1,1
28226,IPC_SYN,SYN-01,1,1
28227,IPC_SYN,SYN-01,1,1
28228,IPC_SYN,SYN-01,1,1
28229,IPC_SYN,SYN-01,1,1
28230,IPC_SYN,SYN-01,1,1
28231,SPECIAL_LAW_SYN,SYN-03,1,1
28232,IPC_SYN,SYN-01,1,1
28233,IPC_SYN,SYN-01,1,1
28234,IPC_SYN,SYN-01,1,1
28235,IPC_SYN,SYN-01,1,1
28236,IT_ACT_SYN,SYN-02,1,1
28237,IPC_SYN,SYN-01,1,1
28238,IPC_SYN,SYN-01,1,1
28239,IPC_SYN,SYN-01,1,1
28240,IPC_SYN,SYN-01,1,1
28241,IT_ACT_SYN,SYN-02,1,1
28242,IPC_SYN,SYN-01,1,1
28243,IPC_SYN,SYN-01,1,1
28244,IT_ACT_SYN,SYN-02,1,1
28245,SPECIAL_LAW_SYN,SYN-03,1,1
28246,SPECIAL_LAW_SYN,SYN-03,1,1
28247,SPECIAL_LAW_SYN,SYN-03,1,1
28248,IT_ACT_SYN,SYN-02,1,1
28249,IPC_SYN,SYN-01,1,1
28250,IPC_SYN,SYN-01,1,1
28251,IPC_SYN,SYN-01,1,1
28252,SPECIAL_LAW_SYN,SYN-03,1,1
28253,IPC_SYN,SYN-01,1,1
28254,SPECIAL_LAW_SYN,SYN-03,1,1
28255,IPC_SYN,SYN-01,1,1
28256,SPECIAL_LAW_SYN,SYN-03,1,1
28257,SPECIAL_LAW_SYN,SYN-03,1,1
28258,IPC_SYN,SYN-01,1,1
28259,IT_ACT_SYN,SYN-02,1,1
28260,SPECIAL_LAW_SYN,SYN-03,1,1
28261,IPC_SYN,SYN-01,1,1
28262,IPC_SYN,SYN-01,1,1
28263,IPC_SYN,SYN-01,1,1
28264,SPECIAL_LAW_SYN,SYN-03,1,1
28265,SPECIAL_LAW_SYN,SYN-03,1,1
28266,IPC_SYN,SYN-01,1,1
28267,IT_ACT_SYN,SYN-02,1,1
28268,IT_ACT_SYN,SYN-02,1,1
28269,IPC_SYN,SYN-01,1,1
28270,SPECIAL_LAW_SYN,SYN-03,1,1
28271,SPECIAL_LAW_SYN,SYN-03,1,1
28272,SPECIAL_LAW_SYN,SYN-03,1,1
28273,SPECIAL_LAW_SYN,SYN-03,1,1
28274,IPC_SYN,SYN-01,1,1
28275,SPECIAL_LAW_SYN,SYN-03,1,1
28276,IPC_SYN,SYN-01,1,1
28277,SPECIAL_LAW_SYN,SYN-03,1,1
28278,IPC_SYN,SYN-01,1,1
28279,IPC_SYN,SYN-01,1,1
28280,SPECIAL_LAW_SYN,SYN-03,1,1
28281,IPC_SYN,SYN-01,1,1
28282,SPECIAL_LAW_SYN,SYN-03,1,1
28283,SPECIAL_LAW_SYN,SYN-03,1,1
28284,IPC_SYN,SYN-01,1,1
28285,IPC_SYN,SYN-01,1,1
28286,IPC_SYN,SYN-01,1,1
28287,SPECIAL_LAW_SYN,SYN-03,1,1
28288,IPC_SYN,SYN-01,1,1
28289,IPC_SYN,SYN-01,1,1
28290,SPECIAL_LAW_SYN,SYN-03,1,1
28291,SPECIAL_LAW_SYN,SYN-03,1,1
28292,IPC_SYN,SYN-01,1,1
28293,IPC_SYN,SYN-01,1,1
28294,SPECIAL_LAW_SYN,SYN-03,1,1
28295,IPC_SYN,SYN-01,1,1
28296,IT_ACT_SYN,SYN-02,1,1
28297,IPC_SYN,SYN-01,1,1
28298,IPC_SYN,SYN-01,1,1
28299,IPC_SYN,SYN-01,1,1
28300,SPECIAL_LAW_SYN,SYN-03,1,1
28301,IPC_SYN,SYN-01,1,1
28302,SPECIAL_LAW_SYN,SYN-03,1,1
28303,IPC_SYN,SYN-01,1,1
28304,SPECIAL_LAW_SYN,SYN-03,1,1
28305,SPECIAL_LAW_SYN,SYN-03,1,1
28306,IPC_SYN,SYN-01,1,1
28307,SPECIAL_LAW_SYN,SYN-03,1,1
28308,IPC_SYN,SYN-01,1,1
28309,SPECIAL_LAW_SYN,SYN-03,1,1
28310,IT_ACT_SYN,SYN-02,1,1
28311,SPECIAL_LAW_SYN,SYN-03,1,1
28312,IPC_SYN,SYN-01,1,1
28313,IT_ACT_SYN,SYN-02,1,1
28314,IPC_SYN,SYN-01,1,1
28315,IPC_SYN,SYN-01,1,1
28316,SPECIAL_LAW_SYN,SYN-03,1,1
28317,IPC_SYN,SYN-01,1,1
28318,SPECIAL_LAW_SYN,SYN-03,1,1
28319,SPECIAL_LAW_SYN,SYN-03,1,1
28320,SPECIAL_LAW_SYN,SYN-03,1,1
28321,IPC_SYN,SYN-01,1,1
28322,IPC_SYN,SYN-01,1,1
28323,SPECIAL_LAW_SYN,SYN-03,1,1
28324,IPC_SYN,SYN-01,1,1
28325,IPC_SYN,SYN-01,1,1
28326,IPC_SYN,SYN-01,1,1
28327,IPC_SYN,SYN-01,1,1
28328,IPC_SYN,SYN-01,1,1
28329,IPC_SYN,SYN-01,1,1
28330,SPECIAL_LAW_SYN,SYN-03,1,1
28331,IPC_SYN,SYN-01,1,1
28332,SPECIAL_LAW_SYN,SYN-03,1,1
28333,IPC_SYN,SYN-01,1,1
28334,IPC_SYN,SYN-01,1,1
28335,IT_ACT_SYN,SYN-02,1,1
28336,SPECIAL_LAW_SYN,SYN-03,1,1
28337,IT_ACT_SYN,SYN-02,1,1
28338,IT_ACT_SYN,SYN-02,1,1
28339,IPC_SYN,SYN-01,1,1
28340,IPC_SYN,SYN-01,1,1
28341,IPC_SYN,SYN-01,1,1
28342,IPC_SYN,SYN-01,1,1
28343,IPC_SYN,SYN-01,1,1
28344,IPC_SYN,SYN-01,1,1
28345,IPC_SYN,SYN-01,1,1
28346,IPC_SYN,SYN-01,1,1
28347,IPC_SYN,SYN-01,1,1
28348,SPECIAL_LAW_SYN,SYN-03,1,1
28349,IPC_SYN,SYN-01,1,1
28350,IT_ACT_SYN,SYN-02,1,1
28351,IPC_SYN,SYN-01,1,1
28352,IPC_SYN,SYN-01,1,1
28353,IPC_SYN,SYN-01,1,1
28354,IPC_SYN,SYN-01,1,1
28355,SPECIAL_LAW_SYN,SYN-03,1,1
28356,IPC_SYN,SYN-01,1,1
28357,IPC_SYN,SYN-01,1,1
28358,SPECIAL_LAW_SYN,SYN-03,1,1
28359,IPC_SYN,SYN-01,1,1
28360,IPC_SYN,SYN-01,1,1
28361,SPECIAL_LAW_SYN,SYN-03,1,1
28362,IPC_SYN,SYN-01,1,1
28363,IPC_SYN,SYN-01,1,1
28364,IPC_SYN,SYN-01,1,1
28365,SPECIAL_LAW_SYN,SYN-03,1,1
28366,IPC_SYN,SYN-01,1,1
28367,IPC_SYN,SYN-01,1,1
28368,IPC_SYN,SYN-01,1,1
28369,IPC_SYN,SYN-01,1,1
28370,SPECIAL_LAW_SYN,SYN-03,1,1
28371,SPECIAL_LAW_SYN,SYN-03,1,1
28372,SPECIAL_LAW_SYN,SYN-03,1,1
28373,IPC_SYN,SYN-01,1,1
28374,IPC_SYN,SYN-01,1,1
28375,SPECIAL_LAW_SYN,SYN-03,1,1
28376,IPC_SYN,SYN-01,1,1
28377,IPC_SYN,SYN-01,1,1
28378,IPC_SYN,SYN-01,1,1
28379,SPECIAL_LAW_SYN,SYN-03,1,1
28380,IPC_SYN,SYN-01,1,1
28381,SPECIAL_LAW_SYN,SYN-03,1,1
28382,IT_ACT_SYN,SYN-02,1,1
28383,IT_ACT_SYN,SYN-02,1,1
28384,IT_ACT_SYN,SYN-02,1,1
28385,IT_ACT_SYN,SYN-02,1,1
28386,IT_ACT_SYN,SYN-02,1,1
28387,IPC_SYN,SYN-01,1,1
28388,IT_ACT_SYN,SYN-02,1,1
28389,SPECIAL_LAW_SYN,SYN-03,1,1
28390,IPC_SYN,SYN-01,1,1
28391,IPC_SYN,SYN-01,1,1
28392,IPC_SYN,SYN-01,1,1
28393,SPECIAL_LAW_SYN,SYN-03,1,1
28394,IPC_SYN,SYN-01,1,1
28395,IPC_SYN,SYN-01,1,1
28396,IPC_SYN,SYN-01,1,1
28397,SPECIAL_LAW_SYN,SYN-03,1,1
28398,IPC_SYN,SYN-01,1,1
28399,SPECIAL_LAW_SYN,SYN-03,1,1
28400,SPECIAL_LAW_SYN,SYN-03,1,1
28401,IPC_SYN,SYN-01,1,1
28402,SPECIAL_LAW_SYN,SYN-03,1,1
28403,IPC_SYN,SYN-01,1,1
28404,IT_ACT_SYN,SYN-02,1,1
28405,IPC_SYN,SYN-01,1,1
28406,IPC_SYN,SYN-01,1,1
28407,SPECIAL_LAW_SYN,SYN-03,1,1
28408,IT_ACT_SYN,SYN-02,1,1
28409,IPC_SYN,SYN-01,1,1
28410,IPC_SYN,SYN-01,1,1
28411,IPC_SYN,SYN-01,1,1
28412,IT_ACT_SYN,SYN-02,1,1
28413,IPC_SYN,SYN-01,1,1
28414,IPC_SYN,SYN-01,1,1
28415,IPC_SYN,SYN-01,1,1
28416,SPECIAL_LAW_SYN,SYN-03,1,1
28417,IPC_SYN,SYN-01,1,1
28418,IPC_SYN,SYN-01,1,1
28419,IPC_SYN,SYN-01,1,1
28420,IPC_SYN,SYN-01,1,1
28421,SPECIAL_LAW_SYN,SYN-03,1,1
28422,SPECIAL_LAW_SYN,SYN-03,1,1
28423,SPECIAL_LAW_SYN,SYN-03,1,1
28424,IPC_SYN,SYN-01,1,1
28425,SPECIAL_LAW_SYN,SYN-03,1,1
28426,SPECIAL_LAW_SYN,SYN-03,1,1
28427,SPECIAL_LAW_SYN,SYN-03,1,1
28428,IPC_SYN,SYN-01,1,1
28429,IPC_SYN,SYN-01,1,1
28430,IT_ACT_SYN,SYN-02,1,1
28431,SPECIAL_LAW_SYN,SYN-03,1,1
28432,IPC_SYN,SYN-01,1,1
28433,IPC_SYN,SYN-01,1,1
28434,IPC_SYN,SYN-01,1,1
28435,SPECIAL_LAW_SYN,SYN-03,1,1
28436,IPC_SYN,SYN-01,1,1
28437,IPC_SYN,SYN-01,1,1
28438,SPECIAL_LAW_SYN,SYN-03,1,1
28439,SPECIAL_LAW_SYN,SYN-03,1,1
28440,IT_ACT_SYN,SYN-02,1,1
28441,IPC_SYN,SYN-01,1,1
28442,IPC_SYN,SYN-01,1,1
28443,SPECIAL_LAW_SYN,SYN-03,1,1
28444,IPC_SYN,SYN-01,1,1
28445,IPC_SYN,SYN-01,1,1
28446,IPC_SYN,SYN-01,1,1
28447,SPECIAL_LAW_SYN,SYN-03,1,1
28448,IPC_SYN,SYN-01,1,1
28449,IPC_SYN,SYN-01,1,1
28450,SPECIAL_LAW_SYN,SYN-03,1,1
28451,IPC_SYN,SYN-01,1,1
28452,SPECIAL_LAW_SYN,SYN-03,1,1
28453,IPC_SYN,SYN-01,1,1
28454,IPC_SYN,SYN-01,1,1
28455,SPECIAL_LAW_SYN,SYN-03,1,1
28456,IPC_SYN,SYN-01,1,1
28457,IPC_SYN,SYN-01,1,1
28458,IPC_SYN,SYN-01,1,1
28459,IPC_SYN,SYN-01,1,1
28460,IPC_SYN,SYN-01,1,1
28461,IT_ACT_SYN,SYN-02,1,1
28462,IPC_SYN,SYN-01,1,1
28463,SPECIAL_LAW_SYN,SYN-03,1,1
28464,IPC_SYN,SYN-01,1,1
28465,SPECIAL_LAW_SYN,SYN-03,1,1
28466,SPECIAL_LAW_SYN,SYN-03,1,1
28467,SPECIAL_LAW_SYN,SYN-03,1,1
28468,SPECIAL_LAW_SYN,SYN-03,1,1
28469,IPC_SYN,SYN-01,1,1
28470,SPECIAL_LAW_SYN,SYN-03,1,1
28471,IPC_SYN,SYN-01,1,1
28472,IPC_SYN,SYN-01,1,1
28473,IPC_SYN,SYN-01,1,1
28474,IPC_SYN,SYN-01,1,1
28475,SPECIAL_LAW_SYN,SYN-03,1,1
28476,IT_ACT_SYN,SYN-02,1,1
28477,IPC_SYN,SYN-01,1,1
28478,SPECIAL_LAW_SYN,SYN-03,1,1
28479,SPECIAL_LAW_SYN,SYN-03,1,1
28480,SPECIAL_LAW_SYN,SYN-03,1,1
28481,IPC_SYN,SYN-01,1,1
28482,SPECIAL_LAW_SYN,SYN-03,1,1
28483,IT_ACT_SYN,SYN-02,1,1
28484,IPC_SYN,SYN-01,1,1
28485,IPC_SYN,SYN-01,1,1
28486,IT_ACT_SYN,SYN-02,1,1
28487,IT_ACT_SYN,SYN-02,1,1
28488,IPC_SYN,SYN-01,1,1
28489,IPC_SYN,SYN-01,1,1
28490,SPECIAL_LAW_SYN,SYN-03,1,1
28491,IPC_SYN,SYN-01,1,1
28492,IPC_SYN,SYN-01,1,1
28493,IPC_SYN,SYN-01,1,1
28494,IPC_SYN,SYN-01,1,1
28495,SPECIAL_LAW_SYN,SYN-03,1,1
28496,IPC_SYN,SYN-01,1,1
28497,IPC_SYN,SYN-01,1,1
28498,SPECIAL_LAW_SYN,SYN-03,1,1
28499,IPC_SYN,SYN-01,1,1
28500,IT_ACT_SYN,SYN-02,1,1
28501,IPC_SYN,SYN-01,1,1
28502,IPC_SYN,SYN-01,1,1
28503,SPECIAL_LAW_SYN,SYN-03,1,1
28504,IPC_SYN,SYN-01,1,1
28505,IPC_SYN,SYN-01,1,1
28506,SPECIAL_LAW_SYN,SYN-03,1,1
28507,SPECIAL_LAW_SYN,SYN-03,1,1
28508,SPECIAL_LAW_SYN,SYN-03,1,1
28509,IPC_SYN,SYN-01,1,1
28510,IPC_SYN,SYN-01,1,1
28511,IPC_SYN,SYN-01,1,1
28512,IT_ACT_SYN,SYN-02,1,1
28513,SPECIAL_LAW_SYN,SYN-03,1,1
28514,IT_ACT_SYN,SYN-02,1,1
28515,IPC_SYN,SYN-01,1,1
28516,IPC_SYN,SYN-01,1,1
28517,IPC_SYN,SYN-01,1,1
28518,SPECIAL_LAW_SYN,SYN-03,1,1
28519,SPECIAL_LAW_SYN,SYN-03,1,1
28520,IPC_SYN,SYN-01,1,1
28521,SPECIAL_LAW_SYN,SYN-03,1,1
28522,IPC_SYN,SYN-01,1,1
28523,SPECIAL_LAW_SYN,SYN-03,1,1
28524,IPC_SYN,SYN-01,1,1
28525,SPECIAL_LAW_SYN,SYN-03,1,1
28526,SPECIAL_LAW_SYN,SYN-03,1,1
28527,IPC_SYN,SYN-01,1,1
28528,SPECIAL_LAW_SYN,SYN-03,1,1
28529,IT_ACT_SYN,SYN-02,1,1
28530,IPC_SYN,SYN-01,1,1
28531,SPECIAL_LAW_SYN,SYN-03,1,1
28532,IPC_SYN,SYN-01,1,1
28533,SPECIAL_LAW_SYN,SYN-03,1,1
28534,SPECIAL_LAW_SYN,SYN-03,1,1
28535,IT_ACT_SYN,SYN-02,1,1
28536,IPC_SYN,SYN-01,1,1
28537,SPECIAL_LAW_SYN,SYN-03,1,1
28538,IPC_SYN,SYN-01,1,1
28539,IPC_SYN,SYN-01,1,1
28540,SPECIAL_LAW_SYN,SYN-03,1,1
28541,SPECIAL_LAW_SYN,SYN-03,1,1
28542,IT_ACT_SYN,SYN-02,1,1
28543,SPECIAL_LAW_SYN,SYN-03,1,1
28544,IPC_SYN,SYN-01,1,1
28545,IPC_SYN,SYN-01,1,1
28546,IT_ACT_SYN,SYN-02,1,1
28547,IT_ACT_SYN,SYN-02,1,1
28548,SPECIAL_LAW_SYN,SYN-03,1,1
28549,IT_ACT_SYN,SYN-02,1,1
28550,IT_ACT_SYN,SYN-02,1,1
28551,IPC_SYN,SYN-01,1,1
28552,IPC_SYN,SYN-01,1,1
28553,IPC_SYN,SYN-01,1,1
28554,IPC_SYN,SYN-01,1,1
28555,IPC_SYN,SYN-01,1,1
28556,SPECIAL_LAW_SYN,SYN-03,1,1
28557,IPC_SYN,SYN-01,1,1
28558,IT_ACT_SYN,SYN-02,1,1
28559,IPC_SYN,SYN-01,1,1
28560,IPC_SYN,SYN-01,1,1
28561,SPECIAL_LAW_SYN,SYN-03,1,1
28562,IPC_SYN,SYN-01,1,1
28563,SPECIAL_LAW_SYN,SYN-03,1,1
28564,SPECIAL_LAW_SYN,SYN-03,1,1
28565,IPC_SYN,SYN-01,1,1
28566,IT_ACT_SYN,SYN-02,1,1
28567,IPC_SYN,SYN-01,1,1
28568,IPC_SYN,SYN-01,1,1
28569,SPECIAL_LAW_SYN,SYN-03,1,1
28570,IT_ACT_SYN,SYN-02,1,1
28571,IPC_SYN,SYN-01,1,1
28572,SPECIAL_LAW_SYN,SYN-03,1,1
28573,IPC_SYN,SYN-01,1,1
28574,IPC_SYN,SYN-01,1,1
28575,SPECIAL_LAW_SYN,SYN-03,1,1
28576,SPECIAL_LAW_SYN,SYN-03,1,1
28577,IPC_SYN,SYN-01,1,1
28578,IPC_SYN,SYN-01,1,1
28579,IPC_SYN,SYN-01,1,1
28580,SPECIAL_LAW_SYN,SYN-03,1,1
28581,IPC_SYN,SYN-01,1,1
28582,SPECIAL_LAW_SYN,SYN-03,1,1
28583,IT_ACT_SYN,SYN-02,1,1
28584,SPECIAL_LAW_SYN,SYN-03,1,1
28585,IPC_SYN,SYN-01,1,1
28586,IPC_SYN,SYN-01,1,1
28587,IPC_SYN,SYN-01,1,1
28588,IPC_SYN,SYN-01,1,1
28589,IPC_SYN,SYN-01,1,1
28590,IPC_SYN,SYN-01,1,1
28591,IPC_SYN,SYN-01,1,1
28592,SPECIAL_LAW_SYN,SYN-03,1,1
28593,IPC_SYN,SYN-01,1,1
28594,IPC_SYN,SYN-01,1,1
28595,SPECIAL_LAW_SYN,SYN-03,1,1
28596,IPC_SYN,SYN-01,1,1
28597,IPC_SYN,SYN-01,1,1
28598,IPC_SYN,SYN-01,1,1
28599,SPECIAL_LAW_SYN,SYN-03,1,1
28600,IT_ACT_SYN,SYN-02,1,1
28601,IPC_SYN,SYN-01,1,1
28602,IPC_SYN,SYN-01,1,1
28603,IPC_SYN,SYN-01,1,1
28604,SPECIAL_LAW_SYN,SYN-03,1,1
28605,SPECIAL_LAW_SYN,SYN-03,1,1
28606,IPC_SYN,SYN-01,1,1
28607,IPC_SYN,SYN-01,1,1
28608,IT_ACT_SYN,SYN-02,1,1
28609,IPC_SYN,SYN-01,1,1
28610,IPC_SYN,SYN-01,1,1
28611,SPECIAL_LAW_SYN,SYN-03,1,1
28612,IT_ACT_SYN,SYN-02,1,1
28613,IPC_SYN,SYN-01,1,1
28614,IPC_SYN,SYN-01,1,1
28615,IPC_SYN,SYN-01,1,1
28616,SPECIAL_LAW_SYN,SYN-03,1,1
28617,IT_ACT_SYN,SYN-02,1,1
28618,IT_ACT_SYN,SYN-02,1,1
28619,SPECIAL_LAW_SYN,SYN-03,1,1
28620,IPC_SYN,SYN-01,1,1
28621,IPC_SYN,SYN-01,1,1
28622,IPC_SYN,SYN-01,1,1
28623,IPC_SYN,SYN-01,1,1
28624,IPC_SYN,SYN-01,1,1
28625,SPECIAL_LAW_SYN,SYN-03,1,1
28626,IPC_SYN,SYN-01,1,1
28627,IPC_SYN,SYN-01,1,1
28628,IT_ACT_SYN,SYN-02,1,1
28629,IPC_SYN,SYN-01,1,1
28630,IPC_SYN,SYN-01,1,1
28631,IPC_SYN,SYN-01,1,1
28632,IPC_SYN,SYN-01,1,1
28633,IPC_SYN,SYN-01,1,1
28634,IPC_SYN,SYN-01,1,1
28635,SPECIAL_LAW_SYN,SYN-03,1,1
28636,IPC_SYN,SYN-01,1,1
28637,SPECIAL_LAW_SYN,SYN-03,1,1
28638,SPECIAL_LAW_SYN,SYN-03,1,1
28639,IPC_SYN,SYN-01,1,1
28640,IPC_SYN,SYN-01,1,1
28641,IPC_SYN,SYN-01,1,1
28642,IPC_SYN,SYN-01,1,1
28643,IPC_SYN,SYN-01,1,1
28644,IPC_SYN,SYN-01,1,1
28645,IPC_SYN,SYN-01,1,1
28646,IPC_SYN,SYN-01,1,1
28647,IPC_SYN,SYN-01,1,1
28648,IPC_SYN,SYN-01,1,1
28649,IPC_SYN,SYN-01,1,1
28650,IPC_SYN,SYN-01,1,1
28651,IPC_SYN,SYN-01,1,1
28652,SPECIAL_LAW_SYN,SYN-03,1,1
28653,SPECIAL_LAW_SYN,SYN-03,1,1
28654,IPC_SYN,SYN-01,1,1
28655,IPC_SYN,SYN-01,1,1
28656,IT_ACT_SYN,SYN-02,1,1
28657,SPECIAL_LAW_SYN,SYN-03,1,1
28658,SPECIAL_LAW_SYN,SYN-03,1,1
28659,IPC_SYN,SYN-01,1,1
28660,IPC_SYN,SYN-01,1,1
28661,SPECIAL_LAW_SYN,SYN-03,1,1
28662,SPECIAL_LAW_SYN,SYN-03,1,1
28663,IPC_SYN,SYN-01,1,1
28664,IPC_SYN,SYN-01,1,1
28665,IPC_SYN,SYN-01,1,1
28666,IPC_SYN,SYN-01,1,1
28667,IPC_SYN,SYN-01,1,1
28668,IPC_SYN,SYN-01,1,1
28669,IPC_SYN,SYN-01,1,1
28670,IPC_SYN,SYN-01,1,1
28671,IPC_SYN,SYN-01,1,1
28672,IPC_SYN,SYN-01,1,1
28673,SPECIAL_LAW_SYN,SYN-03,1,1
28674,SPECIAL_LAW_SYN,SYN-03,1,1
28675,SPECIAL_LAW_SYN,SYN-03,1,1
28676,IPC_SYN,SYN-01,1,1
28677,SPECIAL_LAW_SYN,SYN-03,1,1
28678,IPC_SYN,SYN-01,1,1
28679,IPC_SYN,SYN-01,1,1
28680,IPC_SYN,SYN-01,1,1
28681,IPC_SYN,SYN-01,1,1
28682,IPC_SYN,SYN-01,1,1
28683,IPC_SYN,SYN-01,1,1
28684,SPECIAL_LAW_SYN,SYN-03,1,1
28685,IPC_SYN,SYN-01,1,1
28686,SPECIAL_LAW_SYN,SYN-03,1,1
28687,SPECIAL_LAW_SYN,SYN-03,1,1
28688,SPECIAL_LAW_SYN,SYN-03,1,1
28689,IPC_SYN,SYN-01,1,1
28690,IPC_SYN,SYN-01,1,1
28691,IT_ACT_SYN,SYN-02,1,1
28692,SPECIAL_LAW_SYN,SYN-03,1,1
28693,SPECIAL_LAW_SYN,SYN-03,1,1
28694,IPC_SYN,SYN-01,1,1
28695,IPC_SYN,SYN-01,1,1
28696,IPC_SYN,SYN-01,1,1
28697,SPECIAL_LAW_SYN,SYN-03,1,1
28698,SPECIAL_LAW_SYN,SYN-03,1,1
28699,IPC_SYN,SYN-01,1,1
28700,SPECIAL_LAW_SYN,SYN-03,1,1
28701,SPECIAL_LAW_SYN,SYN-03,1,1
28702,IT_ACT_SYN,SYN-02,1,1
28703,IPC_SYN,SYN-01,1,1
28704,SPECIAL_LAW_SYN,SYN-03,1,1
28705,SPECIAL_LAW_SYN,SYN-03,1,1
28706,SPECIAL_LAW_SYN,SYN-03,1,1
28707,IT_ACT_SYN,SYN-02,1,1
28708,IPC_SYN,SYN-01,1,1
28709,IPC_SYN,SYN-01,1,1
28710,IPC_SYN,SYN-01,1,1
28711,IPC_SYN,SYN-01,1,1
28712,IPC_SYN,SYN-01,1,1
28713,SPECIAL_LAW_SYN,SYN-03,1,1
28714,IPC_SYN,SYN-01,1,1
28715,IPC_SYN,SYN-01,1,1
28716,IPC_SYN,SYN-01,1,1
28717,IPC_SYN,SYN-01,1,1
28718,IT_ACT_SYN,SYN-02,1,1
28719,IPC_SYN,SYN-01,1,1
28720,IPC_SYN,SYN-01,1,1
28721,SPECIAL_LAW_SYN,SYN-03,1,1
28722,IT_ACT_SYN,SYN-02,1,1
28723,IPC_SYN,SYN-01,1,1
28724,IPC_SYN,SYN-01,1,1
28725,IPC_SYN,SYN-01,1,1
28726,SPECIAL_LAW_SYN,SYN-03,1,1
28727,SPECIAL_LAW_SYN,SYN-03,1,1
28728,IPC_SYN,SYN-01,1,1
28729,SPECIAL_LAW_SYN,SYN-03,1,1
28730,IPC_SYN,SYN-01,1,1
28731,IPC_SYN,SYN-01,1,1
28732,IPC_SYN,SYN-01,1,1
28733,IPC_SYN,SYN-01,1,1
28734,IT_ACT_SYN,SYN-02,1,1
28735,IPC_SYN,SYN-01,1,1
28736,SPECIAL_LAW_SYN,SYN-03,1,1
28737,IPC_SYN,SYN-01,1,1
28738,IPC_SYN,SYN-01,1,1
28739,IT_ACT_SYN,SYN-02,1,1
28740,SPECIAL_LAW_SYN,SYN-03,1,1
28741,IPC_SYN,SYN-01,1,1
28742,IPC_SYN,SYN-01,1,1
28743,IPC_SYN,SYN-01,1,1
28744,IPC_SYN,SYN-01,1,1
28745,IPC_SYN,SYN-01,1,1
28746,SPECIAL_LAW_SYN,SYN-03,1,1
28747,SPECIAL_LAW_SYN,SYN-03,1,1
28748,SPECIAL_LAW_SYN,SYN-03,1,1
28749,SPECIAL_LAW_SYN,SYN-03,1,1
28750,SPECIAL_LAW_SYN,SYN-03,1,1
28751,IPC_SYN,SYN-01,1,1
28752,SPECIAL_LAW_SYN,SYN-03,1,1
28753,IT_ACT_SYN,SYN-02,1,1
28754,IPC_SYN,SYN-01,1,1
28755,IT_ACT_SYN,SYN-02,1,1
28756,SPECIAL_LAW_SYN,SYN-03,1,1
28757,IPC_SYN,SYN-01,1,1
28758,IPC_SYN,SYN-01,1,1
28759,IPC_SYN,SYN-01,1,1
28760,IPC_SYN,SYN-01,1,1
28761,SPECIAL_LAW_SYN,SYN-03,1,1
28762,SPECIAL_LAW_SYN,SYN-03,1,1
28763,IT_ACT_SYN,SYN-02,1,1
28764,IPC_SYN,SYN-01,1,1
28765,SPECIAL_LAW_SYN,SYN-03,1,1
28766,IPC_SYN,SYN-01,1,1
28767,IPC_SYN,SYN-01,1,1
28768,SPECIAL_LAW_SYN,SYN-03,1,1
28769,IPC_SYN,SYN-01,1,1
28770,IPC_SYN,SYN-01,1,1
28771,IPC_SYN,SYN-01,1,1
28772,SPECIAL_LAW_SYN,SYN-03,1,1
28773,IPC_SYN,SYN-01,1,1
28774,IT_ACT_SYN,SYN-02,1,1
28775,SPECIAL_LAW_SYN,SYN-03,1,1
28776,IT_ACT_SYN,SYN-02,1,1
28777,IPC_SYN,SYN-01,1,1
28778,IT_ACT_SYN,SYN-02,1,1
28779,IPC_SYN,SYN-01,1,1
28780,IPC_SYN,SYN-01,1,1
28781,SPECIAL_LAW_SYN,SYN-03,1,1
28782,IPC_SYN,SYN-01,1,1
28783,IPC_SYN,SYN-01,1,1
28784,IT_ACT_SYN,SYN-02,1,1
28785,SPECIAL_LAW_SYN,SYN-03,1,1
28786,IPC_SYN,SYN-01,1,1
28787,IPC_SYN,SYN-01,1,1
28788,SPECIAL_LAW_SYN,SYN-03,1,1
28789,SPECIAL_LAW_SYN,SYN-03,1,1
28790,SPECIAL_LAW_SYN,SYN-03,1,1
28791,IPC_SYN,SYN-01,1,1
28792,IPC_SYN,SYN-01,1,1
28793,SPECIAL_LAW_SYN,SYN-03,1,1
28794,IPC_SYN,SYN-01,1,1
28795,SPECIAL_LAW_SYN,SYN-03,1,1
28796,SPECIAL_LAW_SYN,SYN-03,1,1
28797,IPC_SYN,SYN-01,1,1
28798,IPC_SYN,SYN-01,1,1
28799,IPC_SYN,SYN-01,1,1
28800,IPC_SYN,SYN-01,1,1
28801,SPECIAL_LAW_SYN,SYN-03,1,1
28802,IPC_SYN,SYN-01,1,1
28803,IPC_SYN,SYN-01,1,1
28804,IPC_SYN,SYN-01,1,1
28805,SPECIAL_LAW_SYN,SYN-03,1,1
28806,IPC_SYN,SYN-01,1,1
28807,IT_ACT_SYN,SYN-02,1,1
28808,IPC_SYN,SYN-01,1,1
28809,IPC_SYN,SYN-01,1,1
28810,IPC_SYN,SYN-01,1,1
28811,IPC_SYN,SYN-01,1,1
28812,IT_ACT_SYN,SYN-02,1,1
28813,SPECIAL_LAW_SYN,SYN-03,1,1
28814,SPECIAL_LAW_SYN,SYN-03,1,1
28815,IPC_SYN,SYN-01,1,1
28816,IPC_SYN,SYN-01,1,1
28817,IPC_SYN,SYN-01,1,1
28818,IT_ACT_SYN,SYN-02,1,1
28819,SPECIAL_LAW_SYN,SYN-03,1,1
28820,SPECIAL_LAW_SYN,SYN-03,1,1
28821,IPC_SYN,SYN-01,1,1
28822,IPC_SYN,SYN-01,1,1
28823,IPC_SYN,SYN-01,1,1
28824,SPECIAL_LAW_SYN,SYN-03,1,1
28825,SPECIAL_LAW_SYN,SYN-03,1,1
28826,IPC_SYN,SYN-01,1,1
28827,IPC_SYN,SYN-01,1,1
28828,IPC_SYN,SYN-01,1,1
28829,IPC_SYN,SYN-01,1,1
28830,IPC_SYN,SYN-01,1,1
28831,SPECIAL_LAW_SYN,SYN-03,1,1
28832,IT_ACT_SYN,SYN-02,1,1
28833,IPC_SYN,SYN-01,1,1
28834,IT_ACT_SYN,SYN-02,1,1
28835,IPC_SYN,SYN-01,1,1
28836,IT_ACT_SYN,SYN-02,1,1
28837,SPECIAL_LAW_SYN,SYN-03,1,1
28838,IT_ACT_SYN,SYN-02,1,1
28839,IPC_SYN,SYN-01,1,1
28840,SPECIAL_LAW_SYN,SYN-03,1,1
28841,SPECIAL_LAW_SYN,SYN-03,1,1
28842,IPC_SYN,SYN-01,1,1
28843,IPC_SYN,SYN-01,1,1
28844,IPC_SYN,SYN-01,1,1
28845,IPC_SYN,SYN-01,1,1
28846,IPC_SYN,SYN-01,1,1
28847,SPECIAL_LAW_SYN,SYN-03,1,1
28848,IPC_SYN,SYN-01,1,1
28849,IT_ACT_SYN,SYN-02,1,1
28850,IPC_SYN,SYN-01,1,1
28851,SPECIAL_LAW_SYN,SYN-03,1,1
28852,IPC_SYN,SYN-01,1,1
28853,IPC_SYN,SYN-01,1,1
28854,SPECIAL_LAW_SYN,SYN-03,1,1
28855,IPC_SYN,SYN-01,1,1
28856,IPC_SYN,SYN-01,1,1
28857,SPECIAL_LAW_SYN,SYN-03,1,1
28858,IPC_SYN,SYN-01,1,1
28859,IPC_SYN,SYN-01,1,1
28860,SPECIAL_LAW_SYN,SYN-03,1,1
28861,SPECIAL_LAW_SYN,SYN-03,1,1
28862,IPC_SYN,SYN-01,1,1
28863,IPC_SYN,SYN-01,1,1
28864,IPC_SYN,SYN-01,1,1
28865,IT_ACT_SYN,SYN-02,1,1
28866,IT_ACT_SYN,SYN-02,1,1
28867,IPC_SYN,SYN-01,1,1
28868,SPECIAL_LAW_SYN,SYN-03,1,1
28869,IT_ACT_SYN,SYN-02,1,1
28870,SPECIAL_LAW_SYN,SYN-03,1,1
28871,SPECIAL_LAW_SYN,SYN-03,1,1
28872,SPECIAL_LAW_SYN,SYN-03,1,1
28873,IT_ACT_SYN,SYN-02,1,1
28874,IPC_SYN,SYN-01,1,1
28875,IPC_SYN,SYN-01,1,1
28876,IT_ACT_SYN,SYN-02,1,1
28877,IPC_SYN,SYN-01,1,1
28878,IPC_SYN,SYN-01,1,1
28879,SPECIAL_LAW_SYN,SYN-03,1,1
28880,IPC_SYN,SYN-01,1,1
28881,IPC_SYN,SYN-01,1,1
28882,SPECIAL_LAW_SYN,SYN-03,1,1
28883,IT_ACT_SYN,SYN-02,1,1
28884,IPC_SYN,SYN-01,1,1
28885,SPECIAL_LAW_SYN,SYN-03,1,1
28886,IPC_SYN,SYN-01,1,1
28887,SPECIAL_LAW_SYN,SYN-03,1,1
28888,SPECIAL_LAW_SYN,SYN-03,1,1
28889,SPECIAL_LAW_SYN,SYN-03,1,1
28890,IT_ACT_SYN,SYN-02,1,1
28891,IPC_SYN,SYN-01,1,1
28892,IPC_SYN,SYN-01,1,1
28893,IPC_SYN,SYN-01,1,1
28894,IPC_SYN,SYN-01,1,1
28895,IPC_SYN,SYN-01,1,1
28896,IPC_SYN,SYN-01,1,1
28897,IPC_SYN,SYN-01,1,1
28898,IPC_SYN,SYN-01,1,1
28899,IPC_SYN,SYN-01,1,1
28900,IPC_SYN,SYN-01,1,1
28901,IPC_SYN,SYN-01,1,1
28902,IPC_SYN,SYN-01,1,1
28903,IPC_SYN,SYN-01,1,1
28904,IPC_SYN,SYN-01,1,1
28905,SPECIAL_LAW_SYN,SYN-03,1,1
28906,IPC_SYN,SYN-01,1,1
28907,SPECIAL_LAW_SYN,SYN-03,1,1
28908,IPC_SYN,SYN-01,1,1
28909,SPECIAL_LAW_SYN,SYN-03,1,1
28910,IPC_SYN,SYN-01,1,1
28911,IPC_SYN,SYN-01,1,1
28912,IPC_SYN,SYN-01,1,1
28913,IPC_SYN,SYN-01,1,1
28914,IT_ACT_SYN,SYN-02,1,1
28915,SPECIAL_LAW_SYN,SYN-03,1,1
28916,IPC_SYN,SYN-01,1,1
28917,IPC_SYN,SYN-01,1,1
28918,IPC_SYN,SYN-01,1,1
28919,IPC_SYN,SYN-01,1,1
28920,SPECIAL_LAW_SYN,SYN-03,1,1
28921,IPC_SYN,SYN-01,1,1
28922,IPC_SYN,SYN-01,1,1
28923,IPC_SYN,SYN-01,1,1
28924,SPECIAL_LAW_SYN,SYN-03,1,1
28925,IPC_SYN,SYN-01,1,1
28926,IPC_SYN,SYN-01,1,1
28927,SPECIAL_LAW_SYN,SYN-03,1,1
28928,SPECIAL_LAW_SYN,SYN-03,1,1
28929,IPC_SYN,SYN-01,1,1
28930,IPC_SYN,SYN-01,1,1
28931,IPC_SYN,SYN-01,1,1
28932,IPC_SYN,SYN-01,1,1
28933,IT_ACT_SYN,SYN-02,1,1
28934,IPC_SYN,SYN-01,1,1
28935,IPC_SYN,SYN-01,1,1
28936,IPC_SYN,SYN-01,1,1
28937,IPC_SYN,SYN-01,1,1
28938,SPECIAL_LAW_SYN,SYN-03,1,1
28939,IPC_SYN,SYN-01,1,1
28940,IPC_SYN,SYN-01,1,1
28941,SPECIAL_LAW_SYN,SYN-03,1,1
28942,SPECIAL_LAW_SYN,SYN-03,1,1
28943,SPECIAL_LAW_SYN,SYN-03,1,1
28944,SPECIAL_LAW_SYN,SYN-03,1,1
28945,SPECIAL_LAW_SYN,SYN-03,1,1
28946,IPC_SYN,SYN-01,1,1
28947,IPC_SYN,SYN-01,1,1
28948,SPECIAL_LAW_SYN,SYN-03,1,1
28949,IT_ACT_SYN,SYN-02,1,1
28950,IPC_SYN,SYN-01,1,1
28951,SPECIAL_LAW_SYN,SYN-03,1,1
28952,IPC_SYN,SYN-01,1,1
28953,IPC_SYN,SYN-01,1,1
28954,SPECIAL_LAW_SYN,SYN-03,1,1
28955,IT_ACT_SYN,SYN-02,1,1
28956,SPECIAL_LAW_SYN,SYN-03,1,1
28957,IPC_SYN,SYN-01,1,1
28958,IPC_SYN,SYN-01,1,1
28959,SPECIAL_LAW_SYN,SYN-03,1,1
28960,IPC_SYN,SYN-01,1,1
28961,IPC_SYN,SYN-01,1,1
28962,SPECIAL_LAW_SYN,SYN-03,1,1
28963,SPECIAL_LAW_SYN,SYN-03,1,1
28964,IPC_SYN,SYN-01,1,1
28965,IPC_SYN,SYN-01,1,1
28966,IT_ACT_SYN,SYN-02,1,1
28967,SPECIAL_LAW_SYN,SYN-03,1,1
28968,IPC_SYN,SYN-01,1,1
28969,IPC_SYN,SYN-01,1,1
28970,IPC_SYN,SYN-01,1,1
28971,IPC_SYN,SYN-01,1,1
28972,IT_ACT_SYN,SYN-02,1,1
28973,IT_ACT_SYN,SYN-02,1,1
28974,IT_ACT_SYN,SYN-02,1,1
28975,IT_ACT_SYN,SYN-02,1,1
28976,IPC_SYN,SYN-01,1,1
28977,IPC_SYN,SYN-01,1,1
28978,IPC_SYN,SYN-01,1,1
28979,IPC_SYN,SYN-01,1,1
28980,IPC_SYN,SYN-01,1,1
28981,IPC_SYN,SYN-01,1,1
28982,SPECIAL_LAW_SYN,SYN-03,1,1
28983,IPC_SYN,SYN-01,1,1
28984,SPECIAL_LAW_SYN,SYN-03,1,1
28985,SPECIAL_LAW_SYN,SYN-03,1,1
28986,IPC_SYN,SYN-01,1,1
28987,IPC_SYN,SYN-01,1,1
28988,IPC_SYN,SYN-01,1,1
28989,SPECIAL_LAW_SYN,SYN-03,1,1
28990,IPC_SYN,SYN-01,1,1
28991,IPC_SYN,SYN-01,1,1
28992,IPC_SYN,SYN-01,1,1
28993,IPC_SYN,SYN-01,1,1
28994,SPECIAL_LAW_SYN,SYN-03,1,1
28995,IPC_SYN,SYN-01,1,1
28996,IPC_SYN,SYN-01,1,1
28997,SPECIAL_LAW_SYN,SYN-03,1,1
28998,IPC_SYN,SYN-01,1,1
28999,SPECIAL_LAW_SYN,SYN-03,1,1
29000,IPC_SYN,SYN-01,1,1
29001,IPC_SYN,SYN-01,1,1
29002,IPC_SYN,SYN-01,1,1
29003,IPC_SYN,SYN-01,1,1
29004,IPC_SYN,SYN-01,1,1
29005,IPC_SYN,SYN-01,1,1
29006,IPC_SYN,SYN-01,1,1
29007,SPECIAL_LAW_SYN,SYN-03,1,1
29008,IPC_SYN,SYN-01,1,1
29009,IPC_SYN,SYN-01,1,1
29010,SPECIAL_LAW_SYN,SYN-03,1,1
29011,IPC_SYN,SYN-01,1,1
29012,IPC_SYN,SYN-01,1,1
29013,IT_ACT_SYN,SYN-02,1,1
29014,IT_ACT_SYN,SYN-02,1,1
29015,SPECIAL_LAW_SYN,SYN-03,1,1
29016,IPC_SYN,SYN-01,1,1
29017,SPECIAL_LAW_SYN,SYN-03,1,1
29018,IPC_SYN,SYN-01,1,1
29019,SPECIAL_LAW_SYN,SYN-03,1,1
29020,IPC_SYN,SYN-01,1,1
29021,IPC_SYN,SYN-01,1,1
29022,SPECIAL_LAW_SYN,SYN-03,1,1
29023,IPC_SYN,SYN-01,1,1
29024,IT_ACT_SYN,SYN-02,1,1
29025,IT_ACT_SYN,SYN-02,1,1
29026,IPC_SYN,SYN-01,1,1
29027,SPECIAL_LAW_SYN,SYN-03,1,1
29028,IPC_SYN,SYN-01,1,1
29029,SPECIAL_LAW_SYN,SYN-03,1,1
29030,IT_ACT_SYN,SYN-02,1,1
29031,IT_ACT_SYN,SYN-02,1,1
29032,IPC_SYN,SYN-01,1,1
29033,SPECIAL_LAW_SYN,SYN-03,1,1
29034,SPECIAL_LAW_SYN,SYN-03,1,1
29035,SPECIAL_LAW_SYN,SYN-03,1,1
29036,IPC_SYN,SYN-01,1,1
29037,IT_ACT_SYN,SYN-02,1,1
29038,SPECIAL_LAW_SYN,SYN-03,1,1
29039,IT_ACT_SYN,SYN-02,1,1
29040,IT_ACT_SYN,SYN-02,1,1
29041,IPC_SYN,SYN-01,1,1
29042,IPC_SYN,SYN-01,1,1
29043,IPC_SYN,SYN-01,1,1
29044,IT_ACT_SYN,SYN-02,1,1
29045,IPC_SYN,SYN-01,1,1
29046,SPECIAL_LAW_SYN,SYN-03,1,1
29047,IPC_SYN,SYN-01,1,1
29048,SPECIAL_LAW_SYN,SYN-03,1,1
29049,IPC_SYN,SYN-01,1,1
29050,IPC_SYN,SYN-01,1,1
29051,SPECIAL_LAW_SYN,SYN-03,1,1
29052,SPECIAL_LAW_SYN,SYN-03,1,1
29053,IPC_SYN,SYN-01,1,1
29054,IPC_SYN,SYN-01,1,1
29055,SPECIAL_LAW_SYN,SYN-03,1,1
29056,SPECIAL_LAW_SYN,SYN-03,1,1
29057,IPC_SYN,SYN-01,1,1
29058,IPC_SYN,SYN-01,1,1
29059,IPC_SYN,SYN-01,1,1
29060,SPECIAL_LAW_SYN,SYN-03,1,1
29061,SPECIAL_LAW_SYN,SYN-03,1,1
29062,IT_ACT_SYN,SYN-02,1,1
29063,SPECIAL_LAW_SYN,SYN-03,1,1
29064,IT_ACT_SYN,SYN-02,1,1
29065,IPC_SYN,SYN-01,1,1
29066,IPC_SYN,SYN-01,1,1
29067,SPECIAL_LAW_SYN,SYN-03,1,1
29068,IPC_SYN,SYN-01,1,1
29069,IPC_SYN,SYN-01,1,1
29070,SPECIAL_LAW_SYN,SYN-03,1,1
29071,IPC_SYN,SYN-01,1,1
29072,IT_ACT_SYN,SYN-02,1,1
29073,IPC_SYN,SYN-01,1,1
29074,IPC_SYN,SYN-01,1,1
29075,IPC_SYN,SYN-01,1,1
29076,SPECIAL_LAW_SYN,SYN-03,1,1
29077,IPC_SYN,SYN-01,1,1
29078,IPC_SYN,SYN-01,1,1
29079,IPC_SYN,SYN-01,1,1
29080,IPC_SYN,SYN-01,1,1
29081,SPECIAL_LAW_SYN,SYN-03,1,1
29082,IT_ACT_SYN,SYN-02,1,1
29083,IPC_SYN,SYN-01,1,1
29084,SPECIAL_LAW_SYN,SYN-03,1,1
29085,SPECIAL_LAW_SYN,SYN-03,1,1
29086,IPC_SYN,SYN-01,1,1
29087,IPC_SYN,SYN-01,1,1
29088,IPC_SYN,SYN-01,1,1
29089,IT_ACT_SYN,SYN-02,1,1
29090,IPC_SYN,SYN-01,1,1
29091,IPC_SYN,SYN-01,1,1
29092,IPC_SYN,SYN-01,1,1
29093,SPECIAL_LAW_SYN,SYN-03,1,1
29094,IPC_SYN,SYN-01,1,1
29095,IPC_SYN,SYN-01,1,1
29096,SPECIAL_LAW_SYN,SYN-03,1,1
29097,SPECIAL_LAW_SYN,SYN-03,1,1
29098,SPECIAL_LAW_SYN,SYN-03,1,1
29099,SPECIAL_LAW_SYN,SYN-03,1,1
29100,IPC_SYN,SYN-01,1,1
29101,IPC_SYN,SYN-01,1,1
29102,IPC_SYN,SYN-01,1,1
29103,IPC_SYN,SYN-01,1,1
29104,IPC_SYN,SYN-01,1,1
29105,IPC_SYN,SYN-01,1,1
29106,IPC_SYN,SYN-01,1,1
29107,IPC_SYN,SYN-01,1,1
29108,IPC_SYN,SYN-01,1,1
29109,SPECIAL_LAW_SYN,SYN-03,1,1
29110,IT_ACT_SYN,SYN-02,1,1
29111,SPECIAL_LAW_SYN,SYN-03,1,1
29112,IPC_SYN,SYN-01,1,1
29113,IPC_SYN,SYN-01,1,1
29114,SPECIAL_LAW_SYN,SYN-03,1,1
29115,IT_ACT_SYN,SYN-02,1,1
29116,IPC_SYN,SYN-01,1,1
29117,IPC_SYN,SYN-01,1,1
29118,SPECIAL_LAW_SYN,SYN-03,1,1
29119,IT_ACT_SYN,SYN-02,1,1
29120,IPC_SYN,SYN-01,1,1
29121,IPC_SYN,SYN-01,1,1
29122,IPC_SYN,SYN-01,1,1
29123,IT_ACT_SYN,SYN-02,1,1
29124,IPC_SYN,SYN-01,1,1
29125,IPC_SYN,SYN-01,1,1
29126,IPC_SYN,SYN-01,1,1
29127,IPC_SYN,SYN-01,1,1
29128,IPC_SYN,SYN-01,1,1
29129,IPC_SYN,SYN-01,1,1
29130,IPC_SYN,SYN-01,1,1
29131,IPC_SYN,SYN-01,1,1
29132,SPECIAL_LAW_SYN,SYN-03,1,1
29133,IPC_SYN,SYN-01,1,1
29134,IPC_SYN,SYN-01,1,1
29135,IPC_SYN,SYN-01,1,1
29136,IPC_SYN,SYN-01,1,1
29137,SPECIAL_LAW_SYN,SYN-03,1,1
29138,IPC_SYN,SYN-01,1,1
29139,IT_ACT_SYN,SYN-02,1,1
29140,IT_ACT_SYN,SYN-02,1,1
29141,SPECIAL_LAW_SYN,SYN-03,1,1
29142,IPC_SYN,SYN-01,1,1
29143,SPECIAL_LAW_SYN,SYN-03,1,1
29144,IPC_SYN,SYN-01,1,1
29145,IPC_SYN,SYN-01,1,1
29146,IPC_SYN,SYN-01,1,1
29147,SPECIAL_LAW_SYN,SYN-03,1,1
29148,IPC_SYN,SYN-01,1,1
29149,IPC_SYN,SYN-01,1,1
29150,SPECIAL_LAW_SYN,SYN-03,1,1
29151,IPC_SYN,SYN-01,1,1
29152,SPECIAL_LAW_SYN,SYN-03,1,1
29153,IPC_SYN,SYN-01,1,1
29154,IT_ACT_SYN,SYN-02,1,1
29155,IT_ACT_SYN,SYN-02,1,1
29156,IPC_SYN,SYN-01,1,1
29157,SPECIAL_LAW_SYN,SYN-03,1,1
29158,IPC_SYN,SYN-01,1,1
29159,IPC_SYN,SYN-01,1,1
29160,IPC_SYN,SYN-01,1,1
29161,IT_ACT_SYN,SYN-02,1,1
29162,SPECIAL_LAW_SYN,SYN-03,1,1
29163,SPECIAL_LAW_SYN,SYN-03,1,1
29164,IPC_SYN,SYN-01,1,1
29165,SPECIAL_LAW_SYN,SYN-03,1,1
29166,SPECIAL_LAW_SYN,SYN-03,1,1
29167,IPC_SYN,SYN-01,1,1
29168,IPC_SYN,SYN-01,1,1
29169,SPECIAL_LAW_SYN,SYN-03,1,1
29170,IPC_SYN,SYN-01,1,1
29171,SPECIAL_LAW_SYN,SYN-03,1,1
29172,IPC_SYN,SYN-01,1,1
29173,IPC_SYN,SYN-01,1,1
29174,SPECIAL_LAW_SYN,SYN-03,1,1
29175,SPECIAL_LAW_SYN,SYN-03,1,1
29176,IPC_SYN,SYN-01,1,1
29177,IPC_SYN,SYN-01,1,1
29178,IPC_SYN,SYN-01,1,1
29179,IPC_SYN,SYN-01,1,1
29180,SPECIAL_LAW_SYN,SYN-03,1,1
29181,IPC_SYN,SYN-01,1,1
29182,SPECIAL_LAW_SYN,SYN-03,1,1
29183,IPC_SYN,SYN-01,1,1
29184,SPECIAL_LAW_SYN,SYN-03,1,1
29185,SPECIAL_LAW_SYN,SYN-03,1,1
29186,IPC_SYN,SYN-01,1,1
29187,IPC_SYN,SYN-01,1,1
29188,IPC_SYN,SYN-01,1,1
29189,SPECIAL_LAW_SYN,SYN-03,1,1
29190,IPC_SYN,SYN-01,1,1
29191,SPECIAL_LAW_SYN,SYN-03,1,1
29192,IT_ACT_SYN,SYN-02,1,1
29193,IT_ACT_SYN,SYN-02,1,1
29194,SPECIAL_LAW_SYN,SYN-03,1,1
29195,SPECIAL_LAW_SYN,SYN-03,1,1
29196,SPECIAL_LAW_SYN,SYN-03,1,1
29197,IPC_SYN,SYN-01,1,1
29198,SPECIAL_LAW_SYN,SYN-03,1,1
29199,SPECIAL_LAW_SYN,SYN-03,1,1
29200,IPC_SYN,SYN-01,1,1
29201,IPC_SYN,SYN-01,1,1
29202,IPC_SYN,SYN-01,1,1
29203,IPC_SYN,SYN-01,1,1
29204,SPECIAL_LAW_SYN,SYN-03,1,1
29205,SPECIAL_LAW_SYN,SYN-03,1,1
29206,SPECIAL_LAW_SYN,SYN-03,1,1
29207,SPECIAL_LAW_SYN,SYN-03,1,1
29208,IPC_SYN,SYN-01,1,1
29209,IPC_SYN,SYN-01,1,1
29210,SPECIAL_LAW_SYN,SYN-03,1,1
29211,IPC_SYN,SYN-01,1,1
29212,SPECIAL_LAW_SYN,SYN-03,1,1
29213,IPC_SYN,SYN-01,1,1
29214,IPC_SYN,SYN-01,1,1
29215,IPC_SYN,SYN-01,1,1
29216,IPC_SYN,SYN-01,1,1
29217,IT_ACT_SYN,SYN-02,1,1
29218,IPC_SYN,SYN-01,1,1
29219,IT_ACT_SYN,SYN-02,1,1
29220,IPC_SYN,SYN-01,1,1
29221,IT_ACT_SYN,SYN-02,1,1
29222,IPC_SYN,SYN-01,1,1
29223,IPC_SYN,SYN-01,1,1
29224,IPC_SYN,SYN-01,1,1
29225,IPC_SYN,SYN-01,1,1
29226,IPC_SYN,SYN-01,1,1
29227,IPC_SYN,SYN-01,1,1
29228,IT_ACT_SYN,SYN-02,1,1
29229,IT_ACT_SYN,SYN-02,1,1
29230,IPC_SYN,SYN-01,1,1
29231,IPC_SYN,SYN-01,1,1
29232,IPC_SYN,SYN-01,1,1
29233,IPC_SYN,SYN-01,1,1
29234,IPC_SYN,SYN-01,1,1
29235,IPC_SYN,SYN-01,1,1
29236,IPC_SYN,SYN-01,1,1
29237,SPECIAL_LAW_SYN,SYN-03,1,1
29238,IT_ACT_SYN,SYN-02,1,1
29239,SPECIAL_LAW_SYN,SYN-03,1,1
29240,IPC_SYN,SYN-01,1,1
29241,SPECIAL_LAW_SYN,SYN-03,1,1
29242,IT_ACT_SYN,SYN-02,1,1
29243,IPC_SYN,SYN-01,1,1
29244,SPECIAL_LAW_SYN,SYN-03,1,1
29245,IPC_SYN,SYN-01,1,1
29246,SPECIAL_LAW_SYN,SYN-03,1,1
29247,SPECIAL_LAW_SYN,SYN-03,1,1
29248,SPECIAL_LAW_SYN,SYN-03,1,1
29249,IT_ACT_SYN,SYN-02,1,1
29250,IPC_SYN,SYN-01,1,1
29251,IT_ACT_SYN,SYN-02,1,1
29252,SPECIAL_LAW_SYN,SYN-03,1,1
29253,IPC_SYN,SYN-01,1,1
29254,IPC_SYN,SYN-01,1,1
29255,IPC_SYN,SYN-01,1,1
29256,IPC_SYN,SYN-01,1,1
29257,IPC_SYN,SYN-01,1,1
29258,IT_ACT_SYN,SYN-02,1,1
29259,SPECIAL_LAW_SYN,SYN-03,1,1
29260,IPC_SYN,SYN-01,1,1
29261,IPC_SYN,SYN-01,1,1
29262,IPC_SYN,SYN-01,1,1
29263,IPC_SYN,SYN-01,1,1
29264,IPC_SYN,SYN-01,1,1
29265,IPC_SYN,SYN-01,1,1
29266,SPECIAL_LAW_SYN,SYN-03,1,1
29267,IPC_SYN,SYN-01,1,1
29268,SPECIAL_LAW_SYN,SYN-03,1,1
29269,IT_ACT_SYN,SYN-02,1,1
29270,IPC_SYN,SYN-01,1,1
29271,SPECIAL_LAW_SYN,SYN-03,1,1
29272,IPC_SYN,SYN-01,1,1
29273,IT_ACT_SYN,SYN-02,1,1
29274,IT_ACT_SYN,SYN-02,1,1
29275,IT_ACT_SYN,SYN-02,1,1
29276,SPECIAL_LAW_SYN,SYN-03,1,1
29277,IPC_SYN,SYN-01,1,1
29278,IPC_SYN,SYN-01,1,1
29279,IPC_SYN,SYN-01,1,1
29280,SPECIAL_LAW_SYN,SYN-03,1,1
29281,IT_ACT_SYN,SYN-02,1,1
29282,SPECIAL_LAW_SYN,SYN-03,1,1
29283,IPC_SYN,SYN-01,1,1
29284,IT_ACT_SYN,SYN-02,1,1
29285,IPC_SYN,SYN-01,1,1
29286,IPC_SYN,SYN-01,1,1
29287,IPC_SYN,SYN-01,1,1
29288,SPECIAL_LAW_SYN,SYN-03,1,1
29289,SPECIAL_LAW_SYN,SYN-03,1,1
29290,IPC_SYN,SYN-01,1,1
29291,IPC_SYN,SYN-01,1,1
29292,SPECIAL_LAW_SYN,SYN-03,1,1
29293,IPC_SYN,SYN-01,1,1
29294,IPC_SYN,SYN-01,1,1
29295,IT_ACT_SYN,SYN-02,1,1
29296,SPECIAL_LAW_SYN,SYN-03,1,1
29297,IPC_SYN,SYN-01,1,1
29298,IT_ACT_SYN,SYN-02,1,1
29299,IT_ACT_SYN,SYN-02,1,1
29300,IPC_SYN,SYN-01,1,1
29301,SPECIAL_LAW_SYN,SYN-03,1,1
29302,IPC_SYN,SYN-01,1,1
29303,SPECIAL_LAW_SYN,SYN-03,1,1
29304,SPECIAL_LAW_SYN,SYN-03,1,1
29305,IPC_SYN,SYN-01,1,1
29306,IPC_SYN,SYN-01,1,1
29307,IPC_SYN,SYN-01,1,1
29308,IPC_SYN,SYN-01,1,1
29309,SPECIAL_LAW_SYN,SYN-03,1,1
29310,IPC_SYN,SYN-01,1,1
29311,SPECIAL_LAW_SYN,SYN-03,1,1
29312,IPC_SYN,SYN-01,1,1
29313,IPC_SYN,SYN-01,1,1
29314,SPECIAL_LAW_SYN,SYN-03,1,1
29315,SPECIAL_LAW_SYN,SYN-03,1,1
29316,IPC_SYN,SYN-01,1,1
29317,SPECIAL_LAW_SYN,SYN-03,1,1
29318,IPC_SYN,SYN-01,1,1
29319,SPECIAL_LAW_SYN,SYN-03,1,1
29320,IPC_SYN,SYN-01,1,1
29321,IPC_SYN,SYN-01,1,1
29322,IPC_SYN,SYN-01,1,1
29323,IPC_SYN,SYN-01,1,1
29324,IT_ACT_SYN,SYN-02,1,1
29325,IPC_SYN,SYN-01,1,1
29326,IPC_SYN,SYN-01,1,1
29327,IPC_SYN,SYN-01,1,1
29328,IPC_SYN,SYN-01,1,1
29329,IPC_SYN,SYN-01,1,1
29330,IPC_SYN,SYN-01,1,1
29331,IPC_SYN,SYN-01,1,1
29332,SPECIAL_LAW_SYN,SYN-03,1,1
29333,IPC_SYN,SYN-01,1,1
29334,IPC_SYN,SYN-01,1,1
29335,IT_ACT_SYN,SYN-02,1,1
29336,IPC_SYN,SYN-01,1,1
29337,IPC_SYN,SYN-01,1,1
29338,IPC_SYN,SYN-01,1,1
29339,IT_ACT_SYN,SYN-02,1,1
29340,IPC_SYN,SYN-01,1,1
29341,IPC_SYN,SYN-01,1,1
29342,SPECIAL_LAW_SYN,SYN-03,1,1
29343,IPC_SYN,SYN-01,1,1
29344,IPC_SYN,SYN-01,1,1
29345,SPECIAL_LAW_SYN,SYN-03,1,1
29346,IPC_SYN,SYN-01,1,1
29347,IPC_SYN,SYN-01,1,1
29348,IPC_SYN,SYN-01,1,1
29349,IPC_SYN,SYN-01,1,1
29350,SPECIAL_LAW_SYN,SYN-03,1,1
29351,IPC_SYN,SYN-01,1,1
29352,SPECIAL_LAW_SYN,SYN-03,1,1
29353,IPC_SYN,SYN-01,1,1
29354,SPECIAL_LAW_SYN,SYN-03,1,1
29355,IPC_SYN,SYN-01,1,1
29356,SPECIAL_LAW_SYN,SYN-03,1,1
29357,IPC_SYN,SYN-01,1,1
29358,IPC_SYN,SYN-01,1,1
29359,IPC_SYN,SYN-01,1,1
29360,IPC_SYN,SYN-01,1,1
29361,IPC_SYN,SYN-01,1,1
29362,SPECIAL_LAW_SYN,SYN-03,1,1
29363,IPC_SYN,SYN-01,1,1
29364,IPC_SYN,SYN-01,1,1
29365,IPC_SYN,SYN-01,1,1
29366,IPC_SYN,SYN-01,1,1
29367,IPC_SYN,SYN-01,1,1
29368,SPECIAL_LAW_SYN,SYN-03,1,1
29369,IT_ACT_SYN,SYN-02,1,1
29370,IPC_SYN,SYN-01,1,1
29371,IPC_SYN,SYN-01,1,1
29372,IPC_SYN,SYN-01,1,1
29373,IPC_SYN,SYN-01,1,1
29374,SPECIAL_LAW_SYN,SYN-03,1,1
29375,IPC_SYN,SYN-01,1,1
29376,SPECIAL_LAW_SYN,SYN-03,1,1
29377,IPC_SYN,SYN-01,1,1
29378,IT_ACT_SYN,SYN-02,1,1
29379,IPC_SYN,SYN-01,1,1
29380,SPECIAL_LAW_SYN,SYN-03,1,1
29381,SPECIAL_LAW_SYN,SYN-03,1,1
29382,SPECIAL_LAW_SYN,SYN-03,1,1
29383,IPC_SYN,SYN-01,1,1
29384,IPC_SYN,SYN-01,1,1
29385,IT_ACT_SYN,SYN-02,1,1
29386,SPECIAL_LAW_SYN,SYN-03,1,1
29387,IPC_SYN,SYN-01,1,1
29388,IPC_SYN,SYN-01,1,1
29389,SPECIAL_LAW_SYN,SYN-03,1,1
29390,IPC_SYN,SYN-01,1,1
29391,IT_ACT_SYN,SYN-02,1,1
29392,IPC_SYN,SYN-01,1,1
29393,IPC_SYN,SYN-01,1,1
29394,IPC_SYN,SYN-01,1,1
29395,IPC_SYN,SYN-01,1,1
29396,IPC_SYN,SYN-01,1,1
29397,IPC_SYN,SYN-01,1,1
29398,IPC_SYN,SYN-01,1,1
29399,IT_ACT_SYN,SYN-02,1,1
29400,IPC_SYN,SYN-01,1,1
29401,IT_ACT_SYN,SYN-02,1,1
29402,IPC_SYN,SYN-01,1,1
29403,IPC_SYN,SYN-01,1,1
29404,IPC_SYN,SYN-01,1,1
29405,IPC_SYN,SYN-01,1,1
29406,SPECIAL_LAW_SYN,SYN-03,1,1
29407,IPC_SYN,SYN-01,1,1
29408,IPC_SYN,SYN-01,1,1
29409,IPC_SYN,SYN-01,1,1
29410,IPC_SYN,SYN-01,1,1
29411,SPECIAL_LAW_SYN,SYN-03,1,1
29412,SPECIAL_LAW_SYN,SYN-03,1,1
29413,IPC_SYN,SYN-01,1,1
29414,SPECIAL_LAW_SYN,SYN-03,1,1
29415,SPECIAL_LAW_SYN,SYN-03,1,1
29416,SPECIAL_LAW_SYN,SYN-03,1,1
29417,SPECIAL_LAW_SYN,SYN-03,1,1
29418,IPC_SYN,SYN-01,1,1
29419,IPC_SYN,SYN-01,1,1
29420,SPECIAL_LAW_SYN,SYN-03,1,1
29421,SPECIAL_LAW_SYN,SYN-03,1,1
29422,IT_ACT_SYN,SYN-02,1,1
29423,SPECIAL_LAW_SYN,SYN-03,1,1
29424,SPECIAL_LAW_SYN,SYN-03,1,1
29425,SPECIAL_LAW_SYN,SYN-03,1,1
29426,IT_ACT_SYN,SYN-02,1,1
29427,SPECIAL_LAW_SYN,SYN-03,1,1
29428,IPC_SYN,SYN-01,1,1
29429,IPC_SYN,SYN-01,1,1
29430,IPC_SYN,SYN-01,1,1
29431,IT_ACT_SYN,SYN-02,1,1
29432,IPC_SYN,SYN-01,1,1
29433,IT_ACT_SYN,SYN-02,1,1
29434,IPC_SYN,SYN-01,1,1
29435,IPC_SYN,SYN-01,1,1
29436,IPC_SYN,SYN-01,1,1
29437,SPECIAL_LAW_SYN,SYN-03,1,1
29438,SPECIAL_LAW_SYN,SYN-03,1,1
29439,IT_ACT_SYN,SYN-02,1,1
29440,IPC_SYN,SYN-01,1,1
29441,IT_ACT_SYN,SYN-02,1,1
29442,IPC_SYN,SYN-01,1,1
29443,IPC_SYN,SYN-01,1,1
29444,SPECIAL_LAW_SYN,SYN-03,1,1
29445,SPECIAL_LAW_SYN,SYN-03,1,1
29446,IPC_SYN,SYN-01,1,1
29447,IPC_SYN,SYN-01,1,1
29448,SPECIAL_LAW_SYN,SYN-03,1,1
29449,SPECIAL_LAW_SYN,SYN-03,1,1
29450,SPECIAL_LAW_SYN,SYN-03,1,1
29451,IPC_SYN,SYN-01,1,1
29452,IPC_SYN,SYN-01,1,1
29453,SPECIAL_LAW_SYN,SYN-03,1,1
29454,IPC_SYN,SYN-01,1,1
29455,IPC_SYN,SYN-01,1,1
29456,IPC_SYN,SYN-01,1,1
29457,SPECIAL_LAW_SYN,SYN-03,1,1
29458,IPC_SYN,SYN-01,1,1
29459,SPECIAL_LAW_SYN,SYN-03,1,1
29460,SPECIAL_LAW_SYN,SYN-03,1,1
29461,IPC_SYN,SYN-01,1,1
29462,IPC_SYN,SYN-01,1,1
29463,SPECIAL_LAW_SYN,SYN-03,1,1
29464,IPC_SYN,SYN-01,1,1
29465,IPC_SYN,SYN-01,1,1
29466,IPC_SYN,SYN-01,1,1
29467,SPECIAL_LAW_SYN,SYN-03,1,1
29468,IPC_SYN,SYN-01,1,1
29469,IT_ACT_SYN,SYN-02,1,1
29470,SPECIAL_LAW_SYN,SYN-03,1,1
29471,IPC_SYN,SYN-01,1,1
29472,IT_ACT_SYN,SYN-02,1,1
29473,IT_ACT_SYN,SYN-02,1,1
29474,IPC_SYN,SYN-01,1,1
29475,SPECIAL_LAW_SYN,SYN-03,1,1
29476,IPC_SYN,SYN-01,1,1
29477,SPECIAL_LAW_SYN,SYN-03,1,1
29478,SPECIAL_LAW_SYN,SYN-03,1,1
29479,IPC_SYN,SYN-01,1,1
29480,IPC_SYN,SYN-01,1,1
29481,IPC_SYN,SYN-01,1,1
29482,IT_ACT_SYN,SYN-02,1,1
29483,IPC_SYN,SYN-01,1,1
29484,SPECIAL_LAW_SYN,SYN-03,1,1
29485,IPC_SYN,SYN-01,1,1
29486,SPECIAL_LAW_SYN,SYN-03,1,1
29487,IPC_SYN,SYN-01,1,1
29488,SPECIAL_LAW_SYN,SYN-03,1,1
29489,IPC_SYN,SYN-01,1,1
29490,IPC_SYN,SYN-01,1,1
29491,IPC_SYN,SYN-01,1,1
29492,IPC_SYN,SYN-01,1,1
29493,SPECIAL_LAW_SYN,SYN-03,1,1
29494,SPECIAL_LAW_SYN,SYN-03,1,1
29495,IPC_SYN,SYN-01,1,1
29496,SPECIAL_LAW_SYN,SYN-03,1,1
29497,IT_ACT_SYN,SYN-02,1,1
29498,SPECIAL_LAW_SYN,SYN-03,1,1
29499,IT_ACT_SYN,SYN-02,1,1
29500,SPECIAL_LAW_SYN,SYN-03,1,1
29501,IPC_SYN,SYN-01,1,1
29502,IPC_SYN,SYN-01,1,1
29503,IT_ACT_SYN,SYN-02,1,1
29504,IT_ACT_SYN,SYN-02,1,1
29505,IPC_SYN,SYN-01,1,1
29506,IPC_SYN,SYN-01,1,1
29507,SPECIAL_LAW_SYN,SYN-03,1,1
29508,IT_ACT_SYN,SYN-02,1,1
29509,IPC_SYN,SYN-01,1,1
29510,IPC_SYN,SYN-01,1,1
29511,IPC_SYN,SYN-01,1,1
29512,SPECIAL_LAW_SYN,SYN-03,1,1
29513,IPC_SYN,SYN-01,1,1
29514,SPECIAL_LAW_SYN,SYN-03,1,1
29515,IPC_SYN,SYN-01,1,1
29516,IPC_SYN,SYN-01,1,1
29517,IPC_SYN,SYN-01,1,1
29518,SPECIAL_LAW_SYN,SYN-03,1,1
29519,IT_ACT_SYN,SYN-02,1,1
29520,IPC_SYN,SYN-01,1,1
29521,IPC_SYN,SYN-01,1,1
29522,IPC_SYN,SYN-01,1,1
29523,IPC_SYN,SYN-01,1,1
29524,IT_ACT_SYN,SYN-02,1,1
29525,IPC_SYN,SYN-01,1,1
29526,IPC_SYN,SYN-01,1,1
29527,IPC_SYN,SYN-01,1,1
29528,IPC_SYN,SYN-01,1,1
29529,IPC_SYN,SYN-01,1,1
29530,IPC_SYN,SYN-01,1,1
29531,IT_ACT_SYN,SYN-02,1,1
29532,IPC_SYN,SYN-01,1,1
29533,SPECIAL_LAW_SYN,SYN-03,1,1
29534,SPECIAL_LAW_SYN,SYN-03,1,1
29535,SPECIAL_LAW_SYN,SYN-03,1,1
29536,IT_ACT_SYN,SYN-02,1,1
29537,IPC_SYN,SYN-01,1,1
29538,SPECIAL_LAW_SYN,SYN-03,1,1
29539,IPC_SYN,SYN-01,1,1
29540,SPECIAL_LAW_SYN,SYN-03,1,1
29541,IT_ACT_SYN,SYN-02,1,1
29542,SPECIAL_LAW_SYN,SYN-03,1,1
29543,SPECIAL_LAW_SYN,SYN-03,1,1
29544,IPC_SYN,SYN-01,1,1
29545,IPC_SYN,SYN-01,1,1
29546,IPC_SYN,SYN-01,1,1
29547,IPC_SYN,SYN-01,1,1
29548,IT_ACT_SYN,SYN-02,1,1
29549,IT_ACT_SYN,SYN-02,1,1
29550,IT_ACT_SYN,SYN-02,1,1
29551,IPC_SYN,SYN-01,1,1
29552,SPECIAL_LAW_SYN,SYN-03,1,1
29553,IPC_SYN,SYN-01,1,1
29554,IT_ACT_SYN,SYN-02,1,1
29555,SPECIAL_LAW_SYN,SYN-03,1,1
29556,IPC_SYN,SYN-01,1,1
29557,IPC_SYN,SYN-01,1,1
29558,IPC_SYN,SYN-01,1,1
29559,IPC_SYN,SYN-01,1,1
29560,SPECIAL_LAW_SYN,SYN-03,1,1
29561,IPC_SYN,SYN-01,1,1
29562,SPECIAL_LAW_SYN,SYN-03,1,1
29563,SPECIAL_LAW_SYN,SYN-03,1,1
29564,IPC_SYN,SYN-01,1,1
29565,IPC_SYN,SYN-01,1,1
29566,IPC_SYN,SYN-01,1,1
29567,IPC_SYN,SYN-01,1,1
29568,IPC_SYN,SYN-01,1,1
29569,IPC_SYN,SYN-01,1,1
29570,IPC_SYN,SYN-01,1,1
29571,IPC_SYN,SYN-01,1,1
29572,SPECIAL_LAW_SYN,SYN-03,1,1
29573,IT_ACT_SYN,SYN-02,1,1
29574,IPC_SYN,SYN-01,1,1
29575,IT_ACT_SYN,SYN-02,1,1
29576,IPC_SYN,SYN-01,1,1
29577,SPECIAL_LAW_SYN,SYN-03,1,1
29578,IPC_SYN,SYN-01,1,1
29579,IPC_SYN,SYN-01,1,1
29580,SPECIAL_LAW_SYN,SYN-03,1,1
29581,IPC_SYN,SYN-01,1,1
29582,IPC_SYN,SYN-01,1,1
29583,IPC_SYN,SYN-01,1,1
29584,IPC_SYN,SYN-01,1,1
29585,IPC_SYN,SYN-01,1,1
29586,SPECIAL_LAW_SYN,SYN-03,1,1
29587,SPECIAL_LAW_SYN,SYN-03,1,1
29588,IT_ACT_SYN,SYN-02,1,1
29589,IPC_SYN,SYN-01,1,1
29590,IPC_SYN,SYN-01,1,1
29591,SPECIAL_LAW_SYN,SYN-03,1,1
29592,IPC_SYN,SYN-01,1,1
29593,IPC_SYN,SYN-01,1,1
29594,SPECIAL_LAW_SYN,SYN-03,1,1
29595,SPECIAL_LAW_SYN,SYN-03,1,1
29596,SPECIAL_LAW_SYN,SYN-03,1,1
29597,IPC_SYN,SYN-01,1,1
29598,SPECIAL_LAW_SYN,SYN-03,1,1
29599,IPC_SYN,SYN-01,1,1
29600,IPC_SYN,SYN-01,1,1
29601,SPECIAL_LAW_SYN,SYN-03,1,1
29602,IPC_SYN,SYN-01,1,1
29603,SPECIAL_LAW_SYN,SYN-03,1,1
29604,IPC_SYN,SYN-01,1,1
29605,SPECIAL_LAW_SYN,SYN-03,1,1
29606,IPC_SYN,SYN-01,1,1
29607,IPC_SYN,SYN-01,1,1
29608,IPC_SYN,SYN-01,1,1
29609,IPC_SYN,SYN-01,1,1
29610,SPECIAL_LAW_SYN,SYN-03,1,1
29611,IPC_SYN,SYN-01,1,1
29612,IPC_SYN,SYN-01,1,1
29613,SPECIAL_LAW_SYN,SYN-03,1,1
29614,IT_ACT_SYN,SYN-02,1,1
29615,SPECIAL_LAW_SYN,SYN-03,1,1
29616,IT_ACT_SYN,SYN-02,1,1
29617,IPC_SYN,SYN-01,1,1
29618,IT_ACT_SYN,SYN-02,1,1
29619,SPECIAL_LAW_SYN,SYN-03,1,1
29620,IPC_SYN,SYN-01,1,1
29621,SPECIAL_LAW_SYN,SYN-03,1,1
29622,IT_ACT_SYN,SYN-02,1,1
29623,SPECIAL_LAW_SYN,SYN-03,1,1
29624,IPC_SYN,SYN-01,1,1
29625,IPC_SYN,SYN-01,1,1
29626,IPC_SYN,SYN-01,1,1
29627,IPC_SYN,SYN-01,1,1
29628,SPECIAL_LAW_SYN,SYN-03,1,1
29629,IT_ACT_SYN,SYN-02,1,1
29630,IT_ACT_SYN,SYN-02,1,1
29631,IPC_SYN,SYN-01,1,1
29632,SPECIAL_LAW_SYN,SYN-03,1,1
29633,IPC_SYN,SYN-01,1,1
29634,IPC_SYN,SYN-01,1,1
29635,SPECIAL_LAW_SYN,SYN-03,1,1
29636,IPC_SYN,SYN-01,1,1
29637,IPC_SYN,SYN-01,1,1
29638,IT_ACT_SYN,SYN-02,1,1
29639,IPC_SYN,SYN-01,1,1
29640,IPC_SYN,SYN-01,1,1
29641,IPC_SYN,SYN-01,1,1
29642,IPC_SYN,SYN-01,1,1
29643,IPC_SYN,SYN-01,1,1
29644,IPC_SYN,SYN-01,1,1
29645,IPC_SYN,SYN-01,1,1
29646,SPECIAL_LAW_SYN,SYN-03,1,1
29647,IPC_SYN,SYN-01,1,1
29648,IPC_SYN,SYN-01,1,1
29649,SPECIAL_LAW_SYN,SYN-03,1,1
29650,IPC_SYN,SYN-01,1,1
29651,IT_ACT_SYN,SYN-02,1,1
29652,IPC_SYN,SYN-01,1,1
29653,SPECIAL_LAW_SYN,SYN-03,1,1
29654,SPECIAL_LAW_SYN,SYN-03,1,1
29655,IPC_SYN,SYN-01,1,1
29656,IPC_SYN,SYN-01,1,1
29657,SPECIAL_LAW_SYN,SYN-03,1,1
29658,IPC_SYN,SYN-01,1,1
29659,IPC_SYN,SYN-01,1,1
29660,SPECIAL_LAW_SYN,SYN-03,1,1
29661,IPC_SYN,SYN-01,1,1
29662,IPC_SYN,SYN-01,1,1
29663,SPECIAL_LAW_SYN,SYN-03,1,1
29664,IPC_SYN,SYN-01,1,1
29665,SPECIAL_LAW_SYN,SYN-03,1,1
29666,IPC_SYN,SYN-01,1,1
29667,SPECIAL_LAW_SYN,SYN-03,1,1
29668,IPC_SYN,SYN-01,1,1
29669,SPECIAL_LAW_SYN,SYN-03,1,1
29670,IPC_SYN,SYN-01,1,1
29671,SPECIAL_LAW_SYN,SYN-03,1,1
29672,IPC_SYN,SYN-01,1,1
29673,SPECIAL_LAW_SYN,SYN-03,1,1
29674,IT_ACT_SYN,SYN-02,1,1
29675,IT_ACT_SYN,SYN-02,1,1
29676,IPC_SYN,SYN-01,1,1
29677,SPECIAL_LAW_SYN,SYN-03,1,1
29678,IPC_SYN,SYN-01,1,1
29679,SPECIAL_LAW_SYN,SYN-03,1,1
29680,IPC_SYN,SYN-01,1,1
29681,SPECIAL_LAW_SYN,SYN-03,1,1
29682,SPECIAL_LAW_SYN,SYN-03,1,1
29683,IPC_SYN,SYN-01,1,1
29684,SPECIAL_LAW_SYN,SYN-03,1,1
29685,IPC_SYN,SYN-01,1,1
29686,IPC_SYN,SYN-01,1,1
29687,SPECIAL_LAW_SYN,SYN-03,1,1
29688,IPC_SYN,SYN-01,1,1
29689,IPC_SYN,SYN-01,1,1
29690,IPC_SYN,SYN-01,1,1
29691,IPC_SYN,SYN-01,1,1
29692,SPECIAL_LAW_SYN,SYN-03,1,1
29693,SPECIAL_LAW_SYN,SYN-03,1,1
29694,SPECIAL_LAW_SYN,SYN-03,1,1
29695,IPC_SYN,SYN-01,1,1
29696,IPC_SYN,SYN-01,1,1
29697,SPECIAL_LAW_SYN,SYN-03,1,1
29698,SPECIAL_LAW_SYN,SYN-03,1,1
29699,IPC_SYN,SYN-01,1,1
29700,IPC_SYN,SYN-01,1,1
29701,IPC_SYN,SYN-01,1,1
29702,SPECIAL_LAW_SYN,SYN-03,1,1
29703,IPC_SYN,SYN-01,1,1
29704,IPC_SYN,SYN-01,1,1
29705,SPECIAL_LAW_SYN,SYN-03,1,1
29706,SPECIAL_LAW_SYN,SYN-03,1,1
29707,IPC_SYN,SYN-01,1,1
29708,IPC_SYN,SYN-01,1,1
29709,IPC_SYN,SYN-01,1,1
29710,SPECIAL_LAW_SYN,SYN-03,1,1
29711,IPC_SYN,SYN-01,1,1
29712,IPC_SYN,SYN-01,1,1
29713,SPECIAL_LAW_SYN,SYN-03,1,1
29714,IPC_SYN,SYN-01,1,1
29715,SPECIAL_LAW_SYN,SYN-03,1,1
29716,IPC_SYN,SYN-01,1,1
29717,SPECIAL_LAW_SYN,SYN-03,1,1
29718,IPC_SYN,SYN-01,1,1
29719,IT_ACT_SYN,SYN-02,1,1
29720,IPC_SYN,SYN-01,1,1
29721,IPC_SYN,SYN-01,1,1
29722,SPECIAL_LAW_SYN,SYN-03,1,1
29723,IPC_SYN,SYN-01,1,1
29724,SPECIAL_LAW_SYN,SYN-03,1,1
29725,IT_ACT_SYN,SYN-02,1,1
29726,IT_ACT_SYN,SYN-02,1,1
29727,SPECIAL_LAW_SYN,SYN-03,1,1
29728,IT_ACT_SYN,SYN-02,1,1
29729,IPC_SYN,SYN-01,1,1
29730,SPECIAL_LAW_SYN,SYN-03,1,1
29731,IT_ACT_SYN,SYN-02,1,1
29732,IPC_SYN,SYN-01,1,1
29733,IPC_SYN,SYN-01,1,1
29734,SPECIAL_LAW_SYN,SYN-03,1,1
29735,SPECIAL_LAW_SYN,SYN-03,1,1
29736,SPECIAL_LAW_SYN,SYN-03,1,1
29737,IPC_SYN,SYN-01,1,1
29738,IPC_SYN,SYN-01,1,1
29739,IPC_SYN,SYN-01,1,1
29740,IPC_SYN,SYN-01,1,1
29741,IPC_SYN,SYN-01,1,1
29742,IPC_SYN,SYN-01,1,1
29743,SPECIAL_LAW_SYN,SYN-03,1,1
29744,IPC_SYN,SYN-01,1,1
29745,IPC_SYN,SYN-01,1,1
29746,IPC_SYN,SYN-01,1,1
29747,IPC_SYN,SYN-01,1,1
29748,IPC_SYN,SYN-01,1,1
29749,IPC_SYN,SYN-01,1,1
29750,IPC_SYN,SYN-01,1,1
29751,IPC_SYN,SYN-01,1,1
29752,SPECIAL_LAW_SYN,SYN-03,1,1
29753,IPC_SYN,SYN-01,1,1
29754,IPC_SYN,SYN-01,1,1
29755,IPC_SYN,SYN-01,1,1
29756,IPC_SYN,SYN-01,1,1
29757,IPC_SYN,SYN-01,1,1
29758,SPECIAL_LAW_SYN,SYN-03,1,1
29759,IPC_SYN,SYN-01,1,1
29760,IPC_SYN,SYN-01,1,1
29761,IPC_SYN,SYN-01,1,1
29762,IPC_SYN,SYN-01,1,1
29763,SPECIAL_LAW_SYN,SYN-03,1,1
29764,SPECIAL_LAW_SYN,SYN-03,1,1
29765,IPC_SYN,SYN-01,1,1
29766,IPC_SYN,SYN-01,1,1
29767,IPC_SYN,SYN-01,1,1
29768,IT_ACT_SYN,SYN-02,1,1
29769,SPECIAL_LAW_SYN,SYN-03,1,1
29770,IPC_SYN,SYN-01,1,1
29771,IPC_SYN,SYN-01,1,1
29772,IPC_SYN,SYN-01,1,1
29773,IPC_SYN,SYN-01,1,1
29774,IPC_SYN,SYN-01,1,1
29775,IPC_SYN,SYN-01,1,1
29776,IPC_SYN,SYN-01,1,1
29777,IT_ACT_SYN,SYN-02,1,1
29778,IPC_SYN,SYN-01,1,1
29779,IT_ACT_SYN,SYN-02,1,1
29780,IPC_SYN,SYN-01,1,1
29781,SPECIAL_LAW_SYN,SYN-03,1,1
29782,SPECIAL_LAW_SYN,SYN-03,1,1
29783,IPC_SYN,SYN-01,1,1
29784,IPC_SYN,SYN-01,1,1
29785,IPC_SYN,SYN-01,1,1
29786,IPC_SYN,SYN-01,1,1
29787,IPC_SYN,SYN-01,1,1
29788,IPC_SYN,SYN-01,1,1
29789,SPECIAL_LAW_SYN,SYN-03,1,1
29790,IT_ACT_SYN,SYN-02,1,1
29791,IPC_SYN,SYN-01,1,1
29792,IPC_SYN,SYN-01,1,1
29793,IPC_SYN,SYN-01,1,1
29794,SPECIAL_LAW_SYN,SYN-03,1,1
29795,IPC_SYN,SYN-01,1,1
29796,IT_ACT_SYN,SYN-02,1,1
29797,IPC_SYN,SYN-01,1,1
29798,IT_ACT_SYN,SYN-02,1,1
29799,IPC_SYN,SYN-01,1,1
29800,IPC_SYN,SYN-01,1,1
29801,IPC_SYN,SYN-01,1,1
29802,IT_ACT_SYN,SYN-02,1,1
29803,IPC_SYN,SYN-01,1,1
29804,IPC_SYN,SYN-01,1,1
29805,SPECIAL_LAW_SYN,SYN-03,1,1
29806,IPC_SYN,SYN-01,1,1
29807,SPECIAL_LAW_SYN,SYN-03,1,1
29808,SPECIAL_LAW_SYN,SYN-03,1,1
29809,SPECIAL_LAW_SYN,SYN-03,1,1
29810,IT_ACT_SYN,SYN-02,1,1
29811,SPECIAL_LAW_SYN,SYN-03,1,1
29812,IT_ACT_SYN,SYN-02,1,1
29813,SPECIAL_LAW_SYN,SYN-03,1,1
29814,IPC_SYN,SYN-01,1,1
29815,IPC_SYN,SYN-01,1,1
29816,SPECIAL_LAW_SYN,SYN-03,1,1
29817,SPECIAL_LAW_SYN,SYN-03,1,1
29818,IPC_SYN,SYN-01,1,1
29819,IT_ACT_SYN,SYN-02,1,1
29820,IT_ACT_SYN,SYN-02,1,1
29821,SPECIAL_LAW_SYN,SYN-03,1,1
29822,IPC_SYN,SYN-01,1,1
29823,IPC_SYN,SYN-01,1,1
29824,IPC_SYN,SYN-01,1,1
29825,IPC_SYN,SYN-01,1,1
29826,IPC_SYN,SYN-01,1,1
29827,IPC_SYN,SYN-01,1,1
29828,SPECIAL_LAW_SYN,SYN-03,1,1
29829,SPECIAL_LAW_SYN,SYN-03,1,1
29830,SPECIAL_LAW_SYN,SYN-03,1,1
29831,IPC_SYN,SYN-01,1,1
29832,IPC_SYN,SYN-01,1,1
29833,IPC_SYN,SYN-01,1,1
29834,IT_ACT_SYN,SYN-02,1,1
29835,IPC_SYN,SYN-01,1,1
29836,IPC_SYN,SYN-01,1,1
29837,IPC_SYN,SYN-01,1,1
29838,IPC_SYN,SYN-01,1,1
29839,IPC_SYN,SYN-01,1,1
29840,SPECIAL_LAW_SYN,SYN-03,1,1
29841,IPC_SYN,SYN-01,1,1
29842,IPC_SYN,SYN-01,1,1
29843,IPC_SYN,SYN-01,1,1
29844,IPC_SYN,SYN-01,1,1
29845,SPECIAL_LAW_SYN,SYN-03,1,1
29846,IPC_SYN,SYN-01,1,1
29847,IPC_SYN,SYN-01,1,1
29848,SPECIAL_LAW_SYN,SYN-03,1,1
29849,IPC_SYN,SYN-01,1,1
29850,IPC_SYN,SYN-01,1,1
29851,IPC_SYN,SYN-01,1,1
29852,SPECIAL_LAW_SYN,SYN-03,1,1
29853,IPC_SYN,SYN-01,1,1
29854,SPECIAL_LAW_SYN,SYN-03,1,1
29855,SPECIAL_LAW_SYN,SYN-03,1,1
29856,IPC_SYN,SYN-01,1,1
29857,IPC_SYN,SYN-01,1,1
29858,IPC_SYN,SYN-01,1,1
29859,SPECIAL_LAW_SYN,SYN-03,1,1
29860,SPECIAL_LAW_SYN,SYN-03,1,1
29861,SPECIAL_LAW_SYN,SYN-03,1,1
29862,IPC_SYN,SYN-01,1,1
29863,IPC_SYN,SYN-01,1,1
29864,IPC_SYN,SYN-01,1,1
29865,IT_ACT_SYN,SYN-02,1,1
29866,SPECIAL_LAW_SYN,SYN-03,1,1
29867,IPC_SYN,SYN-01,1,1
29868,SPECIAL_LAW_SYN,SYN-03,1,1
29869,SPECIAL_LAW_SYN,SYN-03,1,1
29870,IPC_SYN,SYN-01,1,1
29871,IPC_SYN,SYN-01,1,1
29872,IT_ACT_SYN,SYN-02,1,1
29873,SPECIAL_LAW_SYN,SYN-03,1,1
29874,IPC_SYN,SYN-01,1,1
29875,SPECIAL_LAW_SYN,SYN-03,1,1
29876,IPC_SYN,SYN-01,1,1
29877,IPC_SYN,SYN-01,1,1
29878,IPC_SYN,SYN-01,1,1
29879,IPC_SYN,SYN-01,1,1
29880,IPC_SYN,SYN-01,1,1
29881,IPC_SYN,SYN-01,1,1
29882,IPC_SYN,SYN-01,1,1
29883,IPC_SYN,SYN-01,1,1
29884,IPC_SYN,SYN-01,1,1
29885,IPC_SYN,SYN-01,1,1
29886,IT_ACT_SYN,SYN-02,1,1
29887,SPECIAL_LAW_SYN,SYN-03,1,1
29888,SPECIAL_LAW_SYN,SYN-03,1,1
29889,SPECIAL_LAW_SYN,SYN-03,1,1
29890,SPECIAL_LAW_SYN,SYN-03,1,1
29891,IPC_SYN,SYN-01,1,1
29892,SPECIAL_LAW_SYN,SYN-03,1,1
29893,SPECIAL_LAW_SYN,SYN-03,1,1
29894,IPC_SYN,SYN-01,1,1
29895,IPC_SYN,SYN-01,1,1
29896,IPC_SYN,SYN-01,1,1
29897,IPC_SYN,SYN-01,1,1
29898,SPECIAL_LAW_SYN,SYN-03,1,1
29899,IPC_SYN,SYN-01,1,1
29900,IT_ACT_SYN,SYN-02,1,1
29901,IPC_SYN,SYN-01,1,1
29902,IPC_SYN,SYN-01,1,1
29903,SPECIAL_LAW_SYN,SYN-03,1,1
29904,IPC_SYN,SYN-01,1,1
29905,IPC_SYN,SYN-01,1,1
29906,IPC_SYN,SYN-01,1,1
29907,IT_ACT_SYN,SYN-02,1,1
29908,IPC_SYN,SYN-01,1,1
29909,IPC_SYN,SYN-01,1,1
29910,SPECIAL_LAW_SYN,SYN-03,1,1
29911,IPC_SYN,SYN-01,1,1
29912,SPECIAL_LAW_SYN,SYN-03,1,1
29913,IPC_SYN,SYN-01,1,1
29914,IPC_SYN,SYN-01,1,1
29915,IPC_SYN,SYN-01,1,1
29916,IPC_SYN,SYN-01,1,1
29917,SPECIAL_LAW_SYN,SYN-03,1,1
29918,IPC_SYN,SYN-01,1,1
29919,IT_ACT_SYN,SYN-02,1,1
29920,SPECIAL_LAW_SYN,SYN-03,1,1
29921,IPC_SYN,SYN-01,1,1
29922,IPC_SYN,SYN-01,1,1
29923,IPC_SYN,SYN-01,1,1
29924,IT_ACT_SYN,SYN-02,1,1
29925,IPC_SYN,SYN-01,1,1
29926,SPECIAL_LAW_SYN,SYN-03,1,1
29927,IPC_SYN,SYN-01,1,1
29928,IPC_SYN,SYN-01,1,1
29929,SPECIAL_LAW_SYN,SYN-03,1,1
29930,IPC_SYN,SYN-01,1,1
29931,IT_ACT_SYN,SYN-02,1,1
29932,IPC_SYN,SYN-01,1,1
29933,IPC_SYN,SYN-01,1,1
29934,IPC_SYN,SYN-01,1,1
29935,IPC_SYN,SYN-01,1,1
29936,SPECIAL_LAW_SYN,SYN-03,1,1
29937,IPC_SYN,SYN-01,1,1
29938,IT_ACT_SYN,SYN-02,1,1
29939,IPC_SYN,SYN-01,1,1
29940,SPECIAL_LAW_SYN,SYN-03,1,1
29941,SPECIAL_LAW_SYN,SYN-03,1,1
29942,IPC_SYN,SYN-01,1,1
29943,IPC_SYN,SYN-01,1,1
29944,IPC_SYN,SYN-01,1,1
29945,IPC_SYN,SYN-01,1,1
29946,IPC_SYN,SYN-01,1,1
29947,SPECIAL_LAW_SYN,SYN-03,1,1
29948,IPC_SYN,SYN-01,1,1
29949,SPECIAL_LAW_SYN,SYN-03,1,1
29950,IPC_SYN,SYN-01,1,1
29951,SPECIAL_LAW_SYN,SYN-03,1,1
29952,IT_ACT_SYN,SYN-02,1,1
29953,IPC_SYN,SYN-01,1,1
29954,IPC_SYN,SYN-01,1,1
29955,IPC_SYN,SYN-01,1,1
29956,IPC_SYN,SYN-01,1,1
29957,IPC_SYN,SYN-01,1,1
29958,SPECIAL_LAW_SYN,SYN-03,1,1
29959,IT_ACT_SYN,SYN-02,1,1
29960,SPECIAL_LAW_SYN,SYN-03,1,1
29961,IPC_SYN,SYN-01,1,1
29962,IT_ACT_SYN,SYN-02,1,1
29963,IPC_SYN,SYN-01,1,1
29964,IPC_SYN,SYN-01,1,1
29965,IT_ACT_SYN,SYN-02,1,1
29966,IPC_SYN,SYN-01,1,1
29967,SPECIAL_LAW_SYN,SYN-03,1,1
29968,SPECIAL_LAW_SYN,SYN-03,1,1
29969,IT_ACT_SYN,SYN-02,1,1
29970,SPECIAL_LAW_SYN,SYN-03,1,1
29971,IPC_SYN,SYN-01,1,1
29972,SPECIAL_LAW_SYN,SYN-03,1,1
29973,IT_ACT_SYN,SYN-02,1,1
29974,SPECIAL_LAW_SYN,SYN-03,1,1
29975,IPC_SYN,SYN-01,1,1
29976,IPC_SYN,SYN-01,1,1
29977,IPC_SYN,SYN-01,1,1
29978,IPC_SYN,SYN-01,1,1
29979,IPC_SYN,SYN-01,1,1
29980,SPECIAL_LAW_SYN,SYN-03,1,1
29981,IPC_SYN,SYN-01,1,1
29982,IT_ACT_SYN,SYN-02,1,1
29983,SPECIAL_LAW_SYN,SYN-03,1,1
29984,IT_ACT_SYN,SYN-02,1,1
29985,SPECIAL_LAW_SYN,SYN-03,1,1
29986,IPC_SYN,SYN-01,1,1
29987,IPC_SYN,SYN-01,1,1
29988,SPECIAL_LAW_SYN,SYN-03,1,1
29989,IPC_SYN,SYN-01,1,1
29990,IPC_SYN,SYN-01,1,1
29991,SPECIAL_LAW_SYN,SYN-03,1,1
29992,IPC_SYN,SYN-01,1,1
29993,IPC_SYN,SYN-01,1,1
29994,IPC_SYN,SYN-01,1,1
29995,SPECIAL_LAW_SYN,SYN-03,1,1
29996,IPC_SYN,SYN-01,1,1
29997,SPECIAL_LAW_SYN,SYN-03,1,1
29998,SPECIAL_LAW_SYN,SYN-03,1,1
29999,IPC_SYN,SYN-01,1,1